id,uuid,observed_on_string,observed_on,time_observed_at,time_zone,user_id,user_login,user_name,created_at,updated_at,quality_grade,license,url,image_url,sound_url,tag_list,description,num_identification_agreements,num_identification_disagreements,captive_cultivated,oauth_application_id,place_guess,latitude,longitude,positional_accuracy,private_place_guess,private_latitude,private_longitude,public_positional_accuracy,geoprivacy,taxon_geoprivacy,coordinates_obscured,positioning_method,positioning_device,species_guess,scientific_name,common_name,iconic_taxon_name,taxon_id
195488569,ac862b43-de3b-44a5-aff5-0d007f48ca9e,2024-01-01 11:21:02-06:00,2024-01-01,2024-01-01 18:21:02 +0100,Central Time (US & Canada),211252,oceanicwilderness,Misti,2024-01-01 19:37:57 +0100,2024-02-03 18:30:35 +0100,research,,https://www.inaturalist.org/observations/195488569,https://static.inaturalist.org/photos/343927290/medium.jpg,,"","",1,0,false,3,"Lake Arrowhead State Park, Wichita Falls, TX, US",33.7560366667,-98.385345,3,,,,3,,open,false,,,Wild Boar,Sus scrofa,Wild Boar,Mammalia,42134
195524959,00fc4dac-faf1-49cb-8400-05080baff56c,2024-01-01 15:55:52,2024-01-01,2024-01-01 22:55:52 +0100,Central Time (US & Canada),29641,willij9,Justin T. Williams,2024-01-02 02:09:21 +0100,2024-01-12 07:04:33 +0100,research,CC-BY-NC,https://www.inaturalist.org/observations/195524959,https://inaturalist-open-data.s3.amazonaws.com/photos/344002450/medium.jpeg,,"",,2,0,false,2,"Freeport, TX 77541, USA",29.0650592,-95.2553726,,,,,,,open,false,gps,gps,Wild Boar,Sus scrofa,Wild Boar,Mammalia,42134
195530288,f355cea7-e865-4846-b4ce-0785bc972ad7,2024-01-01 16:32:08,2024-01-01,2024-01-02 01:32:08 +0100,Pacific Time (US & Canada),333492,liddlebopeep,Dayan J Anderson,2024-01-02 03:12:48 +0100,2025-06-20 03:13:57 +0200,research,CC-BY-NC,https://www.inaturalist.org/observations/195530288,https://inaturalist-open-data.s3.amazonaws.com/photos/344014052/medium.jpeg,,"",,3,1,false,2,"Livermore, CA 94550, USA",37.66509442,-121.63452981,6,,,,6,,open,false,,,Eurasian Wild Pig,Sus scrofa,Wild Boar,Mammalia,42134
195570096,21db89f4-a47c-437b-a788-38315e9fa536,2024-01-01 18:33:00-06:00,2024-01-01,2024-01-02 01:33:00 +0100,Central Time (US & Canada),32993,c_h_hemphill,CH Hemphill,2024-01-02 15:01:35 +0100,2024-01-06 16:50:38 +0100,research,CC-BY-NC,https://www.inaturalist.org/observations/195570096,https://inaturalist-open-data.s3.amazonaws.com/photos/344094609/medium.jpg,,"","",2,0,false,3,"Voss, TX, US",31.6808208797,-99.6131669256,66,,,,66,,open,false,,,Wild Boar,Sus scrofa,Wild Boar,Mammalia,42134
195659155,99463783-6e9d-4076-8030-c90c53b7d70d,2024/01/02 1:05 PM,2024-01-02,2024-01-02 20:05:00 +0100,Central Time (US & Canada),875456,mcferny,Lauren McLaurin,2024-01-03 14:31:47 +0100,2024-01-09 21:04:59 +0100,research,CC-BY,https://www.inaturalist.org/observations/195659155,https://inaturalist-open-data.s3.amazonaws.com/photos/344272596/medium.jpg,,"",,4,0,false,,"Aransas County, TX, USA",28.26917091,-96.82351232,,,,,,,open,false,,,Wild Boar,Sus scrofa,Wild Boar,Mammalia,42134
195723493,ed094f62-f857-4d6b-b952-9090f1f7db85,2024/01/01 1:06 PM,2024-01-01,2024-01-01 20:06:00 +0100,Central Time (US & Canada),435598,jeffmci9,Jeff McIntyre,2024-01-04 05:02:56 +0100,2024-01-09 06:54:47 +0100,research,CC-BY-NC,https://www.inaturalist.org/observations/195723493,https://inaturalist-open-data.s3.amazonaws.com/photos/344403403/medium.jpeg,,"",,3,0,false,,"Lee County, TX, USA",30.4042081584,-97.0868568816,61,,,,61,,open,false,,,Wild Boar,Sus scrofa,Wild Boar,Mammalia,42134
195787428,48a2ee6f-b15f-4154-8dd0-2bc3d9d61d38,2024-01-04 09:26:04-06:00,2024-01-04,2024-01-04 16:26:04 +0100,Central Time (US & Canada),1359300,spyingnaturalist,SpyingNaturalist,2024-01-04 23:26:22 +0100,2024-01-04 23:34:21 +0100,research,CC-BY-NC,https://www.inaturalist.org/observations/195787428,https://inaturalist-open-data.s3.amazonaws.com/photos/344530402/medium.jpg,,"","",1,0,false,3,"Medina, TX, US",29.7929345507,-99.4290139313,24,,,,24,,open,false,,,Wild Boar,Sus scrofa,Wild Boar,Mammalia,42134
195796551,671daea1-8f15-4901-b50b-6678db962420,2024-01-04 16:28:36-06:00,2024-01-04,2024-01-04 23:28:36 +0100,Central Time (US & Canada),4906046,hansoes,,2024-01-05 01:50:31 +0100,2024-01-05 03:39:37 +0100,research,CC-BY-NC,https://www.inaturalist.org/observations/195796551,https://inaturalist-open-data.s3.amazonaws.com/photos/344550440/medium.jpg,,"","",1,0,false,3,"Flatonia, TX, US",29.8621883333,-97.212355,4115,,,,4115,,open,false,,,Wild Boar,Sus scrofa,Wild Boar,Mammalia,42134
195797906,b7591d0f-b3e9-4b9c-8057-16d0b6653ee1,2024/01/04 5:13 PM,2024-01-04,2024-01-05 00:13:00 +0100,Central Time (US & Canada),149431,phototime,Lindsey Smith,2024-01-05 02:14:44 +0100,2024-01-05 17:33:30 +0100,research,CC-BY-NC,https://www.inaturalist.org/observations/195797906,https://inaturalist-open-data.s3.amazonaws.com/photos/344553251/medium.jpeg,,Mammals,Feral Hogs,3,0,false,,"Smith County, TX, USA",32.59809857,-95.4132675098,8,,,,8,,open,false,,,Wild Boar,Sus scrofa,Wild Boar,Mammalia,42134
195798842,f8294457-fbcf-411e-b63b-84a14c7a92c5,2024/01/04 5:54 PM,2024-01-04,2024-01-05 00:54:00 +0100,Central Time (US & Canada),1658475,lejones417,,2024-01-05 02:29:39 +0100,2024-01-06 06:39:38 +0100,research,CC-BY-NC,https://www.inaturalist.org/observations/195798842,https://inaturalist-open-data.s3.amazonaws.com/photos/344555264/medium.jpeg,,"",,1,0,false,,"Jeff Davis County, TX, USA",30.7194777778,-104.1348277778,4,,,,4,,open,false,,,Wild Boar,Sus scrofa,Wild Boar,Mammalia,42134
195807097,954cebcb-27fb-4b81-a9c2-855eff712fe9,2024/01/01 4:16 PM,2024-01-01,2024-01-01 23:16:00 +0100,Central Time (US & Canada),435598,jeffmci9,Jeff McIntyre,2024-01-05 04:45:28 +0100,2025-05-29 17:53:46 +0200,research,CC-BY-NC,https://www.inaturalist.org/observations/195807097,https://inaturalist-open-data.s3.amazonaws.com/photos/344569585/medium.jpeg,,"",,2,0,false,,"Lee County, TX, USA",30.2723833541,-96.818005929,15,,,,15,,open,false,,,Domestic Pig,Sus scrofa domesticus,Domestic Pig,Mammalia,324492
195868073,a7353d6d-f3c9-4724-8212-dd3425fc1c99,2024-01-01,2024-01-01,,Central Time (US & Canada),621524,tkdgirlms,Kara Roberts,2024-01-05 22:36:01 +0100,2024-04-16 08:15:35 +0200,research,CC-BY,https://www.inaturalist.org/observations/195868073,https://inaturalist-open-data.s3.amazonaws.com/photos/344693877/medium.jpg,,"","",1,0,false,,"Noxubee County, MS, USA",33.278353,-88.794403,,,,,,,open,false,,,Wild Boar,Sus scrofa,Wild Boar,Mammalia,42134
195918015,b8a42e3d-b040-4aea-9223-8d74fb1dc7f8,2024-01-05 01:29:00-06:00,2024-01-05,2024-01-05 08:29:00 +0100,Central Time (US & Canada),32993,c_h_hemphill,CH Hemphill,2024-01-06 13:06:53 +0100,2024-01-06 13:44:20 +0100,research,CC-BY-NC,https://www.inaturalist.org/observations/195918015,https://inaturalist-open-data.s3.amazonaws.com/photos/344797820/medium.jpg,,"","",1,0,false,3,"Voss, TX, US",31.6807474685,-99.6132528042,25,,,,25,,open,false,,,Wild Boar,Sus scrofa,Wild Boar,Mammalia,42134
195930742,c9a14083-3527-49c5-941a-b2de342ea6ee,2024-01-04 15:23:41-06:00,2024-01-04,2024-01-04 22:23:41 +0100,Central Time (US & Canada),1984549,wyattnorthcut,Wyatt Northcut,2024-01-06 16:38:02 +0100,2024-01-06 23:55:16 +0100,research,,https://www.inaturalist.org/observations/195930742,https://static.inaturalist.org/photos/344822162/medium.jpg,,"","",1,0,false,3,"Emory, TX, US",32.8546466667,-95.8104783333,4,,,,4,,open,false,,,Wild Boar,Sus scrofa,Wild Boar,Mammalia,42134
195952387,e0354e72-5634-4152-8a27-66147f61dd52,2024-01-06 14:49:32-05:00,2024-01-06,2024-01-06 20:49:32 +0100,Eastern Time (US & Canada),564584,zaqri,Zaqri,2024-01-06 20:51:45 +0100,2024-01-06 20:54:24 +0100,research,,https://www.inaturalist.org/observations/195952387,https://static.inaturalist.org/photos/344864451/medium.jpg,,"","",1,0,false,3,"Shellman, GA, US",31.7960916667,-84.6235283333,4,,,,4,,open,false,,,Wild Boar,Sus scrofa,Wild Boar,Mammalia,42134
195977956,c435e1dd-7c40-4d8f-b28b-74c479a9d238,2024-01-04 12:31:06-06:00,2024-01-04,2024-01-04 19:31:06 +0100,Central Time (US & Canada),1186987,bi-ologie,Téa Burdine,2024-01-07 02:09:33 +0100,2024-01-07 02:31:28 +0100,research,,https://www.inaturalist.org/observations/195977956,https://static.inaturalist.org/photos/344917423/medium.jpg,,"","",1,0,false,3,"Goose Overlook Trail, Brooksville, MS, US",33.2783133333,-88.7944716667,4,,,,4,,open,false,,,Wild Boar,Sus scrofa,Wild Boar,Mammalia,42134
195986792,ab676b2a-6d80-4c95-a293-e492429a6f07,2024/01/06 9:33 AM,2024-01-06,2024-01-06 16:33:00 +0100,Central Time (US & Canada),741563,ldennis,"",2024-01-07 04:01:34 +0100,2024-01-07 04:17:38 +0100,research,CC-BY-NC,https://www.inaturalist.org/observations/195986792,https://inaturalist-open-data.s3.amazonaws.com/photos/344934214/medium.png,,crpj,,1,0,false,,"Texas, US",30.9397220385,-97.6642772662,5,,,,29304,obscured,open,true,,,Wild Boar,Sus scrofa,Wild Boar,Mammalia,42134
195988563,78f14cf5-381d-44ec-80dd-8a4169b24a52,2024/01/06 10:17 PM,2024-01-06,2024-01-07 05:17:00 +0100,Central Time (US & Canada),741563,ldennis,"",2024-01-07 04:26:46 +0100,2024-01-07 04:41:56 +0100,research,CC-BY-NC,https://www.inaturalist.org/observations/195988563,https://inaturalist-open-data.s3.amazonaws.com/photos/344938648/medium.png,,crpj,,1,0,false,,"Texas, US",30.9903390156,-97.6184512287,5,,,,29304,obscured,open,true,,,Wild Boar,Sus scrofa,Wild Boar,Mammalia,42134
196096329,0f2c1078-26ff-4fcb-8e92-f0204a43ec83,2024/01/07 10:47 AM,2024-01-07,2024-01-07 17:47:00 +0100,Central Time (US & Canada),277496,codystricker,Cody Stricker,2024-01-08 06:03:29 +0100,2024-01-08 20:36:15 +0100,research,CC-BY,https://www.inaturalist.org/observations/196096329,https://inaturalist-open-data.s3.amazonaws.com/photos/345150902/medium.jpeg,,"",,3,0,false,,"McMullen County, TX, USA",28.4826528733,-98.3522409761,2,,,,2,,open,false,,,Wild Boar,Sus scrofa,Wild Boar,Mammalia,42134
196097646,edb70e51-e03e-4a8a-a1f3-499fab85df6d,2024/01/07 4:58 PM,2024-01-07,2024-01-08 01:58:00 +0100,Pacific Time (US & Canada),861881,chilipossum,Cricket Raspet,2024-01-08 06:22:00 +0100,2025-05-23 10:34:43 +0200,research,CC-BY,https://www.inaturalist.org/observations/196097646,https://inaturalist-open-data.s3.amazonaws.com/photos/345154444/medium.jpeg,,"","definitely feral, as it was crossing from field to field across the road under barbed wire",1,0,false,,"San Benito County, CA, USA",36.816375609,-121.2810153713,122,,,,122,,open,false,,,Domestic Pig,Sus scrofa domesticus,Domestic Pig,Mammalia,324492
196097740,adbd941b-af21-4bbb-89c9-59022ba8d2b2,2024/01/07 4:41 PM,2024-01-07,2024-01-07 22:41:00 +0100,Eastern Time (US & Canada),7161220,lwridge,LW Ridge,2024-01-08 06:24:00 +0100,2024-01-09 13:20:18 +0100,research,CC-BY-NC,https://www.inaturalist.org/observations/196097740,https://inaturalist-open-data.s3.amazonaws.com/photos/345151242/medium.jpeg,,"",,2,0,false,,"Polk County, FL, USA",27.860705,-81.3905566667,,,,,,,open,false,,,Wild Boar,Sus scrofa,Wild Boar,Mammalia,42134
196128539,8eeed0f1-dfef-41d5-af90-93f9ef78895a,2024/01/07 12:02 PM,2024-01-07,2024-01-07 19:02:00 +0100,Central Time (US & Canada),875456,mcferny,Lauren McLaurin,2024-01-08 16:55:53 +0100,2024-01-12 06:56:36 +0100,research,CC-BY,https://www.inaturalist.org/observations/196128539,https://inaturalist-open-data.s3.amazonaws.com/photos/345216298/medium.jpg,,"",,2,0,false,,"Calhoun County, TX, USA",28.25626855,-96.7946430499,,,,,,,open,false,,,Wild Boar,Sus scrofa,Wild Boar,Mammalia,42134
196136882,bf78b4e1-623b-4115-9a59-fe98f04e4d2f,2024-01-08 12:03:52,2024-01-08,2024-01-08 19:03:52 +0100,Central Time (US & Canada),4060861,jellyfishmambo,🐦‍⬛ Randolph (Randy) King 🐦‍⬛,2024-01-08 19:05:58 +0100,2024-01-08 20:33:30 +0100,research,CC-BY-NC,https://www.inaturalist.org/observations/196136882,https://inaturalist-open-data.s3.amazonaws.com/photos/345233579/medium.jpeg,,"",,1,0,false,2,"Waco, TX 76708, USA",31.6076221389,-97.2664642222,,,,,,,open,false,gps,gps,Wild Boar,Sus scrofa,Wild Boar,Mammalia,42134
196158166,50f3260e-62c5-4734-b34a-d0597e8e28c4,2024-01-08 17:39:37,2024-01-08,2024-01-08 23:39:37 +0100,Eastern Time (US & Canada),801045,rchlyle,Courtland Lyle,2024-01-09 00:03:07 +0100,2025-05-23 10:34:44 +0200,research,CC-BY-NC,https://www.inaturalist.org/observations/196158166,https://inaturalist-open-data.s3.amazonaws.com/photos/345275874/medium.jpeg,,"",,1,0,false,2,"St Matthews, SC 29135, USA",33.7808527778,-80.6425,,,,,,,open,false,gps,gps,Domestic Pig,Sus scrofa domesticus,Domestic Pig,Mammalia,324492
196166944,9fe705ac-8214-40cc-b1cd-a03cb38a12a2,2024/01/06 11:20 AM,2024-01-06,2024-01-06 18:20:00 +0100,Central Time (US & Canada),32457,johnbarr,john,2024-01-09 02:10:27 +0100,2024-01-10 18:04:05 +0100,research,CC-BY-NC,https://www.inaturalist.org/observations/196166944,https://inaturalist-open-data.s3.amazonaws.com/photos/345291512/medium.jpeg,,"","These two jumped into the water and crossed the Drycreek side channel of the Colorado river. As soon as they scrambled out a third, even larger, jumped in and crossed.",1,0,false,,"Bastrop County, TX, USA",30.1865722222,-97.4793166667,3395,,,,3395,,open,false,,,Wild Boar,Sus scrofa,Wild Boar,Mammalia,42134
196223943,ac4ea9df-d09a-47bd-b2eb-676f9e3943c2,2024/01/07 5:15 PM,2024-01-07,2024-01-08 00:15:00 +0100,Central Time (US & Canada),18812,mako252,Jon McIntyre,2024-01-09 20:43:24 +0100,2024-10-20 14:52:28 +0200,research,CC-BY-NC,https://www.inaturalist.org/observations/196223943,https://inaturalist-open-data.s3.amazonaws.com/photos/345408173/medium.jpeg,,"",,3,0,false,,"Nueces County, TX, USA",27.6153365364,-97.5126718878,15,,,,15,,open,false,,,Wild Boar,Sus scrofa,Wild Boar,Mammalia,42134
196244774,ffee45c9-1630-4834-a0ba-3b87b85f2b98,2024-01-07 23:40:00-05:00,2024-01-07,2024-01-08 05:40:00 +0100,Eastern Time (US & Canada),3361076,garthbrewster,Garth Brewster,2024-01-10 02:39:02 +0100,2024-01-10 03:29:11 +0100,research,,https://www.inaturalist.org/observations/196244774,https://static.inaturalist.org/photos/345450456/medium.jpg,,"","",1,0,false,3,"Lamont, FL, US",30.1313435471,-83.9652221576,715,,,,715,,open,false,,,Wild Boar,Sus scrofa,Wild Boar,Mammalia,42134
196250942,96214e52-b392-42e0-9770-4b44f593fdc4,2024-01-07 18:57:09-06:00,2024-01-07,2024-01-08 01:57:09 +0100,Central Time (US & Canada),17627,rlseman,Lynn Seman,2024-01-10 04:26:08 +0100,2024-08-30 22:42:41 +0200,research,CC-BY-NC,https://www.inaturalist.org/observations/196250942,https://inaturalist-open-data.s3.amazonaws.com/photos/345464006/medium.jpg,,"","",1,0,false,3,"S Red River Expy, Burkburnett, TX, US",34.0625586344,-98.5562985432,395,,,,395,,open,false,,,Wild Boar,Sus scrofa,Wild Boar,Mammalia,42134
196280816,14d6a366-6685-41a6-823d-9fb9268bf39e,2024/01/09 9:21 AM,2024-01-09,2024-01-09 18:21:00 +0100,Pacific Time (US & Canada),209572,truthseqr,Anne Parsons,2024-01-10 16:20:16 +0100,2024-06-25 15:43:53 +0200,research,CC-BY-NC,https://www.inaturalist.org/observations/196280816,https://inaturalist-open-data.s3.amazonaws.com/photos/345521485/medium.jpeg,,"","Two boars climbing a distant hill. In the last photo, you can see the SF Bay.
I've never seen boar at Ed Levin County Park before!",1,0,false,,"Ed R. Levin County Park, CA, USA",37.46973948,-121.87322126,,,,,,,open,false,,,Wild Boar,Sus scrofa,Wild Boar,Mammalia,42134
196312879,c9af0d49-a511-4a10-b042-183fcff5610f,2024-01-10 17:40:13,2024-01-10,2024-01-11 00:40:13 +0100,Central Time (US & Canada),866069,frank-g,Frank Goodavish,2024-01-11 00:55:41 +0100,2024-01-11 04:46:32 +0100,research,,https://www.inaturalist.org/observations/196312879,https://static.inaturalist.org/photos/345586240/medium.jpeg,,"",,1,0,false,2,"Sadler, TX 76264, USA",33.7225694444,-96.7921083333,,,,,,,open,false,gps,gps,Wild Boar,Sus scrofa,Wild Boar,Mammalia,42134
196312925,9077fde7-9410-469d-8a71-60f79ee9df2b,2024-01-10 17:19:12,2024-01-10,2024-01-11 00:19:12 +0100,Central Time (US & Canada),866069,frank-g,Frank Goodavish,2024-01-11 00:56:22 +0100,2024-01-31 21:29:52 +0100,research,,https://www.inaturalist.org/observations/196312925,https://static.inaturalist.org/photos/345586719/medium.jpeg,,"",,1,0,false,2,"Sadler, TX 76264, USA",33.723525,-96.7910111111,,,,,,,open,false,gps,gps,Wild Boar,Sus scrofa,Wild Boar,Mammalia,42134
196320817,f123cfa7-dccf-4263-9288-19a9652313ef,2024-01-10 16:52:39,2024-01-10,2024-01-11 01:52:39 +0100,Pacific Time (US & Canada),4779228,alex_wentworth,Alexander Wentworth,2024-01-11 03:18:22 +0100,2025-06-20 02:28:28 +0200,research,CC-BY,https://www.inaturalist.org/observations/196320817,https://inaturalist-open-data.s3.amazonaws.com/photos/345603188/medium.jpeg,,"",,0,1,false,2,"Santa Clara County, US-CA, US",37.2314722222,-121.7604027778,,,,,,,open,false,,,Eurasian Wild Pig,Sus scrofa,Wild Boar,Mammalia,42134
196325310,04029863-b3d6-44b2-81c5-e6e221d4185c,2024-01-05 16:06:17-04:00,2024-01-05,2024-01-05 21:06:17 +0100,Central Time (US & Canada),421879,kyle_klotz,Kyle Klotz,2024-01-11 04:33:23 +0100,2024-01-11 14:02:08 +0100,research,,https://www.inaturalist.org/observations/196325310,https://static.inaturalist.org/photos/345612495/medium.jpg,,"","",2,0,false,3,"Texas, US",28.4293629992,-98.2452951673,123,,,,29607,obscured,open,true,,,Wild Boar,Sus scrofa,Wild Boar,Mammalia,42134
196325509,4e42751c-11ee-43dc-bbec-18f1442ca4b3,2024-01-09 17:08:52-05:00,2024-01-09,2024-01-09 23:08:52 +0100,Eastern Time (US & Canada),392818,tamandua2,Shannon Christine McLaughlin,2024-01-11 04:36:07 +0100,2024-01-21 19:11:24 +0100,research,CC-BY-NC,https://www.inaturalist.org/observations/196325509,https://inaturalist-open-data.s3.amazonaws.com/photos/345612800/medium.jpg,,"",deceased; vehicle collision fatality ,2,0,false,3,"SR-360, Vonore, TN, US",35.5451616667,-84.19645,15,,,,15,,open,false,,,Wild Boar,Sus scrofa,Wild Boar,Mammalia,42134
196388661,c3da4341-18a1-46f4-a0c0-5e24e87a4608,2024-01-11 14:22:58-04:00,2024-01-11,2024-01-11 19:22:58 +0100,Eastern Time (US & Canada),1026966,ikhom,Igor Khomenko,2024-01-12 01:20:57 +0100,2024-01-16 18:06:27 +0100,research,CC-BY-NC,https://www.inaturalist.org/observations/196388661,https://inaturalist-open-data.s3.amazonaws.com/photos/345743084/medium.jpg,,"",Wild pigs. There were evidences of their activity.  The soil was flipped in many large areas.,1,0,false,3,"Florida State Parks, Sebring, FL, US",27.4731116667,-81.54185,,,,,,,open,false,,,Sus scrofa,Sus scrofa,Wild Boar,Mammalia,42134
196446824,0eb4df8f-c58f-4815-9966-4ce0cfa0f029,2024-01-05 12:50:19,2024-01-05,2024-01-05 19:50:19 +0100,Central Time (US & Canada),6886342,cmtminick,,2024-01-12 20:56:56 +0100,2024-04-20 14:35:12 +0200,research,CC-BY-NC,https://www.inaturalist.org/observations/196446824,https://inaturalist-open-data.s3.amazonaws.com/photos/345863280/medium.jpeg,,"",On the scenic drive through the park.,2,0,false,2,"Quitaque, TX 79255, USA",34.419708346,-101.054686904,201,,,,201,,open,false,,,Wild Boar,Sus scrofa,Wild Boar,Mammalia,42134
196449193,596ac9c9-4839-454e-99fb-79c843d8a92f,2024-01-04 12:00:19-05:00,2024-01-04,2024-01-04 18:00:19 +0100,Eastern Time (US & Canada),1110427,carloslopezmanzano,Carlos Antonio López Manzano,2024-01-12 21:35:34 +0100,2024-01-12 22:52:30 +0100,research,CC-BY-NC,https://www.inaturalist.org/observations/196449193,https://inaturalist-open-data.s3.amazonaws.com/photos/345870465/medium.jpeg,,"",Wild boar on Florida farm. ,1,0,false,3,"Venus, FL 33960, USA",27.0548094869,-81.3423928991,15,,,,15,,open,false,gps,gps,Wild Boar,Sus scrofa,Wild Boar,Mammalia,42134
196474866,dc71b603-33e5-428b-9601-49356591a53a,2024-01-12 16:36:37,2024-01-12,2024-01-12 23:36:37 +0100,Central Time (US & Canada),1054213,jim192,Jim Hilgartner,2024-01-13 03:36:38 +0100,2024-01-13 04:05:46 +0100,research,,https://www.inaturalist.org/observations/196474866,https://static.inaturalist.org/photos/345919913/medium.jpeg,,"",,1,0,false,2,"Choctaw County, US-AL, US",32.1258255997,-88.0848972,,,,,,,open,false,gps,gps,Wild Boar,Sus scrofa,Wild Boar,Mammalia,42134
196532445,871a93b9-14ba-45b1-8ea7-59c457658249,2024-01-13 08:57:51-05:00,2024-01-13,2024-01-13 14:57:51 +0100,Eastern Time (US & Canada),5933070,tyler_of_the_tides,Tyler Duby,2024-01-13 16:36:46 +0100,2024-01-13 17:03:22 +0100,research,CC-BY-NC,https://www.inaturalist.org/observations/196532445,https://inaturalist-open-data.s3.amazonaws.com/photos/346003461/medium.jpg,,"","",2,0,false,3,"Wildwood, FL, US",28.8319334968,-82.0521322117,1571,,,,1571,,open,false,,,Wild Boar,Sus scrofa,Wild Boar,Mammalia,42134
196584919,a14b78a8-2473-4d1e-9d31-a54d0b7d1f45,2024-01-13 14:45:50-05:00,2024-01-13,2024-01-13 20:45:50 +0100,Eastern Time (US & Canada),98904,jimw3,James K. Wetterer,2024-01-13 23:03:54 +0100,2025-05-21 07:05:13 +0200,research,CC-BY-NC,https://www.inaturalist.org/observations/196584919,https://inaturalist-open-data.s3.amazonaws.com/photos/346059370/medium.jpg,,"","",1,0,false,3,"Jonathan Dickinson State Park, Jupiter, FL, US",26.9990966667,-80.1125333333,4,,,,4,,open,false,,,Wild Boar,Sus scrofa,Wild Boar,Mammalia,42134
196593606,4cb2d54b-fa39-488f-b24e-8ef4c6b6a098,2024/01/13 3:36 PM,2024-01-13,2024-01-13 22:36:00 +0100,Central Time (US & Canada),26296,connlindajo,Linda Jo Conn,2024-01-14 00:39:42 +0100,2024-11-16 17:19:35 +0100,research,CC-BY,https://www.inaturalist.org/observations/196593606,https://inaturalist-open-data.s3.amazonaws.com/photos/346075936/medium.jpeg,,"",DOR ,2,0,false,,"Hwy 77, Lee County, TX, USA",30.5212077268,-96.9891186589,5,,,,5,,open,false,,,Wild Boar,Sus scrofa,Wild Boar,Mammalia,42134
196593632,20f13577-4142-4e7c-8b11-be4ddc0649c9,2024-01-13 16:42:06,2024-01-13,2024-01-13 23:42:06 +0100,Central Time (US & Canada),1054213,jim192,Jim Hilgartner,2024-01-14 00:40:01 +0100,2024-01-14 23:46:49 +0100,research,,https://www.inaturalist.org/observations/196593632,https://static.inaturalist.org/photos/346077402/medium.jpeg,,"",,1,0,false,2,"Sweet Water, AL 36782, USA",32.2418374,-87.9827575,,,,,,,open,false,gps,gps,Wild Boar,Sus scrofa,Wild Boar,Mammalia,42134
196657120,0c8da111-bcbd-429d-b298-4b026afeeecf,2024-01-14 07:31:44-05:00,2024-01-14,2024-01-14 13:31:44 +0100,Eastern Time (US & Canada),2869612,sergmendezca,Sergio Mendez-Cardona,2024-01-14 13:34:08 +0100,2024-01-14 14:53:12 +0100,research,CC-BY-NC,https://www.inaturalist.org/observations/196657120,https://inaturalist-open-data.s3.amazonaws.com/photos/346166007/medium.jpg,,"","",1,0,false,3,"N Old Dixie Hwy, Fort Pierce, FL, US",27.5233133333,-80.3542866667,4,,,,4,,open,false,,,Jabalí europeo,Sus scrofa,Wild Boar,Mammalia,42134
196675008,327ffa01-ddfd-40b9-80d9-fc1087005417,2024/01/07 6:22 PM,2024-01-07,2024-01-08 01:22:00 +0100,Central Time (US & Canada),670908,jugbayjs,"",2024-01-14 17:50:01 +0100,2024-01-14 20:09:21 +0100,research,CC-BY-NC,https://www.inaturalist.org/observations/196675008,https://inaturalist-open-data.s3.amazonaws.com/photos/346185446/medium.jpeg,,"",,1,0,false,,"Texas, US",27.430823879,-97.4831136902,530,,,,29727,obscured,open,true,,,Wild Boar,Sus scrofa,Wild Boar,Mammalia,42134
196694133,f4630ccc-7098-491d-a7c4-d3d6a5011582,2024/01/11 3:15 AM,2024-01-11,2024-01-11 10:15:00 +0100,Central Time (US & Canada),1595749,jcochran706,Jack Cochran,2024-01-14 21:32:44 +0100,2024-01-16 19:19:47 +0100,research,CC-BY-NC,https://www.inaturalist.org/observations/196694133,https://inaturalist-open-data.s3.amazonaws.com/photos/346234998/medium.jpeg,,crpj,Other end of temporal water ditch in open area.,2,0,false,,"Texas, US",30.8232026605,-97.623454106,4,,,,29304,obscured,open,true,,,Wild Boar,Sus scrofa,Wild Boar,Mammalia,42134
196695385,9df4b5eb-f9d0-4ceb-81b7-073afa09fdd9,2024/01/07 8:40 PM,2024-01-07,2024-01-08 03:40:00 +0100,Central Time (US & Canada),1595749,jcochran706,Jack Cochran,2024-01-14 21:48:08 +0100,2024-01-22 05:00:47 +0100,research,CC-BY-NC,https://www.inaturalist.org/observations/196695385,https://inaturalist-open-data.s3.amazonaws.com/photos/346237467/medium.jpeg,,crpj,Across small slough uphill on trail to slough.,2,0,false,,"Texas, US",30.8128030019,-97.7199418699,4,,,,29304,obscured,open,true,,,Wild Boar,Sus scrofa,Wild Boar,Mammalia,42134
196695389,9b0e3b41-3543-41fe-8303-bdcc2079becf,2024/01/09 3:55 AM,2024-01-09,2024-01-09 10:55:00 +0100,Central Time (US & Canada),1595749,jcochran706,Jack Cochran,2024-01-14 21:48:10 +0100,2024-01-22 05:00:45 +0100,research,CC-BY-NC,https://www.inaturalist.org/observations/196695389,https://inaturalist-open-data.s3.amazonaws.com/photos/346237492/medium.jpeg,,crpj,Across small slough uphill on trail to slough.,2,0,false,,"Texas, US",30.8178056695,-97.7857165515,4,,,,29304,obscured,open,true,,,Wild Boar,Sus scrofa,Wild Boar,Mammalia,42134
196695396,bd17c807-c7f1-4233-8245-b6e095410529,2024/01/12 3:12 AM,2024-01-12,2024-01-12 10:12:00 +0100,Central Time (US & Canada),1595749,jcochran706,Jack Cochran,2024-01-14 21:48:13 +0100,2024-01-22 05:00:39 +0100,research,CC-BY-NC,https://www.inaturalist.org/observations/196695396,https://inaturalist-open-data.s3.amazonaws.com/photos/346237526/medium.jpeg,,crpj,Across small slough uphill on trail to slough.,2,0,false,,"Texas, US",30.9188660917,-97.6583160224,4,,,,29304,obscured,open,true,,,Wild Boar,Sus scrofa,Wild Boar,Mammalia,42134
196695397,e6553644-67b0-4d59-b09d-1f43fcaca7ed,2024/01/12 3:12 AM,2024-01-12,2024-01-12 10:12:00 +0100,Central Time (US & Canada),1595749,jcochran706,Jack Cochran,2024-01-14 21:48:13 +0100,2024-01-22 05:00:38 +0100,research,CC-BY-NC,https://www.inaturalist.org/observations/196695397,https://inaturalist-open-data.s3.amazonaws.com/photos/346237523/medium.jpeg,,crpj,Across small slough uphill on trail to slough.,2,0,false,,"Texas, US",30.9320089311,-97.646930435,4,,,,29304,obscured,open,true,,,Wild Boar,Sus scrofa,Wild Boar,Mammalia,42134
196727857,f0f96f61-6a88-422c-b5c9-5813ac4512fb,2024/01/14 1:46 PM,2024-01-14,2024-01-14 22:46:00 +0100,Pacific Time (US & Canada),725571,chris_nelson,Chris Nelson,2024-01-15 04:45:19 +0100,2024-02-06 18:32:03 +0100,research,CC-BY-NC,https://www.inaturalist.org/observations/196727857,https://inaturalist-open-data.s3.amazonaws.com/photos/346304824/medium.jpg,,"","apparently used to humans
",1,0,false,,"Coyote Creek Trail, San Jose, CA, USA",37.23823,-121.7653566667,,,,,,,open,false,,,Wild Boar,Sus scrofa,Wild Boar,Mammalia,42134
196763937,7d791787-cbb4-4956-940c-5da090fee0fd,2024-01-14 17:29:03,2024-01-14,2024-01-15 02:29:03 +0100,Pacific Time (US & Canada),2748140,nicole-and-kevin,Kevin and Nicole,2024-01-15 17:22:56 +0100,2024-02-06 18:31:53 +0100,research,,https://www.inaturalist.org/observations/196763937,https://static.inaturalist.org/photos/346379186/medium.jpeg,,"",,1,0,false,2,"Isla Vista, CA 93117, USA",34.4866305556,-120.344575,,,,,,,open,false,gps,gps,Wild Boar,Sus scrofa,Wild Boar,Mammalia,42134
196801892,a9ae6f21-e5a2-4035-90eb-69be53248ac6,2024-01-13 21:57:52-05:00,2024-01-13,2024-01-14 03:57:52 +0100,Eastern Time (US & Canada),6754012,lucky_1660,Chloe Ream,2024-01-16 02:01:06 +0100,2024-01-16 02:15:59 +0100,research,CC-BY-NC,https://www.inaturalist.org/observations/196801892,https://inaturalist-open-data.s3.amazonaws.com/photos/346453574/medium.jpg,,"","",1,0,false,3,"Canaveral National Seashore, Titusville, FL, US",28.6842216667,-80.7214666667,4,,,,4,,open,false,,,Wild Boar,Sus scrofa,Wild Boar,Mammalia,42134
196958299,b1b92e5a-7c74-414e-b4ca-2f2ce80e23a9,2024/01/17 1:11 PM,2024-01-17,2024-01-17 20:11:00 +0100,Central Time (US & Canada),18812,mako252,Jon McIntyre,2024-01-18 03:08:09 +0100,2024-01-19 04:12:59 +0100,research,CC-BY-NC,https://www.inaturalist.org/observations/196958299,https://inaturalist-open-data.s3.amazonaws.com/photos/346771106/medium.jpeg,,"",,3,0,false,,"Nueces County, TX, USA",27.6009138648,-97.500981477,8,,,,8,,open,false,,,Wild Boar,Sus scrofa,Wild Boar,Mammalia,42134
197006453,30bc5af1-5702-4303-a6f5-40b2e402a006,2024/01/14 3:36 PM,2024-01-14,2024-01-14 22:36:00 +0100,Central Time (US & Canada),1917261,texasgirl27,Lynn Pyle,2024-01-18 20:17:32 +0100,2024-02-01 22:52:33 +0100,research,CC-BY-NC,https://www.inaturalist.org/observations/197006453,https://inaturalist-open-data.s3.amazonaws.com/photos/346871416/medium.jpeg,,"","",4,0,false,,"Kleberg County, TX, USA",27.29155,-97.6800883333,,,,,,,open,false,,,Wild Boar,Sus scrofa,Wild Boar,Mammalia,42134
197011135,650703f8-f826-4521-8873-bcdddfaef90c,2024-01-13 14:00:21-06:00,2024-01-13,2024-01-13 21:00:21 +0100,Central Time (US & Canada),2929427,williamschmidt,William Schmidt,2024-01-18 21:23:49 +0100,2024-01-19 03:30:21 +0100,research,CC-BY-NC,https://www.inaturalist.org/observations/197011135,https://inaturalist-open-data.s3.amazonaws.com/photos/346879964/medium.jpg,,"","",1,0,false,3,"Caprock Canyons State Park & Trailway, Silverton, TX, US",34.4141533333,-101.065125,9,,,,9,,open,false,,,Wild Boar,Sus scrofa,Wild Boar,Mammalia,42134
197015355,ecaf6132-9c44-46f0-91a3-2c781358cd1c,2024-01-18 12:11:14-06:00,2024-01-18,2024-01-18 19:11:14 +0100,Central Time (US & Canada),787290,rick57,Rick Travis,2024-01-18 22:25:35 +0100,2024-01-19 03:19:22 +0100,research,CC-BY-NC,https://www.inaturalist.org/observations/197015355,https://inaturalist-open-data.s3.amazonaws.com/photos/346888836/medium.jpg,,"","",1,0,false,3,"Big Bluestem Trail, Frisco, TX, US",33.1378445,-96.845545,,,,,,,open,false,,,Wild Boar,Sus scrofa,Wild Boar,Mammalia,42134
197026299,3efdb705-92db-41bb-b557-ee86d3864a48,2024/01/06 9:30 AM,2024-01-06,2024-01-06 16:30:00 +0100,Central Time (US & Canada),1310523,blancadog,"",2024-01-19 01:20:34 +0100,2024-01-21 21:07:23 +0100,research,,https://www.inaturalist.org/observations/197026299,https://static.inaturalist.org/photos/346909149/medium.jpg,,"","Aftermath of a ""hunt.""",2,0,false,,"Kimble County, TX, USA",30.4343879162,-99.7946354105,439,,,,439,,open,false,,,Wild Boar,Sus scrofa,Wild Boar,Mammalia,42134
197066228,bee00812-52db-4a04-b564-0a97b2d209c1,2024-01-14 11:52:09-06:00,2024-01-14,2024-01-14 18:52:09 +0100,Central Time (US & Canada),1080973,conorflynn,Conor and Alexandra,2024-01-19 16:32:50 +0100,2024-01-19 17:30:08 +0100,research,CC-BY-NC,https://www.inaturalist.org/observations/197066228,https://inaturalist-open-data.s3.amazonaws.com/photos/346993677/medium.jpg,,"","",1,0,false,3,"FM-2040, Austwell, TX, US",28.3511633333,-96.80523,3,,,,3,,open,false,,,Wild Boar,Sus scrofa,Wild Boar,Mammalia,42134
197105713,aa0fd28e-7093-4c5d-8515-52b4d54e7575,2024-01-19 07:54:54-08:00,2024-01-19,2024-01-19 16:54:54 +0100,Pacific Time (US & Canada),1747867,anouchkagaillard,"",2024-01-20 02:53:42 +0100,2024-02-06 18:31:41 +0100,research,CC-BY-NC,https://www.inaturalist.org/observations/197105713,https://inaturalist-open-data.s3.amazonaws.com/photos/347070633/medium.jpg,,"","",2,0,false,3,"Coyote Lake Harvey Bear Ranch County Park, San Martin, CA, US",37.0818861667,-121.5320666667,7,,,,7,,open,false,,,Wild Boar,Sus scrofa,Wild Boar,Mammalia,42134
197196804,34bdd768-29a8-475b-981f-14127eb98d7e,2024-01-03 18:57:54-06:00,2024-01-03,2024-01-04 01:57:54 +0100,Central Time (US & Canada),478333,beth_snow,,2024-01-21 05:09:50 +0100,2025-10-02 02:35:53 +0200,research,CC-BY,https://www.inaturalist.org/observations/197196804,https://inaturalist-open-data.s3.amazonaws.com/photos/347254218/medium.jpg,,"","",3,0,false,3,"Texas, US",29.7437680048,-98.6579504347,1,,,,29458,obscured,open,true,,,Wild Boar,Sus scrofa,Wild Boar,Mammalia,42134
197199280,30b69216-4590-4bf0-962a-a9a9b7dd30f2,2024/01/20 4:24 PM,2024-01-20,2024-01-20 22:24:00 +0100,Eastern Time (US & Canada),7161220,lwridge,LW Ridge,2024-01-21 06:05:17 +0100,2024-01-21 15:52:32 +0100,research,CC-BY-NC,https://www.inaturalist.org/observations/197199280,https://inaturalist-open-data.s3.amazonaws.com/photos/347258462/medium.jpeg,,"",,2,0,false,,"Polk County, FL, USA",27.740825,-81.61493,,,,,,,open,false,,,Wild Boar,Sus scrofa,Wild Boar,Mammalia,42134
197247842,ff101b55-88bf-471e-8154-1d75c2f437d0,2024-01-20 17:22:57-06:00,2024-01-20,2024-01-21 00:22:57 +0100,Central Time (US & Canada),4245680,erinmckool,Erin McKool - Bee Creek Life,2024-01-21 20:26:11 +0100,2024-01-22 03:13:59 +0100,research,,https://www.inaturalist.org/observations/197247842,https://static.inaturalist.org/photos/347356973/medium.jpg,,"",Two big adults: one brown; one blonde and three all-white piglets. (Yuck),1,0,false,3,"Bee Creek Rd, Italy, TX, US",32.2163252142,-96.9767463529,755,,,,755,,open,false,,,Wild Boar,Sus scrofa,Wild Boar,Mammalia,42134
197249257,4edbdd67-0781-4a1f-aebe-14768da2b40a,2024/01/06 12:23 PM,2024-01-06,2024-01-06 21:23:00 +0100,Pacific Time (US & Canada),1341402,cnddb_brian,Brian A.,2024-01-21 20:43:58 +0100,2024-08-04 22:18:32 +0200,research,,https://www.inaturalist.org/observations/197249257,https://static.inaturalist.org/photos/347356444/medium.jpeg,,"",Affectionate (possessive?) behavior; this giant male boar rested over the female in a mate guarding position while she was nursing.,1,0,false,,"Santa Clara County, CA, USA",37.0384566667,-121.4567716667,100,,,,100,,open,false,,,Wild Boar,Sus scrofa,Wild Boar,Mammalia,42134
197249258,3f6eb710-449e-43d8-a4b8-dcbc0422291c,2024/01/06 12:25 PM,2024-01-06,2024-01-06 21:25:00 +0100,Pacific Time (US & Canada),1341402,cnddb_brian,Brian A.,2024-01-21 20:43:59 +0100,2024-02-06 18:30:28 +0100,research,,https://www.inaturalist.org/observations/197249258,https://static.inaturalist.org/photos/347357734/medium.jpeg,,"",,1,0,false,,"Santa Clara County, CA, USA",37.0374066667,-121.4563133333,100,,,,100,,open,false,,,Wild Boar,Sus scrofa,Wild Boar,Mammalia,42134
197249259,23bbcdd7-54aa-41b8-8869-f5ddae073b8e,2024/01/06 12:22 PM,2024-01-06,2024-01-06 21:22:00 +0100,Pacific Time (US & Canada),1341402,cnddb_brian,Brian A.,2024-01-21 20:43:59 +0100,2024-02-06 18:30:21 +0100,research,,https://www.inaturalist.org/observations/197249259,https://static.inaturalist.org/photos/347357191/medium.jpeg,,"",,1,0,false,,"Santa Clara County, CA, USA",37.038475,-121.4568183333,100,,,,100,,open,false,,,Wild Boar,Sus scrofa,Wild Boar,Mammalia,42134
197254855,f723b6a4-cf96-4d5e-b83c-f23699116c45,2024/01/21 9:38 PM,2024-01-21,2024-01-22 04:38:00 +0100,Central Time (US & Canada),741563,ldennis,"",2024-01-21 21:54:41 +0100,2024-01-21 22:07:02 +0100,research,CC-BY-NC,https://www.inaturalist.org/observations/197254855,https://inaturalist-open-data.s3.amazonaws.com/photos/347370405/medium.png,,"",,2,0,false,,"Texas, US",30.9487138764,-97.6966697477,5,,,,29304,obscured,open,true,,,Wild Boar,Sus scrofa,Wild Boar,Mammalia,42134
197256702,4ffb01e7-0bf5-424f-a72c-855d7b123c2f,2024/01/21 6:35 PM,2024-01-21,2024-01-22 01:35:00 +0100,Central Time (US & Canada),741563,ldennis,"",2024-01-21 22:19:39 +0100,2024-01-22 02:22:39 +0100,research,CC-BY-NC,https://www.inaturalist.org/observations/197256702,https://inaturalist-open-data.s3.amazonaws.com/photos/347373945/medium.png,,crpj,,1,0,false,,"Texas, US",30.8236772916,-97.7118878617,5,,,,29304,obscured,open,true,,,Wild Boar,Sus scrofa,Wild Boar,Mammalia,42134
197257068,9fe5c3c9-7158-4bc6-8b44-587a5db2df96,2024/01/09 12:10 AM,2024-01-09,2024-01-09 07:10:00 +0100,Central Time (US & Canada),741563,ldennis,"",2024-01-21 22:24:37 +0100,2024-01-22 02:21:50 +0100,research,CC-BY-NC,https://www.inaturalist.org/observations/197257068,https://inaturalist-open-data.s3.amazonaws.com/photos/347374468/medium.png,,crpj,"",1,0,false,,"Texas, US",30.8838653248,-97.6152771352,5,,,,29304,obscured,open,true,,,Wild Boar,Sus scrofa,Wild Boar,Mammalia,42134
197257608,2dce5228-8faa-430a-9837-637c6a3bc267,2024/01/09 12:34 AM,2024-01-09,2024-01-09 07:34:00 +0100,Central Time (US & Canada),741563,ldennis,"",2024-01-21 22:31:57 +0100,2024-01-23 16:36:17 +0100,research,CC-BY-NC,https://www.inaturalist.org/observations/197257608,https://inaturalist-open-data.s3.amazonaws.com/photos/347375815/medium.png,,crpj,,1,0,false,,"Texas, US",30.8193036558,-97.7098485154,5,,,,29304,obscured,open,true,,,Wild Boar,Sus scrofa,Wild Boar,Mammalia,42134
197264743,346fbbef-9a08-4bdf-837f-b5f9547f2ffb,2024-01-21 18:02:22-05:00,2024-01-21,2024-01-22 00:02:22 +0100,Eastern Time (US & Canada),6670045,beka11,Beka Davis,2024-01-22 00:02:32 +0100,2025-05-23 10:35:26 +0200,research,,https://www.inaturalist.org/observations/197264743,https://static.inaturalist.org/photos/347390633/medium.jpg,,"","",1,0,false,3,"State Farm Rd, Boone, NC, US",36.2083775,-81.663368,2651,,,,2651,,open,false,,,Domestic Pig,Sus scrofa domesticus,Domestic Pig,Mammalia,324492
197265469,de7201f4-5ab9-454d-a1c4-5b6ca1ca3b5a,2024/01/15 1:42 AM,2024-01-15,2024-01-15 08:42:00 +0100,Central Time (US & Canada),741563,ldennis,"",2024-01-22 00:12:10 +0100,2024-01-22 03:45:15 +0100,research,CC-BY-NC,https://www.inaturalist.org/observations/197265469,https://inaturalist-open-data.s3.amazonaws.com/photos/347392083/medium.jpeg,,crpj,,1,0,false,,"Texas, US",30.8980508184,-97.7337827955,5,,,,29304,obscured,open,true,,,Wild Boar,Sus scrofa,Wild Boar,Mammalia,42134
197270911,911b782f-26ae-4c50-b90d-79cae6d88732,2024/01/19 5:38 PM,2024-01-19,2024-01-20 00:38:00 +0100,Central Time (US & Canada),741563,ldennis,"",2024-01-22 01:32:20 +0100,2024-02-06 00:02:08 +0100,research,CC-BY-NC,https://www.inaturalist.org/observations/197270911,https://inaturalist-open-data.s3.amazonaws.com/photos/347403285/medium.png,,crpj,,3,0,false,,"Texas, US",30.9737484185,-97.7585867195,5,,,,29304,obscured,open,true,,,Wild Boar,Sus scrofa,Wild Boar,Mammalia,42134
197273861,6cbe8e73-db66-4f44-a78d-6439453140cd,2024-01-21 17:41:36-06:00,2024-01-21,2024-01-22 00:41:36 +0100,Central Time (US & Canada),540918,sandyleau,Sandy Underwood,2024-01-22 02:19:09 +0100,2024-11-17 18:12:08 +0100,research,CC-BY-NC-ND,https://www.inaturalist.org/observations/197273861,https://inaturalist-open-data.s3.amazonaws.com/photos/347410438/medium.jpg,,"",More than a dozen ,1,0,false,3,"Wichita Falls, TX, US",33.855742168,-98.475698724,372,,,,372,,open,false,,,Wild Boar,Sus scrofa,Wild Boar,Mammalia,42134
197280162,880b520b-34b7-4b5c-99c9-92e9a4b90b8e,2024-01-21 13:53:06,2024-01-21,2024-01-21 22:53:06 +0100,Pacific Time (US & Canada),606660,cynestor,Greg Froelich,2024-01-22 03:50:32 +0100,2024-02-06 18:30:12 +0100,research,CC-BY-NC,https://www.inaturalist.org/observations/197280162,https://inaturalist-open-data.s3.amazonaws.com/photos/347422145/medium.jpeg,,"",,1,0,false,2,"Keene, CA 93531, USA",35.23959,-118.6778866667,,,,,,,open,false,,,Wild Boar,Sus scrofa,Wild Boar,Mammalia,42134
197284184,30470fed-572e-43ea-96dc-27db1b4a472d,2024-01-21 12:23:44-08:00,2024-01-21,2024-01-21 21:23:44 +0100,Pacific Time (US & Canada),179103,catchang,Cat Chang,2024-01-22 05:09:51 +0100,2025-03-13 03:30:32 +0100,research,CC-BY-NC,https://www.inaturalist.org/observations/197284184,https://inaturalist-open-data.s3.amazonaws.com/photos/347430786/medium.jpg,,"",So much damage ,1,0,false,3,"Castro Valley, CA, US",37.8003416667,-122.1285638333,3,,,,3,,open,false,,,Wild Boar,Sus scrofa,Wild Boar,Mammalia,42134
197336055,85d719a8-cdde-487e-af78-320f4498972f,2024/01/19 9:46 PM,2024-01-19,2024-01-20 04:46:00 +0100,Central Time (US & Canada),1595749,jcochran706,Jack Cochran,2024-01-22 21:54:44 +0100,2024-01-22 22:24:59 +0100,research,CC-BY-NC,https://www.inaturalist.org/observations/197336055,https://inaturalist-open-data.s3.amazonaws.com/photos/347533991/medium.jpeg,,crpj,Across slough on juniper trail.,1,0,false,,"Texas, US",30.829241939,-97.6973904305,4,,,,29304,obscured,open,true,,,Wild Boar,Sus scrofa,Wild Boar,Mammalia,42134
197338955,0b8f444f-b208-4e1b-91ea-312baf159142,2024-01-22 16:38:01-05:00,2024-01-22,2024-01-22 22:38:01 +0100,Eastern Time (US & Canada),1034371,hvbirder,hvbirder,2024-01-22 22:40:06 +0100,2024-01-22 23:38:28 +0100,research,,https://www.inaturalist.org/observations/197338955,https://static.inaturalist.org/photos/347540717/medium.jpg,,"","",1,0,false,3,"Canaveral National Seashore, Titusville, FL, US",28.6433032738,-80.7431224123,171,,,,171,,open,false,,,Wild Boar,Sus scrofa,Wild Boar,Mammalia,42134
197342799,8f242a44-a891-4ce9-8d20-bda2027886d3,2024/01/12 7:29 PM,2024-01-12,2024-01-13 02:29:00 +0100,Central Time (US & Canada),4658848,hikerchicktx,,2024-01-22 23:45:33 +0100,2024-01-22 23:50:36 +0100,research,CC-BY-NC,https://www.inaturalist.org/observations/197342799,https://inaturalist-open-data.s3.amazonaws.com/photos/347548239/medium.jpeg,,"",,1,0,false,,"Texas, US",30.9688961851,-97.6395822245,5,,,,29304,obscured,open,true,,,Wild Boar,Sus scrofa,Wild Boar,Mammalia,42134
197389278,7f139d52-b505-46a7-ac34-00128417ce9b,2024/01/22 12:50 PM,2024-01-22,2024-01-22 19:50:00 +0100,Central Time (US & Canada),875456,mcferny,Lauren McLaurin,2024-01-23 16:31:17 +0100,2024-02-05 18:11:41 +0100,research,CC-BY,https://www.inaturalist.org/observations/197389278,https://inaturalist-open-data.s3.amazonaws.com/photos/347643642/medium.jpg,,"",,3,0,false,,"Calhoun County, TX, USA",28.25617462,-96.7945489599,,,,,,,open,false,,,Wild Boar,Sus scrofa,Wild Boar,Mammalia,42134
197400225,76a6f899-50dd-45a4-92d4-c866cc229941,2024-01-23 12:17:54,2024-01-23,2024-01-23 18:17:54 +0100,Eastern Time (US & Canada),168645,tim122,Tim Lewis,2024-01-23 19:26:34 +0100,2024-02-01 02:26:15 +0100,research,CC-BY-NC,https://www.inaturalist.org/observations/197400225,https://inaturalist-open-data.s3.amazonaws.com/photos/347665470/medium.jpeg,,"",,1,0,false,2,"Bryson City, NC 28713, USA",35.5298073644,-83.3039855318,5,,,,5,,open,false,,,Wild Boar,Sus scrofa,Wild Boar,Mammalia,42134
197437118,d08a1511-889a-4edb-84b1-e9c652911c31,2024-01-23 09:34:00-06:00,2024-01-23,2024-01-23 16:34:00 +0100,Central Time (US & Canada),2137210,birdman_walking,Jorge Odio,2024-01-24 04:58:46 +0100,2024-01-28 20:29:45 +0100,research,,https://www.inaturalist.org/observations/197437118,https://static.inaturalist.org/photos/347741349/medium.jpg,,"","",4,0,false,3,"Calliham, TX, US",28.4826360303,-98.3491371381,1392,,,,1392,,open,false,,,Wild Boar,Sus scrofa,Wild Boar,Mammalia,42134
197437184,9f45a88c-3e18-4792-b291-369ed18ffe51,2024-01-23 09:34:34-06:00,2024-01-23,2024-01-23 16:34:34 +0100,Central Time (US & Canada),2137210,birdman_walking,Jorge Odio,2024-01-24 05:00:14 +0100,2024-02-06 00:02:02 +0100,research,,https://www.inaturalist.org/observations/197437184,https://static.inaturalist.org/photos/347741486/medium.jpg,,"","",5,0,false,3,"Green Jay Pass, Calliham, TX, US",28.4879770967,-98.346087963,741,,,,741,,open,false,,,Wild Boar,Sus scrofa,Wild Boar,Mammalia,42134
197457171,fd11e6f9-d678-4d90-9ec0-52ee5c3c099e,2024-01-23 21:57:45,2024-01-23,2024-01-24 03:57:45 +0100,Eastern Time (US & Canada),475590,milkweed_mapper,Scott Allen Davis,2024-01-24 13:50:17 +0100,2024-04-23 16:06:35 +0200,research,CC-BY,https://www.inaturalist.org/observations/197457171,https://inaturalist-open-data.s3.amazonaws.com/photos/347782333/medium.jpeg,,"", Moved off road.,2,0,false,2,"Apalachicola, FL 32320, USA",29.7171509889,-85.0502480194,,,,,,,open,false,gps,gps,Wild Boar,Sus scrofa,Wild Boar,Mammalia,42134
197546262,a2de05c9-2d76-4e6c-97c0-101191d3bb7d,2024-01-25 11:16:05-06:00,2024-01-25,2024-01-25 18:16:05 +0100,Central Time (US & Canada),7430940,kublp010,brandon pape,2024-01-25 19:03:26 +0100,2024-02-04 05:01:34 +0100,research,,https://www.inaturalist.org/observations/197546262,https://static.inaturalist.org/photos/347962729/medium.jpg,,"","Result of illegal dumping
Most likely shot by hunters
DOR Feral Hog ",3,0,false,3,"Redwood Rd, San Marcos, TX, US",29.8075614008,-97.9088705269,32,,,,32,,open,false,,,Wild Boar,Sus scrofa,Wild Boar,Mammalia,42134
197546519,c2f72ca3-73d4-4b2a-a418-8f6b135c70e6,2024-01-20 14:58:59-06:00,2024-01-20,2024-01-20 21:58:59 +0100,Central Time (US & Canada),7430940,kublp010,brandon pape,2024-01-25 19:08:51 +0100,2024-01-28 19:08:54 +0100,research,,https://www.inaturalist.org/observations/197546519,https://static.inaturalist.org/photos/347963505/medium.jpg,,"","Hunter Killed boar, private ranch ",2,0,false,3,"Misty Ln, Maxwell, TX, US",29.9066841271,-97.794859767,32,,,,32,,open,false,,,Wild Boar,Sus scrofa,Wild Boar,Mammalia,42134
197550093,4f485a55-055c-4fce-a49a-0bc1cb993fef,2024-01-25 11:23:08-06:00,2024-01-25,2024-01-25 18:23:08 +0100,Central Time (US & Canada),4906046,hansoes,,2024-01-25 20:04:07 +0100,2024-06-07 00:13:41 +0200,research,CC-BY-NC,https://www.inaturalist.org/observations/197550093,https://inaturalist-open-data.s3.amazonaws.com/photos/347970723/medium.jpg,,"","",1,0,false,3,"Waco, TX, US",31.6135666667,-97.30607,35,,,,35,,open,false,,,Wild Boar,Sus scrofa,Wild Boar,Mammalia,42134
197550834,ad011bff-579c-4e53-b37b-55a236e436bd,2024-01-25 10:33:21-06:00,2024-01-25,2024-01-25 17:33:21 +0100,Central Time (US & Canada),4906046,hansoes,,2024-01-25 20:16:23 +0100,2024-06-07 00:13:11 +0200,research,CC-BY-NC,https://www.inaturalist.org/observations/197550834,https://inaturalist-open-data.s3.amazonaws.com/photos/347972230/medium.jpg,,"","",1,0,false,3,"Waco, TX, US",31.61153,-97.30352,4,,,,4,,open,false,,,Wild Boar,Sus scrofa,Wild Boar,Mammalia,42134
197567467,d0689010-2aa0-4586-a4e6-6b193293bbd0,2024/01/22 3:46 PM,2024-01-22,2024-01-22 21:46:00 +0100,Eastern Time (US & Canada),169989,chris-canipe,Chris Canipe,2024-01-26 00:36:02 +0100,2024-02-25 21:27:04 +0100,research,CC-BY-NC-SA,https://www.inaturalist.org/observations/197567467,https://inaturalist-open-data.s3.amazonaws.com/photos/348005556/medium.png,,"",,3,0,false,,"Chatham County, GA, USA",32.01682,-81.31497,20,,,,20,,open,false,,,Wild Boar,Sus scrofa,Wild Boar,Mammalia,42134
197580451,683d347c-4806-4024-ad93-4b7b8de55c6b,2024-01-25 17:07:01-05:00,2024-01-25,2024-01-25 23:07:01 +0100,Eastern Time (US & Canada),6335069,samtron2000,,2024-01-26 04:23:47 +0100,2025-05-21 07:05:06 +0200,research,CC-BY-NC,https://www.inaturalist.org/observations/197580451,https://inaturalist-open-data.s3.amazonaws.com/photos/348033500/medium.jpg,,"","",1,0,false,3,"New Port Richey, FL, US",28.21652,-82.6326533333,12,,,,12,,open,false,,,Wild Boar,Sus scrofa,Wild Boar,Mammalia,42134
197649024,8b8d103e-6f24-4774-b460-126b4e123b86,2024/01/25 1:57 PM,2024-01-25,2024-01-25 20:57:00 +0100,Central Time (US & Canada),875456,mcferny,Lauren McLaurin,2024-01-27 01:12:48 +0100,2024-02-01 22:37:01 +0100,research,CC-BY,https://www.inaturalist.org/observations/197649024,https://inaturalist-open-data.s3.amazonaws.com/photos/348166960/medium.jpg,,"",,3,0,false,,"Aransas County, TX, USA",28.23883295,-96.81462841,,,,,,,open,false,,,Wild Boar,Sus scrofa,Wild Boar,Mammalia,42134
197655349,68ac5ffe-ca80-4884-8165-d87a7f826bcb,2024/01/21 7:47 AM,2024-01-21,2024-01-21 13:47:00 +0100,Eastern Time (US & Canada),2629756,waynesweeds,Wayne Longbottom,2024-01-27 02:48:36 +0100,2025-05-21 07:05:05 +0200,research,CC-BY-NC,https://www.inaturalist.org/observations/197655349,https://inaturalist-open-data.s3.amazonaws.com/photos/348176900/medium.jpg,,"",,2,0,false,,"Polk County, FL, USA",27.7822694444,-81.4490861111,,,,,,,open,false,,,Wild Boar,Sus scrofa,Wild Boar,Mammalia,42134
197662460,98b3fcc9-9986-4ef1-8814-c1602cdd963f,2024-01-26 10:14:00-08:00,2024-01-26,2024-01-26 19:14:00 +0100,Pacific Time (US & Canada),221587,scottmarnoy,Scott Marnoy,2024-01-27 04:48:12 +0100,2025-05-23 10:35:44 +0200,research,CC-BY-NC,https://www.inaturalist.org/observations/197662460,https://inaturalist-open-data.s3.amazonaws.com/photos/348194497/medium.jpeg,,"Feral pig, suidae, swine, Southern California, Prado Regional Park","Pig prints amid extensive troughs caused by rooting feral pigs in meadow south of the lake.  Note: Prints are much more rounded than mule deer, the only other hooved mammal in the area.  ",0,0,false,,"Prado Regional Park, 16700 Euclid Ave, Chino, CA 91708, USA",33.9370865,-117.6441676,1564,,,,1564,,open,false,,,Domestic Pig,Sus scrofa domesticus,Domestic Pig,Mammalia,324492
197692104,f58ccf90-e952-472f-b26a-2fbfdaf41120,2024-01-25 17:20:38,2024-01-25,2024-01-25 23:20:38 +0100,Eastern Time (US & Canada),1418277,alinamartin,Alina Martin,2024-01-27 15:20:02 +0100,2025-07-31 23:04:37 +0200,research,CC-BY,https://www.inaturalist.org/observations/197692104,https://inaturalist-open-data.s3.amazonaws.com/photos/348253444/medium.jpeg,,"",,2,0,false,2,"Gainesville, FL 32641, USA",29.6032194444,-82.3027194444,,,,,,,open,false,gps,gps,Wild Boar,Sus scrofa,Wild Boar,Mammalia,42134
197732050,00bcce28-a2ac-4274-92b0-ec4b60064c65,2024/01/26 10:48 AM,2024-01-26,2024-01-26 19:48:00 +0100,Pacific Time (US & Canada),10201,edwardrooks,edwardrooks,2024-01-27 23:03:49 +0100,2024-02-06 18:29:15 +0100,research,CC-BY-NC,https://www.inaturalist.org/observations/197732050,https://inaturalist-open-data.s3.amazonaws.com/photos/348331936/medium.jpeg,,"","",1,0,false,,"Coyote Lake, South End, Santa Clara County, CA, USA",37.0884077222,-121.5382156803,1204,,,,1204,,open,false,,,Wild Boar,Sus scrofa,Wild Boar,Mammalia,42134
197745228,89a12d91-1d55-4d44-8301-6d5bc679f11e,2024/01/27 1:47 PM,2024-01-27,2024-01-27 20:47:00 +0100,Central Time (US & Canada),1917261,texasgirl27,Lynn Pyle,2024-01-28 01:39:33 +0100,2024-02-06 00:01:33 +0100,research,CC-BY-NC,https://www.inaturalist.org/observations/197745228,https://inaturalist-open-data.s3.amazonaws.com/photos/348358205/medium.jpeg,,"","",5,0,false,,"Kleberg County, TX, USA",27.29163,-97.68025,,,,,,,open,false,,,Wild Boar,Sus scrofa,Wild Boar,Mammalia,42134
197756861,22723e7a-b1b5-496f-a78b-bf8da31cb81b,2024-01-26 09:46:33-08:00,2024-01-26,2024-01-26 18:46:33 +0100,Pacific Time (US & Canada),2324596,dbhays2003,Brian Hays,2024-01-28 04:11:55 +0100,2024-02-06 18:29:03 +0100,research,,https://www.inaturalist.org/observations/197756861,https://static.inaturalist.org/photos/348382491/medium.jpg,,"","",1,0,false,3,"Boronda Elementery School, Salinas, CA, US",36.6970871116,-121.6757023336,72,,,,72,,open,false,,,Wild Boar,Sus scrofa,Wild Boar,Mammalia,42134
197820496,d1ac11ac-850a-4c0a-b306-367b08b9571a,2024-01-28 11:38:58,2024-01-28,2024-01-28 20:38:58 +0100,Pacific Time (US & Canada),6250120,motherpurina,JennK,2024-01-28 20:39:31 +0100,2025-05-23 10:35:50 +0200,research,CC-BY-NC,https://www.inaturalist.org/observations/197820496,https://inaturalist-open-data.s3.amazonaws.com/photos/348513872/medium.jpeg,,"",,1,0,false,2,"San Jose, CA 95141, USA",37.1987229,-121.74146943,9,,,,9,,open,false,,,Domestic Pig,Sus scrofa domesticus,Domestic Pig,Mammalia,324492
197831037,5b656515-9861-47bb-8600-a21d389b0f09,2024-01-28 15:31:09-06:00,2024-01-28,2024-01-28 22:31:09 +0100,Central Time (US & Canada),5397206,madysonsanders,,2024-01-28 22:37:14 +0100,2024-03-05 04:38:28 +0100,research,CC-BY-NC,https://www.inaturalist.org/observations/197831037,https://inaturalist-open-data.s3.amazonaws.com/photos/348532715/medium.jpg,,"","",2,0,false,3,"US-29, Dozier, AL, US",31.4608466667,-86.415205,4,,,,4,,open,false,,,Wild Boar,Sus scrofa,Wild Boar,Mammalia,42134
197838029,c17bea0a-b095-4f44-876d-3e54b3df8d0b,2024/01/28 1:50 PM,2024-01-28,2024-01-28 22:50:00 +0100,Pacific Time (US & Canada),1174756,isabelgb,"",2024-01-28 23:53:51 +0100,2024-01-31 07:09:26 +0100,research,CC-BY-NC,https://www.inaturalist.org/observations/197838029,https://static.inaturalist.org/photos/348545215/medium.jpeg,,"",I found this skull in a ditch by a logging road. It appears to have been sawed in half. ,2,0,false,,"Whatcom County, WA, USA",48.8512691686,-122.1368981554,1577,,,,1577,,open,false,,,Wild Boar,Sus scrofa,Wild Boar,Mammalia,42134
197838073,8eecf9ea-37fd-43d9-adbc-0af481a7c8e3,2024/01/28 9:49 AM,2024-01-28,2024-01-28 18:49:00 +0100,Pacific Time (US & Canada),215669,naturesarchive,Michael Hawk,2024-01-28 23:54:24 +0100,2025-03-13 03:30:16 +0100,research,CC-BY-NC,https://www.inaturalist.org/observations/197838073,https://inaturalist-open-data.s3.amazonaws.com/photos/348546272/medium.jpg,,"",,1,0,false,,"Coyote Creek, CA, USA",37.2036361111,-121.7468638889,,,,,,,open,false,,,Wild Boar,Sus scrofa,Wild Boar,Mammalia,42134
197842324,4fd1dfe1-9078-4864-a1b6-39842411d89e,2024-01-28 10:38:08-08:00,2024-01-28,2024-01-28 19:38:08 +0100,Pacific Time (US & Canada),143871,shanibirds,,2024-01-29 00:43:24 +0100,2024-01-31 18:35:35 +0100,research,CC-BY-NC,https://www.inaturalist.org/observations/197842324,https://inaturalist-open-data.s3.amazonaws.com/photos/348555363/medium.jpg,,"","",1,0,false,3,"Coyote, San Jose, CA, US",37.2035866667,-121.7470166667,4,,,,4,,open,false,,,Wild Boar,Sus scrofa,Wild Boar,Mammalia,42134
197845033,5b601793-a625-459c-b786-8d237c0821ee,2024/01/28 12:00 PM,2024-01-28,2024-01-28 21:00:00 +0100,Pacific Time (US & Canada),209572,truthseqr,Anne Parsons,2024-01-29 01:19:44 +0100,2025-01-15 00:55:41 +0100,research,CC-BY-NC,https://www.inaturalist.org/observations/197845033,https://inaturalist-open-data.s3.amazonaws.com/photos/348560654/medium.jpeg,,"boar, bath","Wild boar's mud bath. I didn't see any boars today, but evidence of their presence was everywhere. They really tear up the fields while rooting for grubs, acorns, and mushrooms.",1,0,false,,"Joseph D. Grant County Park, CA, USA",37.33044667,-121.71224284,,,,,,,open,false,,,Wild Boar,Sus scrofa,Wild Boar,Mammalia,42134
197855739,f536875e-798a-4c90-89a6-15f37b77daec,2024-01-28 12:09:45-08:00,2024-01-28,2024-01-28 21:09:45 +0100,Pacific Time (US & Canada),3767753,growbadlands,"",2024-01-29 03:34:30 +0100,2025-06-28 01:20:46 +0200,research,CC-BY-NC,https://www.inaturalist.org/observations/197855739,https://inaturalist-open-data.s3.amazonaws.com/photos/348582980/medium.jpg,,"",Didn’t really know these were in the area… in juniper woodland ,3,0,false,3,"Oregon, US",44.4677894656,-121.0816486579,215,,,,27317,obscured,open,true,,,Domestic Pig,Sus scrofa domesticus,Domestic Pig,Mammalia,324492
197867641,f002ac7a-a2df-494e-9e7a-f1060b7d3b36,2024-01-01 12:48:37-06:00,2024-01-01,2024-01-01 19:48:37 +0100,Central Time (US & Canada),7755675,evan_zimmerman_inat,Evan Zimmerman,2024-01-29 06:36:37 +0100,2024-02-08 05:04:24 +0100,research,CC-BY-NC,https://www.inaturalist.org/observations/197867641,https://inaturalist-open-data.s3.amazonaws.com/photos/348608374/medium.jpg,,"","",4,0,false,3,"Altona Way, Austin, TX, US",30.4861089215,-97.7627407393,44,,,,44,,open,false,,,Wild Boar,Sus scrofa,Wild Boar,Mammalia,42134
197891643,cd71029d-a372-4400-a0ac-ab3d87b799ba,2024/01/15 6:19 PM,2024-01-15,2024-01-16 01:19:00 +0100,Central Time (US & Canada),159415,jen242,"",2024-01-29 15:37:51 +0100,2024-01-30 18:04:32 +0100,research,CC-BY-NC,https://www.inaturalist.org/observations/197891643,https://inaturalist-open-data.s3.amazonaws.com/photos/348658258/medium.jpeg,,"","MOULTRIE DIGITAL CAMERA
This boar showed up in the area in December but has mostly been living behind our house for several weeks. He is a solo male so far. We hope he goes away. ",5,0,false,,"11705 Hornsby St, Austin, TX 78753, USA",30.3854286,-97.6809889,192,,,,192,,open,false,,,Wild Boar,Sus scrofa,Wild Boar,Mammalia,42134
197899345,a75ead36-3314-4431-aad3-f8381fa3d448,2024-01-25 15:47:57-05:00,2024-01-25,2024-01-25 21:47:57 +0100,Eastern Time (US & Canada),5128536,air22,ELW,2024-01-29 17:34:38 +0100,2024-03-27 23:31:17 +0100,research,,https://www.inaturalist.org/observations/197899345,https://static.inaturalist.org/photos/350970197/medium.jpg,,"","",1,0,false,3,"Avon Park, FL, US",27.5605221469,-81.5161453979,45,,,,45,,open,false,,,Wild Boar,Sus scrofa,Wild Boar,Mammalia,42134
197916459,8c13cda0-82c7-4c5b-a567-6fbe49a5cf5b,2024-01-28 14:15:08-06:00,2024-01-28,2024-01-28 21:15:08 +0100,Central Time (US & Canada),302101,gtguy,gtguy,2024-01-29 21:30:51 +0100,2024-02-14 05:02:45 +0100,research,CC-BY-NC,https://www.inaturalist.org/observations/197916459,https://inaturalist-open-data.s3.amazonaws.com/photos/348707153/medium.jpg,,"","",1,0,false,3,"Brazoria National Wildlife Refuge, Freeport, TX, US",29.0686909103,-95.2451999829,36,,,,36,,open,false,,,Wild Boar,Sus scrofa,Wild Boar,Mammalia,42134
197936401,60fa50d9-fe19-4b46-9122-f42e171f6987,2024-01-29 15:52:03-05:00,2024-01-29,2024-01-29 21:52:03 +0100,Eastern Time (US & Canada),1711858,pwilson96,Peter Wilson,2024-01-30 02:17:42 +0100,2024-11-16 14:37:27 +0100,research,CC-BY-NC,https://www.inaturalist.org/observations/197936401,https://inaturalist-open-data.s3.amazonaws.com/photos/348748399/medium.jpg,,"","",1,0,false,3,"Lake Keowee, Sunset, SC, US",34.90017,-82.8439716667,4,,,,4,,open,false,,,Hog,Sus scrofa,Wild Boar,Mammalia,42134
197953181,7d1e0fd0-03e2-4842-afd3-fa2ee8a795ed,2024/01/28 11:39 AM,2024-01-28,2024-01-28 20:39:00 +0100,Pacific Time (US & Canada),34038,merav,Merav Vonshak,2024-01-30 07:02:07 +0100,2025-05-23 10:35:53 +0200,research,CC-BY-NC,https://www.inaturalist.org/observations/197953181,https://inaturalist-open-data.s3.amazonaws.com/photos/348782855/medium.jpeg,,"",,1,0,false,,"Coyote Creek, CA, USA",37.1987,-121.7414694444,4,,,,4,,open,false,,,Domestic Pig,Sus scrofa domesticus,Domestic Pig,Mammalia,324492
198022883,f882131d-7b29-493a-95ef-b52c72ff410a,2024-01-30 10:32:00-05:00,2024-01-30,2024-01-30 16:32:00 +0100,Eastern Time (US & Canada),3154933,dbond,,2024-01-31 03:33:41 +0100,2024-01-31 13:55:41 +0100,research,CC-BY-NC,https://www.inaturalist.org/observations/198022883,https://inaturalist-open-data.s3.amazonaws.com/photos/348923276/medium.jpg,,"","",1,0,false,3,"Jay B. Starkey Wilderness Park, Odessa, FL, US",28.2317659258,-82.5764461186,494,,,,494,,open,false,,,Wild Boar,Sus scrofa,Wild Boar,Mammalia,42134
198063306,56c6fe0e-4562-4cc9-bbe7-a1c901128f76,2024-01-25,2024-01-25,,Central Time (US & Canada),6471254,mmckissack,,2024-01-31 17:28:14 +0100,2024-02-05 15:57:14 +0100,research,CC-BY-NC,https://www.inaturalist.org/observations/198063306,https://inaturalist-open-data.s3.amazonaws.com/photos/349003936/medium.jpeg,,"","",3,0,false,,Crownridge Canyon Park,29.619812,-98.628965,28,,,,28,,open,false,,,Wild Boar,Sus scrofa,Wild Boar,Mammalia,42134
198063582,933f4904-a321-42c1-ba8e-a728615276df,2024-01-26,2024-01-26,,Central Time (US & Canada),6471254,mmckissack,,2024-01-31 17:32:29 +0100,2024-02-05 15:56:41 +0100,research,CC-BY-NC,https://www.inaturalist.org/observations/198063582,https://inaturalist-open-data.s3.amazonaws.com/photos/349004464/medium.jpeg,,"","",3,0,false,,Crownridge Canyon Natural Area,29.619812,-98.628965,28,,,,28,,open,false,,,Wild Boar,Sus scrofa,Wild Boar,Mammalia,42134
198071233,d4f3dc47-293e-465f-90da-40b9cd727099,2024-01-30 08:42:36,2024-01-30,2024-01-30 15:42:36 +0100,Central Time (US & Canada),6660206,carinavet,,2024-01-31 19:39:41 +0100,2024-02-21 16:47:36 +0100,research,CC-BY-NC,https://www.inaturalist.org/observations/198071233,https://inaturalist-open-data.s3.amazonaws.com/photos/350055622/medium.jpeg,,"",,2,0,false,2,"Martin, LA 71019, USA",31.958985,-93.31406,8,,,,8,,open,false,,,Wild Boar,Sus scrofa,Wild Boar,Mammalia,42134
198075447,7985bf4f-b0c7-4f51-909c-fe7f9f73efbe,2024-01-30 12:50:35-06:00,2024-01-30,2024-01-30 19:50:35 +0100,Central Time (US & Canada),231709,thunefeld,W. Terry Hunefeld,2024-01-31 20:34:44 +0100,2024-02-01 14:32:49 +0100,research,CC-BY-NC,https://www.inaturalist.org/observations/198075447,https://inaturalist-open-data.s3.amazonaws.com/photos/349028899/medium.jpg,,"",Wallow ,1,0,false,3,"Cedar Creek, TX, US",30.1452416667,-97.459145,5,,,,5,,open,false,,,Wild Boar,Sus scrofa,Wild Boar,Mammalia,42134
198075486,5b5e42f6-851e-405b-969d-2cbf0b24e224,2024-01-30 10:36:29-06:00,2024-01-30,2024-01-30 17:36:29 +0100,Central Time (US & Canada),231709,thunefeld,W. Terry Hunefeld,2024-01-31 20:35:32 +0100,2025-09-02 22:19:30 +0200,research,CC-BY-NC,https://www.inaturalist.org/observations/198075486,https://inaturalist-open-data.s3.amazonaws.com/photos/349029010/medium.jpg,,"",Scat and additional sign. ,2,0,false,3,"Cedar Creek, TX, US",30.1442416667,-97.44915,4,,,,4,,open,false,,,Eurasian Wild Pig,Sus scrofa,Wild Boar,Mammalia,42134
198078527,99da95ec-eb60-49bc-bfad-6fe6a812c92c,2024-01-18,2024-01-18,,Central Time (US & Canada),6471254,mmckissack,,2024-01-31 21:20:23 +0100,2024-01-31 22:03:25 +0100,research,CC-BY-NC,https://www.inaturalist.org/observations/198078527,https://inaturalist-open-data.s3.amazonaws.com/photos/349035249/medium.jpeg,,"","",1,0,false,,crown ridge canyon park,29.619812,-98.628965,,,,,,,open,false,,,Wild Boar,Sus scrofa,Wild Boar,Mammalia,42134
198078610,d6cb7eff-cf9b-45aa-8f2f-7b09a2c21353,2024-01-26,2024-01-26,,Central Time (US & Canada),6471254,mmckissack,,2024-01-31 21:21:46 +0100,2024-02-01 01:38:22 +0100,research,CC-BY-NC,https://www.inaturalist.org/observations/198078610,https://inaturalist-open-data.s3.amazonaws.com/photos/349035452/medium.jpeg,,"","",1,0,false,,crown ridge canyon park,29.619812,-98.628965,,,,,,,open,false,,,Wild Boar,Sus scrofa,Wild Boar,Mammalia,42134
198079073,af6ef65b-5dbb-469c-a75a-24b5b5395305,2024-01-31 14:11:07-06:00,2024-01-31,2024-01-31 21:11:07 +0100,Central Time (US & Canada),1761780,meadowlarkmerlin,Randy Reed,2024-01-31 21:27:57 +0100,2024-01-31 23:00:23 +0100,research,,https://www.inaturalist.org/observations/198079073,https://static.inaturalist.org/photos/349036459/medium.jpg,,"","",2,0,false,3,"Mesquite Trail, Brownsville, TX, US",25.996417826,-97.5655369834,4,,,,4,,open,false,,,Wild Boar,Sus scrofa,Wild Boar,Mammalia,42134
198081770,c270beb3-01ad-4a02-a1a1-81952456d1ed,2024-01-30 13:13:20,2024-01-30,2024-01-30 19:13:20 +0100,Eastern Time (US & Canada),1243759,arthur-windsor,Arthur Windsor,2024-01-31 22:02:37 +0100,2024-02-01 00:38:09 +0100,research,CC-BY,https://www.inaturalist.org/observations/198081770,https://static.inaturalist.org/photos/349041747/medium.jpg,,Wild Boar,"Hungryland Slough, PBC, FL",1,0,false,,"Hungryland Slough, FL, USA",26.873387,-80.275382,,,,,,,open,false,,"",Wild Boar,Sus scrofa,Wild Boar,Mammalia,42134
198084508,9068e226-34b1-41ce-94aa-137249917bbd,2024/01/31 2:11 PM,2024-01-31,2024-01-31 21:11:00 +0100,Central Time (US & Canada),521220,drbh2o,Matt,2024-01-31 22:36:50 +0100,2024-02-01 16:29:03 +0100,research,CC-BY-NC,https://www.inaturalist.org/observations/198084508,https://inaturalist-open-data.s3.amazonaws.com/photos/349043972/medium.png,,"",,1,0,false,,"Harris, Texas, United States",30.09234167,-95.44355,,,,,,,open,false,,,Wild Boar,Sus scrofa,Wild Boar,Mammalia,42134
198110509,6671d826-eb17-408a-ae52-c1e8be41941e,2024/01/31 3:22 PM,2024-01-31,2024-01-31 22:22:00 +0100,Central Time (US & Canada),1109260,puffin21,Michael Orgill,2024-02-01 05:31:19 +0100,2024-02-01 22:27:17 +0100,research,CC-BY-NC,https://www.inaturalist.org/observations/198110509,https://inaturalist-open-data.s3.amazonaws.com/photos/349098474/medium.jpeg,,"",,2,0,false,,"Calallen, Corpus Christi, TX, USA",27.8650002204,-97.6093830892,8,,,,8,,open,false,,,Wild Boar,Sus scrofa,Wild Boar,Mammalia,42134
198162587,9a5d6e20-f5c3-40b6-944e-6496c7a5ab0d,2024/01/20 1:36 PM,2024-01-20,2024-01-20 19:36:00 +0100,Eastern Time (US & Canada),67685,sdz456,Shirley Zundell,2024-02-01 22:49:02 +0100,2024-02-02 04:41:03 +0100,research,CC-BY,https://www.inaturalist.org/observations/198162587,https://inaturalist-open-data.s3.amazonaws.com/photos/349201848/medium.jpeg,,"",,2,0,false,,"Merritt Island National Wildlife Refuge, 1987 Scrub Jay Way #32782, Titusville, FL, USA",28.6413031,-80.7355203,196,,,,196,,open,false,,,Wild Boar,Sus scrofa,Wild Boar,Mammalia,42134
198171042,70d990b8-c5b0-4c99-aeed-8c1ef84e5e2e,2024-02-01 09:33:24,2024-02-01,2024-02-01 16:33:24 +0100,Central Time (US & Canada),7188150,fuzzymusing,Alex,2024-02-02 00:48:44 +0100,2024-02-04 04:57:36 +0100,research,CC-BY-NC,https://www.inaturalist.org/observations/198171042,https://inaturalist-open-data.s3.amazonaws.com/photos/349219329/medium.jpeg,,"",,1,0,false,2,"Dallas County, TX, USA",32.6333887133,-96.6623171791,180,,,,180,,open,false,gps,gps,Wild Boar,Sus scrofa,Wild Boar,Mammalia,42134
198187324,d4a5ab81-3c1e-4d59-9f05-cf22836473ad,2024/02/01 3:01 PM,2024-02-01,2024-02-01 22:01:00 +0100,Central Time (US & Canada),26296,connlindajo,Linda Jo Conn,2024-02-02 05:40:33 +0100,2024-11-16 17:19:35 +0100,research,CC-BY,https://www.inaturalist.org/observations/198187324,https://inaturalist-open-data.s3.amazonaws.com/photos/349252456/medium.jpeg,,"",DOR. Being visited by a caracara and black vulture. A young hog.,4,0,false,,"FM 696, Burleson County, TX, USA",30.44857727,-96.8723601459,15,,,,15,,open,false,,,Wild Boar,Sus scrofa,Wild Boar,Mammalia,42134
198216521,1d301d66-a7c9-4a76-9915-4ed8f65c53cd,2024-02-02 10:07:46-06:00,2024-02-02,2024-02-02 17:07:46 +0100,Central Time (US & Canada),5041624,ecarstens15,Emmett Carstens,2024-02-02 17:08:49 +0100,2025-04-05 06:19:08 +0200,research,CC-BY-NC,https://www.inaturalist.org/observations/198216521,https://inaturalist-open-data.s3.amazonaws.com/photos/349318717/medium.jpg,,"","",1,0,false,3,"Moss Point, MS, US",30.43828,-88.4092633333,71,,,,71,,open,false,,,Eurasian Wild Pig,Sus scrofa,Wild Boar,Mammalia,42134
198231226,5b03abf4-56e2-469f-8b2d-0e43a4af4aed,2024/01/26 5:59 AM,2024-01-26,2024-01-26 12:59:00 +0100,Central Time (US & Canada),5898445,janeweeden,Jane Weeden,2024-02-02 20:56:44 +0100,2025-05-23 13:49:28 +0200,research,CC-BY,https://www.inaturalist.org/observations/198231226,https://inaturalist-open-data.s3.amazonaws.com/photos/349340478/medium.jpeg,,"","",2,0,false,,GameCam Crownridge,29.6187634198,-98.6270377358,4,,,,4,,open,false,,,Wild Boar,Sus scrofa,Wild Boar,Mammalia,42134
198233411,983b20ba-6895-46d4-b536-8c6a31430507,2024/01/30 7:55 PM,2024-01-30,2024-01-31 02:55:00 +0100,Central Time (US & Canada),5898445,janeweeden,Jane Weeden,2024-02-02 21:28:56 +0100,2025-05-23 13:49:39 +0200,research,CC-BY,https://www.inaturalist.org/observations/198233411,https://inaturalist-open-data.s3.amazonaws.com/photos/349344200/medium.jpeg,,"",,3,0,false,,"Texas, US",29.7710654631,-98.6302527509,4,,,,29458,obscured,open,true,,,Wild Boar,Sus scrofa,Wild Boar,Mammalia,42134
198233419,4f4aa1af-c882-4257-bbc1-ec0a434a0a2c,2024/01/26 5:59 AM,2024-01-26,2024-01-26 12:59:00 +0100,Central Time (US & Canada),5898445,janeweeden,Jane Weeden,2024-02-02 21:29:00 +0100,2025-05-23 13:49:36 +0200,research,CC-BY,https://www.inaturalist.org/observations/198233419,https://inaturalist-open-data.s3.amazonaws.com/photos/349344226/medium.jpeg,,"",,3,0,false,,"Texas, US",29.6250095026,-98.6523106154,4,,,,29458,obscured,open,true,,,Wild Boar,Sus scrofa,Wild Boar,Mammalia,42134
198322443,e1228e3b-450f-43aa-aaa6-6779a686dae0,2024-01-16 08:19:50-06:00,2024-01-16,2024-01-16 15:19:50 +0100,Central Time (US & Canada),6692931,malinois77,,2024-02-03 21:18:08 +0100,2025-08-08 02:23:28 +0200,research,CC-BY-NC,https://www.inaturalist.org/observations/198322443,https://inaturalist-open-data.s3.amazonaws.com/photos/350229080/medium.jpg,,"","",1,0,false,3,"Texas, US",29.6986370634,-98.6498816703,317,,,,29458,obscured,open,true,,,Wild Boar,Sus scrofa,Wild Boar,Mammalia,42134
198365195,afd176ac-682f-4e93-9c20-eabe255f1409,2024-01-28 08:15:04-08:00,2024-01-28,2024-01-28 17:15:04 +0100,Pacific Time (US & Canada),1113207,redrovertracy,"",2024-02-04 06:31:53 +0100,2024-02-06 18:26:54 +0100,research,CC-BY,https://www.inaturalist.org/observations/198365195,https://inaturalist-open-data.s3.amazonaws.com/photos/349611789/medium.jpg,,"","",1,0,false,3,"Calf Canyon Hwy, Creston, CA, US",35.4370254796,-120.5131982523,13990,,,,13990,,open,false,,,Wild Boar,Sus scrofa,Wild Boar,Mammalia,42134
198368334,3db113b7-6088-4aa1-9ed7-19d93b7071c1,2024/02/03 5:38 PM,2024-02-03,2024-02-04 00:38:00 +0100,Central Time (US & Canada),18812,mako252,Jon McIntyre,2024-02-04 07:28:53 +0100,2024-02-05 20:11:47 +0100,research,CC-BY-NC,https://www.inaturalist.org/observations/198368334,https://inaturalist-open-data.s3.amazonaws.com/photos/349617831/medium.jpeg,,"",,2,0,false,,"Dewitt County, TX, USA",29.002347621,-97.1243226546,15,,,,15,,open,false,,,Wild Boar,Sus scrofa,Wild Boar,Mammalia,42134
198397672,b3f54b76-58a8-4ae5-9316-9d079465a5ac,2024/02/03 1:30 PM,2024-02-03,2024-02-03 20:30:00 +0100,Central Time (US & Canada),891868,mcburly,Kim,2024-02-04 16:24:08 +0100,2024-02-04 20:49:56 +0100,research,CC-BY,https://www.inaturalist.org/observations/198397672,https://inaturalist-open-data.s3.amazonaws.com/photos/349674167/medium.jpeg,,"",,1,0,false,,"Brownsville, TX, USA",25.97579305,-97.5661298101,,,,,,,open,false,,,Wild Boar,Sus scrofa,Wild Boar,Mammalia,42134
198402398,5fb0f3bd-99f1-4266-943c-334fe3e6caad,2024/02/03 1:24 PM,2024-02-03,2024-02-03 20:24:00 +0100,Central Time (US & Canada),875456,mcferny,Lauren McLaurin,2024-02-04 17:20:17 +0100,2024-02-05 02:06:35 +0100,research,CC-BY,https://www.inaturalist.org/observations/198402398,https://inaturalist-open-data.s3.amazonaws.com/photos/349683345/medium.jpg,,"",,3,0,false,,"Brownsville, TX, USA",25.9757751999,-97.56611753,,,,,,,open,false,,,Wild Boar,Sus scrofa,Wild Boar,Mammalia,42134
198419376,245d8864-9439-4868-afaa-ed7d076d3be0,2024/02/02 6:44 PM,2024-02-02,2024-02-03 01:44:00 +0100,Central Time (US & Canada),741563,ldennis,"",2024-02-04 20:41:55 +0100,2024-02-05 16:23:12 +0100,research,CC-BY-NC,https://www.inaturalist.org/observations/198419376,https://inaturalist-open-data.s3.amazonaws.com/photos/349718704/medium.png,,crpj,,1,0,false,,"Texas, US",30.807808098,-97.661355505,5,,,,29304,obscured,open,true,,,Wild Boar,Sus scrofa,Wild Boar,Mammalia,42134
198427458,fe2754a8-1197-499c-943d-d304df164abf,2024-02-04 12:26:22,2024-02-04,2024-02-04 19:26:22 +0100,Central Time (US & Canada),6676388,lindsayl,Lindsay,2024-02-04 22:07:14 +0100,2024-02-05 17:49:51 +0100,research,CC-BY-NC,https://www.inaturalist.org/observations/198427458,https://inaturalist-open-data.s3.amazonaws.com/photos/349735760/medium.jpeg,,"",,1,0,false,2,"Dallas, TX 75234, USA",32.9173395503,-96.9339230284,262,,,,262,,open,false,gps,gps,Wild Boar,Sus scrofa,Wild Boar,Mammalia,42134
198502519,61e318d0-2ae0-494b-8f10-0569fe3f7bc9,2024/01/27 6:18 PM,2024-01-27,2024-01-28 01:18:00 +0100,Central Time (US & Canada),5982438,kwood1,KWood,2024-02-05 19:22:17 +0100,2024-02-06 13:17:25 +0100,research,CC-BY-NC,https://www.inaturalist.org/observations/198502519,https://inaturalist-open-data.s3.amazonaws.com/photos/349885017/medium.jpeg,,"",,2,0,false,,"Texas, US",29.7728054817,-98.6939072698,2,,,,29458,obscured,open,true,,,Wild Boar,Sus scrofa,Wild Boar,Mammalia,42134
198503358,b5903860-9f10-4c6b-844b-0baa968f2a71,2024/01/21 9:26 AM,2024-01-21,2024-01-21 16:26:00 +0100,Central Time (US & Canada),5982438,kwood1,KWood,2024-02-05 19:36:50 +0100,2024-02-13 05:16:21 +0100,research,CC-BY-NC,https://www.inaturalist.org/observations/198503358,https://inaturalist-open-data.s3.amazonaws.com/photos/349887026/medium.jpeg,,"","",3,0,false,,"Texas, US",29.7118351648,-98.6603436001,4,,,,29458,obscured,open,true,,,Wild Boar,Sus scrofa,Wild Boar,Mammalia,42134
198504805,aadea42f-8b49-425a-8141-a1f266012cf5,2024/01/20 6:14 PM,2024-01-20,2024-01-21 01:14:00 +0100,Central Time (US & Canada),5982438,kwood1,KWood,2024-02-05 19:56:20 +0100,2024-02-05 23:16:10 +0100,research,CC-BY-NC,https://www.inaturalist.org/observations/198504805,https://inaturalist-open-data.s3.amazonaws.com/photos/349890101/medium.jpeg,,"",,1,0,false,,"Texas, US",29.7386691575,-98.644024583,4,,,,29458,obscured,open,true,,,Wild Boar,Sus scrofa,Wild Boar,Mammalia,42134
198507616,450d5331-7406-4306-968d-42279487f226,2024/01/18 9:25 PM,2024-01-18,2024-01-19 04:25:00 +0100,Central Time (US & Canada),5982438,kwood1,KWood,2024-02-05 20:37:21 +0100,2024-02-13 05:15:58 +0100,research,CC-BY-NC,https://www.inaturalist.org/observations/198507616,https://inaturalist-open-data.s3.amazonaws.com/photos/349895175/medium.jpeg,,"","",3,0,false,,"Texas, US",29.622133925,-98.6317134225,2,,,,29458,obscured,open,true,,,Wild Boar,Sus scrofa,Wild Boar,Mammalia,42134
198511425,b920a0b2-a2f4-435b-a3c8-e45533570bb9,2024/01/13 9:12 PM,2024-01-13,2024-01-14 04:12:00 +0100,Central Time (US & Canada),5982438,kwood1,KWood,2024-02-05 21:29:51 +0100,2024-02-13 05:15:39 +0100,research,CC-BY-NC,https://www.inaturalist.org/observations/198511425,https://inaturalist-open-data.s3.amazonaws.com/photos/349903002/medium.jpeg,,"","",3,0,false,,"Texas, US",29.7668926993,-98.7725884665,2,,,,29458,obscured,open,true,,,Wild Boar,Sus scrofa,Wild Boar,Mammalia,42134
198512447,60ac7ab9-eb5a-4d83-9c30-1f0fd1607100,2024/01/12 10:54 PM,2024-01-12,2024-01-13 05:54:00 +0100,Central Time (US & Canada),5982438,kwood1,KWood,2024-02-05 21:43:10 +0100,2024-02-06 13:12:38 +0100,research,CC-BY-NC,https://www.inaturalist.org/observations/198512447,https://inaturalist-open-data.s3.amazonaws.com/photos/349904801/medium.jpeg,,"","",2,0,false,,"Texas, US",29.689186573,-98.7350928451,2,,,,29458,obscured,open,true,,,Wild Boar,Sus scrofa,Wild Boar,Mammalia,42134
198528187,5b953ba1-81a5-48d4-aa1b-fcd9b26d68b6,2024/02/05 2:50 PM,2024-02-05,2024-02-05 21:50:00 +0100,Central Time (US & Canada),875456,mcferny,Lauren McLaurin,2024-02-06 01:09:21 +0100,2024-02-06 14:43:08 +0100,research,CC-BY,https://www.inaturalist.org/observations/198528187,https://inaturalist-open-data.s3.amazonaws.com/photos/349933462/medium.jpg,,"",,2,0,false,,"Brownsville, TX, USA",25.9964094399,-97.56565899,,,,,,,open,false,,,Wild Boar,Sus scrofa,Wild Boar,Mammalia,42134
198537857,74647a18-b440-4d83-88dd-963ffdd244a9,2024/02/05 12:14 PM,2024-02-05,2024-02-05 19:14:00 +0100,Central Time (US & Canada),964743,franpfer,Frances,2024-02-06 03:52:25 +0100,2024-02-10 14:50:10 +0100,research,,https://www.inaturalist.org/observations/198537857,https://static.inaturalist.org/photos/349954258/medium.jpeg,,"",,1,0,false,,"Travis County, TX, USA",30.2948982718,-97.5583193262,31,,,,31,,open,false,,,Wild Boar,Sus scrofa,Wild Boar,Mammalia,42134
198576629,258e5921-9bd2-491c-9679-d85ab670cb23,2024-02-05 12:34:37-05:00,2024-02-05,2024-02-05 18:34:37 +0100,Eastern Time (US & Canada),1765002,pczako,"",2024-02-06 17:46:40 +0100,2024-03-27 23:31:05 +0100,research,CC-BY-NC,https://www.inaturalist.org/observations/198576629,https://inaturalist-open-data.s3.amazonaws.com/photos/350029976/medium.jpg,,"","",2,0,false,3,"Osteen, FL, US",28.7898889818,-81.1653392307,2686,,,,2686,,open,false,,,Wild Boar,Sus scrofa,Wild Boar,Mammalia,42134
198676015,1e3c6d22-93e2-463c-87c2-b7c39b224981,2024/02/03 10:26 PM,2024-02-03,2024-02-04 05:26:00 +0100,Central Time (US & Canada),5982438,kwood1,KWood,2024-02-07 21:58:09 +0100,2024-02-13 05:13:01 +0100,research,CC-BY-NC,https://www.inaturalist.org/observations/198676015,https://inaturalist-open-data.s3.amazonaws.com/photos/350224246/medium.jpeg,,"",,2,0,false,,"Texas, US",29.6116168552,-98.7564766974,2,,,,29458,obscured,open,true,,,Wild Boar,Sus scrofa,Wild Boar,Mammalia,42134
198677386,4eb33740-0ae4-419f-ab9b-2453501ee0ee,2024/02/05 11:54 PM,2024-02-05,2024-02-06 06:54:00 +0100,Central Time (US & Canada),5982438,kwood1,KWood,2024-02-07 22:18:25 +0100,2024-02-13 05:11:04 +0100,research,CC-BY-NC,https://www.inaturalist.org/observations/198677386,https://inaturalist-open-data.s3.amazonaws.com/photos/350227320/medium.jpeg,,"","",2,0,false,,"Texas, US",29.713662332,-98.7110621124,2,,,,29458,obscured,open,true,,,Wild Boar,Sus scrofa,Wild Boar,Mammalia,42134
198687232,8edc4105-db5a-4184-8494-4a36effc7bed,2024-02-07 14:23:53-05:00,2024-02-07,2024-02-07 20:23:53 +0100,Eastern Time (US & Canada),2179,charlie,naturalist charlie,2024-02-08 00:45:18 +0100,2025-05-21 07:04:56 +0200,research,CC0,https://www.inaturalist.org/observations/198687232,https://inaturalist-open-data.s3.amazonaws.com/photos/350247361/medium.jpg,,"",Seep,2,0,false,3,"116A, Williston, VT, US",44.4135850924,-73.0690295205,29,,,,29,,open,false,,,Wild Boar,Sus scrofa,Wild Boar,Mammalia,42134
198698576,771637c3-58e4-4022-8baf-83ff0a5c5c60,2024-02-06 16:13:03,2024-02-06,2024-02-06 22:13:03 +0100,Eastern Time (US & Canada),7757952,delval2025,Haley,2024-02-08 04:04:52 +0100,2025-09-02 22:19:09 +0200,research,,https://www.inaturalist.org/observations/198698576,https://static.inaturalist.org/photos/350269908/medium.jpeg,,"","Hard to tell by the photos, but a wild boar with 3 babies on the trail. 
Many signs of wild hogs leading to them- scat, foot prints, and rooting ",2,0,false,2,"Omaha, GA 31821, USA",31.9846371146,-85.0572158396,1976,,,,1976,,open,false,gps,gps,Wild Boar,Sus scrofa,Wild Boar,Mammalia,42134
198713306,247d985f-a16e-4b4b-bd7b-73cfff6f8baf,2024/02/05 4:17 PM,2024-02-05,2024-02-05 22:17:00 +0100,Eastern Time (US & Canada),60934,jonwbecker,Jon Becker,2024-02-08 10:40:39 +0100,2024-02-08 13:22:58 +0100,research,CC-BY-NC,https://www.inaturalist.org/observations/198713306,https://inaturalist-open-data.s3.amazonaws.com/photos/350300588/medium.jpg,,"",,2,0,false,,"McIntosh County, GA, USA",31.3955694444,-81.2787611111,,,,,,,open,false,,,Wild Boar,Sus scrofa,Wild Boar,Mammalia,42134
198769214,b4da76cc-5e4c-4b13-93a5-cf30ad26af8e,2024-02-08 14:26:23,2024-02-08,2024-02-08 20:26:23 +0100,Eastern Time (US & Canada),7154582,neanderthal-moth,"",2024-02-09 02:07:37 +0100,2025-05-21 07:04:55 +0200,research,CC-BY-NC,https://www.inaturalist.org/observations/198769214,https://inaturalist-open-data.s3.amazonaws.com/photos/350405113/medium.jpeg,,"",,2,0,false,2,Dixon Memorial State Forest,31.0924437655,-82.289015539,1861,,,,1861,,open,false,gps,gps,Wild Boar,Sus scrofa,Wild Boar,Mammalia,42134
198773457,715afbc2-3997-4cc6-a82e-c306b6c5a4ab,2024-02-04 11:48:06-06:00,2024-02-04,2024-02-04 18:48:06 +0100,Central Time (US & Canada),2363580,bananalady,Victoria Everett StJohn,2024-02-09 03:17:34 +0100,2025-05-21 07:04:54 +0200,research,,https://www.inaturalist.org/observations/198773457,https://static.inaturalist.org/photos/350413842/medium.jpg,,"","",1,0,false,3,"FM-180, Ledbetter, TX, US",30.2840366667,-96.6725833333,10837,,,,10837,,open,false,,,Wild Boar,Sus scrofa,Wild Boar,Mammalia,42134
198817734,38727c6d-4c4b-487a-b9a8-4321d0a4eded,2024-02-02 08:24:00-06:00,2024-02-02,2024-02-02 15:24:00 +0100,Central Time (US & Canada),7742816,blackasp,,2024-02-09 17:50:36 +0100,2025-05-23 10:36:08 +0200,research,CC-BY-NC,https://www.inaturalist.org/observations/198817734,https://inaturalist-open-data.s3.amazonaws.com/photos/356085027/medium.jpg,,"","",1,0,false,3,"Yoakum, TX, US",29.1572638333,-96.9600533333,319,,,,319,,open,false,,,Wild Boar,Sus scrofa,Wild Boar,Mammalia,42134
198848262,96b8515b-e028-4e68-8131-5be8b26b045b,2024/02/04 ,2024-02-04,,Central Time (US & Canada),811913,abcdefgewing,abcdefgewing,2024-02-10 00:52:33 +0100,2024-02-10 03:17:16 +0100,research,CC-BY-NC,https://www.inaturalist.org/observations/198848262,https://inaturalist-open-data.s3.amazonaws.com/photos/350551627/medium.jpeg,,"","Feral hogs. One of their four piglets shows at far left.
Resaca de la Palma SP.",2,0,false,,"Brownsville, TX, USA",25.9953361111,-97.5659027778,,,,,,,open,false,,,Wild Boar,Sus scrofa,Wild Boar,Mammalia,42134
198912475,fd33260d-c5c3-4b47-a3c8-17d101681256,2024-02-10 12:43:49-05:00,2024-02-10,2024-02-10 18:43:49 +0100,Eastern Time (US & Canada),7760171,malanature,,2024-02-10 18:46:16 +0100,2024-02-10 20:11:57 +0100,research,CC-BY-NC,https://www.inaturalist.org/observations/198912475,https://inaturalist-open-data.s3.amazonaws.com/photos/350686604/medium.jpg,,"","",1,0,false,3,"Marie St, Malabar, FL, US",27.9884346156,-80.5732559693,8,,,,8,,open,false,,,Wild Boar,Sus scrofa,Wild Boar,Mammalia,42134
198950537,1388124a-ad3a-4231-944f-f1fd400813f1,2024-02-10 12:27:30,2024-02-10,2024-02-10 19:27:30 +0100,Central Time (US & Canada),1378080,brianwilliams1,Brian Williams,2024-02-11 01:37:39 +0100,2024-07-15 08:01:48 +0200,research,CC-BY-NC,https://www.inaturalist.org/observations/198950537,https://inaturalist-open-data.s3.amazonaws.com/photos/350756659/medium.jpeg,,"",,1,0,false,2,"Starkville, MS 39759, USA",33.3114345278,-88.8481574,,,,,,,open,false,gps,gps,Wild Boar,Sus scrofa,Wild Boar,Mammalia,42134
198974479,e78b1996-7a1f-4a84-9add-22bd2c42ece0,2024-02-01 16:46:00-05:00,2024-02-01,2024-02-01 22:46:00 +0100,Eastern Time (US & Canada),6893799,larvalfishguy,,2024-02-11 06:59:20 +0100,2024-02-11 08:03:56 +0100,research,CC-BY-NC,https://www.inaturalist.org/observations/198974479,https://inaturalist-open-data.s3.amazonaws.com/photos/350806478/medium.jpg,,"","",1,0,false,3,"I-95 N, Sebastian, FL, US",27.8694083333,-80.5915366667,4,,,,4,,open,false,,,Wild Boar,Sus scrofa,Wild Boar,Mammalia,42134
199015121,b4485722-ee15-401b-a71c-a2b1440fa822,2024-02-06 11:46:41-06:00,2024-02-06,2024-02-06 18:46:41 +0100,Central Time (US & Canada),844681,clarissamolina,Clarissa,2024-02-11 17:58:40 +0100,2024-02-18 02:05:55 +0100,research,,https://www.inaturalist.org/observations/199015121,https://static.inaturalist.org/photos/350886434/medium.jpg,,"","",1,0,false,3,"South Llano River State Park, Junction, TX, US",30.4509410823,-99.8056307808,4,,,,4,,open,false,,,Wild Boar,Sus scrofa,Wild Boar,Mammalia,42134
199016182,91d35dc7-b0b8-43b4-a4a1-57eb6c5e8487,2024-01-26 08:54:19-06:00,2024-01-26,2024-01-26 15:54:19 +0100,Central Time (US & Canada),4107672,gridman,,2024-02-11 18:10:36 +0100,2024-02-13 03:46:58 +0100,research,CC-BY-NC,https://www.inaturalist.org/observations/199016182,https://inaturalist-open-data.s3.amazonaws.com/photos/350888571/medium.jpg,,"","",1,0,false,3,"Fort Cavazos, Copperas Cove, TX, US",31.2279833333,-97.902855,10,,,,10,,open,false,,,Wild Boar,Sus scrofa,Wild Boar,Mammalia,42134
199028638,f9d8e1f9-0332-4382-b635-0f62ccdad1fa,2024-02-11 13:07:07,2024-02-11,2024-02-11 20:07:07 +0100,Central Time (US & Canada),7764727,zachfree,Zach Freeland,2024-02-11 20:14:26 +0100,2024-02-20 16:17:30 +0100,research,,https://www.inaturalist.org/observations/199028638,https://static.inaturalist.org/photos/350911278/medium.jpeg,,"",,1,0,false,2,"Needville, TX 77461, USA",29.379805432,-95.6103973836,75,,,,75,,open,false,,,Wild Boar,Sus scrofa,Wild Boar,Mammalia,42134
199054548,5e8d0e4c-32c9-46ed-a6c2-d1902452dcf1,2024/02/11 8:39 AM,2024-02-11,2024-02-11 17:39:00 +0100,Pacific Time (US & Canada),209572,truthseqr,Anne Parsons,2024-02-12 01:12:35 +0100,2024-02-12 02:27:04 +0100,research,CC-BY-NC,https://www.inaturalist.org/observations/199054548,https://inaturalist-open-data.s3.amazonaws.com/photos/350962855/medium.jpeg,,"",Adult plus 2 juveniles.,1,0,false,,"Joseph D. Grant County Park, CA, USA",37.3399554,-121.71476293,,,,,,,open,false,,,Wild Boar,Sus scrofa,Wild Boar,Mammalia,42134
199055623,8fb83ec6-5e26-41ee-bd15-f217a543260a,2024/02/11 10:23 AM,2024-02-11,2024-02-11 19:23:00 +0100,Pacific Time (US & Canada),209572,truthseqr,Anne Parsons,2024-02-12 01:23:46 +0100,2025-01-15 00:55:22 +0100,research,CC-BY-NC,https://www.inaturalist.org/observations/199055623,https://inaturalist-open-data.s3.amazonaws.com/photos/350964398/medium.jpeg,,"boar, herd",Herd of 7 wild boars.,1,0,false,,"Joseph D. Grant County Park, CA, USA",37.3118212701,-121.70472455,,,,,,,open,false,,,Wild Boar,Sus scrofa,Wild Boar,Mammalia,42134
199065119,a2dd357d-9391-4a37-9d97-12e5b34d4e7a,2024/01/12 5:26 AM,2024-01-12,2024-01-12 12:26:00 +0100,Central Time (US & Canada),6483322,birdnerd78253,,2024-02-12 03:34:42 +0100,2024-02-12 04:36:58 +0100,research,CC-BY-NC,https://www.inaturalist.org/observations/199065119,https://inaturalist-open-data.s3.amazonaws.com/photos/350981057/medium.jpg,,"",,1,0,false,,"Texas, US",29.7158563725,-98.6077673744,,,,,29458,obscured,open,true,,,Wild Boar,Sus scrofa,Wild Boar,Mammalia,42134
199068400,a7c45466-8aa8-4a00-ba46-3e1d31461199,2024-02-11 15:08:12-08:00,2024-02-11,2024-02-12 00:08:12 +0100,Pacific Time (US & Canada),214993,raphaela_fb,Raphaela E. Floreani Buzbee,2024-02-12 04:14:30 +0100,2024-02-13 18:26:55 +0100,research,CC-BY-NC,https://www.inaturalist.org/observations/199068400,https://inaturalist-open-data.s3.amazonaws.com/photos/350992227/medium.jpg,,"","",1,0,false,3,"Joseph D. Grant County Park, Mount Hamilton, CA, US",37.3533583333,-121.72628,4,,,,4,,open,false,,,Wild Boar,Sus scrofa,Wild Boar,Mammalia,42134
199124816,9bc0e593-597d-4ab6-9b3f-bf69cbba88fa,2024-02-12 13:18:19-06:00,2024-02-12,2024-02-12 20:18:19 +0100,Central Time (US & Canada),1685626,kgkirsten,,2024-02-12 20:21:29 +0100,2025-05-23 10:36:13 +0200,research,CC-BY-NC,https://www.inaturalist.org/observations/199124816,https://inaturalist-open-data.s3.amazonaws.com/photos/351104497/medium.jpg,,"","",3,0,false,3,"Babcock Rd, San Antonio, TX, US",29.5701190868,-98.631227805,144,,,,144,,open,false,,,Domestic Pig,Sus scrofa domesticus,Domestic Pig,Mammalia,324492
199148748,c99f88e0-67e3-4479-a020-af3f058bb0f3,2024-02-12 18:03:14-05:00,2024-02-12,2024-02-13 00:03:14 +0100,Eastern Time (US & Canada),6893799,larvalfishguy,,2024-02-13 01:29:14 +0100,2024-02-18 02:05:41 +0100,research,CC-BY-NC,https://www.inaturalist.org/observations/199148748,https://inaturalist-open-data.s3.amazonaws.com/photos/351165799/medium.jpg,,"","",1,0,false,3,"S Kenansville Rd, Okeechobee, FL, US",27.6634383421,-80.8856116667,20,,,,20,,open,false,,,Wild Boar,Sus scrofa,Wild Boar,Mammalia,42134
199155156,4ddd7595-2da1-4350-a299-ce5877785db7,2024-02-12 17:54:00-05:00,2024-02-12,2024-02-12 23:54:00 +0100,Eastern Time (US & Canada),4813271,chadcba,,2024-02-13 02:54:50 +0100,2024-02-26 14:52:52 +0100,research,CC-BY-NC,https://www.inaturalist.org/observations/199155156,https://inaturalist-open-data.s3.amazonaws.com/photos/351164993/medium.jpg,,"","",2,0,false,3,"Paynes Prairie Preserve State Park, Micanopy, FL, US",29.6040760435,-82.3024704584,138,,,,138,,open,false,,,Wild Boar,Sus scrofa,Wild Boar,Mammalia,42134
199170140,818c74df-1fed-45c2-9e66-21b682c2b774,2024/02/12 11:56 PM,2024-02-12,2024-02-13 06:56:00 +0100,Central Time (US & Canada),7750261,jorge-tovar147,,2024-02-13 06:58:24 +0100,2025-05-23 10:36:16 +0200,research,CC-BY-NC,https://www.inaturalist.org/observations/199170140,https://inaturalist-open-data.s3.amazonaws.com/photos/351196282/medium.jpg,,"",Mammalia ,1,0,false,,"1 UTSA Circle, San Antonio, TX 78249, USA",29.5830733,-98.6198779,733,,,,733,,open,false,,,Eurasian Wild Pig,Sus scrofa,Wild Boar,Mammalia,42134
199229369,fea61723-48f7-4660-be30-5c84731c6ca2,2024-02-13 10:56:48,2024-02-13,2024-02-13 17:56:48 +0100,Central Time (US & Canada),2724775,georver,Norm,2024-02-13 23:28:30 +0100,2024-02-16 04:04:41 +0100,research,CC-BY-NC,https://www.inaturalist.org/observations/199229369,https://inaturalist-open-data.s3.amazonaws.com/photos/351311853/medium.jpeg,,"","3 adults, several piglets (boarlets?)",2,0,false,2,"Brownsville, TX 78520, USA",25.9917080955,-97.5669887289,197,,,,197,,open,false,gps,gps,Wild Boar,Sus scrofa,Wild Boar,Mammalia,42134
199245003,eaa71f35-e420-4f0b-9247-9bbdcd49e4d6,2024/02/07 6:07 PM,2024-02-07,2024-02-08 01:07:00 +0100,Central Time (US & Canada),586546,stevecollins,Steve Collins,2024-02-14 03:23:38 +0100,2024-02-22 00:51:22 +0100,research,CC-BY,https://www.inaturalist.org/observations/199245003,https://static.inaturalist.org/photos/351343067/medium.jpeg,,"",,1,0,false,,"Brownsville, TX, USA",25.9953566667,-97.5659716667,,,,,,,open,false,,,Wild Boar,Sus scrofa,Wild Boar,Mammalia,42134
199247692,cf81d597-86a1-48eb-95f9-d7c8429cca1e,2024-01-25,2024-01-25,,Central Time (US & Canada),6471254,mmckissack,,2024-02-14 04:12:14 +0100,2024-02-15 17:22:49 +0100,research,CC-BY-NC,https://www.inaturalist.org/observations/199247692,https://inaturalist-open-data.s3.amazonaws.com/photos/351349966/medium.jpeg,,"","",1,0,false,,Crownridge Canyon Park,29.619812,-98.628965,,,,,,,open,false,,,Wild Boar,Sus scrofa,Wild Boar,Mammalia,42134
199247798,e8dfeef2-e2ee-41ef-a277-7bb90510b1bf,2024-01-26,2024-01-26,,Central Time (US & Canada),6471254,mmckissack,,2024-02-14 04:13:42 +0100,2024-02-14 04:15:00 +0100,research,CC-BY-NC,https://www.inaturalist.org/observations/199247798,https://inaturalist-open-data.s3.amazonaws.com/photos/351350223/medium.jpeg,,"","",1,0,false,,Crownridge Canyon Park,29.619812,-98.628965,,,,,,,open,false,,,Wild Boar,Sus scrofa,Wild Boar,Mammalia,42134
199258469,a34e9e47-6d02-4212-80f2-1cb471459b16,2024/02/07 11:08 AM,2024-02-07,2024-02-07 18:08:00 +0100,Central Time (US & Canada),2577109,ginspin16,"",2024-02-14 07:51:13 +0100,2024-02-22 00:15:04 +0100,research,CC-BY-NC,https://www.inaturalist.org/observations/199258469,https://static.inaturalist.org/photos/351371625/medium.jpeg,,"",,1,0,false,,"Brownsville, TX, USA",25.9953083333,-97.565785,,,,,,,open,false,,,Wild Boar,Sus scrofa,Wild Boar,Mammalia,42134
199297587,bad1ed72-a1f7-4d1c-8c46-144b805bf0ce,2024-02-14 10:40:27-08:00,2024-02-14,2024-02-14 19:40:27 +0100,Pacific Time (US & Canada),46982,watchandsee,Laura P.,2024-02-14 19:57:01 +0100,2025-03-13 03:26:30 +0100,research,CC-BY-NC,https://www.inaturalist.org/observations/199297587,https://inaturalist-open-data.s3.amazonaws.com/photos/351448134/medium.jpg,,"","",1,0,false,3,"Crimea St, Ventura, CA, US",34.29473,-119.2788,5,,,,5,,open,false,,,Wild Boar,Sus scrofa,Wild Boar,Mammalia,42134
199323295,a9c8a3d9-c0c5-4680-a92a-499b9014ef41,2024-02-14 15:37:04-06:00,2024-02-14,2024-02-14 22:37:04 +0100,Central Time (US & Canada),4259253,tickqueen2,,2024-02-15 02:05:49 +0100,2024-02-15 02:29:37 +0100,research,CC-BY-NC,https://www.inaturalist.org/observations/199323295,https://inaturalist-open-data.s3.amazonaws.com/photos/351498190/medium.jpg,,"","",1,0,false,3,"Lake Casa Blanca, Laredo, TX, US",27.53768,-99.4485333333,4,,,,4,,open,false,,,Wild Boar,Sus scrofa,Wild Boar,Mammalia,42134
199325949,b70313d7-16fd-4f45-81d3-97f49887d67a,2024-02-14 13:57:00-06:00,2024-02-14,2024-02-14 20:57:00 +0100,Central Time (US & Canada),32993,c_h_hemphill,CH Hemphill,2024-02-15 02:53:17 +0100,2024-02-16 05:57:18 +0100,research,CC-BY-NC,https://www.inaturalist.org/observations/199325949,https://inaturalist-open-data.s3.amazonaws.com/photos/351503132/medium.jpg,,"","",1,0,false,3,"Valera, TX, US",31.6711783094,-99.5953365518,25,,,,25,,open,false,,,Wild Boar,Sus scrofa,Wild Boar,Mammalia,42134
199380943,5a527ab7-a175-4ca4-aef1-fe2cab0d641e,2024-02-15 12:11:49-06:00,2024-02-15,2024-02-15 19:11:49 +0100,Central Time (US & Canada),2527354,dboro,,2024-02-15 19:19:51 +0100,2024-02-18 02:05:07 +0100,research,CC-BY-NC,https://www.inaturalist.org/observations/199380943,https://inaturalist-open-data.s3.amazonaws.com/photos/351632019/medium.jpg,,"","",1,0,false,3,"Louisiana, US",32.7627550337,-91.7199496084,751,,,,29066,obscured,open,true,,,Wild Boar,Sus scrofa,Wild Boar,Mammalia,42134
199388417,4228bede-2feb-4af8-a7f6-4a85d4cd6385,2024-02-15 11:43:54-08:00,2024-02-15,2024-02-15 20:43:54 +0100,Pacific Time (US & Canada),838910,n9jim,,2024-02-15 20:45:46 +0100,2025-03-13 03:26:19 +0100,research,,https://www.inaturalist.org/observations/199388417,https://static.inaturalist.org/photos/351622380/medium.jpg,,"","",1,0,false,3,"Metcalf Park, San Jose, CA, US",37.23455,-121.7613133333,12,,,,12,,open,false,,,Wild Boar,Sus scrofa,Wild Boar,Mammalia,42134
199403578,ad779824-4dd2-430f-9ab3-89a3ca65baee,2024/02/14 5:27 PM,2024-02-14,2024-02-15 00:27:00 +0100,Central Time (US & Canada),363321,pufferchung,Michelle W. （鍾偉瑋）,2024-02-15 23:36:27 +0100,2024-02-18 02:16:36 +0100,research,CC-BY,https://www.inaturalist.org/observations/199403578,https://inaturalist-open-data.s3.amazonaws.com/photos/351650296/medium.jpeg,,"",,4,0,false,,"Edwards County, TX, USA",29.8760861111,-100.4053555556,,,,,,,open,false,,,Wild Boar,Sus scrofa,Wild Boar,Mammalia,42134
199403579,e1467f54-05af-497c-b1f8-c0361d31ade6,2024/02/14 5:29 PM,2024-02-14,2024-02-15 00:29:00 +0100,Central Time (US & Canada),363321,pufferchung,Michelle W. （鍾偉瑋）,2024-02-15 23:36:27 +0100,2024-02-16 17:32:47 +0100,research,CC-BY,https://www.inaturalist.org/observations/199403579,https://inaturalist-open-data.s3.amazonaws.com/photos/351650827/medium.jpeg,,"","I don't know what this one is, it looks like a dead feral pig...and I didn't want to touch it.  ",2,0,false,,"Edwards County, TX, USA",29.8763733333,-100.4054216667,,,,,,,open,false,,,Wild Boar,Sus scrofa,Wild Boar,Mammalia,42134
199465358,7c0d05f3-3d92-4a42-a2fa-82546da15c62,2024-02-16 09:38:08,2024-02-16,2024-02-16 16:38:08 +0100,Central Time (US & Canada),7140711,naturekicksass,Lisa,2024-02-16 16:43:25 +0100,2024-02-20 20:02:26 +0100,research,,https://www.inaturalist.org/observations/199465358,https://static.inaturalist.org/photos/351767882/medium.jpeg,,"",,2,0,false,2,"Webster, TX 77598, USA",29.5099627518,-95.1360550895,655,,,,655,,open,false,gps,gps,Wild Boar,Sus scrofa,Wild Boar,Mammalia,42134
199573934,8d986ec1-0be5-4afc-9d07-09a352d355be,2024-02-16 14:39:21,2024-02-16,2024-02-16 20:39:21 +0100,Eastern Time (US & Canada),216875,figaro,Janet Nelson,2024-02-17 17:39:06 +0100,2024-02-18 02:16:14 +0100,research,CC-BY-NC-ND,https://www.inaturalist.org/observations/199573934,https://inaturalist-open-data.s3.amazonaws.com/photos/351972524/medium.jpeg,,"",,2,0,false,2,"Brevard County, FL, USA",28.6680879754,-80.762097314,950,,,,950,,open,false,gps,gps,Wild Boar,Sus scrofa,Wild Boar,Mammalia,42134
199609907,26d33dbb-72e6-44c5-8e78-f633bb471587,2024-02-17 14:06:59-06:00,2024-02-17,2024-02-17 21:06:59 +0100,Central Time (US & Canada),7289180,austiinfrankliin,,2024-02-17 23:39:40 +0100,2025-05-21 07:04:43 +0200,research,CC-BY-NC,https://www.inaturalist.org/observations/199609907,https://inaturalist-open-data.s3.amazonaws.com/photos/352041220/medium.jpg,,"","",2,0,false,3,"Oklahoma, US",35.7573348695,-94.8185735974,116,,,,28649,obscured,open,true,,,Wild Boar,Sus scrofa,Wild Boar,Mammalia,42134
199622194,c511e7c3-db12-4aa5-b446-c7824bae26aa,2024/02/15 1:36 PM,2024-02-15,2024-02-15 20:36:00 +0100,Central Time (US & Canada),18812,mako252,Jon McIntyre,2024-02-18 01:53:13 +0100,2024-02-23 20:24:52 +0100,research,CC-BY-NC,https://www.inaturalist.org/observations/199622194,https://inaturalist-open-data.s3.amazonaws.com/photos/352064198/medium.jpeg,,"",,4,0,false,,"Brownsville, TX, USA",25.9948624323,-97.5656736386,4,,,,4,,open,false,,,Wild Boar,Sus scrofa,Wild Boar,Mammalia,42134
199658123,89e15db0-842e-4224-9b82-da2326531ab3,2024-02-17 16:04:00-06:00,2024-02-17,2024-02-17 23:04:00 +0100,Central Time (US & Canada),32993,c_h_hemphill,CH Hemphill,2024-02-18 11:29:16 +0100,2024-02-18 18:04:31 +0100,research,CC-BY-NC,https://www.inaturalist.org/observations/199658123,https://inaturalist-open-data.s3.amazonaws.com/photos/352137728/medium.jpg,,"","",2,0,false,3,"Valera, TX, US",31.6711761787,-99.5953234642,25,,,,25,,open,false,,,Wild Boar,Sus scrofa,Wild Boar,Mammalia,42134
199741609,5a70b1ba-58b9-4f55-abd2-431af5149753,2024-02-17 20:57:44,2024-02-17,2024-02-18 03:57:44 +0100,Central Time (US & Canada),175524,hydrophilus,Eric C. Maxwell,2024-02-19 01:50:16 +0100,2024-02-23 20:26:16 +0100,research,CC-BY-NC-ND,https://www.inaturalist.org/observations/199741609,https://inaturalist-open-data.s3.amazonaws.com/photos/352296163/medium.jpeg,,"",,2,0,false,2,"Mississippi, US",30.4680638972,-88.7259356437,,,,,29356,obscured,open,true,gps,gps,Wild Boar,Sus scrofa,Wild Boar,Mammalia,42134
199765048,dacd0221-2cfa-43a1-b50d-afd0b9e67e0b,2024-01-27 05:54:37-06:00,2024-01-27,2024-01-27 12:54:37 +0100,Central Time (US & Canada),2322112,backyard_conservancy,John Tharp,2024-02-19 07:22:17 +0100,2024-02-19 07:42:53 +0100,research,,https://www.inaturalist.org/observations/199765048,https://static.inaturalist.org/photos/352344220/medium.jpg,,"",Found deceased stuck in cable ties in creek. Who know’s what on earth happened here ,1,0,false,3,"Sam Houston National Forest, New Waverly, TX, US",30.5234941757,-95.6133745012,25,,,,25,,open,false,,,Wild Boar,Sus scrofa,Wild Boar,Mammalia,42134
199805806,a50c6e50-862e-4a11-b944-78042ae88f07,2024/02/17 6:24 PM,2024-02-17,2024-02-18 01:24:00 +0100,Central Time (US & Canada),1595749,jcochran706,Jack Cochran,2024-02-19 17:28:50 +0100,2024-02-20 18:55:02 +0100,research,CC-BY-NC,https://www.inaturalist.org/observations/199805806,https://inaturalist-open-data.s3.amazonaws.com/photos/352409735/medium.jpeg,,crpj,Juniper path off creek.,2,0,false,,"Texas, US",30.8353140546,-97.6257305183,4,,,,29304,obscured,open,true,,,Wild Boar,Sus scrofa,Wild Boar,Mammalia,42134
199825036,f2b94c9f-ce3a-4111-8dcb-199f07496a96,2024-02-19 13:54:39,2024-02-19,2024-02-19 20:54:39 +0100,Central Time (US & Canada),7140711,naturekicksass,Lisa,2024-02-19 20:55:36 +0100,2024-02-19 22:30:18 +0100,research,,https://www.inaturalist.org/observations/199825036,https://static.inaturalist.org/photos/352446345/medium.jpeg,,"",,1,0,false,2,"Webster, TX 77598, USA",29.5099627518,-95.1360550895,655,,,,655,,open,false,gps,gps,Wild Boar,Sus scrofa,Wild Boar,Mammalia,42134
199872253,05c56741-2d37-4ca1-8298-14bb5dc93a75,2024-02-19 23:29:37-06:00,2024-02-19,2024-02-20 06:29:37 +0100,Central Time (US & Canada),7738974,laescobar82,L E,2024-02-20 07:18:31 +0100,2025-05-23 10:36:30 +0200,research,,https://www.inaturalist.org/observations/199872253,https://static.inaturalist.org/photos/352539006/medium.jpg,,"","",2,0,false,3,"FM-755, Santa Elena, TX, US",26.7600544,-98.4864057,31,,,,31,,open,false,,,Domestic Pig,Sus scrofa domesticus,Domestic Pig,Mammalia,324492
199912565,a7855434-a2c8-4f2d-b862-a6c3cbab997e,2024/02/10 1:16 AM,2024-02-10,2024-02-10 08:16:00 +0100,Central Time (US & Canada),5898445,janeweeden,Jane Weeden,2024-02-20 18:45:19 +0100,2025-05-23 13:49:36 +0200,research,CC-BY,https://www.inaturalist.org/observations/199912565,https://inaturalist-open-data.s3.amazonaws.com/photos/352614477/medium.jpeg,,"",,2,0,false,,GameCam Crownridge,29.6187634198,-98.6270377358,4,,,,4,,open,false,,,Wild Boar,Sus scrofa,Wild Boar,Mammalia,42134
199912568,2e6e280f-327b-4a3f-b009-72ead7d4f201,2024/02/11 10:21 PM,2024-02-11,2024-02-12 05:21:00 +0100,Central Time (US & Canada),5898445,janeweeden,Jane Weeden,2024-02-20 18:45:19 +0100,2025-05-23 13:49:39 +0200,research,CC-BY,https://www.inaturalist.org/observations/199912568,https://inaturalist-open-data.s3.amazonaws.com/photos/352614479/medium.jpeg,,"",,3,0,false,,GameCam Crownridge,29.6187634198,-98.6270377358,4,,,,4,,open,false,,,Wild Boar,Sus scrofa,Wild Boar,Mammalia,42134
199912574,3033e0dd-1f86-4839-b4c0-89f291c2395b,2024/02/15 2:06 AM,2024-02-15,2024-02-15 09:06:00 +0100,Central Time (US & Canada),5898445,janeweeden,Jane Weeden,2024-02-20 18:45:20 +0100,2025-05-23 13:49:39 +0200,research,CC-BY,https://www.inaturalist.org/observations/199912574,https://inaturalist-open-data.s3.amazonaws.com/photos/352614484/medium.jpeg,,"",,3,0,false,,GameCam Crownridge,29.6187634198,-98.6270377358,4,,,,4,,open,false,,,Wild Boar,Sus scrofa,Wild Boar,Mammalia,42134
199930342,ff623d15-eab3-43c2-b659-e667e207d169,2024/01/24 4:17 PM,2024-01-24,2024-01-24 23:17:00 +0100,Central Time (US & Canada),2333518,kiglesia,Kim A Iglesia,2024-02-20 22:00:31 +0100,2024-02-20 23:29:55 +0100,research,CC-BY-NC-ND,https://www.inaturalist.org/observations/199930342,https://inaturalist-open-data.s3.amazonaws.com/photos/352645581/medium.jpg,,"",,1,0,false,,"Briscoe County, TX, USA",34.419464445,-101.0596211117,,,,,,,open,false,,,Wild Boar,Sus scrofa,Wild Boar,Mammalia,42134
199966857,ab25cf4c-3747-46e0-8e5b-67562e339a1c,2024/02/17 1:44 PM,2024-02-17,2024-02-17 19:44:00 +0100,America/Nassau,6539239,jonpleizier,Jon Pleizier,2024-02-21 06:45:29 +0100,2025-05-23 10:36:37 +0200,research,CC-BY-NC,https://www.inaturalist.org/observations/199966857,https://inaturalist-open-data.s3.amazonaws.com/photos/352715568/medium.jpeg,,"",,1,0,false,,"New Providence, BS",25.0793649645,-77.2726068153,15,,,,15,,open,false,,,Domestic Pig,Sus scrofa domesticus,Domestic Pig,Mammalia,324492
200062357,82c0da8a-2995-4d01-826c-b30c85ab8d74,2024/02/21 1:28 PM,2024-02-21,2024-02-21 20:28:00 +0100,Central Time (US & Canada),2053828,hmcook,"",2024-02-22 05:46:58 +0100,2025-05-23 10:36:39 +0200,research,CC-BY-NC,https://www.inaturalist.org/observations/200062357,https://inaturalist-open-data.s3.amazonaws.com/photos/352901392/medium.jpg,,"",,2,0,false,,"Aransas National Wildlife Refuge, 1 Wildlife Cir, Austwell, TX 77950, USA",28.2445239,-96.8565588,168,,,,168,,open,false,,,Eurasian Wild Pig,Sus scrofa,Wild Boar,Mammalia,42134
200133701,6dcbe7fd-91a8-4085-acf4-35573a892c17,2024-02-22 17:31:45-06:00,2024-02-22,2024-02-23 00:31:45 +0100,Central Time (US & Canada),5594084,elaineross,Elaine Ross,2024-02-23 00:52:03 +0100,2024-02-23 03:32:57 +0100,research,CC-BY-NC,https://www.inaturalist.org/observations/200133701,https://inaturalist-open-data.s3.amazonaws.com/photos/353040283/medium.jpg,,"","",1,0,false,3,"Damon, TX, US",29.3179533333,-95.6632,14,,,,14,,open,false,,,Wild Boar,Sus scrofa,Wild Boar,Mammalia,42134
200140693,2927f1b2-8fce-4ba8-8a32-1d104c1775d6,2024/02/22 11:13 AM,2024-02-22,2024-02-22 18:13:00 +0100,Central Time (US & Canada),875456,mcferny,Lauren McLaurin,2024-02-23 02:17:43 +0100,2024-02-23 04:49:47 +0100,research,CC-BY,https://www.inaturalist.org/observations/200140693,https://inaturalist-open-data.s3.amazonaws.com/photos/353053386/medium.jpeg,,"",,2,0,false,,"Brownsville, TX, USA",25.9953561799,-97.56587243,,,,,,,open,false,,,Wild Boar,Sus scrofa,Wild Boar,Mammalia,42134
200143755,1f1d6c9e-8032-42ac-92fb-4494487349d1,2024-02-22 17:44:21-05:00,2024-02-22,2024-02-22 23:44:21 +0100,Eastern Time (US & Canada),6967262,sam_k_lowe,Samantha Lowe,2024-02-23 02:52:38 +0100,2024-06-03 17:17:20 +0200,research,CC-BY-NC,https://www.inaturalist.org/observations/200143755,https://inaturalist-open-data.s3.amazonaws.com/photos/353058916/medium.jpg,,"",Terrible picture but there were about 20 of them with piglets!,1,0,false,3,"Paynes Prairie Preserve State Park, Micanopy, FL, US",29.5656333333,-82.3190783333,4,,,,4,,open,false,,,Wild Boar,Sus scrofa,Wild Boar,Mammalia,42134
200156073,6fb862ef-e4d5-4849-8c76-20a1b92560a8,2024/02/17 9:21 PM,2024-02-17,2024-02-18 04:21:00 +0100,Central Time (US & Canada),17627,rlseman,Lynn Seman,2024-02-23 06:20:43 +0100,2024-08-30 22:42:41 +0200,research,CC-BY-NC,https://www.inaturalist.org/observations/200156073,https://inaturalist-open-data.s3.amazonaws.com/photos/353083770/medium.jpeg,,"",,1,0,false,,"Foard County, TX, USA",33.985939771,-99.9560158004,165,,,,165,,open,false,,,Wild Boar,Sus scrofa,Wild Boar,Mammalia,42134
200156132,cb4bbf2f-3e21-4b0f-ba67-7b08aabbffae,2024/02/22 2:33 PM,2024-02-22,2024-02-22 20:33:00 +0100,Eastern Time (US & Canada),7487540,merkertgrace,Grace Merkert,2024-02-23 06:22:27 +0100,2025-05-23 10:36:42 +0200,research,CC-BY-NC,https://www.inaturalist.org/observations/200156132,https://inaturalist-open-data.s3.amazonaws.com/photos/353084673/medium.jpeg,,"",,2,0,false,,congaree boardwalk,33.8259874541,-80.8218717462,573,,,,573,,open,false,,,Domestic Pig,Sus scrofa domesticus,Domestic Pig,Mammalia,324492
200185277,aec4d101-ec59-4914-88fb-e1e397da2870,2024-02-23 09:48:52-05:00,2024-02-23,2024-02-23 15:48:52 +0100,Eastern Time (US & Canada),6103949,lithuanianamerican,LithuanianAmerican,2024-02-23 15:51:43 +0100,2024-03-01 17:49:57 +0100,research,CC-BY-NC,https://www.inaturalist.org/observations/200185277,https://inaturalist-open-data.s3.amazonaws.com/photos/353140916/medium.jpg,,"","",1,0,false,3,"Clewiston, FL, US",26.7244622915,-80.9605874293,319,,,,319,,open,false,,,Wild Boar,Sus scrofa,Wild Boar,Mammalia,42134
200205835,35e6a667-05f9-4a73-8cda-a6a43f579200,2024-02-23 14:19:05-05:00,2024-02-23,2024-02-23 20:19:05 +0100,Eastern Time (US & Canada),3206499,ggivens,,2024-02-23 20:21:29 +0100,2024-02-23 22:11:57 +0100,research,CC-BY-NC,https://www.inaturalist.org/observations/200205835,https://inaturalist-open-data.s3.amazonaws.com/photos/353181109/medium.jpg,,"","",1,0,false,3,"Canaveral National Seashore, Titusville, FL, US",28.67508,-80.7626333333,4,,,,4,,open,false,,,Wild Boar,Sus scrofa,Wild Boar,Mammalia,42134
200231580,e116d773-a0b5-47b6-9da9-f110fded2a5d,2024-02-23 11:43:42,2024-02-23,2024-02-23 18:43:42 +0100,Central Time (US & Canada),96637,wildlife_of_texas,David Gerber,2024-02-24 01:49:53 +0100,2024-02-24 03:45:56 +0100,research,CC-BY-NC,https://www.inaturalist.org/observations/200231580,https://inaturalist-open-data.s3.amazonaws.com/photos/353231177/medium.jpeg,,"",,1,0,false,2,"Seagoville, TX 75159, USA",32.6135981052,-96.500948444,214,,,,214,,open,false,gps,gps,Wild Boar,Sus scrofa,Wild Boar,Mammalia,42134
200248149,2c129b9d-cfed-43b0-9556-cbcd573fcb60,2024-02-19 08:06:42,2024-02-19,2024-02-19 14:06:42 +0100,Eastern Time (US & Canada),4134556,lmcconachie,LeslieMc,2024-02-24 05:57:20 +0100,2024-02-24 06:08:36 +0100,research,CC-BY-NC,https://www.inaturalist.org/observations/200248149,https://inaturalist-open-data.s3.amazonaws.com/photos/353265804/medium.jpeg,,"",,2,0,false,2,"Avon Park, FL 33825, USA",27.7164484,-81.3866198997,,,,,,,open,false,gps,gps,Wild Boar,Sus scrofa,Wild Boar,Mammalia,42134
200299895,65060687-867e-42c7-87a8-3c82498cb404,2024-02-16 12:07:39-08:00,2024-02-16,2024-02-16 21:07:39 +0100,Pacific Time (US & Canada),794497,bobbyk,Bobby Kamansky,2024-02-24 19:17:46 +0100,2025-03-13 03:26:05 +0100,research,,https://www.inaturalist.org/observations/200299895,https://static.inaturalist.org/photos/353371020/medium.jpg,,"","",1,0,false,3,"Avenal, CA, US",35.8570215341,-120.2300222666,25712,,,,25712,,open,false,,,Wild Boar,Sus scrofa,Wild Boar,Mammalia,42134
200317841,92f05008-a12c-4c27-912a-861584e9ca92,2024-02-24 11:02:38,2024-02-24,2024-02-24 18:02:38 +0100,Central Time (US & Canada),96637,wildlife_of_texas,David Gerber,2024-02-24 21:58:38 +0100,2024-04-08 04:42:19 +0200,research,CC-BY-NC,https://www.inaturalist.org/observations/200317841,https://inaturalist-open-data.s3.amazonaws.com/photos/353398510/medium.jpeg,,"",,1,0,false,2,"Seagoville, TX 75159, USA",32.6135981052,-96.500948444,214,,,,214,,open,false,gps,gps,Wild Boar,Sus scrofa,Wild Boar,Mammalia,42134
200336678,71627ee0-81b4-4556-ab8d-76d6f8b9184e,2024-02-24 09:34:52-06:00,2024-02-24,2024-02-24 16:34:52 +0100,Central Time (US & Canada),2434531,chrisbick,Chris,2024-02-25 00:58:08 +0100,2024-05-07 13:35:39 +0200,research,CC-BY-NC,https://www.inaturalist.org/observations/200336678,https://inaturalist-open-data.s3.amazonaws.com/photos/353434966/medium.jpg,,"","",1,0,false,3,"La Marque, TX, US",29.3834205987,-95.0386023616,684,,,,684,,open,false,,,Wild Boar,Sus scrofa,Wild Boar,Mammalia,42134
200336779,0ae7f000-3b28-4170-abe3-5e76465c42a4,2024-02-23 12:48:01-06:00,2024-02-23,2024-02-23 19:48:01 +0100,Central Time (US & Canada),4901345,acjci,Turner Brockman,2024-02-25 00:59:12 +0100,2024-12-18 21:24:39 +0100,research,CC-BY-SA,https://www.inaturalist.org/observations/200336779,https://inaturalist-open-data.s3.amazonaws.com/photos/353435221/medium.jpg,,"","",1,0,false,3,"Palmetto State Park, Gonzales, TX, US",29.5910248647,-97.5838944666,823,,,,823,,open,false,,,Eurasian Wild Pig,Sus scrofa,Wild Boar,Mammalia,42134
200337035,dbc26a81-365a-46e9-a9e5-ef3755e15857,2024/02/24 8:24 AM,2024-02-24,2024-02-24 15:24:00 +0100,Central Time (US & Canada),582536,texaskingbird,Bill Wright,2024-02-25 01:00:57 +0100,2024-02-25 01:58:55 +0100,research,CC-BY-NC,https://www.inaturalist.org/observations/200337035,https://inaturalist-open-data.s3.amazonaws.com/photos/353433433/medium.jpg,,"",,1,0,false,,"JBH Found Burr Ranches, Wharton County, TX, USA",29.3673572677,-95.9857841512,499,,,,499,,open,false,,,Wild Boar,Sus scrofa,Wild Boar,Mammalia,42134
200343853,1f2de42e-c6eb-4f06-9cca-2f0873e0bc4b,2024/02/09 1:50 AM,2024-02-09,2024-02-09 08:50:00 +0100,Central Time (US & Canada),5982438,kwood1,KWood,2024-02-25 02:21:06 +0100,2024-02-26 02:04:56 +0100,research,CC-BY-NC,https://www.inaturalist.org/observations/200343853,https://inaturalist-open-data.s3.amazonaws.com/photos/353449475/medium.jpeg,,"",Camera was bumped knocking its field of view downward. Blame it on  hogs! ,1,0,false,,"Texas, US",29.7349653526,-98.6455456036,2,,,,29458,obscured,open,true,,,Wild Boar,Sus scrofa,Wild Boar,Mammalia,42134
200361763,bf198287-73e6-42ab-bd81-4bea5a2a0e7e,2024-02-24 11:13:27-06:00,2024-02-24,2024-02-24 18:13:27 +0100,Central Time (US & Canada),231709,thunefeld,W. Terry Hunefeld,2024-02-25 06:07:55 +0100,2025-09-02 22:18:20 +0200,research,CC-BY-NC,https://www.inaturalist.org/observations/200361763,https://inaturalist-open-data.s3.amazonaws.com/photos/353487222/medium.jpg,,"",Scat,1,0,false,3,"Monahans Sandhills State Park, Monahans, TX, US",31.6380605682,-102.8262743558,2,,,,2,,open,false,,,Eurasian Wild Pig,Sus scrofa,Wild Boar,Mammalia,42134
200361779,6f62cb9e-3fba-4914-9d1c-8c6d2ef2b290,2024-02-24 11:15:12-06:00,2024-02-24,2024-02-24 18:15:12 +0100,Central Time (US & Canada),231709,thunefeld,W. Terry Hunefeld,2024-02-25 06:08:18 +0100,2025-09-02 22:19:29 +0200,research,CC-BY-NC,https://www.inaturalist.org/observations/200361779,https://inaturalist-open-data.s3.amazonaws.com/photos/353487275/medium.jpg,,"",Scat,2,0,false,3,"Monahans Sandhills State Park, Monahans, TX, US",31.638144738,-102.8262798593,1402,,,,1402,,open,false,,,Eurasian Wild Pig,Sus scrofa,Wild Boar,Mammalia,42134
200362118,f2e3e4c6-61ef-4757-b59a-4c742d18ffa3,2024-02-24 12:06:41-06:00,2024-02-24,2024-02-24 19:06:41 +0100,Central Time (US & Canada),231709,thunefeld,W. Terry Hunefeld,2024-02-25 06:13:26 +0100,2024-02-25 08:45:14 +0100,research,CC-BY-NC,https://www.inaturalist.org/observations/200362118,https://inaturalist-open-data.s3.amazonaws.com/photos/353488098/medium.jpg,,"",Browse ,1,0,false,3,"Monahans, TX, US",31.6437166667,-102.8306116667,11,,,,11,,open,false,,,Wild Boar,Sus scrofa,Wild Boar,Mammalia,42134
200387939,33a25cba-1cd0-48fc-a6e6-861c4ceddf72,2024/02/21 4:20 PM,2024-02-21,2024-02-21 23:20:00 +0100,Central Time (US & Canada),739058,hallnatec,Nathan Hall,2024-02-25 13:54:47 +0100,2024-02-28 05:45:21 +0100,research,CC-BY-NC-SA,https://www.inaturalist.org/observations/200387939,https://inaturalist-open-data.s3.amazonaws.com/photos/353537785/medium.jpeg,,"",,1,0,false,,"Resaca De La Palma State Park, 1000 New Carmen Ave, Brownsville, TX 78521, USA",25.9968,-97.571626,196,,,,196,,open,false,,,Wild Boar,Sus scrofa,Wild Boar,Mammalia,42134
200415182,7682e661-d796-4d17-bd51-180fd00450ed,2024-02-25 12:39:44,2024-02-25,2024-02-25 18:39:44 +0100,Eastern Time (US & Canada),622153,huskytown,Nick Hudak,2024-02-25 18:41:12 +0100,2024-02-26 00:52:43 +0100,research,,https://www.inaturalist.org/observations/200415182,https://static.inaturalist.org/photos/353592704/medium.jpeg,,"",,1,0,false,2,"Sanford, FL 32771, USA",28.8596861111,-81.3543444444,,,,,,,open,false,gps,gps,Wild Boar,Sus scrofa,Wild Boar,Mammalia,42134
200452534,ae56375a-51bb-44fa-844f-29f843d32364,2024/02/23 4:37 PM,2024-02-23,2024-02-23 22:37:00 +0100,Eastern Time (US & Canada),7723627,myn_williams,Myn,2024-02-25 23:55:12 +0100,2024-02-26 01:23:19 +0100,research,CC-BY-NC,https://www.inaturalist.org/observations/200452534,https://inaturalist-open-data.s3.amazonaws.com/photos/353657320/medium.jpeg,,"","",1,0,false,,"Highlands County, FL, USA",27.1760329028,-81.3529459006,152,,,,152,,open,false,,,Wild Boar,Sus scrofa,Wild Boar,Mammalia,42134
200463194,c96a682a-cc4e-4607-a50c-47c96dd4534e,2024/02/25 8:30 AM,2024-02-25,2024-02-25 17:30:00 +0100,Pacific Time (US & Canada),209572,truthseqr,Anne Parsons,2024-02-26 01:40:43 +0100,2024-02-26 01:46:08 +0100,research,CC-BY-NC,https://www.inaturalist.org/observations/200463194,https://inaturalist-open-data.s3.amazonaws.com/photos/353681661/medium.jpeg,,"",Large female,1,0,false,,"Joseph D. Grant County Park, CA, USA",37.33761531,-121.7128115,,,,,,,open,false,,,Wild Boar,Sus scrofa,Wild Boar,Mammalia,42134
200473599,d2e5b1ef-2083-4abe-a3a1-3c806061d65c,2024/02/14 10:27 AM,2024-02-14,2024-02-14 17:27:00 +0100,Central Time (US & Canada),2703723,danthenoviceobserver,Daniel Lemons,2024-02-26 03:28:29 +0100,2024-02-27 22:53:10 +0100,research,CC-BY-NC,https://www.inaturalist.org/observations/200473599,https://inaturalist-open-data.s3.amazonaws.com/photos/353705283/medium.jpeg,,"",,3,0,false,,"Cooke County, TX, USA",33.4510722222,-97.0093,15,,,,15,,open,false,,,Wild Boar,Sus scrofa,Wild Boar,Mammalia,42134
200477579,145d2a8d-740a-4483-ad26-5fe1a2cc41cd,2024-02-08,2024-02-08,,Pacific Time (US & Canada),1477370,kdff,Karlyn H. Lewis,2024-02-26 04:09:00 +0100,2024-11-06 12:04:05 +0100,research,CC-BY-NC,https://www.inaturalist.org/observations/200477579,https://inaturalist-open-data.s3.amazonaws.com/photos/353714563/medium.jpg,,"","There has been an ongoing problem with feral pigs in Suisun Marsh, where Rush Ranch is located. The first photo shows a Northern California Black Walnut tree (*Juglans hindsii*) that has had the ground around it completely rooted up by the pigs. Photos 4-5 show where a trail has been worn down between the tree and the marshy areas.",1,0,false,,"Rush Ranch Open Space, Solano County, California",38.207616,-122.029878,27,,,,27,,open,false,,,Wild Boar,Sus scrofa,Wild Boar,Mammalia,42134
200561928,beb29d64-8629-408a-9e49-fa90bf596621,2024/02/25 6:08 PM,2024-02-25,2024-02-26 03:08:00 +0100,Pacific Time (US & Canada),583493,tothemax,Max Roberts,2024-02-26 23:51:09 +0100,2024-03-18 16:17:02 +0100,research,CC-BY-NC,https://www.inaturalist.org/observations/200561928,https://inaturalist-open-data.s3.amazonaws.com/photos/353867507/medium.jpg,,"","Herd foraging about a hundred yards away. Chimineas Ranch, accessed with permission from CDFW.",1,0,false,,"San Luis Obispo County, US-CA, US",35.0057197694,-119.8076074566,61,,,,28734,obscured,open,true,,"",Wild Boar,Sus scrofa,Wild Boar,Mammalia,42134
200561929,35975a54-8e7b-4e38-97ec-f9d127c685ca,2024/02/25 6:12 PM,2024-02-25,2024-02-26 03:12:00 +0100,Pacific Time (US & Canada),583493,tothemax,Max Roberts,2024-02-26 23:51:09 +0100,2024-03-18 16:17:02 +0100,research,CC-BY-NC,https://www.inaturalist.org/observations/200561929,https://inaturalist-open-data.s3.amazonaws.com/photos/353867503/medium.jpg,,"","Large individual trotting off in the distance. Chimineas Ranch, accessed with permission from CDFW.",1,0,false,,"San Luis Obispo County, US-CA, US",35.0445051769,-119.8789703944,61,,,,28734,obscured,open,true,,"",Wild Boar,Sus scrofa,Wild Boar,Mammalia,42134
200568014,5c257cd3-154a-4612-9309-65129d6d7dd2,2024/02/21 4:23 PM,2024-02-21,2024-02-21 23:23:00 +0100,Central Time (US & Canada),26296,connlindajo,Linda Jo Conn,2024-02-27 01:06:53 +0100,2025-08-15 20:37:24 +0200,research,CC-BY,https://www.inaturalist.org/observations/200568014,https://inaturalist-open-data.s3.amazonaws.com/photos/353889516/medium.jpeg,,"","Observations on the Butterfly Willows Trail. 
Sign of wild boar: Track and tufts of hair. ",1,0,false,,"Anahuac NWR. Chambers County, TX, USA",29.614453991,-94.5374902626,15,,,,15,,open,false,,,Wild Boar,Sus scrofa,Wild Boar,Mammalia,42134
200582913,91be19a1-e131-460c-be1a-c059b2de4f86,2024-02-16 00:27:00-06:00,2024-02-16,2024-02-16 07:27:00 +0100,Central Time (US & Canada),7827299,sofiablevins,,2024-02-27 04:42:10 +0100,2025-05-23 10:36:51 +0200,research,CC-BY-NC,https://www.inaturalist.org/observations/200582913,https://inaturalist-open-data.s3.amazonaws.com/photos/353921721/medium.jpg,,"",Pig,4,0,false,3,"City View Rd, McGregor, TX, US",31.4507616936,-97.4339561,281,,,,281,,open,false,,,Domestic Pig,Sus scrofa domesticus,Domestic Pig,Mammalia,324492
200610367,d72fb2a4-cf15-43cf-825a-9508b4efe4ef,2024-02-27 02:09:00-06:00,2024-02-27,2024-02-27 09:09:00 +0100,Central Time (US & Canada),32993,c_h_hemphill,CH Hemphill,2024-02-27 13:27:42 +0100,2024-03-03 00:06:12 +0100,research,CC-BY-NC,https://www.inaturalist.org/observations/200610367,https://inaturalist-open-data.s3.amazonaws.com/photos/353974020/medium.jpg,,"","",3,0,false,3,"Valera, TX, US",31.6712176156,-99.5953410736,33,,,,33,,open,false,,,Wild Boar,Sus scrofa,Wild Boar,Mammalia,42134
200633007,4dd216ee-da8c-43db-b7ee-4b405ff4dd45,2024/02/21 4:44 PM,2024-02-21,2024-02-21 23:44:00 +0100,Central Time (US & Canada),26296,connlindajo,Linda Jo Conn,2024-02-27 18:13:57 +0100,2024-11-16 17:19:35 +0100,research,CC-BY,https://www.inaturalist.org/observations/200633007,https://inaturalist-open-data.s3.amazonaws.com/photos/354011394/medium.jpeg,,"","Observed along the Butterfly Willows Trail. 
Sign of wild hog.",1,0,false,,"Anahuac NWR, Chambers County, TX, USA",29.61445,-94.53474,10,,,,10,,open,false,,,Wild Boar,Sus scrofa,Wild Boar,Mammalia,42134
200648168,42133782-1df7-4876-b9a2-b7a30fac249b,2024-02-27 14:53:12-05:00,2024-02-27,2024-02-27 20:53:12 +0100,Eastern Time (US & Canada),1867527,hobofreeman,HoboFreeman710,2024-02-27 20:54:33 +0100,2024-02-28 04:05:18 +0100,research,CC-BY-NC,https://www.inaturalist.org/observations/200648168,https://inaturalist-open-data.s3.amazonaws.com/photos/354043538/medium.jpg,,"","",1,0,false,3,"Howardsville Tpke, Stuarts Draft, VA, US",38.0012538667,-78.9961104,5,,,,5,,open,false,,,Wild Boar,Sus scrofa,Wild Boar,Mammalia,42134
200688719,12be8dbf-0226-48c1-a179-46f5ff2b00b4,2024-02-27 11:17:50-06:00,2024-02-27,2024-02-27 18:17:50 +0100,Central Time (US & Canada),2758661,lindalittle6322,Linda Little,2024-02-28 05:18:47 +0100,2024-02-28 22:41:18 +0100,research,CC-BY-NC,https://www.inaturalist.org/observations/200688719,https://inaturalist-open-data.s3.amazonaws.com/photos/354124621/medium.jpg,,"","",1,0,false,3,"Fort Worth Nature Center & Refuge, Fort Worth, TX, US",32.843773827,-97.4745304722,72,,,,72,,open,false,,,Wild Boar,Sus scrofa,Wild Boar,Mammalia,42134
200730775,d36bba66-fef9-4c95-be5a-59472ee4a079,2024/02/17 10:06 AM,2024-02-17,2024-02-17 17:06:00 +0100,Central Time (US & Canada),6847260,anisaricc,Anisa Riccardelli,2024-02-28 17:38:59 +0100,2024-02-28 17:53:54 +0100,research,CC-BY-NC,https://www.inaturalist.org/observations/200730775,https://inaturalist-open-data.s3.amazonaws.com/photos/354202010/medium.jpeg,,"","",1,0,false,,"Southside, San Antonio, TX, USA",29.3001649694,-98.4957338505,555,,,,555,,open,false,,,Wild Boar,Sus scrofa,Wild Boar,Mammalia,42134
200756047,8d50e014-f0e9-420c-8e8f-a637b6ee7fae,2024/02/13 11:53 AM,2024-02-13,2024-02-13 17:53:00 +0100,Eastern Time (US & Canada),7083234,jeffreyallar,Jeffrey Allar,2024-02-28 22:22:17 +0100,2025-10-10 13:43:46 +0200,research,,https://www.inaturalist.org/observations/200756047,https://static.inaturalist.org/photos/354253334/medium.jpg,,"",,2,0,false,,"Silver Springs River Run, FL, USA",29.2094263609,-82.034610992,15,,,,15,,open,false,,,Wild Boar,Sus scrofa,Wild Boar,Mammalia,42134
200766827,66ee4c1f-ff75-4f5f-9fec-2be911fa9d8b,2024-02-28 11:55:38-06:00,2024-02-28,2024-02-28 18:55:38 +0100,Central Time (US & Canada),232439,harrier,"",2024-02-29 00:24:53 +0100,2024-02-29 04:28:38 +0100,research,CC-BY,https://www.inaturalist.org/observations/200766827,https://inaturalist-open-data.s3.amazonaws.com/photos/354275132/medium.jpg,,"","",1,0,false,3,"Felsenthal National Wildlife Refuge, Crossett, AR, US",33.1430692814,-92.0918622625,279,,,,279,,open,false,,,Wild Boar,Sus scrofa,Wild Boar,Mammalia,42134
200830397,fd474bc0-3420-4fb7-b995-0d908fd0a870,2024-02-29 11:33:45-06:00,2024-02-29,2024-02-29 18:33:45 +0100,Central Time (US & Canada),7774268,barnguy,,2024-02-29 18:34:11 +0100,2024-02-29 19:26:03 +0100,research,CC-BY-NC,https://www.inaturalist.org/observations/200830397,https://inaturalist-open-data.s3.amazonaws.com/photos/354399877/medium.jpg,,"","",1,0,false,3,"Pleasanton, TX, US",28.9714094019,-98.4564863519,7,,,,7,,open,false,,,Wild Boar,Sus scrofa,Wild Boar,Mammalia,42134
200861914,e7da1eeb-214f-46c0-a85c-78c09ee74d21,2024/02/25 10:25 AM,2024-02-25,2024-02-25 17:25:00 +0100,Central Time (US & Canada),1595749,jcochran706,Jack Cochran,2024-03-01 01:03:21 +0100,2024-03-01 03:40:10 +0100,research,CC-BY-NC,https://www.inaturalist.org/observations/200861914,https://inaturalist-open-data.s3.amazonaws.com/photos/354462842/medium.jpeg,,CRPR,,1,0,false,,"Texas, US",30.8148242658,-97.6273231502,3,,,,29304,obscured,open,true,,,Wild Boar,Sus scrofa,Wild Boar,Mammalia,42134
200863880,0e8c39bd-18dd-4f88-b2cd-2e4b4dc4bcac,2024-02-29 18:34:50-05:00,2024-02-29,2024-03-01 00:34:50 +0100,Eastern Time (US & Canada),6592598,kellyobear,Kelly Bearhs,2024-03-01 01:34:53 +0100,2024-03-01 04:54:07 +0100,research,CC-BY-NC,https://www.inaturalist.org/observations/200863880,https://inaturalist-open-data.s3.amazonaws.com/photos/354466922/medium.jpg,,"","possibly a mom and younger boar. at least 10 could be more as they were coming out onto the trail and we decided to turn around. the younger ones seemed to be playing, making lots of noises",2,0,false,3,"Paynes Prairie Preserve State Park, Micanopy, FL, US",29.5641383333,-82.3195283333,4,,,,4,,open,false,,,Wild Boar,Sus scrofa,Wild Boar,Mammalia,42134
200865139,94d44801-9a72-4a10-a9fa-2a4cb077b5f9,2024-02-29 13:46:47-05:00,2024-02-29,2024-02-29 19:46:47 +0100,Eastern Time (US & Canada),5379995,tiasilvasy,,2024-03-01 01:55:28 +0100,2025-06-06 05:37:34 +0200,research,CC-BY-NC,https://www.inaturalist.org/observations/200865139,https://inaturalist-open-data.s3.amazonaws.com/photos/354469658/medium.jpg,,"","",2,0,false,3,"S Kenansville Rd, Okeechobee, FL, US",27.6529055413,-80.8858242017,53,,,,53,,open,false,,,Wild Boar,Sus scrofa,Wild Boar,Mammalia,42134
200866118,0c125f92-fb28-473c-96e1-0be0ccf40883,2024-02-24 23:00:00-08:00,2024-02-24,2024-02-25 08:00:00 +0100,Pacific Time (US & Canada),7735245,gksibley,Georgia Sibley,2024-03-01 02:08:37 +0100,2024-03-01 09:08:43 +0100,research,CC-BY-NC,https://www.inaturalist.org/observations/200866118,https://inaturalist-open-data.s3.amazonaws.com/photos/354471878/medium.jpg,,"","",1,0,false,3,"Potter Valley, CA, US",39.2862632218,-123.1292516954,110,,,,110,,open,false,,,Wild Boar,Sus scrofa,Wild Boar,Mammalia,42134
200869388,631670e5-5b92-43a8-8eca-e25222ed7958,2024-02-29 13:44:05,2024-02-29,2024-02-29 20:44:05 +0100,Central Time (US & Canada),4206293,cben,Christoph Benning,2024-03-01 02:57:28 +0100,2024-03-01 06:28:48 +0100,research,,https://www.inaturalist.org/observations/200869388,https://static.inaturalist.org/photos/354478437/medium.jpeg,,"",,1,0,false,2,"Brownsville, TX 78520, USA",25.9967998559,-97.5716259331,197,,,,197,,open,false,gps,gps,Wild Boar,Sus scrofa,Wild Boar,Mammalia,42134
200913385,f195ac63-451f-49b4-81e0-2b7409ebc9e2,2024-03-01 10:26:58,2024-03-01,2024-03-01 16:26:58 +0100,Eastern Time (US & Canada),6525769,mmcmillian,,2024-03-01 16:41:36 +0100,2024-03-01 16:58:16 +0100,research,CC-BY-NC,https://www.inaturalist.org/observations/200913385,https://inaturalist-open-data.s3.amazonaws.com/photos/354564580/medium.jpeg,,"",,1,0,false,2,"Yeehaw, FL 34972, USA",27.6723479,-80.90161395,4,,,,4,,open,false,,,Wild Boar,Sus scrofa,Wild Boar,Mammalia,42134
200913873,23fd454b-b5e0-4f02-ac8a-8d748c0a7b70,2024-03-01 10:47:40-05:00,2024-03-01,2024-03-01 16:47:40 +0100,Eastern Time (US & Canada),4009778,jnpalacios,Jean Palacios,2024-03-01 16:47:56 +0100,2024-03-02 00:44:37 +0100,research,,https://www.inaturalist.org/observations/200913873,https://static.inaturalist.org/photos/354565628/medium.jpg,,"","",1,0,false,3,"Florida's Turnpike S, Okeechobee, FL, US",27.6723424019,-80.9015825764,4,,,,4,,open,false,,,Wild Boar,Sus scrofa,Wild Boar,Mammalia,42134
200921478,d101e9c7-d3df-43a1-8c52-0c78a07a89fe,2024/02/28 12:04 PM,2024-02-28,2024-02-28 19:04:00 +0100,Central Time (US & Canada),3836472,macrobdella,,2024-03-01 18:19:09 +0100,2025-09-19 08:42:29 +0200,research,CC0,https://www.inaturalist.org/observations/200921478,https://inaturalist-open-data.s3.amazonaws.com/photos/354579118/medium.jpg,,"",Found dead/decapitated,2,0,false,,"Poinsett County, AR, USA",35.6869555556,-90.4405638889,,,,,,,open,false,,,Wild Boar,Sus scrofa,Wild Boar,Mammalia,42134
200922196,185111e7-9a6d-4409-8394-de7e387a9f0d,2024/01/25 10:14 AM,2024-01-25,2024-01-25 17:14:00 +0100,Central Time (US & Canada),3836472,macrobdella,,2024-03-01 18:26:37 +0100,2025-09-19 08:42:26 +0200,research,CC0,https://www.inaturalist.org/observations/200922196,https://inaturalist-open-data.s3.amazonaws.com/photos/354580585/medium.jpg,,"","",2,0,false,,"Bradley County, AR, USA",33.573375,-91.9833194444,,,,,,,open,false,,,Wild Boar,Sus scrofa,Wild Boar,Mammalia,42134
200923720,f0fc41f1-a501-4084-bddc-8fcea435c52e,2024-03-01 11:44:06-06:00,2024-03-01,2024-03-01 18:44:06 +0100,Central Time (US & Canada),641960,mrssparverius,,2024-03-01 18:46:27 +0100,2024-11-01 16:44:48 +0100,research,CC0,https://www.inaturalist.org/observations/200923720,https://inaturalist-open-data.s3.amazonaws.com/photos/354583994/medium.jpg,,"","",1,0,false,3,"San Jacinto Battleground State Historic Site, La Porte, TX, US",29.7518879559,-95.0761693975,4,,,,4,,open,false,,,Wild Boar,Sus scrofa,Wild Boar,Mammalia,42134
200929247,2d3af037-0599-4da7-963b-30a1272b3099,2024/01/31 9:48 PM,2024-01-31,2024-02-01 04:48:00 +0100,Central Time (US & Canada),6235073,jclack,,2024-03-01 19:59:18 +0100,2024-03-09 18:34:58 +0100,research,CC-BY-NC,https://www.inaturalist.org/observations/200929247,https://inaturalist-open-data.s3.amazonaws.com/photos/354594148/medium.jpeg,,"",J. Lack Camera 24,2,0,false,,"Texas, US",29.6314556447,-98.6019853715,,,,,29458,obscured,open,true,,,Wild Boar,Sus scrofa,Wild Boar,Mammalia,42134
200929520,f92fa677-150d-4da2-97a4-8a7d82e150ab,2024/01/31 9:48 PM,2024-01-31,2024-02-01 04:48:00 +0100,Central Time (US & Canada),6235073,jclack,,2024-03-01 20:02:39 +0100,2024-03-02 00:41:18 +0100,research,CC-BY-NC,https://www.inaturalist.org/observations/200929520,https://inaturalist-open-data.s3.amazonaws.com/photos/354594783/medium.jpeg,,"",J. Lack Camera 24,1,0,false,,"Texas, US",29.7691222049,-98.7153242547,,,,,29458,obscured,open,true,,,Wild Boar,Sus scrofa,Wild Boar,Mammalia,42134
200946731,0564d35a-26d8-4fc9-a2bf-3102e0cc1019,2024-03-01 11:54:39-05:00,2024-03-01,2024-03-01 17:54:39 +0100,Eastern Time (US & Canada),3154933,dbond,,2024-03-01 23:30:09 +0100,2025-05-21 07:04:33 +0200,research,CC-BY-NC,https://www.inaturalist.org/observations/200946731,https://inaturalist-open-data.s3.amazonaws.com/photos/354629715/medium.jpg,,"","",2,0,false,3,"Okeechobee, FL, US",27.6569621545,-80.9475832154,8,,,,8,,open,false,,,Wild Boar,Sus scrofa,Wild Boar,Mammalia,42134
201046335,4b31b109-00a7-4e28-b576-011adc7f93d9,2024-03-02 10:01:31,2024-03-02,2024-03-02 17:01:31 +0100,Central Time (US & Canada),1378080,brianwilliams1,Brian Williams,2024-03-02 21:35:12 +0100,2024-07-15 08:01:48 +0200,research,CC-BY-NC,https://www.inaturalist.org/observations/201046335,https://inaturalist-open-data.s3.amazonaws.com/photos/354824557/medium.jpeg,,"",,1,0,false,2,"Oktibbeha County, US-MS, US",33.3156437997,-88.858692,,,,,,,open,false,gps,gps,Wild Boar,Sus scrofa,Wild Boar,Mammalia,42134
201047199,71b6cd23-ee0a-4cb7-a403-cd70efefbfc8,2024-03-02 12:25:55-05:00,2024-03-02,2024-03-02 18:25:55 +0100,Eastern Time (US & Canada),98904,jimw3,James K. Wetterer,2024-03-02 21:42:03 +0100,2025-04-07 02:30:53 +0200,research,CC-BY-NC,https://www.inaturalist.org/observations/201047199,https://inaturalist-open-data.s3.amazonaws.com/photos/354826109/medium.jpg,,"","",3,0,false,3,"SW Kanner Hwy, Canal Point, FL, US",27.00778055,-80.555755,4,,,,4,,open,false,,,Wild Boar,Sus scrofa,Wild Boar,Mammalia,42134
201055010,764b4c7a-88e0-4724-870c-cb697e7717e2,2024-03-01 18:22:19,2024-03-01,2024-03-02 01:22:19 +0100,Central Time (US & Canada),5385911,tjfishing,Tom Forwood Jr.,2024-03-02 22:53:22 +0100,2025-08-08 02:17:37 +0200,research,CC-BY-NC,https://www.inaturalist.org/observations/201055010,https://inaturalist-open-data.s3.amazonaws.com/photos/368739425/medium.jpeg,,"",,1,0,false,2,"Presidio County, US-TX, US",29.4960830966,-104.23507425,3,,,,3,,open,false,,,Eurasian Wild Pig,Sus scrofa,Wild Boar,Mammalia,42134
201074042,c503a97b-3ca4-468d-9758-3f05da521f5b,2024-03-02 13:14:10,2024-03-02,2024-03-02 20:14:10 +0100,Central Time (US & Canada),5333332,matthewjarrell,,2024-03-03 02:17:34 +0100,2024-07-06 04:48:27 +0200,research,CC-BY-NC,https://www.inaturalist.org/observations/201074042,https://inaturalist-open-data.s3.amazonaws.com/photos/354879321/medium.jpeg,,"",,1,0,false,2,"Baldwin County, US-AL, US",30.2251168417,-88.0184396356,340,,,,340,,open,false,,,Wild Boar,Sus scrofa,Wild Boar,Mammalia,42134
201078974,0d844448-02ec-4036-ba57-f8d75000fa76,2024-03-02 13:10:30-06:00,2024-03-02,2024-03-02 20:10:30 +0100,Central Time (US & Canada),1059509,howardhorne,Howard Horne,2024-03-03 03:23:00 +0100,2024-03-08 04:25:53 +0100,research,CC-BY-NC,https://www.inaturalist.org/observations/201078974,https://inaturalist-open-data.s3.amazonaws.com/photos/354890395/medium.jpg,,"","",1,0,false,3,"Gulf of Mexico, Gulf Shores, AL, US",30.224505,-88.0161833333,3,,,,3,,open,false,,,Wild Boar,Sus scrofa,Wild Boar,Mammalia,42134
201084759,036229c9-2973-43a0-848d-8bb54f0a99f5,2024-02-29 13:47:02,2024-02-29,2024-02-29 19:47:02 +0100,Eastern Time (US & Canada),6639114,brittanymmason,Brittany Mason,2024-03-03 04:36:19 +0100,2025-05-21 07:04:32 +0200,research,CC-BY-NC,https://www.inaturalist.org/observations/201084759,https://inaturalist-open-data.s3.amazonaws.com/photos/354902411/medium.jpeg,,"",,2,0,false,2,"Yeehaw, FL 34972, USA",27.6540705315,-80.882310234,522,,,,522,,open,false,gps,gps,Wild Boar,Sus scrofa,Wild Boar,Mammalia,42134
201094479,9acab273-c471-4cff-ba78-ea8262423bff,2024-02-29 10:19:29-08:00,2024-02-29,2024-02-29 19:19:29 +0100,Pacific Time (US & Canada),4192814,claudkodsuntie,,2024-03-03 07:11:32 +0100,2024-03-04 15:06:29 +0100,research,CC-BY-NC,https://www.inaturalist.org/observations/201094479,https://inaturalist-open-data.s3.amazonaws.com/photos/354922456/medium.jpg,,"","",2,0,false,3,"Paicines, CA, US",36.4641833333,-120.7887116667,23,,,,23,,open,false,,,Wild Boar,Sus scrofa,Wild Boar,Mammalia,42134
201118454,e55af0d4-24b8-457d-8784-db9623825188,Sat Mar 02 2024 11:06:17 GMT-0600 (CST),2024-03-02,2024-03-02 18:06:17 +0100,Central Time (US & Canada),1132847,northcut1,Northcut,2024-03-03 14:05:56 +0100,2024-03-03 14:47:45 +0100,research,CC-BY,https://www.inaturalist.org/observations/201118454,https://inaturalist-open-data.s3.amazonaws.com/photos/354968486/medium.jpg,,"",,1,0,false,3,"Emory, TX, US",32.8557283333,-95.80777,14,,,,14,,open,false,,,Wild Boar,Sus scrofa,Wild Boar,Mammalia,42134
201122774,37da862f-7c19-413a-aeee-8b2f2be54e0c,2024-03-02 14:52:26-06:00,2024-03-02,2024-03-02 21:52:26 +0100,Central Time (US & Canada),666179,bnm50,Bria Marty,2024-03-03 14:53:41 +0100,2025-09-07 18:49:57 +0200,research,,https://www.inaturalist.org/observations/201122774,https://static.inaturalist.org/photos/354976284/medium.jpg,,"","",3,1,false,3,"Laguna Atascosa National Wildlife Refuge, Rio Hondo, TX, US",26.2174333333,-97.42585,4,,,,4,,open,false,,,Eurasian Wild Pig,Sus scrofa,Wild Boar,Mammalia,42134
201149607,19a50fd8-82c0-4a01-8894-b4cba922f52f,2024/02/24 4:02 PM,2024-02-24,2024-02-24 23:02:00 +0100,Central Time (US & Canada),760743,landoniousmonk,"",2024-03-03 18:42:05 +0100,2024-03-03 18:43:29 +0100,research,,https://www.inaturalist.org/observations/201149607,https://static.inaturalist.org/photos/355024974/medium.jpeg,,"",,1,0,false,,"Wise County, TX, USA",33.4019233369,-97.6486068567,8,,,,8,,open,false,,,Wild Boar,Sus scrofa,Wild Boar,Mammalia,42134
201171381,4662f8bd-98b7-4537-ba62-c687c36523ac,2024-03-03 14:23:13-06:00,2024-03-03,2024-03-03 21:23:13 +0100,Eastern Time (US & Canada),7719746,ksuch16,Katie Suchman,2024-03-03 21:29:18 +0100,2024-03-15 04:10:48 +0100,research,CC-BY-NC,https://www.inaturalist.org/observations/201171381,https://inaturalist-open-data.s3.amazonaws.com/photos/355068366/medium.jpg,,"",mom and her babies walking along the side of the road,1,0,false,3,"Old Brickyard Rd, Phenix City, AL, US",32.4112131217,-85.0337437478,15203,,,,15203,,open,false,,,Wild Boar,Sus scrofa,Wild Boar,Mammalia,42134
201189476,c3ea7223-68a0-4e71-9e35-af6d17d9882e,2024-03-03 14:57:20-05:00,2024-03-03,2024-03-03 20:57:20 +0100,Eastern Time (US & Canada),7767065,annabellestone,,2024-03-03 23:50:55 +0100,2024-03-04 16:54:30 +0100,research,CC-BY-NC,https://www.inaturalist.org/observations/201189476,https://inaturalist-open-data.s3.amazonaws.com/photos/355103505/medium.jpg,,"","",2,0,false,3,"Sumner, GA, US",31.5646583333,-83.751975,4,,,,4,,open,false,,,Wild Boar,Sus scrofa,Wild Boar,Mammalia,42134
201197787,1153d206-24d0-4640-92cc-8cea59203a95,2024-03-03 13:41:42,2024-03-03,2024-03-03 20:41:42 +0100,Central Time (US & Canada),405093,lucanus95,Alan Jeon,2024-03-04 01:03:18 +0100,2024-05-16 02:45:48 +0200,research,CC-BY-NC,https://www.inaturalist.org/observations/201197787,https://inaturalist-open-data.s3.amazonaws.com/photos/355120697/medium.jpeg,,"",,2,0,false,2,"Alabama, US",31.8310472355,-85.7248522449,,,,,29173,obscured,open,true,gps,gps,Wild Boar,Sus scrofa,Wild Boar,Mammalia,42134
201205738,f277109c-787d-4d05-8b00-fd62704b90f1,2024-03-02 12:30:00-06:00,2024-03-02,2024-03-02 19:30:00 +0100,Central Time (US & Canada),32993,c_h_hemphill,CH Hemphill,2024-03-04 02:12:38 +0100,2024-03-04 03:20:53 +0100,research,CC-BY-NC,https://www.inaturalist.org/observations/201205738,https://inaturalist-open-data.s3.amazonaws.com/photos/355136374/medium.jpg,,"","",2,0,false,3,"Valera, TX, US",31.6711619245,-99.5953380132,25,,,,25,,open,false,,,Wild Boar,Sus scrofa,Wild Boar,Mammalia,42134
201208075,9e2792af-8e3f-4dc3-a923-d4c8591d428c,2024-03-03 15:52:31,2024-03-03,2024-03-03 22:52:31 +0100,Central Time (US & Canada),29448,priscilla,Priscilla Titus,2024-03-04 02:36:40 +0100,2024-03-05 19:58:05 +0100,research,CC-BY-NC,https://www.inaturalist.org/observations/201208075,https://inaturalist-open-data.s3.amazonaws.com/photos/355141613/medium.jpeg,,"",,1,0,false,2,"Texas, US",29.8736008054,-101.5055562175,,,,,29433,obscured,open,true,gps,gps,Sus scrofa,Sus scrofa,Wild Boar,Mammalia,42134
201208448,81f9bf99-29fb-4990-8b8f-b46c83110393,2024-03-03 11:38:00-05:00,2024-03-03,2024-03-03 17:38:00 +0100,Eastern Time (US & Canada),1779497,mkinaturalist,"",2024-03-04 02:39:01 +0100,2024-03-21 22:07:24 +0100,research,CC-BY-NC,https://www.inaturalist.org/observations/201208448,https://inaturalist-open-data.s3.amazonaws.com/photos/355132708/medium.jpeg,,"",Wild Hog (Invasive); and destruction caused by; retreating here on right into grasses,1,0,false,,"La Chua Trail, Gainesville, FL, USA",29.605935,-82.3030157,485,,,,485,,open,false,,,Wild Boar,Sus scrofa,Wild Boar,Mammalia,42134
201227541,6b5942eb-4a42-4ad6-acf4-08ed390cee11,2024-03-03 21:20:05-08:00,2024-03-03,2024-03-04 06:20:05 +0100,Pacific Time (US & Canada),1263172,drubow,,2024-03-04 06:21:24 +0100,2024-03-04 16:36:35 +0100,research,CC-BY-NC,https://www.inaturalist.org/observations/201227541,https://inaturalist-open-data.s3.amazonaws.com/photos/355182681/medium.jpg,,"","",2,0,false,3,"Santa Barbara County, US-CA, US",34.7377758454,-120.1877016827,251,,,,28790,obscured,open,true,,,Wild Boar,Sus scrofa,Wild Boar,Mammalia,42134
201250459,1890e0ec-ebd5-4335-894e-2e88b39f5347,2024-03-04 03:03:00-06:00,2024-03-04,2024-03-04 10:03:00 +0100,Central Time (US & Canada),32993,c_h_hemphill,CH Hemphill,2024-03-04 13:25:13 +0100,2024-03-05 19:56:40 +0100,research,CC-BY-NC,https://www.inaturalist.org/observations/201250459,https://inaturalist-open-data.s3.amazonaws.com/photos/355227758/medium.jpg,,"","",1,0,false,3,"Valera, TX, US",31.671118464,-99.595350961,25,,,,25,,open,false,,,Wild Boar,Sus scrofa,Wild Boar,Mammalia,42134
201285742,20f30cc6-6186-40f0-acc4-cdaff201956c,2024/03/01 6:44 PM,2024-03-01,2024-03-02 01:44:00 +0100,Central Time (US & Canada),5013995,sbeep,,2024-03-04 20:08:37 +0100,2024-03-06 07:00:25 +0100,research,CC-BY-NC,https://www.inaturalist.org/observations/201285742,https://inaturalist-open-data.s3.amazonaws.com/photos/355291958/medium.jpeg,,"","",2,0,false,,"Jefferson Davis Parish, LA, USA",30.0661715426,-92.8258997052,15,,,,15,,open,false,,,Wild Boar,Sus scrofa,Wild Boar,Mammalia,42134
201296878,b6e94d45-131a-496d-bbca-b8423d395cd8,2024-03-04 12:32:38-05:00,2024-03-04,2024-03-04 18:32:38 +0100,Eastern Time (US & Canada),3509070,andrew61891,Andrew Simon,2024-03-04 21:57:40 +0100,2024-08-19 05:46:43 +0200,research,,https://www.inaturalist.org/observations/201296878,https://static.inaturalist.org/photos/355316587/medium.jpg,,"","",1,0,false,3,"W Fort Island Trail, Crystal River, FL, US",28.87743,-82.61258,4,,,,4,,open,false,,,Wild Boar,Sus scrofa,Wild Boar,Mammalia,42134
201301389,28ecc730-2326-4203-8866-9dfcf6155554,2024/03/04 10:05 AM,2024-03-04,2024-03-04 19:05:00 +0100,Pacific Time (US & Canada),2890292,phlherper,"",2024-03-04 22:37:14 +0100,2025-05-23 10:37:12 +0200,research,CC-BY-NC,https://www.inaturalist.org/observations/201301389,https://inaturalist-open-data.s3.amazonaws.com/photos/355325156/medium.jpg,,"",,1,0,false,,"San Luis Obispo County, US-CA, US",35.3208833916,-120.8742938103,146,,,,28706,obscured,open,true,,,Eurasian Wild Pig,Sus scrofa,Wild Boar,Mammalia,42134
201327876,f1e75fb0-8147-4ad0-a2db-dc3882a98e91,2024-02-11 12:51:37,2024-02-11,2024-02-11 18:51:37 +0100,Eastern Time (US & Canada),5606877,liznicole,Liz Smith,2024-03-05 03:30:47 +0100,2024-03-05 14:49:51 +0100,research,,https://www.inaturalist.org/observations/201327876,https://static.inaturalist.org/photos/355378822/medium.jpeg,,"","Skull, introduced pigs now feral on the island",3,0,false,2,"Chatham County, GA, USA",31.7614980927,-81.1085743457,12288,,,,12288,,open,false,,,Typical Pigs,Sus scrofa,Wild Boar,Mammalia,42134
201375301,4034a7cd-70e4-4196-9df2-7f60b5366f67,2024/02/26 12:47 AM,2024-02-26,2024-02-26 07:47:00 +0100,Central Time (US & Canada),1595749,jcochran706,Jack Cochran,2024-03-05 16:29:48 +0100,2024-03-07 01:38:43 +0100,research,CC-BY-NC,https://www.inaturalist.org/observations/201375301,https://inaturalist-open-data.s3.amazonaws.com/photos/355467360/medium.jpeg,,crpj,Juniper overhang off water.,2,0,false,,"Texas, US",30.900699619,-97.6443473657,4,,,,29304,obscured,open,true,,,Wild Boar,Sus scrofa,Wild Boar,Mammalia,42134
201383739,03f58113-8354-4fd1-ab06-042ee38df614,2024-03-05 10:19:34-05:00,2024-03-05,2024-03-05 16:19:34 +0100,Eastern Time (US & Canada),764155,whatch11,Wes Hatch,2024-03-05 18:03:03 +0100,2024-03-06 11:44:10 +0100,research,,https://www.inaturalist.org/observations/201383739,https://static.inaturalist.org/photos/355484239/medium.jpg,,"","",2,0,false,3,"Mud Creek Rd, Albany, GA, US",31.565663228,-84.3655848352,10,,,,10,,open,false,,,Wild Boar,Sus scrofa,Wild Boar,Mammalia,42134
201394566,c631659e-987e-4ed2-a240-598bb17495c9,2024-03-05 13:42:56,2024-03-05,2024-03-05 19:42:56 +0100,Eastern Time (US & Canada),5634285,listenerofnature,Christopher Butterfield,2024-03-05 20:00:59 +0100,2025-05-23 10:37:15 +0200,research,,https://www.inaturalist.org/observations/201394566,https://static.inaturalist.org/photos/355515322/medium.jpeg,,"",,2,0,false,2,"Durham, NC 27705, USA",36.0685066279,-79.0128222853,4,,,,4,,open,false,gps,gps,Domestic Pig,Sus scrofa domesticus,Domestic Pig,Mammalia,324492
201424751,1d7cf826-9c02-4d87-9c42-8c891956f958,2024-03-05 15:42:09-08:00,2024-03-05,2024-03-06 00:42:09 +0100,Pacific Time (US & Canada),2065036,andrew833,Andrew Watson,2024-03-06 01:43:47 +0100,2024-03-06 18:08:49 +0100,research,,https://www.inaturalist.org/observations/201424751,https://static.inaturalist.org/photos/355564332/medium.jpg,,"","",2,0,false,3,"Ukiah, CA, US",39.1917533333,-123.1765366667,4,,,,4,,open,false,,,Wild Boar,Sus scrofa,Wild Boar,Mammalia,42134
201435850,f00fe855-e013-4e2e-95eb-8e7c07a84fdb,2024/03/05 10:17 AM,2024-03-05,2024-03-05 17:17:00 +0100,Central Time (US & Canada),4275309,grroschat,Ute Welk,2024-03-06 04:02:37 +0100,2024-03-07 03:33:17 +0100,research,CC-BY-NC,https://www.inaturalist.org/observations/201435850,https://inaturalist-open-data.s3.amazonaws.com/photos/355585383/medium.jpeg,,"","",1,0,false,,"Fort Bend County, TX, USA",29.3774777778,-95.6120111111,,,,,,,open,false,,,Wild Boar,Sus scrofa,Wild Boar,Mammalia,42134
201436250,a339f311-1fe9-47a4-9be8-e8d8ead34c70,2024-03-05 16:46:02,2024-03-05,2024-03-05 23:46:02 +0100,Central Time (US & Canada),333666,cjs041,Chris Shuck,2024-03-06 04:08:14 +0100,2024-03-07 00:35:46 +0100,research,CC-BY-NC,https://www.inaturalist.org/observations/201436250,https://inaturalist-open-data.s3.amazonaws.com/photos/355586291/medium.jpeg,,"","Hard to see, but they're in there.",1,0,false,2,"Spring, TX 77373, USA",30.052133516,-95.3148866817,42,,,,42,,open,false,gps,gps,Wild Boar,Sus scrofa,Wild Boar,Mammalia,42134
201489809,9aeae427-b7a8-425f-bacd-9e7f448a64b4,2024-03-06 11:41:28-05:00,2024-03-06,2024-03-06 17:41:28 +0100,Eastern Time (US & Canada),504108,xander_737,Alexander Campbell,2024-03-06 18:10:29 +0100,2024-03-07 10:28:54 +0100,research,,https://www.inaturalist.org/observations/201489809,https://static.inaturalist.org/photos/355688395/medium.jpg,,"","",3,0,false,3,"Ward 4, Windsor, ON, CA",42.2824333333,-82.9105783333,3,,,,3,,open,false,,,Wild Boar,Sus scrofa,Wild Boar,Mammalia,42134
201491550,82d059d6-3332-4e51-ad71-0153863b931e,2024-03-06 10:17:18-05:00,2024-03-06,2024-03-06 16:17:18 +0100,Eastern Time (US & Canada),764155,whatch11,Wes Hatch,2024-03-06 18:30:35 +0100,2024-03-13 11:14:00 +0100,research,,https://www.inaturalist.org/observations/201491550,https://static.inaturalist.org/photos/357125535/medium.jpeg,,"","",1,0,false,3,"Barrington Dr, Albany, GA, US",31.5700670837,-84.3544854559,9,,,,9,,open,false,,,Wild Boar,Sus scrofa,Wild Boar,Mammalia,42134
201492912,9507b6e3-5ea8-483d-bb39-3b935f9e9bfa,2024-03-01 12:49:52-06:00,2024-03-01,2024-03-01 19:49:52 +0100,Central Time (US & Canada),6679818,texasnative,,2024-03-06 18:43:41 +0100,2024-03-06 23:32:53 +0100,research,CC-BY-NC,https://www.inaturalist.org/observations/201492912,https://inaturalist-open-data.s3.amazonaws.com/photos/355693686/medium.jpg,,"",Feral Hogs,1,0,false,3,"Jones Ck Terminal Rd, Freeport, TX, US",28.951595,-95.436745,463,,,,463,,open,false,,,Wild Boar,Sus scrofa,Wild Boar,Mammalia,42134
201532415,f71e58b8-5a4d-45e9-a903-22c244460438,2024-03-01 09:54:37-05:00,2024-03-01,2024-03-01 15:54:37 +0100,Eastern Time (US & Canada),6893799,larvalfishguy,,2024-03-07 02:20:41 +0100,2024-03-15 13:35:10 +0100,research,CC-BY-NC,https://www.inaturalist.org/observations/201532415,https://inaturalist-open-data.s3.amazonaws.com/photos/355771982/medium.jpg,,"",Turf damage from feral pigs,1,0,false,3,"Okeechobee, FL, US",27.6554866667,-80.946625,4,,,,4,,open,false,,,Wild Boar,Sus scrofa,Wild Boar,Mammalia,42134
201605221,f27700ae-31ba-47d7-bcf6-7881bf353d00,2024-03-07 09:54:01-06:00,2024-03-07,2024-03-07 16:54:01 +0100,Central Time (US & Canada),6812408,paloduro,Susan Rogers,2024-03-07 21:04:58 +0100,2024-03-08 16:52:22 +0100,research,CC-BY-NC,https://www.inaturalist.org/observations/201605221,https://inaturalist-open-data.s3.amazonaws.com/photos/355909710/medium.jpg,,"",Ugh!!  Invasive and out of control. They do immense damage. ,1,0,false,3,"Texas, US",35.1361633401,-101.6341814482,1884,,,,28734,obscured,open,true,,,Wild Boar,Sus scrofa,Wild Boar,Mammalia,42134
201675180,05eb4e76-a578-43fa-a8db-8bd48aa7364d,2024-03-06 18:10:49-06:00,2024-03-06,2024-03-07 01:10:49 +0100,Central Time (US & Canada),3704675,sylshessa,Amanda Gabehart,2024-03-08 14:47:05 +0100,2024-08-21 02:38:44 +0200,research,CC-BY-NC,https://www.inaturalist.org/observations/201675180,https://inaturalist-open-data.s3.amazonaws.com/photos/356045472/medium.jpg,,"","",1,0,false,3,"SH-35, Alvin, TX, US",29.3341133333,-95.2828833333,34,,,,34,,open,false,,,Wild Boar,Sus scrofa,Wild Boar,Mammalia,42134
201701733,3e92ecd2-7668-45b1-9732-f1fb7b988adf,2024-02-28 11:32:22-08:00,2024-02-28,2024-02-28 20:32:22 +0100,Pacific Time (US & Canada),4198533,adoherty8a,Abe Doherty,2024-03-08 19:50:38 +0100,2024-03-08 21:18:46 +0100,research,CC-BY-NC,https://www.inaturalist.org/observations/201701733,https://inaturalist-open-data.s3.amazonaws.com/photos/356095325/medium.jpg,,"",Extensive rutting damage along Hunting Hollow Road and Phegley Ridge.  3 boars descended toward Raccoon Hunter’s Gulch at dusk.  ,1,0,false,3,"Henry W. Coe State Park, Gilroy, CA, US",37.0638778333,-121.4405833333,17,,,,17,,open,false,,,Wild Boar,Sus scrofa,Wild Boar,Mammalia,42134
201732243,a8b4a153-cc76-428a-a880-94df15797742,2024/03/06 5:49 PM,2024-03-06,2024-03-06 23:49:00 +0100,Eastern Time (US & Canada),3783286,arakso,Araks Ohanyan,2024-03-09 01:07:28 +0100,2024-03-09 02:16:47 +0100,research,CC-BY-NC,https://www.inaturalist.org/observations/201732243,https://inaturalist-open-data.s3.amazonaws.com/photos/356152582/medium.jpg,,"",,1,0,false,,"Osceola County, FL, USA",28.1810037504,-81.2317629348,9,,,,9,,open,false,,,Wild Boar,Sus scrofa,Wild Boar,Mammalia,42134
201734629,86fe7742-43c5-44f2-b0f3-55044b38a257,2024-03-08 18:30:43,2024-03-08,2024-03-09 01:30:43 +0100,Central Time (US & Canada),7732446,adrian19536,Adrian Trevino,2024-03-09 01:33:45 +0100,2025-05-23 10:37:19 +0200,research,,https://www.inaturalist.org/observations/201734629,https://static.inaturalist.org/photos/356157168/medium.jpeg,,"",,1,0,false,2,"North Escobares, TX 78584, USA",26.41991,-98.9781,4,,,,4,,open,false,,,Domestic Pig,Sus scrofa domesticus,Domestic Pig,Mammalia,324492
201734721,91bc1093-4f43-4a6b-8381-4780af4d0ba0,2024-03-05 15:16:29-05:00,2024-03-05,2024-03-05 21:16:29 +0100,Eastern Time (US & Canada),7826246,e_layiah,E'Layiah Ackles,2024-03-09 01:34:44 +0100,2025-05-23 10:37:20 +0200,research,,https://www.inaturalist.org/observations/201734721,https://static.inaturalist.org/photos/356157362/medium.jpg,,"","",2,0,false,3,"Summer Cypress Dr, Villa Rica, GA, US",33.7309443297,-84.8768493534,3,,,,3,,open,false,,,Domestic Pig,Sus scrofa domesticus,Domestic Pig,Mammalia,324492
201744153,b06785c4-328e-4f4a-9026-8dee3356d53a,2024-03-03 15:31:28-06:00,2024-03-03,2024-03-03 22:31:28 +0100,Central Time (US & Canada),121379,notana,"",2024-03-09 03:34:26 +0100,2024-04-05 03:53:58 +0200,research,CC-BY-NC,https://www.inaturalist.org/observations/201744153,https://inaturalist-open-data.s3.amazonaws.com/photos/356176860/medium.jpg,,"","",2,0,false,3,"Rio Vista, TX, US",32.2432133333,-97.3986666667,548,,,,548,,open,false,,,Wild Boar,Sus scrofa,Wild Boar,Mammalia,42134
201757076,6681a605-9d63-473b-84ae-963666f8d7cb,2024-01-09 10:29:05,2024-01-09,2024-01-09 17:29:05 +0100,Central Time (US & Canada),6273490,tyler-lesley,TYLER LESLEY,2024-03-09 06:44:53 +0100,2025-09-19 08:45:48 +0200,research,,https://www.inaturalist.org/observations/201757076,https://static.inaturalist.org/photos/356204534/medium.jpeg,,"",,2,0,false,2,"Greenwood, AR 72936, USA",35.2487111111,-94.2258361111,,,,,,,open,false,gps,gps,Eurasian Wild Pig,Sus scrofa,Wild Boar,Mammalia,42134
201806325,ffa6e2c5-e635-47e8-9d85-ed919d1e08d8,2024/02/28 3:34 PM,2024-02-28,2024-02-28 22:34:00 +0100,Central Time (US & Canada),1416928,jmccurdy,Jason McCurdy,2024-03-09 18:05:21 +0100,2024-03-09 19:37:18 +0100,research,CC-BY-NC,https://www.inaturalist.org/observations/201806325,https://inaturalist-open-data.s3.amazonaws.com/photos/356298126/medium.jpg,,"",Accompanied by at least three young.,1,0,false,,"Resaca de la Palma SP, Cameron, TX, USA",25.9943521997,-97.5658933506,13,,,,13,,open,false,,,Wild Boar,Sus scrofa,Wild Boar,Mammalia,42134
201825400,5ceca408-7cdf-4d74-94c5-bbf93967c2b8,2024-03-01 12:43:48,2024-03-01,2024-03-01 18:43:48 +0100,Eastern Time (US & Canada),4134556,lmcconachie,LeslieMc,2024-03-09 20:50:55 +0100,2024-03-15 17:26:07 +0100,research,CC-BY-NC,https://www.inaturalist.org/observations/201825400,https://inaturalist-open-data.s3.amazonaws.com/photos/356334921/medium.jpeg,,"",,2,0,false,2,"Yeehaw, FL 34972, USA",27.6556938,-80.9630123,,,,,,,open,false,gps,gps,Wild Boar,Sus scrofa,Wild Boar,Mammalia,42134
201845365,efcc971d-6321-4303-8d14-a85a542b43db,2024-03-09 17:27:51-05:00,2024-03-09,2024-03-09 23:27:51 +0100,America/Nipigon,1828597,jhen1368,,2024-03-09 23:46:11 +0100,2025-09-30 13:20:40 +0200,research,CC-BY-NC,https://www.inaturalist.org/observations/201845365,https://inaturalist-open-data.s3.amazonaws.com/photos/356375995/medium.jpg,,"","",2,0,false,3,"County Road 15, Brock, ON, CA",44.4352401586,-79.0758988852,43,,,,43,,open,false,,,Wild Boar,Sus scrofa,Wild Boar,Mammalia,42134
201861209,6a30bf12-7757-4ebf-99b9-08b24c81361f,2024-03-09 18:46:43-06:00,2024-03-09,2024-03-10 01:46:43 +0100,Central Time (US & Canada),540918,sandyleau,Sandy Underwood,2024-03-10 02:16:15 +0100,2024-11-17 18:14:13 +0100,research,CC-BY-NC-ND,https://www.inaturalist.org/observations/201861209,https://inaturalist-open-data.s3.amazonaws.com/photos/356407944/medium.jpg,,"","",1,0,false,3,"Wichita Falls, TX, US",33.855964747,-98.475781849,372,,,,372,,open,false,,,Wild Boar,Sus scrofa,Wild Boar,Mammalia,42134
201933340,1a7169f7-e9c2-40ea-9885-01d275ee02cd,2024-03-10 11:29:05-05:00,2024-03-10,2024-03-10 17:29:05 +0100,Central Time (US & Canada),7847981,eaparicio,,2024-03-10 17:34:45 +0100,2024-03-18 03:37:41 +0100,research,CC-BY-NC,https://www.inaturalist.org/observations/201933340,https://inaturalist-open-data.s3.amazonaws.com/photos/356547399/medium.jpg,,"","",1,0,false,3,"SH-105, Cleveland, TX, US",30.3223133333,-95.1202611667,7,,,,7,,open,false,,,Wild Boar,Sus scrofa,Wild Boar,Mammalia,42134
201976098,bb985ae8-adf4-45e5-a6b2-199cb28ffed9,2024/02/15 1:52 AM,2024-02-15,2024-02-15 08:52:00 +0100,Central Time (US & Canada),6235073,jclack,,2024-03-10 23:02:02 +0100,2024-03-12 03:52:05 +0100,research,CC-BY-NC,https://www.inaturalist.org/observations/201976098,https://inaturalist-open-data.s3.amazonaws.com/photos/356622775/medium.jpeg,,"",,3,0,false,,United States,29.6844692461,-98.6235963052,1000000,,,,1000000,obscured,open,true,,,Wild Boar,Sus scrofa,Wild Boar,Mammalia,42134
201987141,cd37f72d-fa51-4aba-a117-e6914ee3f5c4,Sun Mar 10 2024 12:19:56 GMT-0500 (CDT),2024-03-10,2024-03-10 18:19:56 +0100,Central Time (US & Canada),1132847,northcut1,Northcut,2024-03-11 00:39:43 +0100,2024-03-11 01:46:53 +0100,research,CC-BY,https://www.inaturalist.org/observations/201987141,https://inaturalist-open-data.s3.amazonaws.com/photos/356649664/medium.jpg,,"",,1,0,false,3,"Emory, TX, US",32.8534966667,-95.8078466667,5,,,,5,,open,false,,,Wild Boar,Sus scrofa,Wild Boar,Mammalia,42134
202002225,e89c5de6-9e18-40a3-8b42-779bfbe235a5,2024-03-09 15:41:00-06:00,2024-03-09,2024-03-09 22:41:00 +0100,Central Time (US & Canada),540918,sandyleau,Sandy Underwood,2024-03-11 02:51:37 +0100,2024-11-17 18:14:32 +0100,research,CC-BY-NC-ND,https://www.inaturalist.org/observations/202002225,https://inaturalist-open-data.s3.amazonaws.com/photos/356681745/medium.jpg,,"","",2,0,false,3,"Wichita Falls, TX, US",33.8558018246,-98.4759241704,372,,,,372,,open,false,,,Wild Boar,Sus scrofa,Wild Boar,Mammalia,42134
202002380,7b25f77b-d80e-45ae-a714-0acd2924e87e,2024-03-04 03:43:00-06:00,2024-03-04,2024-03-04 10:43:00 +0100,Central Time (US & Canada),540918,sandyleau,Sandy Underwood,2024-03-11 02:52:58 +0100,2025-05-23 10:37:29 +0200,research,CC-BY-NC-ND,https://www.inaturalist.org/observations/202002380,https://inaturalist-open-data.s3.amazonaws.com/photos/356682044/medium.jpg,,"","",1,0,false,3,"Wichita Falls, TX, US",33.8559992378,-98.4758545871,372,,,,372,,open,false,,,Eurasian Wild Pig,Sus scrofa,Wild Boar,Mammalia,42134
202002474,47744aa3-886a-481b-ad3c-7e8e76ef7262,2024-03-05 15:43:00-06:00,2024-03-05,2024-03-05 22:43:00 +0100,Central Time (US & Canada),540918,sandyleau,Sandy Underwood,2024-03-11 02:54:07 +0100,2024-11-17 18:14:34 +0100,research,CC-BY-NC-ND,https://www.inaturalist.org/observations/202002474,https://inaturalist-open-data.s3.amazonaws.com/photos/356682246/medium.jpg,,"","",1,0,false,3,"Wichita Falls, TX, US",33.8563673589,-98.4757316271,372,,,,372,,open,false,,,Wild Boar,Sus scrofa,Wild Boar,Mammalia,42134
202002773,b64ca6e6-cc74-449d-b8c6-2d7b0ccc4257,2024-03-05 13:06:13-06:00,2024-03-05,2024-03-05 20:06:13 +0100,Central Time (US & Canada),540918,sandyleau,Sandy Underwood,2024-03-11 02:57:13 +0100,2024-11-17 18:14:37 +0100,research,CC-BY-NC-ND,https://www.inaturalist.org/observations/202002773,https://inaturalist-open-data.s3.amazonaws.com/photos/356682966/medium.jpg,,"","",1,0,false,3,"Wichita Falls, TX, US",33.8558191276,-98.4758089061,372,,,,372,,open,false,,,Wild Boar,Sus scrofa,Wild Boar,Mammalia,42134
202008406,37b1cbb0-9ab9-4479-ac82-9ee14275ab4a,2024-03-10 19:10:49-05:00,2024-03-10,2024-03-11 01:10:49 +0100,Central Time (US & Canada),4906046,hansoes,,2024-03-11 03:54:19 +0100,2025-05-21 07:04:19 +0200,research,CC-BY-NC,https://www.inaturalist.org/observations/202008406,https://inaturalist-open-data.s3.amazonaws.com/photos/356693094/medium.jpg,,"",Gnarly,2,0,false,3,"North Sh 95, Flatonia, TX, US",29.852155,-97.2137,12,,,,12,,open,false,,,Wild Boar,Sus scrofa,Wild Boar,Mammalia,42134
202036977,de91fe6c-c9ed-4f68-93b3-06b65e27e47e,2024/03/06 11:55 AM,2024-03-06,2024-03-06 17:55:00 +0100,Eastern Time (US & Canada),979220,prairieschooner,"",2024-03-11 11:46:27 +0100,2024-04-28 20:24:27 +0200,research,,https://www.inaturalist.org/observations/202036977,https://static.inaturalist.org/photos/356746947/medium.jpeg,,"",,2,0,false,,"Florida, US",30.1662631684,-84.0554091036,14,,,,29407,obscured,open,true,,,Wild Boar,Sus scrofa,Wild Boar,Mammalia,42134
202060841,67992427-cf17-4060-ae54-357a9a5e3de6,2024-03-11 11:27:33-05:00,2024-03-11,2024-03-11 17:27:33 +0100,Central Time (US & Canada),6606461,caliolive,,2024-03-11 17:29:09 +0100,2025-09-27 15:20:47 +0200,research,CC-BY-NC,https://www.inaturalist.org/observations/202060841,https://inaturalist-open-data.s3.amazonaws.com/photos/356794095/medium.jpg,,"","",1,0,false,3,"Cummins Stein Rd, Fayetteville, TX, US",29.8735755453,-96.6333295971,24,,,,24,,open,false,,,Wild Boar,Sus scrofa,Wild Boar,Mammalia,42134
202084319,31596eef-4d0e-4f75-beb7-188122cb1f5b,2024-03-10 13:30:04-04:00,2024-03-10,2024-03-10 18:30:04 +0100,America/Nassau,7743010,kaustin55,,2024-03-11 21:23:55 +0100,2025-05-23 10:37:33 +0200,research,CC-BY-NC,https://www.inaturalist.org/observations/202084319,https://inaturalist-open-data.s3.amazonaws.com/photos/356840669/medium.jpg,,"","",1,0,false,3,"Rose Island, BS",25.1071471667,-77.1528028333,4,,,,4,,open,false,,,Domestic Pig,Sus scrofa domesticus,Domestic Pig,Mammalia,324492
202126096,54a9b64b-3288-4533-bd05-3c564e134487,2024/01/14 2:29 PM,2024-01-14,2024-01-14 21:29:00 +0100,Central Time (US & Canada),296496,dwilkins,David Wilkins,2024-03-12 04:36:12 +0100,2024-03-21 01:49:14 +0100,research,CC-BY,https://www.inaturalist.org/observations/202126096,https://inaturalist-open-data.s3.amazonaws.com/photos/356921521/medium.jpeg,,"",Carcass discovered while hiking.,2,0,false,,"Troy, AL, USA",31.8522516667,-86.0012616667,,,,,,,open,false,,,Wild Boar,Sus scrofa,Wild Boar,Mammalia,42134
202129537,144fed36-2176-4ad3-aff3-21e9d8bfe5b0,2024-03-11 15:13:40,2024-03-11,2024-03-11 21:13:40 +0100,Central Time (US & Canada),1378080,brianwilliams1,Brian Williams,2024-03-12 05:36:23 +0100,2024-07-15 08:01:48 +0200,research,CC-BY-NC,https://www.inaturalist.org/observations/202129537,https://inaturalist-open-data.s3.amazonaws.com/photos/356928694/medium.jpeg,,"",,1,0,false,2,"Oktibbeha County, US-MS, US",33.3038492583,-88.8299205889,,,,,,,open,false,gps,gps,Wild Boar,Sus scrofa,Wild Boar,Mammalia,42134
202129564,bb680323-3814-4661-8621-c5c49467c819,2024-03-11 14:15:52,2024-03-11,2024-03-11 20:15:52 +0100,Central Time (US & Canada),1378080,brianwilliams1,Brian Williams,2024-03-12 05:36:49 +0100,2025-05-23 10:37:35 +0200,research,CC-BY-NC,https://www.inaturalist.org/observations/202129564,https://inaturalist-open-data.s3.amazonaws.com/photos/356928739/medium.jpeg,,"",,1,0,false,2,"Oktibbeha County, US-MS, US",33.3041184,-88.8320319997,,,,,,,open,false,gps,gps,Wild Boar,Sus scrofa,Wild Boar,Mammalia,42134
202181490,8f3c61e3-773b-4567-8487-b7f18862012a,2024/02/24 1:53 PM,2024-02-24,2024-02-24 20:53:00 +0100,Central Time (US & Canada),712166,rtwhitson3,Ray Whitson,2024-03-12 18:55:53 +0100,2024-03-12 19:18:40 +0100,research,CC-BY-NC,https://www.inaturalist.org/observations/202181490,https://inaturalist-open-data.s3.amazonaws.com/photos/357030410/medium.png,,"",Screen shots of photos by Matt Kubovcik. Thank you Matt. Feral swine,2,0,false,,"Bexar County, TX, USA",29.2913985832,-98.352958791,31,,,,31,,open,false,,,Wild Boar,Sus scrofa,Wild Boar,Mammalia,42134
202204773,2e8ba227-0b49-41bf-a6b7-09da7c532e26,2024-03-12 14:42:52-05:00,2024-03-12,2024-03-12 20:42:52 +0100,Central Time (US & Canada),7850980,ktut512,,2024-03-12 22:23:20 +0100,2024-03-12 23:20:53 +0100,research,CC-BY-NC,https://www.inaturalist.org/observations/202204773,https://inaturalist-open-data.s3.amazonaws.com/photos/357076443/medium.jpg,,"","",2,0,false,3,"Old Hammond Road Ditch, La Place, LA, US",30.0928444,-90.4314884,32,,,,32,,open,false,,,Wild Boar,Sus scrofa,Wild Boar,Mammalia,42134
202229844,ded3fb7a-1588-484d-9d06-27677267cecb,2024-03-12 16:25:45-05:00,2024-03-12,2024-03-12 22:25:45 +0100,Central Time (US & Canada),1019332,dunawayb96,Brady S. Dunaway,2024-03-13 02:28:19 +0100,2024-03-13 15:09:56 +0100,research,,https://www.inaturalist.org/observations/202229844,https://static.inaturalist.org/photos/357124872/medium.jpg,,"","",1,0,false,3,"Flint Trial SW, Bogue Chitto, MS, US",31.3963133333,-90.6062916667,45,,,,45,,open,false,,,Wild Boar,Sus scrofa,Wild Boar,Mammalia,42134
202230709,7b9a886e-172c-4549-a971-a56e4d4e6b04,2024-03-10 11:58:05,2024-03-10,2024-03-10 17:58:05 +0100,Central Time (US & Canada),300627,joseph92,Joe Girgente,2024-03-13 02:38:45 +0100,2024-03-17 19:21:01 +0100,research,CC-BY,https://www.inaturalist.org/observations/202230709,https://inaturalist-open-data.s3.amazonaws.com/photos/357126340/medium.jpeg,,"",For the hog,1,0,false,2,"Ransom Canyon, TX 79364, USA",33.5105,-101.6212,,,,,,,open,false,gps,gps,Wild Boar,Sus scrofa,Wild Boar,Mammalia,42134
202233325,473d14a5-9c6d-4109-a078-fcde883d1df4,2024-03-08 06:32:21-06:00,2024-03-08,2024-03-08 13:32:21 +0100,Central Time (US & Canada),478333,beth_snow,,2024-03-13 03:08:09 +0100,2025-10-02 02:36:28 +0200,research,CC-BY,https://www.inaturalist.org/observations/202233325,https://inaturalist-open-data.s3.amazonaws.com/photos/357131798/medium.jpg,,"","",2,0,false,3,"Texas, US",29.6507021036,-98.6658910873,28,,,,29458,obscured,open,true,,,Wild Boar,Sus scrofa,Wild Boar,Mammalia,42134
202233485,d1dc8ab0-50b8-440a-9d72-3fcd8c6ddbef,2024-03-08 06:37:30-06:00,2024-03-08,2024-03-08 13:37:30 +0100,Central Time (US & Canada),478333,beth_snow,,2024-03-13 03:09:59 +0100,2025-10-02 02:36:28 +0200,research,CC-BY,https://www.inaturalist.org/observations/202233485,https://inaturalist-open-data.s3.amazonaws.com/photos/357132772/medium.jpg,,"","",1,0,false,3,"Texas, US",29.7943400564,-98.6178620733,16,,,,29458,obscured,open,true,,,Wild Boar,Sus scrofa,Wild Boar,Mammalia,42134
202270426,57c5be99-a75c-46b3-8850-6e98dd3a0917,2024-03-12 22:32:00-05:00,2024-03-12,2024-03-13 04:32:00 +0100,Central Time (US & Canada),32993,c_h_hemphill,CH Hemphill,2024-03-13 13:57:15 +0100,2024-03-13 16:22:58 +0100,research,CC-BY-NC,https://www.inaturalist.org/observations/202270426,https://inaturalist-open-data.s3.amazonaws.com/photos/357207147/medium.jpg,,"","",1,0,false,3,"Valera, TX, US",31.6711609285,-99.5953935371,25,,,,25,,open,false,,,Wild Boar,Sus scrofa,Wild Boar,Mammalia,42134
202298712,28a79e91-00b0-4b43-bead-750be806e044,2024/03/12 1:45 PM,2024-03-12,2024-03-12 19:45:00 +0100,Central Time (US & Canada),1012723,adfloyd,,2024-03-13 18:43:20 +0100,2024-03-13 18:51:21 +0100,research,CC-BY-NC,https://www.inaturalist.org/observations/202298712,https://inaturalist-open-data.s3.amazonaws.com/photos/357259617/medium.jpeg,,"",Prescribed burn,1,0,false,,"Tallahatchie County, MS, USA",33.7759659328,-90.1437410097,92,,,,92,,open,false,,,Wild Boar,Sus scrofa,Wild Boar,Mammalia,42134
202322446,c11ae1e8-79f9-4f70-8c23-a9015bffec4d,2024-03-12 16:19:32-05:00,2024-03-12,2024-03-12 22:19:32 +0100,Central Time (US & Canada),1036653,titus9,"",2024-03-13 21:55:48 +0100,2025-05-21 07:04:15 +0200,research,CC-BY-NC,https://www.inaturalist.org/observations/202322446,https://inaturalist-open-data.s3.amazonaws.com/photos/357306308/medium.jpg,,"","",2,0,false,3,"Sudie Lawton Ln, Ville Platte, LA, US",30.79953,-92.2862083333,4,,,,4,,open,false,,,Wild Boar,Sus scrofa,Wild Boar,Mammalia,42134
202330460,19dcc534-8f3c-429d-ac79-4e9d1a85d809,2024-03-13 14:43:05-04:00,2024-03-13,2024-03-13 19:43:05 +0100,Eastern Time (US & Canada),98904,jimw3,James K. Wetterer,2024-03-13 22:56:25 +0100,2025-05-21 07:04:14 +0200,research,CC-BY-NC,https://www.inaturalist.org/observations/202330460,https://inaturalist-open-data.s3.amazonaws.com/photos/357321248/medium.jpg,,"","",3,0,false,3,"Stuart, FL, US",26.97927,-80.3350916667,4,,,,4,,open,false,,,Wild Boar,Sus scrofa,Wild Boar,Mammalia,42134
202332476,8abedb69-3e3c-4a67-a499-daaf6dca971b,2024-03-13 17:09:43-05:00,2024-03-13,2024-03-13 23:09:43 +0100,Central Time (US & Canada),5594084,elaineross,Elaine Ross,2024-03-13 23:11:51 +0100,2025-05-23 10:37:35 +0200,research,CC-BY-NC,https://www.inaturalist.org/observations/202332476,https://inaturalist-open-data.s3.amazonaws.com/photos/357325065/medium.jpg,,"","",1,0,false,3,"Damon, TX, US",29.3218819507,-95.6583879676,372,,,,372,,open,false,,,Eurasian Wild Pig,Sus scrofa,Wild Boar,Mammalia,42134
202339876,08ade09d-0344-4a41-9e1f-fe656b89cb4d,2024/03/08 4:08 PM,2024-03-08,2024-03-08 22:08:00 +0100,Eastern Time (US & Canada),4036818,brendazzle,Brenda Hollingsworth,2024-03-14 00:13:29 +0100,2024-03-14 20:25:07 +0100,research,CC-BY-NC-ND,https://www.inaturalist.org/observations/202339876,https://static.inaturalist.org/photos/357338551/medium.jpg,,"",,2,0,false,,"Black Point Wildlife Drive, 1989 Scrub Jay Way, Florida, USA",28.6573789,-80.7544025,199,,,,199,,open,false,,,Wild Boar,Sus scrofa,Wild Boar,Mammalia,42134
202349794,8a452592-33aa-492a-a784-a1a4d222a4e7,2024/03/06 10:08 PM,2024-03-06,2024-03-07 05:08:00 +0100,Central Time (US & Canada),22589,sambiology,Sam Kieschnick,2024-03-14 01:52:07 +0100,2024-03-16 03:35:47 +0100,research,CC-BY,https://www.inaturalist.org/observations/202349794,https://inaturalist-open-data.s3.amazonaws.com/photos/357358468/medium.jpeg,,"","While I was gone to Saudi Arabia, I set up some trail cams at Cedar Hill State Park.  Lots of things showed up while I was gone!  :)",2,0,false,,"Cedar Hill, TX, USA",32.6061089996,-96.9907723837,4,,,,4,,open,false,,,Wild Boar,Sus scrofa,Wild Boar,Mammalia,42134
202351480,31d3e04d-4f41-4270-a83a-decfd8d291c1,2024/02/21 7:19 PM,2024-02-21,2024-02-22 02:19:00 +0100,Central Time (US & Canada),22589,sambiology,Sam Kieschnick,2024-03-14 02:08:12 +0100,2024-03-14 02:27:13 +0100,research,CC-BY,https://www.inaturalist.org/observations/202351480,https://inaturalist-open-data.s3.amazonaws.com/photos/357361707/medium.jpeg,,"","While I was gone to Saudi Arabia, I set up some trail cams at Cedar Hill State Park. Lots of things showed up while I was gone! :)",1,0,false,,"Cedar Hill, TX, USA",32.6074212018,-96.9906135545,4,,,,4,,open,false,,,Wild Boar,Sus scrofa,Wild Boar,Mammalia,42134
202357382,864ec7af-26fd-4660-a4fe-beb349097ec7,2024-03-13 12:20:19-05:00,2024-03-13,2024-03-13 18:20:19 +0100,Central Time (US & Canada),1504206,samanthaknapp,Samantha Knapp,2024-03-14 03:02:48 +0100,2024-03-18 18:14:42 +0100,research,,https://www.inaturalist.org/observations/202357382,https://static.inaturalist.org/photos/357373631/medium.jpg,,"","",1,0,false,3,"Arkansas, US",34.5745559688,-92.7417254433,117,,,,28818,obscured,open,true,,,Wild Boar,Sus scrofa,Wild Boar,Mammalia,42134
202358156,dc4ee15f-5483-4406-bafc-bcc0f2c04c73,2024/03/10 6:56 PM,2024-03-10,2024-03-10 23:56:00 +0100,Eastern Time (US & Canada),3410494,sauron978,Mr. Nature,2024-03-14 03:10:31 +0100,2025-05-21 07:04:11 +0200,research,CC-BY-NC,https://www.inaturalist.org/observations/202358156,https://inaturalist-open-data.s3.amazonaws.com/photos/357374716/medium.jpg,,"",,3,0,false,,"Goulds, FL, USA",25.5652601568,-80.4024979319,238,,,,238,,open,false,,,Wild Boar,Sus scrofa,Wild Boar,Mammalia,42134
202359606,82b387d1-d68b-4193-b65f-3f800edc1d22,2024-03-13 17:41:23,2024-03-13,2024-03-13 23:41:23 +0100,Central Time (US & Canada),333666,cjs041,Chris Shuck,2024-03-14 03:26:38 +0100,2024-03-14 14:55:20 +0100,research,CC-BY-NC,https://www.inaturalist.org/observations/202359606,https://inaturalist-open-data.s3.amazonaws.com/photos/357377791/medium.jpeg,,"",,1,0,false,2,"Spring, TX 77373, USA",30.0614962471,-95.3283564001,18,,,,18,,open,false,gps,gps,Wild Boar,Sus scrofa,Wild Boar,Mammalia,42134
202374614,4ff902e0-1014-4637-92f3-5871aac2617b,2024/03/13 7:21 PM,2024-03-13,2024-03-14 01:21:00 +0100,Central Time (US & Canada),1109260,puffin21,Michael Orgill,2024-03-14 07:11:11 +0100,2024-03-17 02:34:00 +0100,research,CC-BY-NC,https://www.inaturalist.org/observations/202374614,https://inaturalist-open-data.s3.amazonaws.com/photos/357407607/medium.jpeg,,"",,3,0,false,,"Calallen, Corpus Christi, TX, USA",27.8637219673,-97.6112026039,8,,,,8,,open,false,,,Wild Boar,Sus scrofa,Wild Boar,Mammalia,42134
202391226,4aa534a6-4cd4-4466-b12d-192644e3f11c,2024-03-13 17:33:59-07:00,2024-03-13,2024-03-14 01:33:59 +0100,Pacific Time (US & Canada),4436,eliaselias,Elias Aristides Elias,2024-03-14 12:42:42 +0100,2025-05-23 10:37:38 +0200,research,CC-BY,https://www.inaturalist.org/observations/202391226,https://static.inaturalist.org/photos/357440335/medium.jpg,,"","",2,0,false,3,"California City, CA, US",35.16942,-117.9400716667,4,,,,4,,open,false,,,Domestic Pig,Sus scrofa domesticus,Domestic Pig,Mammalia,324492
202425785,a07ccc0b-6c61-4cde-8017-a8cdd862b231,2024/03/11 12:42 PM,2024-03-11,2024-03-11 18:42:00 +0100,Central Time (US & Canada),112578,bosqueaaron,🌱 Aaron Lincoln 🌱,2024-03-14 18:47:52 +0100,2024-03-14 18:51:07 +0100,research,CC-BY-NC,https://www.inaturalist.org/observations/202425785,https://inaturalist-open-data.s3.amazonaws.com/photos/357504042/medium.jpeg,,"","",1,0,false,,"Bosque County, TX, USA",31.7083471943,-97.5891489313,2,,,,2,,open,false,,,Wild Boar,Sus scrofa,Wild Boar,Mammalia,42134
202525156,335558bb-09e0-4148-88a0-9521b9240705,2024-03-15 08:49:04-05:00,2024-03-15,2024-03-15 14:49:04 +0100,Central Time (US & Canada),2386527,marathonvet,"",2024-03-15 14:50:54 +0100,2024-03-15 14:52:11 +0100,research,CC-BY-NC,https://www.inaturalist.org/observations/202525156,https://inaturalist-open-data.s3.amazonaws.com/photos/357695885/medium.jpg,,"","",1,0,false,3,"Krueger Canyon, New Braunfels, TX, US",29.6696335087,-98.1960072474,4,,,,4,,open,false,,,Wild Boar,Sus scrofa,Wild Boar,Mammalia,42134
202529007,cdcd8b39-1a23-44d1-8291-93b094911b31,2024-03-15 09:28:59-05:00,2024-03-15,2024-03-15 15:28:59 +0100,Central Time (US & Canada),19252,cbeversole,Cord Eversole,2024-03-15 15:29:15 +0100,2024-03-15 15:40:07 +0100,research,CC-BY-NC,https://www.inaturalist.org/observations/202529007,https://inaturalist-open-data.s3.amazonaws.com/photos/357702665/medium.jpg,,"","",1,0,false,3,"Richmond, TX, US",29.4237516469,-95.7272360935,9,,,,9,,open,false,,,Wild Boar,Sus scrofa,Wild Boar,Mammalia,42134
202564167,c1071015-2ac6-493c-8e3a-ee391397d59b,2024-01-25 15:35:01-05:00,2024-01-25,2024-01-25 21:35:01 +0100,Eastern Time (US & Canada),7421930,mcrowder007,,2024-03-15 20:52:05 +0100,2024-03-15 21:43:07 +0100,research,CC-BY-NC,https://www.inaturalist.org/observations/202564167,https://inaturalist-open-data.s3.amazonaws.com/photos/357769905/medium.jpg,,"","",1,0,false,3,"Canaveral National Seashore, Titusville, FL, US",28.642745,-80.7361666667,4,,,,4,,open,false,,,Wild Boar,Sus scrofa,Wild Boar,Mammalia,42134
202589535,952f6b6e-efb3-4837-a36c-c806f99c5d8f,2024/03/15 1:24 PM,2024-03-15,2024-03-15 19:24:00 +0100,Central Time (US & Canada),1000661,ccgibbons,"",2024-03-16 00:36:49 +0100,2024-04-10 00:48:11 +0200,research,,https://www.inaturalist.org/observations/202589535,https://inaturalist-open-data.s3.amazonaws.com/photos/357789144/medium.jpeg,,"",,3,0,false,,"Aransas County, TX, USA",28.2658274795,-96.8064407472,2431,,,,2431,,open,false,,,Wild Boar,Sus scrofa,Wild Boar,Mammalia,42134
202595152,03afee72-691b-43c3-bdb7-12a72a4f2fd6,2024-03-15 19:25:58-05:00,2024-03-15,2024-03-16 01:25:58 +0100,Central Time (US & Canada),7810429,toadoad,,2024-03-16 01:32:51 +0100,2025-05-21 07:04:08 +0200,research,CC-BY-NC,https://www.inaturalist.org/observations/202595152,https://inaturalist-open-data.s3.amazonaws.com/photos/357838136/medium.jpg,,"","Found in the forest, within 100ft of some other bones",1,0,false,3,"Ben Wheeler, TX, US",32.4067992851,-95.7794584111,359,,,,359,,open,false,,,Wild Boar,Sus scrofa,Wild Boar,Mammalia,42134
202598846,66592366-65da-4ece-bd88-5d13ee912104,2024-03-15 19:26:44-05:00,2024-03-15,2024-03-16 01:26:44 +0100,Central Time (US & Canada),7810429,toadoad,,2024-03-16 02:14:36 +0100,2024-03-18 05:42:48 +0100,research,CC-BY-NC,https://www.inaturalist.org/observations/202598846,https://inaturalist-open-data.s3.amazonaws.com/photos/357837697/medium.jpg,,"","Found in the forest within 100ft of other bones. Im thinking the back of a skull, but not sure. Order of pictures is left, front, right, back, top, bottom",1,0,false,3,"Ben Wheeler, TX, US",32.4069948469,-95.7791825958,514,,,,514,,open,false,,,Wild Boar,Sus scrofa,Wild Boar,Mammalia,42134
202599093,df7bcbac-49b5-4b9a-8722-2a2c9c2709f7,2024-03-15 20:15:00-05:00,2024-03-15,2024-03-16 02:15:00 +0100,Central Time (US & Canada),32993,c_h_hemphill,CH Hemphill,2024-03-16 02:17:05 +0100,2024-03-16 03:10:32 +0100,research,CC-BY-NC,https://www.inaturalist.org/observations/202599093,https://inaturalist-open-data.s3.amazonaws.com/photos/357836495/medium.jpg,,"","",1,0,false,3,"Valera, TX, US",31.6711636591,-99.5953724353,25,,,,25,,open,false,,,Wild Boar,Sus scrofa,Wild Boar,Mammalia,42134
202617634,fed9afb9-1589-46d0-8d77-33630b86cbd8,2024/03/15 4:42 PM,2024-03-15,2024-03-15 22:42:00 +0100,Central Time (US & Canada),6690,sandboa,Chris Harrison,2024-03-16 06:18:59 +0100,2024-09-23 18:19:19 +0200,research,CC-BY,https://www.inaturalist.org/observations/202617634,https://inaturalist-open-data.s3.amazonaws.com/photos/357872830/medium.jpg,,"",,1,0,false,,"Calhoun County, TX, USA",28.2443883333,-96.7993027783,,,,,,,open,false,,,Wild Boar,Sus scrofa,Wild Boar,Mammalia,42134
202660807,97994a32-247a-47e7-9337-4043fcb8ca1e,2024-03-15 12:44:23,2024-03-15,2024-03-15 18:44:23 +0100,Central Time (US & Canada),5182884,jurassicbro238,Alessandro Franchini,2024-03-16 16:02:45 +0100,2024-10-14 23:02:08 +0200,research,CC-BY,https://www.inaturalist.org/observations/202660807,https://inaturalist-open-data.s3.amazonaws.com/photos/357951858/medium.jpeg,,"",,4,0,false,2,"Padre Island, Corpus Christi, TX, USA",27.6652334,-97.1815943997,,,,,,,open,false,gps,gps,Wild Boar,Sus scrofa,Wild Boar,Mammalia,42134
202681136,b2edc110-e14f-4e59-9df9-9514163c4425,2024/03/14 2:25 PM,2024-03-14,2024-03-14 20:25:00 +0100,Central Time (US & Canada),361075,kathymcaleese,Kathy McAleese,2024-03-16 18:21:34 +0100,2024-06-26 21:22:44 +0200,research,CC-BY-NC,https://www.inaturalist.org/observations/202681136,https://inaturalist-open-data.s3.amazonaws.com/photos/357988013/medium.jpeg,,"","",2,0,false,,"McMullen County, TX, USA",28.47172,-98.3397433333,,,,,,,open,false,,,Wild Boar,Sus scrofa,Wild Boar,Mammalia,42134
202743176,e8615507-27e7-4dab-a04e-cd0b9ddb83ca,2024-03-16 17:16:00-05:00,2024-03-16,2024-03-16 23:16:00 +0100,Central Time (US & Canada),32993,c_h_hemphill,CH Hemphill,2024-03-17 01:15:32 +0100,2024-03-17 04:29:33 +0100,research,CC-BY-NC,https://www.inaturalist.org/observations/202743176,https://inaturalist-open-data.s3.amazonaws.com/photos/358106454/medium.jpg,,"","",1,0,false,3,"Valera, TX, US",31.6679848527,-99.5832180559,25,,,,25,,open,false,,,Wild Boar,Sus scrofa,Wild Boar,Mammalia,42134
202752557,88e1872a-5e95-4283-a3a2-18099a2ea843,2024/03/14 3:16 PM,2024-03-14,2024-03-14 21:16:00 +0100,Central Time (US & Canada),966121,meganphillipslowery,,2024-03-17 02:37:31 +0100,2024-03-17 13:36:38 +0100,research,CC-BY-NC,https://www.inaturalist.org/observations/202752557,https://inaturalist-open-data.s3.amazonaws.com/photos/358092862/medium.jpeg,,"","",2,0,false,,"McMullen County, TX, USA",28.4717766667,-98.3397266667,,,,,,,open,false,,,Wild Boar,Sus scrofa,Wild Boar,Mammalia,42134
202878773,0afc2918-726b-4f75-b55d-d13113dc3e68,2024-03-16 18:17:51-04:00,2024-03-16,2024-03-16 23:17:51 +0100,Central Time (US & Canada),5713315,thesnakefromthelemma,,2024-03-17 22:04:18 +0100,2024-03-18 03:55:13 +0100,research,CC-BY-NC,https://www.inaturalist.org/observations/202878773,https://inaturalist-open-data.s3.amazonaws.com/photos/358364818/medium.jpg,,"","",1,0,false,3,"County Road 25, Damon, TX, US",29.2143716667,-95.5983366667,,,,,,,open,false,,,Sus scrofa,Sus scrofa,Wild Boar,Mammalia,42134
202884137,d05ca1ee-b3bb-4d77-b2dc-3989687458f6,2024-03-17 16:27:53-05:00,2024-03-17,2024-03-17 22:27:53 +0100,Central Time (US & Canada),6309763,kathleenf211,,2024-03-17 22:39:58 +0100,2024-03-18 03:54:50 +0100,research,CC-BY-NC,https://www.inaturalist.org/observations/202884137,https://inaturalist-open-data.s3.amazonaws.com/photos/358392993/medium.jpg,,"","",1,0,false,3,"Menchaca Rd, Helotes, TX, US",29.606105,-98.6858883333,17,,,,17,,open,false,,,Wild Boar,Sus scrofa,Wild Boar,Mammalia,42134
202891566,7e94d04e-02d7-4b22-9c1c-d6f2cb59ae76,2024/03/07 3:46 AM,2024-03-07,2024-03-07 10:46:00 +0100,Central Time (US & Canada),7356184,masonfinley55,Mason Finley,2024-03-17 23:29:55 +0100,2024-03-18 03:54:29 +0100,research,CC-BY-NC,https://www.inaturalist.org/observations/202891566,https://inaturalist-open-data.s3.amazonaws.com/photos/358388531/medium.jpeg,,crpj,,1,0,false,,"Texas, US",30.985144004,-97.679850149,5,,,,29304,obscured,open,true,,,Wild Boar,Sus scrofa,Wild Boar,Mammalia,42134
202891570,e2efe969-0ca8-4d26-a002-31448723a5eb,2024/03/07 3:46AM,2024-03-07,2024-03-07 10:46:00 +0100,Central Time (US & Canada),7356184,masonfinley55,Mason Finley,2024-03-17 23:29:56 +0100,2024-03-18 03:54:27 +0100,research,CC-BY-NC,https://www.inaturalist.org/observations/202891570,https://inaturalist-open-data.s3.amazonaws.com/photos/358388546/medium.jpg,,crpj,,1,0,false,,"Texas, US",30.8747087696,-97.7447815385,5,,,,29304,obscured,open,true,,,Wild Boar,Sus scrofa,Wild Boar,Mammalia,42134
202913739,9dce2478-9308-4d0f-9e33-116f1e6bd7c6,2024-03-11 13:34:57-05:00,2024-03-11,2024-03-11 19:34:57 +0100,Central Time (US & Canada),1245911,margaretvincent-ul,Margaret Vincent,2024-03-18 02:19:03 +0100,2024-03-20 04:19:37 +0100,research,CC-BY-NC,https://www.inaturalist.org/observations/202913739,https://inaturalist-open-data.s3.amazonaws.com/photos/358434978/medium.jpg,,"","",2,0,false,3,"Southwest Bayou, Grand Chenier, LA, US",29.69268,-92.676405,9,,,,9,,open,false,,,Wild Boar,Sus scrofa,Wild Boar,Mammalia,42134
202977088,62bb77e4-ca0c-4db9-8449-c5ed8f532a82,2024/03/16 6:35 AM,2024-03-16,2024-03-16 12:35:00 +0100,Central Time (US & Canada),91751,czktex,John Maresh,2024-03-18 15:59:08 +0100,2024-03-19 23:11:12 +0100,research,CC-BY-NC,https://www.inaturalist.org/observations/202977088,https://inaturalist-open-data.s3.amazonaws.com/photos/358557270/medium.jpg,,"",Victoria Co.,2,0,false,,"Victoria County, TX, USA",28.747433,-96.739962,140,,,,140,,open,false,,,Wild Boar,Sus scrofa,Wild Boar,Mammalia,42134
203018915,c59ded76-5d20-4724-96ba-a5ed42479a90,2024/03/16 7:57 AM,2024-03-16,2024-03-16 13:57:00 +0100,Central Time (US & Canada),4731658,centex,,2024-03-18 21:45:49 +0100,2024-03-20 23:45:52 +0100,research,,https://www.inaturalist.org/observations/203018915,https://static.inaturalist.org/photos/358633597/medium.jpeg,,"",Cleburne SP,2,0,false,,"Johnson County, TX, USA",32.2715653611,-97.5584733751,180,,,,180,,open,false,,,Wild Boar,Sus scrofa,Wild Boar,Mammalia,42134
203019655,63c24492-59ba-4134-a739-571acbbaa148,2024/03/13 4:55 PM,2024-03-13,2024-03-13 22:55:00 +0100,Central Time (US & Canada),7396914,leeemma-animals,,2024-03-18 21:51:44 +0100,2024-04-13 00:42:45 +0200,research,CC-BY-NC,https://www.inaturalist.org/observations/203019655,https://inaturalist-open-data.s3.amazonaws.com/photos/358612444/medium.jpg,,"",,3,0,false,,"McMullen County, TX, USA",28.482556772,-98.3523257061,2,,,,2,,open,false,,,Wild Boar,Sus scrofa,Wild Boar,Mammalia,42134
203038156,3adb8500-a622-4092-9fb9-3af2772eefc9,2024/03/13 ,2024-03-13,,Eastern Time (US & Canada),491988,pucak,Joan Knapp,2024-03-19 00:27:58 +0100,2024-11-16 14:37:06 +0100,research,CC-BY-ND,https://www.inaturalist.org/observations/203038156,https://inaturalist-open-data.s3.amazonaws.com/photos/358673093/medium.jpg,,"Mammal, Sus scrofa, Wild Boar, Georgia, Oglethorpe County",One of a herd of at least a dozen.,2,0,false,,"Oglethorpe County, GA, USA",33.78265,-83.260967,,,,,,,open,false,,,Eurasian Wild Pig,Sus scrofa,Wild Boar,Mammalia,42134
203063067,2f9ef17f-b889-4515-880a-1e527422fb22,2024/03/18 4:16 PM,2024-03-18,2024-03-18 22:16:00 +0100,Central Time (US & Canada),26296,connlindajo,Linda Jo Conn,2024-03-19 04:42:23 +0100,2024-11-16 17:19:35 +0100,research,CC-BY,https://www.inaturalist.org/observations/203063067,https://inaturalist-open-data.s3.amazonaws.com/photos/358718801/medium.jpeg,,"",Signs of wild hogs behind the TAMU University Services Building off Old Ti Rd. ,1,0,false,,"University Services Building, College Station, Brazos Co, TX, USA",30.6470568328,-96.2971037556,10,,,,10,,open,false,,,Wild Boar,Sus scrofa,Wild Boar,Mammalia,42134
203112483,ce4afa0b-90b7-45c3-9710-3a43992293b9,2024-03-07 13:27:24-05:00,2024-03-07,2024-03-07 19:27:24 +0100,America/Nassau,7778088,lukewimmer,,2024-03-19 16:39:07 +0100,2025-05-23 10:37:52 +0200,research,CC-BY-NC,https://www.inaturalist.org/observations/203112483,https://inaturalist-open-data.s3.amazonaws.com/photos/358814632/medium.jpg,,"","",2,0,false,3,BS,25.7009216667,-79.3064716667,,,,,,,open,false,,,Domestic Pig,Sus scrofa domesticus,Domestic Pig,Mammalia,324492
203127151,3efe5e90-c141-4225-95bd-2bd8442a7594,2024-03-18 15:15:10-04:00,2024-03-18,2024-03-18 20:15:10 +0100,Eastern Time (US & Canada),6515410,toocleanforlean,,2024-03-19 18:41:05 +0100,2024-03-20 00:37:11 +0100,research,CC-BY-NC,https://www.inaturalist.org/observations/203127151,https://inaturalist-open-data.s3.amazonaws.com/photos/358840317/medium.jpg,,"","found dead, half body missing. there’s a pack of coyotes present around the area, not sure if that’s what killed this thing.",2,0,false,3,"12th St, Lake Park, FL, US",26.7975459015,-80.0781593446,223,,,,223,,open,false,,,Wild Boar,Sus scrofa,Wild Boar,Mammalia,42134
203133829,09a689f4-6de2-49f0-b576-88760ba0a4c1,2024-03-19 12:03:38-05:00,2024-03-19,2024-03-19 18:03:38 +0100,Central Time (US & Canada),1390823,naturallycq,Constance Quigley,2024-03-19 19:31:16 +0100,2024-03-20 23:41:54 +0100,research,,https://www.inaturalist.org/observations/203133829,https://static.inaturalist.org/photos/358852402/medium.jpg,,"","",1,0,false,3,"Sandy Point Rd, Wimberley, TX, US",30.0509861667,-98.2250366667,34,,,,34,,open,false,,,Wild Boar,Sus scrofa,Wild Boar,Mammalia,42134
203151767,b5dca5ae-9051-47dc-91df-9fd7b9f1f920,2024-03-18 15:58:00-05:00,2024-03-18,2024-03-18 21:58:00 +0100,Central Time (US & Canada),421879,kyle_klotz,Kyle Klotz,2024-03-19 21:59:48 +0100,2024-03-21 00:19:42 +0100,research,,https://www.inaturalist.org/observations/203151767,https://static.inaturalist.org/photos/358886343/medium.jpg,,"","",2,0,false,3,"Texas, US",26.3747180294,-97.2803911267,166,,,,29868,obscured,open,true,,,Wild Boar,Sus scrofa,Wild Boar,Mammalia,42134
203233412,a5294a33-300c-4ba7-beff-61e7294fd528,2024-03-19 09:16:53-04:00,2024-03-19,2024-03-19 14:16:53 +0100,Eastern Time (US & Canada),5474136,hot4plants,Kevin Conley,2024-03-20 15:50:06 +0100,2024-03-20 18:02:44 +0100,research,,https://www.inaturalist.org/observations/203233412,https://static.inaturalist.org/photos/359045862/medium.jpg,,"","",1,0,false,3,"SC-11, Sunset, SC, US",34.9285666667,-82.8908466667,4,,,,4,,open,false,,,Wild Boar,Sus scrofa,Wild Boar,Mammalia,42134
203259744,e8d8e1aa-5cc4-4f0d-95ca-28357021816a,2024-03-20 11:57:43-04:00,2024-03-20,2024-03-20 16:57:43 +0100,Eastern Time (US & Canada),98904,jimw3,James K. Wetterer,2024-03-20 19:41:34 +0100,2025-05-23 10:38:15 +0200,research,CC-BY-NC,https://www.inaturalist.org/observations/203259744,https://inaturalist-open-data.s3.amazonaws.com/photos/359095449/medium.jpg,,"","",3,1,false,3,"SW Shawnee Ave, Indiantown, FL, US",27.024125,-80.4637966667,4,,,,4,,open,false,,,Domestic Pig,Sus scrofa domesticus,Domestic Pig,Mammalia,324492
203271655,a79cf414-663e-41b0-bdce-02b97fc010e5,2024/03/20 11:03 AM,2024-03-20,2024-03-20 16:03:00 +0100,Eastern Time (US & Canada),371538,tpalmer,Tom Palmer,2024-03-20 21:27:56 +0100,2024-03-21 04:00:23 +0100,research,CC-BY-NC,https://www.inaturalist.org/observations/203271655,https://inaturalist-open-data.s3.amazonaws.com/photos/359117165/medium.jpeg,,"",,1,0,false,,"Polk County, FL, USA",27.8239555587,-81.3589025896,122,,,,122,,open,false,,,Wild Boar,Sus scrofa,Wild Boar,Mammalia,42134
203287781,48f433c9-28ad-4f1c-905c-877c385da1be,2024-03-20 08:17:19-05:00,2024-03-20,2024-03-20 14:17:19 +0100,Central Time (US & Canada),7892354,ryan10909,Ryan Bien,2024-03-20 23:48:47 +0100,2024-03-21 00:08:53 +0100,research,,https://www.inaturalist.org/observations/203287781,https://static.inaturalist.org/photos/359147548/medium.jpg,,"","",1,0,false,3,"Iola, TX, US",30.7917028904,-96.0263069402,26,,,,26,,open,false,,,Wild Boar,Sus scrofa,Wild Boar,Mammalia,42134
203291920,b54a2cf5-57a6-4672-a85c-1a5c8d062333,2024-03-20 12:49:45-05:00,2024-03-20,2024-03-20 18:49:45 +0100,Central Time (US & Canada),1976929,profspinifera,Danielle Brosend,2024-03-21 00:25:43 +0100,2024-03-21 00:51:33 +0100,research,CC-BY-NC,https://www.inaturalist.org/observations/203291920,https://inaturalist-open-data.s3.amazonaws.com/photos/359155515/medium.jpg,,"","",1,0,false,3,"Oklahoma, US",34.926244251,-94.8074285631,7,,,,28762,obscured,open,true,,,Wild Boar,Sus scrofa,Wild Boar,Mammalia,42134
203355327,553631b3-4c88-4b44-85f5-b15a0709cd33,2024/03/20 12:30 PM,2024-03-20,2024-03-20 17:30:00 +0100,Eastern Time (US & Canada),208854,johngrego,"",2024-03-21 15:44:55 +0100,2025-05-23 10:38:20 +0200,research,CC-BY-NC,https://www.inaturalist.org/observations/203355327,https://inaturalist-open-data.s3.amazonaws.com/photos/359276410/medium.jpeg,,"",,2,0,false,,"Richland County, SC, USA",33.8061939405,-80.7160236768,80,,,,80,,open,false,,,Wild Boar,Sus scrofa,Wild Boar,Mammalia,42134
203385199,8ee08371-7900-492a-a715-d9a6d8344615,2024/03/16 11:35 AM,2024-03-16,2024-03-16 17:35:00 +0100,Central Time (US & Canada),5349844,ericcameron,Eric Cameron,2024-03-21 20:26:55 +0100,2025-01-29 04:07:21 +0100,research,CC-BY-NC,https://www.inaturalist.org/observations/203385199,https://inaturalist-open-data.s3.amazonaws.com/photos/359334275/medium.jpeg,,"",,2,0,false,,"Kleberg County, TX, USA",27.5126099562,-98.0058788677,1062,,,,1062,,open,false,,,Wild Boar,Sus scrofa,Wild Boar,Mammalia,42134
203418111,363d5011-b99f-4496-84f0-1ec1ddf2d269,2024-03-21 16:04:11,2024-03-21,2024-03-21 21:04:11 +0100,Eastern Time (US & Canada),5018603,scrubfae,Joe Alec King,2024-03-22 01:48:46 +0100,2024-03-22 03:48:08 +0100,research,CC-BY-NC-ND,https://www.inaturalist.org/observations/203418111,https://inaturalist-open-data.s3.amazonaws.com/photos/359398756/medium.jpeg,,"",,1,0,false,2,"Florida, US",28.584713666,-81.0201829403,,,,,29607,obscured,open,true,gps,gps,Wild Boar,Sus scrofa,Wild Boar,Mammalia,42134
203423223,6e30d673-8560-4c83-86d1-2cd24b4bfa0a,2024-01-16 17:03:48-05:00,2024-01-16,2024-01-16 23:03:48 +0100,Eastern Time (US & Canada),5305939,syncat,,2024-03-22 02:50:44 +0100,2024-03-22 04:16:14 +0100,research,CC-BY-NC,https://www.inaturalist.org/observations/203423223,https://inaturalist-open-data.s3.amazonaws.com/photos/359409273/medium.jpg,,"","",2,0,false,3,"De Leon Dr, North Port, FL, US",27.0545195,-82.2700283333,4,,,,4,,open,false,,,Wild Boar,Sus scrofa,Wild Boar,Mammalia,42134
203426972,c9d4de13-1233-4252-a9f0-3a435a840818,2024-01-12,2024-01-12,,Eastern Time (US & Canada),7892953,team_ziggy,"",2024-03-22 03:38:00 +0100,2024-03-30 23:33:58 +0100,research,CC-BY-NC,https://www.inaturalist.org/observations/203426972,https://inaturalist-open-data.s3.amazonaws.com/photos/359416891/medium.jpeg,,"",,1,0,false,2,"Kershaw, SC 29067, USA",34.5696234005,-80.5858698115,228,,,,228,,open,false,gps,gps,Wild Boar,Sus scrofa,Wild Boar,Mammalia,42134
203466705,eda02d7d-2c4e-44ac-8dc1-75ab555cec70,2024/03/08 12:36 AM,2024-03-08,2024-03-08 07:36:00 +0100,Central Time (US & Canada),5982438,kwood1,KWood,2024-03-22 14:29:17 +0100,2024-03-22 15:29:02 +0100,research,CC-BY-NC,https://www.inaturalist.org/observations/203466705,https://inaturalist-open-data.s3.amazonaws.com/photos/359494288/medium.jpeg,,"",,2,0,false,,"Texas, US",29.7847383083,-98.6458781466,2,,,,29458,obscured,open,true,,,Wild Boar,Sus scrofa,Wild Boar,Mammalia,42134
203506773,2815b111-e42c-447b-9da1-e7ac3e3025e2,2024-03-22 10:37:24-05:00,2024-03-22,2024-03-22 16:37:24 +0100,Central Time (US & Canada),148447,jhamby,Jerry Hamby,2024-03-22 21:09:34 +0100,2024-03-25 16:40:32 +0100,research,CC-BY-NC,https://www.inaturalist.org/observations/203506773,https://inaturalist-open-data.s3.amazonaws.com/photos/359570335/medium.jpg,,"","",2,0,false,3,"Alvord, TX, US",33.3968583333,-97.579925,4,,,,4,,open,false,,,Wild Boar,Sus scrofa,Wild Boar,Mammalia,42134
203525921,3de4614e-c985-458e-a2a3-bae681f1ae6e,2024-03-22 12:51:00-05:00,2024-03-22,2024-03-22 18:51:00 +0100,Central Time (US & Canada),32993,c_h_hemphill,CH Hemphill,2024-03-23 00:06:25 +0100,2024-03-23 00:35:58 +0100,research,CC-BY-NC,https://www.inaturalist.org/observations/203525921,https://inaturalist-open-data.s3.amazonaws.com/photos/359607033/medium.jpg,,"","",1,0,false,3,"Valera, TX, US",31.6711589302,-99.5953831708,25,,,,25,,open,false,,,Wild Boar,Sus scrofa,Wild Boar,Mammalia,42134
203531839,89be528f-8b9b-43ac-a9ce-a776e744fe7c,2024-03-16 08:57:48-05:00,2024-03-16,2024-03-16 14:57:48 +0100,Central Time (US & Canada),2452350,mhollenshead,Melanie Hollenshead,2024-03-23 01:04:12 +0100,2024-03-24 04:07:48 +0100,research,CC-BY-NC,https://www.inaturalist.org/observations/203531839,https://inaturalist-open-data.s3.amazonaws.com/photos/359619006/medium.jpg,,"","",2,0,false,3,"Freeport, TX, US",29.0595888333,-95.2705466667,4,,,,4,,open,false,,,Wild Boar,Sus scrofa,Wild Boar,Mammalia,42134
203592767,e19e6dfe-b4c8-40ab-b8ef-d51f1b8e1b11,2024/03/21 3:52 PM,2024-03-21,2024-03-21 21:52:00 +0100,Central Time (US & Canada),18812,mako252,Jon McIntyre,2024-03-23 15:34:04 +0100,2024-03-25 22:48:28 +0100,research,CC-BY-NC,https://www.inaturalist.org/observations/203592767,https://inaturalist-open-data.s3.amazonaws.com/photos/359734371/medium.jpeg,,"",,3,0,false,,"Aransas County, TX, USA",28.2784388154,-96.8082471529,15,,,,15,,open,false,,,Wild Boar,Sus scrofa,Wild Boar,Mammalia,42134
203595057,809ea22a-6b37-4a9c-9ad4-3a25f2ea0391,2024/03/21 4:53 PM,2024-03-21,2024-03-21 22:53:00 +0100,Central Time (US & Canada),18812,mako252,Jon McIntyre,2024-03-23 15:52:27 +0100,2024-03-25 22:55:37 +0100,research,CC-BY-NC,https://www.inaturalist.org/observations/203595057,https://inaturalist-open-data.s3.amazonaws.com/photos/359738432/medium.jpeg,,"",,1,0,false,,"Aransas County, TX, USA",28.2419684003,-96.8245446265,8,,,,8,,open,false,,,Wild Boar,Sus scrofa,Wild Boar,Mammalia,42134
203598779,efa2dbff-9178-4fee-994f-234650e97dc2,2024-03-20 18:13:48,2024-03-20,2024-03-21 00:13:48 +0100,Central Time (US & Canada),987298,alexpeichel,Alex,2024-03-23 16:20:43 +0100,2024-03-24 20:22:44 +0100,research,CC0,https://www.inaturalist.org/observations/203598779,https://inaturalist-open-data.s3.amazonaws.com/photos/359744889/medium.jpeg,,"",,2,0,false,2,"Hidalgo County, US-TX, US",26.17461675,-98.38123041,9,,,,9,,open,false,,,Wild Boar,Sus scrofa,Wild Boar,Mammalia,42134
203666790,35bbeabe-b0b0-41c9-afd4-9f5f8008b9b9,2024-03-13 02:00:00-05:00,2024-03-13,2024-03-13 08:00:00 +0100,Central Time (US & Canada),540918,sandyleau,Sandy Underwood,2024-03-24 00:46:21 +0100,2024-11-17 18:15:20 +0100,research,CC-BY-NC-ND,https://www.inaturalist.org/observations/203666790,https://inaturalist-open-data.s3.amazonaws.com/photos/359873958/medium.jpg,,"","",1,0,false,3,"Wichita Falls, TX, US",33.8561990093,-98.4756441707,372,,,,372,,open,false,,,Wild Boar,Sus scrofa,Wild Boar,Mammalia,42134
203667228,d9f353a6-6bbd-45ad-8c6e-d0abf700a757,2024-03-19 05:18:00-05:00,2024-03-19,2024-03-19 11:18:00 +0100,Central Time (US & Canada),540918,sandyleau,Sandy Underwood,2024-03-24 00:50:08 +0100,2024-11-17 18:15:21 +0100,research,CC-BY-NC-ND,https://www.inaturalist.org/observations/203667228,https://inaturalist-open-data.s3.amazonaws.com/photos/359874984/medium.jpg,,"",4 in video ,1,0,false,3,"Wichita Falls, TX, US",33.8560350824,-98.4755890608,372,,,,372,,open,false,,,Wild Boar,Sus scrofa,Wild Boar,Mammalia,42134
203667592,f118c475-65bc-4701-8a7c-859dc7a79d3a,2024-03-20 20:36:00-05:00,2024-03-20,2024-03-21 02:36:00 +0100,Central Time (US & Canada),540918,sandyleau,Sandy Underwood,2024-03-24 00:53:00 +0100,2024-11-17 18:15:23 +0100,research,CC-BY-NC-ND,https://www.inaturalist.org/observations/203667592,https://inaturalist-open-data.s3.amazonaws.com/photos/359875856/medium.jpg,,"",Too many to count. Adults and piglets.,1,0,false,3,"Wichita Falls, TX, US",33.8559167353,-98.4756401744,372,,,,372,,open,false,,,Wild Boar,Sus scrofa,Wild Boar,Mammalia,42134
203667700,f6359386-4993-4728-8967-11b50a7b15c8,2024-03-21 08:36:57-05:00,2024-03-21,2024-03-21 14:36:57 +0100,Central Time (US & Canada),540918,sandyleau,Sandy Underwood,2024-03-24 00:53:47 +0100,2024-11-17 18:15:25 +0100,research,CC-BY-NC-ND,https://www.inaturalist.org/observations/203667700,https://inaturalist-open-data.s3.amazonaws.com/photos/359876125/medium.jpg,,"","",1,0,false,3,"Wichita Falls, TX, US",33.8560887644,-98.4757932752,372,,,,372,,open,false,,,Wild Boar,Sus scrofa,Wild Boar,Mammalia,42134
203667752,5c466eae-9415-48f5-b830-a238286a4252,2024-03-20 09:26:10-05:00,2024-03-20,2024-03-20 15:26:10 +0100,Central Time (US & Canada),540918,sandyleau,Sandy Underwood,2024-03-24 00:54:07 +0100,2024-11-17 18:15:25 +0100,research,CC-BY-NC-ND,https://www.inaturalist.org/observations/203667752,https://inaturalist-open-data.s3.amazonaws.com/photos/359876227/medium.jpg,,"","",1,0,false,3,"Wichita Falls, TX, US",33.8561820283,-98.4758284322,372,,,,372,,open,false,,,Wild Boar,Sus scrofa,Wild Boar,Mammalia,42134
203667802,5fed542d-7773-4c4b-b06a-9a00d9ca11dc,2024-03-19 08:30:30-05:00,2024-03-19,2024-03-19 14:30:30 +0100,Central Time (US & Canada),540918,sandyleau,Sandy Underwood,2024-03-24 00:54:28 +0100,2024-11-17 18:15:27 +0100,research,CC-BY-NC-ND,https://www.inaturalist.org/observations/203667802,https://inaturalist-open-data.s3.amazonaws.com/photos/359876338/medium.jpg,,"","",1,0,false,3,"Wichita Falls, TX, US",33.8557893378,-98.4757374673,372,,,,372,,open,false,,,Wild Boar,Sus scrofa,Wild Boar,Mammalia,42134
203667885,ecba22df-5bd4-4a92-8640-fbf44e7f0893,2024-03-12 07:03:59-05:00,2024-03-12,2024-03-12 13:03:59 +0100,Central Time (US & Canada),540918,sandyleau,Sandy Underwood,2024-03-24 00:55:14 +0100,2024-11-17 18:15:28 +0100,research,CC-BY-NC-ND,https://www.inaturalist.org/observations/203667885,https://inaturalist-open-data.s3.amazonaws.com/photos/359876536/medium.jpg,,"","",1,0,false,3,"Wichita Falls, TX, US",33.8562144542,-98.4756415636,372,,,,372,,open,false,,,Wild Boar,Sus scrofa,Wild Boar,Mammalia,42134
203667949,9b54271c-e142-4ca2-8eae-d2df3e501e49,2024-03-10 16:36:32-05:00,2024-03-10,2024-03-10 22:36:32 +0100,Central Time (US & Canada),540918,sandyleau,Sandy Underwood,2024-03-24 00:55:37 +0100,2024-11-17 18:15:29 +0100,research,CC-BY-NC-ND,https://www.inaturalist.org/observations/203667949,https://inaturalist-open-data.s3.amazonaws.com/photos/359876667/medium.jpg,,"","",1,0,false,3,"Wichita Falls, TX, US",33.856124308,-98.4759521342,372,,,,372,,open,false,,,Wild Boar,Sus scrofa,Wild Boar,Mammalia,42134
203671444,eb1d7f46-a289-4e6c-8aa4-9a695512fe5e,2024-03-23 17:26:11-07:00,2024-03-23,2024-03-24 01:26:11 +0100,Pacific Time (US & Canada),2943356,rachaelkirkcortez,rachael kirk-cortez,2024-03-24 01:28:37 +0100,2025-05-23 10:38:24 +0200,research,,https://www.inaturalist.org/observations/203671444,https://static.inaturalist.org/photos/359898935/medium.jpg,,"","",1,0,false,3,"Henry W. Coe State Park, Morgan Hill, CA, US",37.1622283949,-121.5201793468,5077,,,,5077,,open,false,,,Wild Boar,Sus scrofa,Wild Boar,Mammalia,42134
203684484,91972726-3622-4d52-8719-3308cfcdc0a9,2024/02/10 9:26 AM,2024-02-10,2024-02-10 16:26:00 +0100,Central Time (US & Canada),6483322,birdnerd78253,,2024-03-24 03:33:59 +0100,2024-03-27 21:41:08 +0100,research,CC-BY-NC,https://www.inaturalist.org/observations/203684484,https://inaturalist-open-data.s3.amazonaws.com/photos/359908989/medium.jpg,,"",,1,0,false,,"Texas, US",29.6776946214,-98.6752764523,,,,,29458,obscured,open,true,,,Wild Boar,Sus scrofa,Wild Boar,Mammalia,42134
203757507,f289d8f1-4d55-421d-8382-7f8f52aad3e3,2024-03-24 11:37:00-05:00,2024-03-24,2024-03-24 17:37:00 +0100,Central Time (US & Canada),7893087,jmedina_7,,2024-03-24 17:38:21 +0100,2024-04-11 16:23:20 +0200,research,CC-BY-NC,https://www.inaturalist.org/observations/203757507,https://inaturalist-open-data.s3.amazonaws.com/photos/360049349/medium.jpg,,"","",2,0,false,3,"Junction, TX, US",30.4716882203,-99.7818919738,4,,,,4,,open,false,,,Wild Boar,Sus scrofa,Wild Boar,Mammalia,42134
203759158,9e48cf93-7163-4124-ac16-9adf922bdab3,2024/03/23 4:00 PM,2024-03-23,2024-03-23 22:00:00 +0100,Central Time (US & Canada),91751,czktex,John Maresh,2024-03-24 17:48:52 +0100,2024-10-20 14:44:57 +0200,research,CC-BY-NC,https://www.inaturalist.org/observations/203759158,https://inaturalist-open-data.s3.amazonaws.com/photos/360051701/medium.jpg,,"","Refugio Co., FM 774; DOR",2,0,false,,"Refugio County, TX, USA",28.3214388889,-96.9454583333,4,,,,4,,open,false,,,Wild Boar,Sus scrofa,Wild Boar,Mammalia,42134
203882938,0b5f3d7f-3cc5-45a1-afb6-4c677f4d8d40,2024-03-25 08:12:56-05:00,2024-03-25,2024-03-25 14:12:56 +0100,Central Time (US & Canada),3636827,ejanecka,,2024-03-25 14:14:23 +0100,2024-03-25 15:51:52 +0100,research,CC-BY-NC,https://www.inaturalist.org/observations/203882938,https://inaturalist-open-data.s3.amazonaws.com/photos/360291020/medium.jpg,,"","",1,0,false,3,"County Road 428, Somerville, TX, US",30.4091583935,-96.5691555751,503,,,,503,,open,false,,,Wild Boar,Sus scrofa,Wild Boar,Mammalia,42134
203923701,f43a97ae-ce54-407b-a9a8-ade98328fbfd,2024-03-25 14:16:31-05:00,2024-03-25,2024-03-25 20:16:31 +0100,Central Time (US & Canada),7385419,harrison_wolf,,2024-03-25 20:17:41 +0100,2024-03-27 03:23:49 +0100,research,CC-BY-NC,https://www.inaturalist.org/observations/203923701,https://inaturalist-open-data.s3.amazonaws.com/photos/360367012/medium.jpg,,"","",1,0,false,3,"Woodway, TX, US",31.4771208546,-97.2670302297,4,,,,4,,open,false,,,Wild Boar,Sus scrofa,Wild Boar,Mammalia,42134
203943383,5964a19f-e7fc-4de2-8227-1d77ba9c7c11,2024/03/23 6:08 PM,2024-03-23,2024-03-24 02:08:00 +0100,Pacific Time (US & Canada),340368,madfox,"",2024-03-25 22:54:11 +0100,2024-07-30 09:37:35 +0200,research,CC-BY-NC,https://www.inaturalist.org/observations/203943383,https://inaturalist-open-data.s3.amazonaws.com/photos/360399701/medium.jpeg,,"",,2,0,false,,"Solano County, CA, USA",38.1926036111,-121.9893505556,,,,,,,open,false,,,Wild Boar,Sus scrofa,Wild Boar,Mammalia,42134
203955755,d1c86559-ed9a-4eb0-adc5-3445542aa39b,2024-03-25 10:22:32,2024-03-25,2024-03-25 16:22:32 +0100,Central Time (US & Canada),78603,squaylei2000,Jeff Quayle,2024-03-26 00:35:22 +0100,2024-03-26 00:47:57 +0100,research,,https://www.inaturalist.org/observations/203955755,https://static.inaturalist.org/photos/360428971/medium.jpeg,,"",,1,0,false,2,"Glen Rose, TX 76043, USA",32.1335831997,-97.8469881997,,,,,,,open,false,gps,gps,Wild Boar,Sus scrofa,Wild Boar,Mammalia,42134
203967538,4306aff9-f99b-40b5-bee2-91c1e97ac8b7,2024-03-25 18:15:26-04:00,2024-03-25,2024-03-25 23:15:26 +0100,Eastern Time (US & Canada),3870850,josephh1222,Joseph Hubbard,2024-03-26 02:19:09 +0100,2024-03-27 20:07:46 +0100,research,CC-BY,https://www.inaturalist.org/observations/203967538,https://inaturalist-open-data.s3.amazonaws.com/photos/360452523/medium.jpg,,"","",1,0,false,3,"San Felasco Hammock Preserve State Park, Alachua, FL, US",29.7348416667,-82.4553616667,4,,,,4,,open,false,,,Wild Boar,Sus scrofa,Wild Boar,Mammalia,42134
203975875,306e432d-49d9-47e6-8a27-7674397a8953,2024/03/24 2:21 PM,2024-03-24,2024-03-24 20:21:00 +0100,Central Time (US & Canada),277496,codystricker,Cody Stricker,2024-03-26 03:44:20 +0100,2024-04-11 16:22:53 +0200,research,CC-BY,https://www.inaturalist.org/observations/203975875,https://inaturalist-open-data.s3.amazonaws.com/photos/360468301/medium.jpeg,,"",,2,0,false,,"Llano County, TX, USA",30.5105232364,-98.4993305302,4,,,,4,,open,false,,,Wild Boar,Sus scrofa,Wild Boar,Mammalia,42134
204024063,50932285-e9b7-4308-b01f-3961e5834718,2024-03-19 11:14:01-06:00,2024-03-19,2024-03-19 18:14:01 +0100,Mountain Time (US & Canada),2221316,brimitrione,"",2024-03-26 16:14:52 +0100,2025-05-23 10:38:27 +0200,research,CC-BY-NC,https://www.inaturalist.org/observations/204024063,https://inaturalist-open-data.s3.amazonaws.com/photos/360560573/medium.jpg,,"","",2,0,false,3,"Thompson Falls, MT, US",47.7365116667,-114.9661416667,23,,,,23,,open,false,,,Domestic Pig,Sus scrofa domesticus,Domestic Pig,Mammalia,324492
204161587,19a8e7af-462b-4d71-83eb-9119d388b097,2024/03/05 11:50 AM,2024-03-05,2024-03-05 18:50:00 +0100,Central Time (US & Canada),1044208,saltyhiker,,2024-03-27 18:03:05 +0100,2024-08-31 07:48:21 +0200,research,CC-BY,https://www.inaturalist.org/observations/204161587,https://inaturalist-open-data.s3.amazonaws.com/photos/360824843/medium.jpeg,,"",,2,0,false,,"Kaufman County, TX, USA",32.6079631726,-96.5015719923,2,,,,2,,open,false,,,Sus scrofa,Sus scrofa,Wild Boar,Mammalia,42134
204175717,ac1001aa-f450-4b1b-aa56-9ef5feb0d726,2024-03-27 07:47:35,2024-03-27,2024-03-27 13:47:35 +0100,Central Time (US & Canada),7290444,denniskent,Dennis Kent,2024-03-27 19:59:29 +0100,2024-04-11 16:22:40 +0200,research,CC-BY-NC,https://www.inaturalist.org/observations/204175717,https://inaturalist-open-data.s3.amazonaws.com/photos/360850547/medium.jpeg,,"",,2,0,false,2,"Three Rivers, TX 78071, USA",28.4602698284,-98.1825074181,2995,,,,2995,,open,false,gps,gps,Wild Boar,Sus scrofa,Wild Boar,Mammalia,42134
204218300,3856a689-b620-47cb-ba3d-836ca20033c5,2024-03-25 08:11:46-04:00,2024-03-25,2024-03-25 13:11:46 +0100,Eastern Time (US & Canada),3223648,rusty_shackleford_13,Brad Bowen,2024-03-28 02:40:13 +0100,2024-03-29 14:15:16 +0100,research,CC-BY-NC,https://www.inaturalist.org/observations/204218300,https://inaturalist-open-data.s3.amazonaws.com/photos/360935256/medium.jpg,,"","",1,0,false,3,"South Carolina, US",34.7159255322,-82.7794623042,4,,,,28790,obscured,open,true,,,Wild Boar,Sus scrofa,Wild Boar,Mammalia,42134
204237026,a996e2a9-968d-4d68-abac-6e95fd0ac732,2024-03-27 18:07:44-04:00,2024-03-27,2024-03-27 23:07:44 +0100,Eastern Time (US & Canada),2059076,johnnyotter,"",2024-03-28 07:04:05 +0100,2025-08-08 17:50:42 +0200,research,CC-BY-NC,https://www.inaturalist.org/observations/204237026,https://inaturalist-open-data.s3.amazonaws.com/photos/360974049/medium.jpg,,"","",2,0,false,3,"Dahlonega, GA, US",34.59105,-84.0786888333,8,,,,8,,open,false,,,Eurasian Wild Pig,Sus scrofa,Wild Boar,Mammalia,42134
204270548,c3eae728-916e-40d9-9920-d6aa20de60ce,2024/02/17 5:02 AM,2024-02-17,2024-02-17 12:02:00 +0100,Central Time (US & Canada),2811058,fotosmurf,Derrick L. Mims,2024-03-28 15:53:25 +0100,2025-05-23 10:38:30 +0200,research,CC-BY-NC,https://www.inaturalist.org/observations/204270548,https://inaturalist-open-data.s3.amazonaws.com/photos/361033406/medium.jpg,,"",,2,0,false,,Crownridge Canyon ,29.6218412623,-98.627414094,8,,,,8,,open,false,,,Eurasian Wild Pig,Sus scrofa,Wild Boar,Mammalia,42134
204270557,89a4b605-d4c5-4d84-b4d0-bb89c6e0a841,2024/02/27 2:59 AM,2024-02-27,2024-02-27 09:59:00 +0100,Central Time (US & Canada),2811058,fotosmurf,Derrick L. Mims,2024-03-28 15:53:28 +0100,2025-05-23 10:38:31 +0200,research,CC-BY-NC,https://www.inaturalist.org/observations/204270557,https://inaturalist-open-data.s3.amazonaws.com/photos/361033979/medium.jpg,,"",,2,0,false,,Crownridge Canyon ,29.6218412623,-98.627414094,8,,,,8,,open,false,,,Domestic Pig,Sus scrofa domesticus,Domestic Pig,Mammalia,324492
204288751,0b22780e-c8de-4a07-9c78-06d067852480,2024-03-28 12:33:47-05:00,2024-03-28,2024-03-28 18:33:47 +0100,Central Time (US & Canada),1585824,eloraa,Elora Jane,2024-03-28 18:42:47 +0100,2024-03-28 18:48:15 +0100,research,CC-BY-NC,https://www.inaturalist.org/observations/204288751,https://inaturalist-open-data.s3.amazonaws.com/photos/361069767/medium.jpg,,"","",1,0,false,3,"Barataria Preserve, Marrero, LA, US",29.77928,-90.1051111667,10,,,,10,,open,false,,,Sus scrofa,Sus scrofa,Wild Boar,Mammalia,42134
204298071,25cbccbe-2fe1-44e0-b64a-e8716d89c5b1,2024/03/26 2:30 PM,2024-03-26,2024-03-26 19:30:00 +0100,Eastern Time (US & Canada),309729,david275,David Griswold,2024-03-28 19:59:36 +0100,2025-05-23 10:38:32 +0200,research,,https://www.inaturalist.org/observations/204298071,https://static.inaturalist.org/photos/361086688/medium.jpeg,,"",Two adults and one juvenile (others in separate IDs).,2,0,false,,"Palm Beach County, FL, USA",26.9403352788,-80.2770907042,82,,,,82,,open,false,,,Eurasian Wild Pig,Sus scrofa,Wild Boar,Mammalia,42134
204298396,239d858a-6ba0-45ae-a2cd-99bb7d25bd5b,2024/03/26 2:31 PM,2024-03-26,2024-03-26 19:31:00 +0100,Eastern Time (US & Canada),309729,david275,David Griswold,2024-03-28 20:02:36 +0100,2025-05-23 10:38:33 +0200,research,,https://www.inaturalist.org/observations/204298396,https://static.inaturalist.org/photos/361087530/medium.jpeg,,"",,2,0,false,,"Palm Beach County, FL, USA",26.9403483163,-80.277009311,83,,,,83,,open,false,,,Eurasian Wild Pig,Sus scrofa,Wild Boar,Mammalia,42134
204301140,fca07c65-cec9-4f15-a575-ead3fe05d26a,2024/03/26 2:33 PM,2024-03-26,2024-03-26 19:33:00 +0100,Eastern Time (US & Canada),309729,david275,David Griswold,2024-03-28 20:24:30 +0100,2024-04-11 16:22:10 +0200,research,,https://www.inaturalist.org/observations/204301140,https://static.inaturalist.org/photos/361092407/medium.jpeg,,"",,3,0,false,,"Palm Beach County, FL, USA",26.9404554605,-80.2769547091,62,,,,62,,open,false,,,Wild Boar,Sus scrofa,Wild Boar,Mammalia,42134
204380461,feca8e64-b479-40a4-bc63-692ee50ec366,2024-03-25 20:27:00-05:00,2024-03-25,2024-03-26 02:27:00 +0100,Central Time (US & Canada),32993,c_h_hemphill,CH Hemphill,2024-03-29 12:25:06 +0100,2024-03-29 14:24:43 +0100,research,CC-BY-NC,https://www.inaturalist.org/observations/204380461,https://inaturalist-open-data.s3.amazonaws.com/photos/361250311/medium.jpg,,"","",2,0,false,3,"Valera, TX, US",31.6679713759,-99.5832489261,25,,,,25,,open,false,,,Wild Boar,Sus scrofa,Wild Boar,Mammalia,42134
204421880,c277c9af-e423-4947-a108-891a7a828608,2024-03-29 09:56:25-05:00,2024-03-29,2024-03-29 15:56:25 +0100,Central Time (US & Canada),456794,drew_harvey,Drew Harvey,2024-03-29 18:26:26 +0100,2025-09-19 08:41:52 +0200,research,,https://www.inaturalist.org/observations/204421880,https://static.inaturalist.org/photos/361327443/medium.jpg,,"","",2,0,false,3,"Magnolia, AR, US",33.3515604154,-93.1831355759,71,,,,71,,open,false,,,Eurasian Wild Pig,Sus scrofa,Wild Boar,Mammalia,42134
204423624,0ce18313-6736-4ab7-a675-ce3eb92d94fd,2024-02-02 14:51:03,2024-02-02,2024-02-02 21:51:03 +0100,Central Time (US & Canada),6478550,utsaibcure,,2024-03-29 18:38:03 +0100,2024-04-11 16:22:04 +0200,research,CC-BY-NC,https://www.inaturalist.org/observations/204423624,https://inaturalist-open-data.s3.amazonaws.com/photos/361329514/medium.jpeg,,"","Wild Boar, Peccaries, and coyote",1,0,false,,Friedrich Wilderness Park,29.641075,-98.625028,57,,,,57,,open,false,,,Wild Boar,Sus scrofa,Wild Boar,Mammalia,42134
204425385,c88b2cbd-fcef-48cc-b30b-b4318cde3c23,2024/02/13 8:28 AM,2024-02-13,2024-02-13 15:28:00 +0100,Central Time (US & Canada),6478550,utsaibcure,,2024-03-29 18:50:06 +0100,2024-04-11 16:22:01 +0200,research,CC-BY-NC,https://www.inaturalist.org/observations/204425385,https://inaturalist-open-data.s3.amazonaws.com/photos/361332834/medium.jpeg,,"",,2,0,false,,"Friends of Friedrich Wilderness, San Antonio, TX, USA",29.6407365783,-98.6255324715,15,,,,15,,open,false,,,Wild Boar,Sus scrofa,Wild Boar,Mammalia,42134
204425387,4abee9f0-d918-435c-85c7-bec93fd865ed,2024/02/13 8:28 AM,2024-02-13,2024-02-13 15:28:00 +0100,Central Time (US & Canada),6478550,utsaibcure,,2024-03-29 18:50:06 +0100,2024-04-11 16:22:01 +0200,research,CC-BY-NC,https://www.inaturalist.org/observations/204425387,https://inaturalist-open-data.s3.amazonaws.com/photos/361332840/medium.jpeg,,"",,2,0,false,,"Friends of Friedrich Wilderness, San Antonio, TX, USA",29.6405407553,-98.6254680985,15,,,,15,,open,false,,,Wild Boar,Sus scrofa,Wild Boar,Mammalia,42134
204425389,3766cade-4c32-4973-825c-b56339223314,2024/02/13 8:28 AM,2024-02-13,2024-02-13 15:28:00 +0100,Central Time (US & Canada),6478550,utsaibcure,,2024-03-29 18:50:07 +0100,2024-04-11 16:22:00 +0200,research,CC-BY-NC,https://www.inaturalist.org/observations/204425389,https://inaturalist-open-data.s3.amazonaws.com/photos/361332849/medium.jpeg,,"",,2,0,false,,"Friends of Friedrich Wilderness, San Antonio, TX, USA",29.6407179285,-98.6251998776,15,,,,15,,open,false,,,Wild Boar,Sus scrofa,Wild Boar,Mammalia,42134
204429041,6340a7f0-f737-4ed4-a444-2895aca902b1,2024/03/28 5:23 AM,2024-03-28,2024-03-28 11:23:00 +0100,Central Time (US & Canada),5898445,janeweeden,Jane Weeden,2024-03-29 19:14:19 +0100,2025-05-23 13:49:39 +0200,research,CC-BY,https://www.inaturalist.org/observations/204429041,https://inaturalist-open-data.s3.amazonaws.com/photos/361339470/medium.jpeg,,"",,3,0,false,,GameCam Crownridge,29.6187634198,-98.6270377358,4,,,,4,,open,false,,,Wild Boar,Sus scrofa,Wild Boar,Mammalia,42134
204448786,3d768081-ce35-42db-ac86-35b8aea07bbe,2024/03/07 9:44 PM,2024-03-07,2024-03-08 06:44:00 +0100,Pacific Time (US & Canada),789180,pinnaclesnp,Pinnacles National Park,2024-03-29 21:36:53 +0100,2024-03-29 23:38:32 +0100,research,CC-BY,https://www.inaturalist.org/observations/204448786,https://inaturalist-open-data.s3.amazonaws.com/photos/361376762/medium.jpeg,,"","BTTM02
BTTM02_03052024-03122024",1,0,false,,"San Benito County, US-CA, US",36.4330757195,-121.1268452947,360,,,,28534,obscured,open,true,,,Wild Boar,Sus scrofa,Wild Boar,Mammalia,42134
204453099,284bdb39-a9d6-488a-9ed6-7bfcf16242ea,2024/01/28 7:14 PM,2024-01-28,2024-01-29 04:14:00 +0100,Pacific Time (US & Canada),789180,pinnaclesnp,Pinnacles National Park,2024-03-29 22:07:35 +0100,2024-04-11 16:21:50 +0200,research,CC-BY,https://www.inaturalist.org/observations/204453099,https://inaturalist-open-data.s3.amazonaws.com/photos/361382631/medium.jpeg,,"","BTTM02
BTTM02_01212024-02202024",2,0,false,,"San Benito County, US-CA, US",36.4438547594,-121.0413445126,360,,,,28534,obscured,open,true,,,Wild Boar,Sus scrofa,Wild Boar,Mammalia,42134
204453111,85425807-84b7-4905-8510-cfccad62d06e,2024/02/05 4:56 AM,2024-02-05,2024-02-05 13:56:00 +0100,Pacific Time (US & Canada),789180,pinnaclesnp,Pinnacles National Park,2024-03-29 22:07:36 +0100,2024-04-11 16:21:48 +0200,research,CC-BY,https://www.inaturalist.org/observations/204453111,https://inaturalist-open-data.s3.amazonaws.com/photos/361383764/medium.jpeg,,"","BTTM02
BTTM02_01212024-02202024",2,0,false,,"San Benito County, US-CA, US",36.4361297648,-121.0565509143,360,,,,28534,obscured,open,true,,,Wild Boar,Sus scrofa,Wild Boar,Mammalia,42134
204453508,5a881c2b-38a5-4056-87cb-5fe9d531aa62,2024/02/21 12:47 AM,2024-02-21,2024-02-21 09:47:00 +0100,Pacific Time (US & Canada),789180,pinnaclesnp,Pinnacles National Park,2024-03-29 22:10:22 +0100,2024-04-11 16:21:49 +0200,research,CC-BY,https://www.inaturalist.org/observations/204453508,https://inaturalist-open-data.s3.amazonaws.com/photos/361386432/medium.jpeg,,"","BTTM02
BTTM02_02202024-02212024",2,0,false,,"San Benito County, US-CA, US",36.5375294032,-121.0911246765,360,,,,28534,obscured,open,true,,,Wild Boar,Sus scrofa,Wild Boar,Mammalia,42134
204576329,d92742bf-0780-4336-97d6-d94d2e4df1a1,2024-03-30 10:24:45,2024-03-30,2024-03-30 15:24:45 +0100,Eastern Time (US & Canada),1585622,dondamiani,Don Damiani,2024-03-30 17:42:01 +0100,2024-03-30 23:38:26 +0100,research,CC-BY-NC,https://www.inaturalist.org/observations/204576329,https://inaturalist-open-data.s3.amazonaws.com/photos/361617803/medium.jpeg,,"",,1,0,false,2,"Oviedo, FL 32765, USA",28.7111685137,-81.1883516237,149,,,,149,,open,false,gps,gps,Wild Boar,Sus scrofa,Wild Boar,Mammalia,42134
204578880,aca7eb7a-9f67-47f7-89c8-654f6535f371,2024-03-30 12:54:21,2024-03-30,2024-03-30 17:54:21 +0100,Eastern Time (US & Canada),3191422,cofa,Corey Farwell,2024-03-30 17:56:14 +0100,2025-10-03 12:47:03 +0200,research,CC-BY,https://www.inaturalist.org/observations/204578880,https://inaturalist-open-data.s3.amazonaws.com/photos/361622609/medium.jpeg,,"",,5,2,false,2,"V39F+R4, New York, NY 10034, USA",40.8695694444,-73.9278722222,,,,,,,open,false,gps,gps,Eurasian Wild Pig,Sus scrofa,Wild Boar,Mammalia,42134
204676579,70ab4053-9982-4812-9e29-aac7a06c15f6,2024/02/26 8:17 PM,2024-02-26,2024-02-27 03:17:00 +0100,Central Time (US & Canada),17627,rlseman,Lynn Seman,2024-03-31 05:32:10 +0200,2024-08-30 22:42:41 +0200,research,CC-BY-NC,https://www.inaturalist.org/observations/204676579,https://inaturalist-open-data.s3.amazonaws.com/photos/361804020/medium.jpeg,,"",,1,0,false,,"Foard County, TX, USA",33.9839374939,-99.9611483172,161,,,,161,,open,false,,,Wild Boar,Sus scrofa,Wild Boar,Mammalia,42134
204676610,ac0408f2-0a9e-49a7-9c0d-f4809f72ac05,2024/03/08 1:25 PM,2024-03-08,2024-03-08 20:25:00 +0100,Central Time (US & Canada),17627,rlseman,Lynn Seman,2024-03-31 05:32:19 +0200,2024-08-30 22:42:41 +0200,research,CC-BY-NC,https://www.inaturalist.org/observations/204676610,https://inaturalist-open-data.s3.amazonaws.com/photos/361804131/medium.jpeg,,"",,2,0,false,,"Foard County, TX, USA",33.9839374939,-99.9611483172,161,,,,161,,open,false,,,Wild Boar,Sus scrofa,Wild Boar,Mammalia,42134
204676612,fee36c2c-b6f4-4816-a1ab-cfb5ec0814e9,2024/03/08 1:25 PM,2024-03-08,2024-03-08 20:25:00 +0100,Central Time (US & Canada),17627,rlseman,Lynn Seman,2024-03-31 05:32:20 +0200,2024-08-30 22:42:41 +0200,research,CC-BY-NC,https://www.inaturalist.org/observations/204676612,https://inaturalist-open-data.s3.amazonaws.com/photos/361804133/medium.jpeg,,"",,2,0,false,,"Foard County, TX, USA",33.9839374939,-99.9611483172,161,,,,161,,open,false,,,Wild Boar,Sus scrofa,Wild Boar,Mammalia,42134
204706494,ebbdb802-cbae-4c31-9762-db5d1cde0a67,2024-03-31 01:56:00-05:00,2024-03-31,2024-03-31 08:56:00 +0200,Central Time (US & Canada),32993,c_h_hemphill,CH Hemphill,2024-03-31 12:11:41 +0200,2025-05-23 10:38:40 +0200,research,CC-BY-NC,https://www.inaturalist.org/observations/204706494,https://inaturalist-open-data.s3.amazonaws.com/photos/361866280/medium.jpg,,"","",1,0,false,3,"Valera, TX, US",31.6679870586,-99.5832248659,25,,,,25,,open,false,,,Domestic Pig,Sus scrofa domesticus,Domestic Pig,Mammalia,324492
204814976,57fc5384-7f04-4579-8d55-09d5258e8725,2024-03-31 12:58:01,2024-03-31,2024-03-31 19:58:01 +0200,Central Time (US & Canada),866069,frank-g,Frank Goodavish,2024-03-31 23:32:25 +0200,2024-04-02 00:15:00 +0200,research,,https://www.inaturalist.org/observations/204814976,https://static.inaturalist.org/photos/362061478/medium.jpeg,,"",,1,0,false,2,"Texas, US",33.6551928083,-96.6647243209,,,,,28930,obscured,open,true,gps,gps,Wild Boar,Sus scrofa,Wild Boar,Mammalia,42134
204815732,8a1255a6-daa6-4d47-bd0f-cdeb4ef15699,2024-03-31 14:59:53,2024-03-31,2024-03-31 21:59:53 +0200,Central Time (US & Canada),866069,frank-g,Frank Goodavish,2024-03-31 23:37:01 +0200,2024-04-11 16:21:15 +0200,research,,https://www.inaturalist.org/observations/204815732,https://static.inaturalist.org/photos/362063127/medium.jpeg,,"",,2,0,false,2,"Texas, US",33.7918217303,-96.7157816907,,,,,28930,obscured,open,true,gps,gps,Wild Boar,Sus scrofa,Wild Boar,Mammalia,42134
204826949,6dc467f9-71a8-4303-a094-27757a26adf4,2024-03-31 17:41:33-05:00,2024-03-31,2024-04-01 00:41:33 +0200,Central Time (US & Canada),5053704,jcowdog,,2024-04-01 00:43:47 +0200,2025-06-20 15:58:51 +0200,research,CC-BY-NC,https://www.inaturalist.org/observations/204826949,https://inaturalist-open-data.s3.amazonaws.com/photos/362101528/medium.jpg,,"","",1,0,false,3,"Rotan, TX, US",32.9347616667,-100.1958833333,3,,,,3,,open,false,,,Eurasian Wild Pig,Sus scrofa,Wild Boar,Mammalia,42134
204838289,e0509053-b1b4-40d9-9893-6aced899d563,2024-03-31 15:28:40-05:00,2024-03-31,2024-03-31 22:28:40 +0200,Central Time (US & Canada),7709264,sethshively,Seth Shively,2024-04-01 01:56:10 +0200,2024-04-11 16:21:11 +0200,research,CC-BY-NC,https://www.inaturalist.org/observations/204838289,https://inaturalist-open-data.s3.amazonaws.com/photos/362104093/medium.jpg,,"","",3,0,false,3,"Kisatchie National Forest, Woodworth, LA, US",31.1547028333,-92.5313333333,4,,,,4,,open,false,,,Wild Boar,Sus scrofa,Wild Boar,Mammalia,42134
204840933,f87434a6-33f5-464c-ab42-b0b362052ae1,2024/03/30 9:28 AM,2024-03-30,2024-03-30 17:28:00 +0100,Pacific Time (US & Canada),259163,elharo,Elliotte Rusty Harold,2024-04-01 02:16:47 +0200,2024-04-11 16:21:10 +0200,research,CC-BY-NC,https://www.inaturalist.org/observations/204840933,https://static.inaturalist.org/photos/362109652/medium.jpg,,"California, nature",,2,0,false,,"Santa Clara County, CA, USA",37.3360983333,-121.71402,,,,,,,open,false,,,Wild Boar,Sus scrofa,Wild Boar,Mammalia,42134
204965555,aa80fee9-e5ce-480d-9e18-f1992600423b,2024/03/30 2:39 PM,2024-03-30,2024-03-30 19:39:00 +0100,Eastern Time (US & Canada),4654191,wildlife13,Luke,2024-04-01 20:41:40 +0200,2025-05-18 21:03:09 +0200,research,CC-BY,https://www.inaturalist.org/observations/204965555,https://inaturalist-open-data.s3.amazonaws.com/photos/362347926/medium.jpg,,"",Domestic pig? Perhaps escaped or Wild boar?,2,0,false,,"Upstate South Carolina, SC, USA",34.8332582,-82.2975348,94829,,,,94829,,open,false,,,Wild Boar,Sus scrofa,Wild Boar,Mammalia,42134
205001543,645654b0-f241-418d-8c7d-56503447d0a6,2024-03-31 12:19:00,2024-03-31,2024-03-31 19:19:00 +0200,Central Time (US & Canada),5686647,ok_fly_fishing,"",2024-04-02 00:22:54 +0200,2024-04-11 16:20:51 +0200,research,CC-BY-NC,https://www.inaturalist.org/observations/205001543,https://inaturalist-open-data.s3.amazonaws.com/photos/362416543/medium.jpeg,,"",,2,0,false,2,"Konawa, OK 74849, USA",35.0513737592,-96.6820850596,117,,,,117,,open,false,gps,gps,Wild Boar,Sus scrofa,Wild Boar,Mammalia,42134
205015854,a6f97387-55dc-47b2-85ef-6647a9a4c067,2024-04-01 07:59:00-05:00,2024-04-01,2024-04-01 14:59:00 +0200,Central Time (US & Canada),32993,c_h_hemphill,CH Hemphill,2024-04-02 02:08:09 +0200,2025-05-22 17:19:14 +0200,research,CC-BY-NC,https://www.inaturalist.org/observations/205015854,https://inaturalist-open-data.s3.amazonaws.com/photos/362443142/medium.jpg,,"","",1,0,false,3,"Valera, TX, US",31.6711844197,-99.5953282236,25,,,,25,,open,false,,,Wild Boar,Sus scrofa,Wild Boar,Mammalia,42134
205173689,aef9d9d1-206a-4ef9-982e-25ef9c8d7cdc,2024-04-02 11:48:51-04:00,2024-04-02,2024-04-02 17:48:51 +0200,Eastern Time (US & Canada),5002719,alexislmadrid,Alexis Madrid,2024-04-03 03:06:41 +0200,2024-04-11 16:20:40 +0200,research,,https://www.inaturalist.org/observations/205173689,https://static.inaturalist.org/photos/362744736/medium.jpg,,"","",2,0,false,3,"Broad St, Brooksville, FL, US",28.5827383333,-82.3689883333,4,,,,4,,open,false,,,Wild Boar,Sus scrofa,Wild Boar,Mammalia,42134
205198961,5623255b-a772-4e79-b54c-0d7d8705f9ef,2024-03-28 13:28:55,2024-03-28,2024-03-28 21:28:55 +0100,Pacific Time (US & Canada),7931063,anthony56117,Anthony Jwanouskos,2024-04-03 08:00:29 +0200,2025-03-13 03:23:10 +0100,research,,https://www.inaturalist.org/observations/205198961,https://static.inaturalist.org/photos/362795045/medium.jpeg,,"",,2,0,false,2,"Metcalf, CA, USA",37.2318235605,-121.7588319629,191,,,,191,,open,false,gps,gps,Wild Boar,Sus scrofa,Wild Boar,Mammalia,42134
205281269,d2e9ea17-5ce6-49c1-b488-8827987477df,2024-04-03 15:18:06,2024-04-03,2024-04-03 21:18:06 +0200,Eastern Time (US & Canada),6098538,wildplunder,Leann,2024-04-03 22:37:06 +0200,2024-04-11 16:20:27 +0200,research,CC-BY-NC,https://www.inaturalist.org/observations/205281269,https://inaturalist-open-data.s3.amazonaws.com/photos/362955120/medium.jpeg,,"",,2,0,false,2,"Holder, Citrus Springs, FL, USA",28.9659179722,-82.424659,,,,,,,open,false,gps,gps,Wild Boar,Sus scrofa,Wild Boar,Mammalia,42134
205292429,7c7bab5d-25ca-4187-9e75-4b1a18b29fa9,2024/04/02 1:28 PM,2024-04-02,2024-04-02 19:28:00 +0200,Eastern Time (US & Canada),5852324,serradura,,2024-04-03 23:57:36 +0200,2024-04-11 16:20:25 +0200,research,CC-BY-NC,https://www.inaturalist.org/observations/205292429,https://inaturalist-open-data.s3.amazonaws.com/photos/362975493/medium.jpeg,,"",,2,0,false,,"Seminole County, FL, USA",28.8615212627,-81.3582765873,61,,,,61,,open,false,,,Wild Boar,Sus scrofa,Wild Boar,Mammalia,42134
205294479,a3ecf203-7867-4b52-9726-45c119528ac2,2024/04/02 5:28 PM,2024-04-02,2024-04-02 23:28:00 +0200,Eastern Time (US & Canada),7390149,viktor-n,Viktor,2024-04-04 00:14:17 +0200,2025-02-13 22:36:41 +0100,research,CC-BY,https://www.inaturalist.org/observations/205294479,https://inaturalist-open-data.s3.amazonaws.com/photos/362971695/medium.jpeg,,"",,1,0,false,,"Seminole County, FL, USA",28.8611,-81.35598,,,,,,,open,false,,,Wild Boar,Sus scrofa,Wild Boar,Mammalia,42134
205294482,1794d29d-ea44-45cb-9f81-41a04a9a6ab9,2024/04/02 5:24 PM,2024-04-02,2024-04-02 23:24:00 +0200,Eastern Time (US & Canada),7390149,viktor-n,Viktor,2024-04-04 00:14:18 +0200,2025-02-13 22:36:41 +0100,research,CC-BY,https://www.inaturalist.org/observations/205294482,https://inaturalist-open-data.s3.amazonaws.com/photos/362971770/medium.jpeg,,"",,1,0,false,,"Seminole County, FL, USA",28.86245,-81.3543783333,,,,,,,open,false,,,Wild Boar,Sus scrofa,Wild Boar,Mammalia,42134
205294484,1fc55c10-03e9-4b98-9bda-8292397a7b8b,2024/04/02 5:19 PM,2024-04-02,2024-04-02 23:19:00 +0200,Eastern Time (US & Canada),7390149,viktor-n,Viktor,2024-04-04 00:14:19 +0200,2025-02-13 22:36:41 +0100,research,CC-BY,https://www.inaturalist.org/observations/205294484,https://inaturalist-open-data.s3.amazonaws.com/photos/362971821/medium.jpeg,,"",piglet,1,0,false,,"Seminole County, FL, USA",28.8625,-81.3539583333,,,,,,,open,false,,,Wild Boar,Sus scrofa,Wild Boar,Mammalia,42134
205310793,460f7a51-7ac0-4bf9-9751-a3bbd2ff49e6,2024-04-03 04:58:00-05:00,2024-04-03,2024-04-03 11:58:00 +0200,Central Time (US & Canada),32993,c_h_hemphill,CH Hemphill,2024-04-04 02:44:28 +0200,2025-09-05 23:57:13 +0200,research,CC-BY-NC,https://www.inaturalist.org/observations/205310793,https://inaturalist-open-data.s3.amazonaws.com/photos/363012950/medium.jpg,,"","",2,1,false,3,"Valera, TX, US",31.6679900717,-99.5832508677,25,,,,25,,open,false,,,Eurasian Wild Pig,Sus scrofa,Wild Boar,Mammalia,42134
205318711,03d1f5c0-dadd-4c7b-9f72-ed2289912970,2024-04-02 20:22:00-05:00,2024-04-02,2024-04-03 03:22:00 +0200,Central Time (US & Canada),32993,c_h_hemphill,CH Hemphill,2024-04-04 04:04:20 +0200,2025-05-22 17:19:12 +0200,research,CC-BY-NC,https://www.inaturalist.org/observations/205318711,https://inaturalist-open-data.s3.amazonaws.com/photos/363027845/medium.jpg,,"","",1,0,false,3,"Valera, TX, US",31.6712135643,-99.5953386526,25,,,,25,,open,false,,,Wild Boar,Sus scrofa,Wild Boar,Mammalia,42134
205363471,ed4bc52d-9338-4c21-8c6c-b60cbd80e16c,2024-04-03 13:01:34-05:00,2024-04-03,2024-04-03 20:01:34 +0200,Central Time (US & Canada),231709,thunefeld,W. Terry Hunefeld,2024-04-04 14:12:59 +0200,2024-04-04 20:10:50 +0200,research,CC-BY-NC,https://www.inaturalist.org/observations/205363471,https://inaturalist-open-data.s3.amazonaws.com/photos/363112819/medium.jpg,,"","",1,0,false,3,"FM-20, Cedar Creek, TX, US",30.0281666667,-97.426645,3153,,,,3153,,open,false,,,Wild Boar,Sus scrofa,Wild Boar,Mammalia,42134
205363491,cbde9255-54cd-4388-b5b4-5c886efb6aff,2024-04-03 13:04:17-05:00,2024-04-03,2024-04-03 20:04:17 +0200,Central Time (US & Canada),231709,thunefeld,W. Terry Hunefeld,2024-04-04 14:13:19 +0200,2024-04-04 19:42:49 +0200,research,CC-BY-NC,https://www.inaturalist.org/observations/205363491,https://inaturalist-open-data.s3.amazonaws.com/photos/363112882/medium.jpg,,"","",1,0,false,3,"FM-20, Cedar Creek, TX, US",30.0280888333,-97.426155,885,,,,885,,open,false,,,Wild Boar,Sus scrofa,Wild Boar,Mammalia,42134
205368853,cc20b888-ef98-41e6-b80e-d88981ea520f,2024/02/24 10:37 AM,2024-02-24,2024-02-24 17:37:00 +0100,Central Time (US & Canada),521409,andreakingsley,Andrea Kingsley,2024-04-04 15:11:24 +0200,2024-04-04 22:39:56 +0200,research,CC-BY-NC,https://www.inaturalist.org/observations/205368853,https://inaturalist-open-data.s3.amazonaws.com/photos/363121247/medium.jpg,,wid boar,,2,0,false,,"Brownsville, TX, USA",25.9889733984,-97.5627425731,1343,,,,1343,,open,false,,,Wild Boar,Sus scrofa,Wild Boar,Mammalia,42134
205394589,df9d79c5-3a16-4bce-b900-1bef782decb8,2024/03/25 8:31 PM,2024-03-25,2024-03-26 02:31:00 +0100,Central Time (US & Canada),1595749,jcochran706,Jack Cochran,2024-04-04 18:45:44 +0200,2024-04-04 19:14:31 +0200,research,CC-BY-NC,https://www.inaturalist.org/observations/205394589,https://inaturalist-open-data.s3.amazonaws.com/photos/363168771/medium.jpeg,,crpj,Low on bluff on other side of dry creek.,1,0,false,,"Texas, US",30.9671429992,-97.7672174311,4,,,,29304,obscured,open,true,,,Wild Boar,Sus scrofa,Wild Boar,Mammalia,42134
205433449,deae7d6a-5724-4ff4-9a47-b6f8e8db1465,2024-04-04 11:34:05-05:00,2024-04-04,2024-04-04 18:34:05 +0200,Central Time (US & Canada),6506957,grumpyheron,Jason Hodges,2024-04-04 23:50:53 +0200,2024-04-05 02:24:21 +0200,research,CC-BY-NC,https://www.inaturalist.org/observations/205433449,https://inaturalist-open-data.s3.amazonaws.com/photos/363243399/medium.jpg,,"","",1,0,false,3,"Rio Vista, TX, US",32.246155,-97.3981033333,4,,,,4,,open,false,,,Wild Boar,Sus scrofa,Wild Boar,Mammalia,42134
205436403,54d40084-e768-4227-a6ac-47edf21a03b4,2024/03/31 7:37 AM,2024-03-31,2024-03-31 13:37:00 +0200,Eastern Time (US & Canada),3874342,captainjack0000,"",2024-04-05 00:15:31 +0200,2024-04-11 16:20:13 +0200,research,CC-BY-NC,https://www.inaturalist.org/observations/205436403,https://static.inaturalist.org/photos/363248609/medium.jpeg,,"","",2,0,false,,"Florida, US",29.7011437005,-82.3154453277,50,,,,29458,obscured,open,true,,,Wild Boar,Sus scrofa,Wild Boar,Mammalia,42134
205446044,2c7f2c35-f286-44e4-8b98-cc476261cb63,2024-04-04 18:43:21-04:00,2024-04-04,2024-04-05 00:43:21 +0200,Eastern Time (US & Canada),3154933,dbond,,2024-04-05 01:39:32 +0200,2024-04-05 02:31:58 +0200,research,CC-BY-NC,https://www.inaturalist.org/observations/205446044,https://inaturalist-open-data.s3.amazonaws.com/photos/363267366/medium.jpg,,"","",1,0,false,3,"Withlacoochee River Park, Dade City, FL, US",28.344379655,-82.120547486,436,,,,436,,open,false,,,Wild Boar,Sus scrofa,Wild Boar,Mammalia,42134
205460575,9d605a17-d2a9-49dd-af99-484b0f5f987f,2024-02-08 18:06:50-06:00,2024-02-08,2024-02-09 01:06:50 +0100,Central Time (US & Canada),7767509,kaileywilgo,Kailey Wilganowski,2024-04-05 04:05:38 +0200,2024-04-11 16:20:09 +0200,research,CC-BY-NC,https://www.inaturalist.org/observations/205460575,https://inaturalist-open-data.s3.amazonaws.com/photos/363296558/medium.jpg,,"","",2,0,false,3,"FM-1771, Marlin, TX, US",31.301205,-96.7301116667,4,,,,4,,open,false,,,Wild Boar,Sus scrofa,Wild Boar,Mammalia,42134
205460815,81e9f4bb-43f5-4d22-88e6-266c38f04537,2024/04/03 6:52 PM,2024-04-03,2024-04-04 01:52:00 +0200,Central Time (US & Canada),22589,sambiology,Sam Kieschnick,2024-04-05 04:08:46 +0200,2024-04-11 16:20:10 +0200,research,CC-BY,https://www.inaturalist.org/observations/205460815,https://inaturalist-open-data.s3.amazonaws.com/photos/363295911/medium.jpeg,,"","On my way over to Breckenridge to help out with a veg survey tomorrow, I stopped by Possum Kingdom Lake State Park to do a bit of blacklighting.  It got pretty chilly, but quite a few things still showed up!",2,0,false,,"Palo Pinto County, TX, USA",32.8743052756,-98.5553904462,8,,,,8,,open,false,,,Wild Boar,Sus scrofa,Wild Boar,Mammalia,42134
205460899,a0615bf4-228c-4273-ae20-586af1270c88,2024-04-04 06:53:00-05:00,2024-04-04,2024-04-04 13:53:00 +0200,Central Time (US & Canada),32993,c_h_hemphill,CH Hemphill,2024-04-05 04:09:35 +0200,2024-04-05 04:10:34 +0200,research,CC-BY-NC,https://www.inaturalist.org/observations/205460899,https://inaturalist-open-data.s3.amazonaws.com/photos/363297254/medium.jpg,,"","",1,0,false,3,"Valera, TX, US",31.6711697433,-99.5953673636,25,,,,25,,open,false,,,Wild Boar,Sus scrofa,Wild Boar,Mammalia,42134
205464794,cd60e038-bd2e-4252-91d0-89cc0725e315,2024-04-04 19:56:47-05:00,2024-04-04,2024-04-05 02:56:47 +0200,Central Time (US & Canada),5054627,ekalisek,,2024-04-05 04:59:14 +0200,2024-04-05 15:45:04 +0200,research,CC-BY-NC,https://www.inaturalist.org/observations/205464794,https://inaturalist-open-data.s3.amazonaws.com/photos/363304879/medium.jpg,,"","",1,0,false,3,"Sandy Creek Rd, Garwood, TX, US",29.426855,-96.56903,4,,,,4,,open,false,,,Wild Boar,Sus scrofa,Wild Boar,Mammalia,42134
205596603,97b2f211-1a49-4336-aa3f-66ba2b07111f,2024/03/28 5:25 PM,2024-03-28,2024-03-28 23:25:00 +0100,Central Time (US & Canada),4727133,rllets,Richard,2024-04-06 03:13:21 +0200,2025-06-09 20:32:44 +0200,research,CC-BY-NC,https://www.inaturalist.org/observations/205596603,https://inaturalist-open-data.s3.amazonaws.com/photos/363553337/medium.jpeg,,"","",2,0,false,,"Bastrop County, TX, US",30.098816,-97.220087,114,,,,114,,open,false,,,Eurasian Wild Pig,Sus scrofa,Wild Boar,Mammalia,42134
205600275,dfdb4eeb-77cf-4ba1-9f5a-d2eb93018a11,2024-04-05 18:50:33-07:00,2024-04-05,2024-04-06 03:50:33 +0200,Pacific Time (US & Canada),6666565,addispaka,,2024-04-06 03:53:17 +0200,2024-04-06 17:43:58 +0200,research,CC-BY-NC,https://www.inaturalist.org/observations/205600275,https://inaturalist-open-data.s3.amazonaws.com/photos/363560936/medium.jpg,,"","",1,0,false,3,"Masonite Industrial Rd, Ukiah, CA, US",39.1831792563,-123.2991317285,133,,,,133,,open,false,,,Wild Boar,Sus scrofa,Wild Boar,Mammalia,42134
205605079,de79e5ef-c4a7-4de3-acc9-3729e3226b42,2024-04-05 14:59:13,2024-04-05,2024-04-05 23:59:13 +0200,Pacific Time (US & Canada),995608,malacothrix,Harte Singer,2024-04-06 04:47:14 +0200,2025-03-13 03:22:01 +0100,research,CC-BY-NC,https://www.inaturalist.org/observations/205605079,https://inaturalist-open-data.s3.amazonaws.com/photos/363570390/medium.jpeg,,"",,2,0,false,2,"Lower Lake, CA 95457, USA",38.8715626997,-122.4293241997,,,,,,,open,false,gps,gps,Wild Boar,Sus scrofa,Wild Boar,Mammalia,42134
205615109,20e0c7af-0388-4d5c-b2ca-614144c51647,2024/04/05 7:19 PM,2024-04-05,2024-04-06 02:19:00 +0200,Central Time (US & Canada),2373009,williampaulwhite17,,2024-04-06 06:47:35 +0200,2024-04-06 15:16:42 +0200,research,CC-BY-NC,https://www.inaturalist.org/observations/205615109,https://inaturalist-open-data.s3.amazonaws.com/photos/363589782/medium.jpeg,,"",,2,0,false,,"Freestone County, TX, USA",31.9908083333,-96.0618433333,,,,,,,open,false,,,Wild Boar,Sus scrofa,Wild Boar,Mammalia,42134
205615819,d3f6af87-fcbb-45f4-a86e-ee42688c6949,2024/04/05 9:16 PM,2024-04-05,2024-04-06 06:16:00 +0200,Pacific Time (US & Canada),5644753,altoidsboi,Jessica Rae,2024-04-06 06:55:57 +0200,2024-04-06 08:10:22 +0200,research,CC-BY-NC,https://www.inaturalist.org/observations/205615819,https://inaturalist-open-data.s3.amazonaws.com/photos/363590782/medium.jpeg,,"",,1,0,false,,"Morro Bay, CA, USA",35.3444261206,-120.8284761558,244,,,,244,,open,false,,,Wild Boar,Sus scrofa,Wild Boar,Mammalia,42134
205742489,cfd93972-79fa-4a62-b565-1bb614b7614c,2024-04-06 10:36:15,2024-04-06,2024-04-06 17:36:15 +0200,Central Time (US & Canada),447128,sandrahorton,Sandra Horton,2024-04-06 23:02:18 +0200,2024-08-31 17:42:45 +0200,research,CC-BY-NC,https://www.inaturalist.org/observations/205742489,https://inaturalist-open-data.s3.amazonaws.com/photos/363821305/medium.jpeg,,"",Lots of evidence of hogs in the area,1,0,false,2,"Seagoville, TX 75159, USA",32.63765225,-96.5673354,6,,,,6,,open,false,,,Wild Boar,Sus scrofa,Wild Boar,Mammalia,42134
205764806,3bbc91b6-ab21-4100-8d4b-dc37c7d880e5,2024-04-06 14:06:46-07:00,2024-04-06,2024-04-06 23:06:46 +0200,Arizona,310129,azgeo,Geo H Melville,2024-04-07 01:11:03 +0200,2025-05-23 10:39:05 +0200,research,,https://www.inaturalist.org/observations/205764806,https://static.inaturalist.org/photos/363864871/medium.jpg,,"","",2,0,false,3,"Coconino National Forest, Sedona, AZ, US",34.9002383333,-111.72792,4,,,,4,,open,false,,,Domestic Pig,Sus scrofa domesticus,Domestic Pig,Mammalia,324492
205774423,dbaac384-c056-4e0d-aa84-c08743bc01a3,Sat Apr 06 2024 14:17:58 GMT-0700 (PDT),2024-04-06,2024-04-06 23:17:58 +0200,Pacific Time (US & Canada),3934223,kristin_dotterrer,Kristin Meyers Dotterrer,2024-04-07 02:13:34 +0200,2025-05-23 10:39:06 +0200,research,CC-BY-NC,https://www.inaturalist.org/observations/205774423,https://inaturalist-open-data.s3.amazonaws.com/photos/363883334/medium.jpg,,"","",1,0,false,3,"Cole Rd, Aromas, CA, US",36.8808062024,-121.620005388,157,,,,157,,open,false,,,Domestic Pig,Sus scrofa domesticus,Domestic Pig,Mammalia,324492
205774729,ca1f64dd-3b53-44dc-8664-e3c1d4dace8e,2024/04/06 10:46 AM,2024-04-06,2024-04-06 17:46:00 +0200,Central Time (US & Canada),115786,oddfitz,Todd Fitzgerald,2024-04-07 02:16:12 +0200,2024-04-11 16:19:53 +0200,research,CC-BY-NC,https://www.inaturalist.org/observations/205774729,https://inaturalist-open-data.s3.amazonaws.com/photos/363882871/medium.jpeg,,"",,3,0,false,,"Fort Worth, TX, USA",32.7866233056,-97.1250783333,,,,,,,open,false,,,Wild Boar,Sus scrofa,Wild Boar,Mammalia,42134
205809472,ad0811bd-e96b-4524-adec-b1885e9604b0,2024-03-26 03:59:51-05:00,2024-03-26,2024-03-26 09:59:51 +0100,Central Time (US & Canada),478333,beth_snow,,2024-04-07 07:18:37 +0200,2025-10-02 02:36:55 +0200,research,CC-BY,https://www.inaturalist.org/observations/205809472,https://inaturalist-open-data.s3.amazonaws.com/photos/363951501/medium.jpg,,"","",4,0,false,3,"Texas, US",29.7782403737,-98.6135437279,21,,,,29458,obscured,open,true,,,Wild Boar,Sus scrofa,Wild Boar,Mammalia,42134
205888906,bfafff3c-783e-4710-b8fe-fb4019821974,2024-04-07 09:00:26,2024-04-07,2024-04-07 15:00:26 +0200,Eastern Time (US & Canada),7774240,jsmurley,Joshua Scott Murley,2024-04-07 18:21:36 +0200,2024-06-03 19:44:38 +0200,research,CC-BY-NC,https://www.inaturalist.org/observations/205888906,https://inaturalist-open-data.s3.amazonaws.com/photos/364099030/medium.jpeg,,"",,2,0,false,2,"Oviedo, FL 32766, USA",28.6651426459,-81.0687472299,198,,,,198,,open,false,gps,gps,Wild Boar,Sus scrofa,Wild Boar,Mammalia,42134
205923728,b26faa2e-3ebf-40b0-a0ad-8e5e3dbd82b6,2024-04-06 11:44:46-05:00,2024-04-06,2024-04-06 18:44:46 +0200,Central Time (US & Canada),3658543,ashwinvn2,Ashwin Narayanan,2024-04-07 21:05:40 +0200,2024-05-08 21:28:01 +0200,research,CC-BY-NC,https://www.inaturalist.org/observations/205923728,https://inaturalist-open-data.s3.amazonaws.com/photos/369198898/medium.jpeg,,"","",1,0,false,3,"Woodsboro, TX, US",28.2431416667,-97.2548366667,41,,,,41,,open,false,,,Wild Boar,Sus scrofa,Wild Boar,Mammalia,42134
205972001,7bc22d02-994b-4fe1-9531-a35735cd7335,2024-04-06 11:41:19,2024-04-06,2024-04-06 18:41:19 +0200,Central Time (US & Canada),6436368,melw2134,,2024-04-08 01:03:12 +0200,2024-05-08 06:15:19 +0200,research,CC-BY-NC,https://www.inaturalist.org/observations/205972001,https://inaturalist-open-data.s3.amazonaws.com/photos/364252135/medium.jpeg,,"",,2,0,false,2,"Woodsboro, TX 78393, USA",28.2437716705,-97.2583378851,381,,,,381,,open,false,gps,gps,Wild Boar,Sus scrofa,Wild Boar,Mammalia,42134
205981707,dc9db0e7-ebb6-4997-b2db-b2590108ac3e,2024/04/07 8:31 AM,2024-04-07,2024-04-07 17:31:00 +0200,Pacific Time (US & Canada),209572,truthseqr,Anne Parsons,2024-04-08 02:00:30 +0200,2025-01-15 00:54:57 +0100,research,CC-BY-NC,https://www.inaturalist.org/observations/205981707,https://inaturalist-open-data.s3.amazonaws.com/photos/364268655/medium.jpeg,,"boar, herd",,1,0,false,,"Joseph D. Grant County Park, CA, USA",37.34030216,-121.7151182,,,,,,,open,false,,,Wild Boar,Sus scrofa,Wild Boar,Mammalia,42134
205981715,d239dd4a-9aed-42f2-aced-399be0791dbd,2024/04/07 8:48 AM,2024-04-07,2024-04-07 17:48:00 +0200,Pacific Time (US & Canada),209572,truthseqr,Anne Parsons,2024-04-08 02:00:32 +0200,2025-01-15 00:54:46 +0100,research,CC-BY-NC,https://www.inaturalist.org/observations/205981715,https://inaturalist-open-data.s3.amazonaws.com/photos/364268848/medium.jpeg,,"boar, herd",,1,0,false,,"Joseph D. Grant County Park, CA, USA",37.33345738,-121.70967929,,,,,,,open,false,,,Wild Boar,Sus scrofa,Wild Boar,Mammalia,42134
205988848,ccca6974-7d86-47cc-a615-ca2fb1d3c6b0,2024-04-07 02:59:00-05:00,2024-04-07,2024-04-07 09:59:00 +0200,Central Time (US & Canada),32993,c_h_hemphill,CH Hemphill,2024-04-08 02:48:03 +0200,2024-04-09 04:44:20 +0200,research,CC-BY-NC,https://www.inaturalist.org/observations/205988848,https://inaturalist-open-data.s3.amazonaws.com/photos/364285250/medium.jpg,,"","",2,0,false,3,"Voss, TX, US",31.6714254584,-99.61443805,25,,,,25,,open,false,,,Wild Boar,Sus scrofa,Wild Boar,Mammalia,42134
205994934,1ac3e0be-7988-451b-b933-91e9a1f3e701,2024-04-05 15:59:00-05:00,2024-04-05,2024-04-05 22:59:00 +0200,Central Time (US & Canada),540918,sandyleau,Sandy Underwood,2024-04-08 03:31:50 +0200,2024-11-17 18:17:00 +0100,research,CC-BY-NC-ND,https://www.inaturalist.org/observations/205994934,https://inaturalist-open-data.s3.amazonaws.com/photos/364297418/medium.jpg,,"","",2,0,false,3,"Wichita Falls, TX, US",33.85583508,-98.4757616039,372,,,,372,,open,false,,,Wild Boar,Sus scrofa,Wild Boar,Mammalia,42134
205997029,3b657b87-9609-47bd-a4a3-e5d5cbf5ca56,2024-04-06 07:20:00-05:00,2024-04-06,2024-04-06 14:20:00 +0200,Central Time (US & Canada),7947879,allen45780,Allen Frederick,2024-04-08 03:47:54 +0200,2024-04-11 16:19:36 +0200,research,,https://www.inaturalist.org/observations/205997029,https://static.inaturalist.org/photos/364301679/medium.jpg,,"","",3,0,false,3,"Orchard Trail Red, Bossier City, LA, US",32.4480688044,-93.675873845,22,,,,22,,open,false,,,Wild Boar,Sus scrofa,Wild Boar,Mammalia,42134
205997430,153d237b-c47f-4e55-abf3-2a31ad9f4cf2,2024-04-07 16:11:34-04:00,2024-04-07,2024-04-07 22:11:34 +0200,Eastern Time (US & Canada),5126259,kevin1880,Kevin1880,2024-04-08 03:50:38 +0200,2024-04-08 14:27:14 +0200,research,,https://www.inaturalist.org/observations/205997430,https://static.inaturalist.org/photos/364302451/medium.jpg,,"","",1,0,false,3,"St. Marks National Wildlife Refuge, Crawfordville, FL, US",30.1392111667,-84.2343,5,,,,5,,open,false,,,Wild Boar,Sus scrofa,Wild Boar,Mammalia,42134
206004417,8c6da013-bfc2-47b5-9f11-dee7dd259109,2024/04/06 7:40 PM,2024-04-06,2024-04-07 02:40:00 +0200,Central Time (US & Canada),435598,jeffmci9,Jeff McIntyre,2024-04-08 04:41:12 +0200,2024-05-21 02:30:11 +0200,research,CC-BY-NC,https://www.inaturalist.org/observations/206004417,https://inaturalist-open-data.s3.amazonaws.com/photos/364315054/medium.jpeg,,"","",3,0,false,,"Refugio County, TX, USA",28.4555026511,-96.8371956112,31,,,,31,,open,false,,,Wild Boar,Sus scrofa,Wild Boar,Mammalia,42134
206103062,f5d8f8e0-9e41-49d9-aad8-8bde425b3f44,2024-04-08 10:18:00-05:00,2024-04-08,2024-04-08 17:18:00 +0200,Central Time (US & Canada),32993,c_h_hemphill,CH Hemphill,2024-04-08 19:28:46 +0200,2024-04-11 16:19:28 +0200,research,CC-BY-NC,https://www.inaturalist.org/observations/206103062,https://inaturalist-open-data.s3.amazonaws.com/photos/364498573/medium.jpg,,"","",2,0,false,3,"Valera, TX, US",31.6756091609,-99.5827945995,25,,,,25,,open,false,,,Wild Boar,Sus scrofa,Wild Boar,Mammalia,42134
206184398,6a85f571-c969-4e82-885e-d47b1ef676c5,2024/04/08 1:16 PM,2024-04-08,2024-04-08 20:16:00 +0200,Central Time (US & Canada),943813,reidhardin,Reid Hardin,2024-04-09 04:20:08 +0200,2024-04-09 21:47:36 +0200,research,CC-BY-NC,https://www.inaturalist.org/observations/206184398,https://inaturalist-open-data.s3.amazonaws.com/photos/364649156/medium.jpeg,,"",,1,0,false,,"Gillespie County, TX, USA",30.3122283333,-98.73407,,,,,,,open,false,,,Wild Boar,Sus scrofa,Wild Boar,Mammalia,42134
206246446,ee53efc3-953a-4024-ac34-b86abca09fc5,2024/04/07 1:26 PM,2024-04-07,2024-04-07 22:26:00 +0200,Pacific Time (US & Canada),209572,truthseqr,Anne Parsons,2024-04-09 15:58:51 +0200,2024-04-11 16:19:21 +0200,research,CC-BY-NC,https://www.inaturalist.org/observations/206246446,https://inaturalist-open-data.s3.amazonaws.com/photos/364767378/medium.jpeg,,"","",2,0,false,,"Joseph D. Grant County Park, CA, USA",37.34123893,-121.7152102301,,,,,,,open,false,,,Wild Boar,Sus scrofa,Wild Boar,Mammalia,42134
206256303,81f0debc-1e6a-4e0e-92e4-15746895a791,2024-04-09 11:06:27-04:00,2024-04-09,2024-04-09 17:06:27 +0200,Eastern Time (US & Canada),3279498,chaseyb,"",2024-04-09 17:07:41 +0200,2024-04-11 23:05:16 +0200,research,CC-BY-NC,https://www.inaturalist.org/observations/206256303,https://inaturalist-open-data.s3.amazonaws.com/photos/364785885/medium.jpg,,"","",3,0,false,3,"SR-72, Arcadia, FL, US",27.1933610529,-82.1969613463,9,,,,9,,open,false,,,Wild Boar,Sus scrofa,Wild Boar,Mammalia,42134
206324850,5d2d69a3-477e-4c16-ab74-178d5ce4c035,2024-04-09 16:00:14,2024-04-09,2024-04-09 22:00:14 +0200,Eastern Time (US & Canada),4134556,lmcconachie,LeslieMc,2024-04-10 00:27:13 +0200,2025-05-21 07:03:56 +0200,research,CC-BY-NC,https://www.inaturalist.org/observations/206324850,https://inaturalist-open-data.s3.amazonaws.com/photos/364913068/medium.jpeg,,"",I'm guessing deer or boar,1,0,false,2,"Lake Placid, FL 33852, USA",27.3726690997,-81.3284667,,,,,,,open,false,,,Wild Boar,Sus scrofa,Wild Boar,Mammalia,42134
206330357,a5307acd-45b5-4492-a4be-2d081c6104ed,2024-04-09 17:06:28,2024-04-09,2024-04-10 01:06:28 +0200,Mountain Time (US & Canada),438493,deanwalton,Dean Walton,2024-04-10 01:10:44 +0200,2025-07-10 20:26:36 +0200,research,CC-BY,https://www.inaturalist.org/observations/206330357,https://inaturalist-open-data.s3.amazonaws.com/photos/364924102/medium.jpeg,,"",Recent road kill,2,0,false,2,"El Paso, TX 79925, USA",31.80007959,-106.39429166,8,,,,8,,open,false,,,Wild Boar,Sus scrofa,Wild Boar,Mammalia,42134
206330905,034a3853-5dff-4bb0-90da-237d8372b890,2024-04-09 09:07:45,2024-04-09,2024-04-09 16:07:45 +0200,Central Time (US & Canada),4058142,christopherbentley04,Chris Bentley,2024-04-10 01:15:16 +0200,2024-04-10 01:26:43 +0200,research,CC-BY-NC,https://www.inaturalist.org/observations/206330905,https://inaturalist-open-data.s3.amazonaws.com/photos/364925380/medium.jpeg,,"",,1,0,false,2,"San Antonio, TX 78221, USA",29.3109559588,-98.4998549893,188,,,,188,,open,false,gps,gps,Wild Boar,Sus scrofa,Wild Boar,Mammalia,42134
206518080,dcd1921f-8123-449b-ae52-6fc531b29880,2024/04/09 10:56 PM,2024-04-09,2024-04-10 05:56:00 +0200,Central Time (US & Canada),1278004,khalling,Kevin Halling,2024-04-11 02:55:27 +0200,2024-04-23 08:41:57 +0200,research,,https://www.inaturalist.org/observations/206518080,https://static.inaturalist.org/photos/365261332/medium.jpg,,"",,2,0,false,,"Port Aransas, TX, USA",27.826812682,-97.0829046792,31,,,,31,,open,false,,,Wild Boar,Sus scrofa,Wild Boar,Mammalia,42134
206661869,f76f99fc-fcca-45e4-afa5-da21a46f6c4f,2024/02/19 8:25 PM,2024-02-19,2024-02-20 03:25:00 +0100,Central Time (US & Canada),7600476,ericmon,,2024-04-11 21:17:40 +0200,2025-09-19 08:41:45 +0200,research,CC-BY-NC,https://www.inaturalist.org/observations/206661869,https://inaturalist-open-data.s3.amazonaws.com/photos/365464817/medium.jpg,,"",,2,0,false,,"Pope County, AR, USA",35.5417929707,-93.095346019,225,,,,225,,open,false,,,Eurasian Wild Pig,Sus scrofa,Wild Boar,Mammalia,42134
206706012,90072612-ff34-4ba7-a8fd-193f430190cf,2024/04/11 11:05 AM,2024-04-11,2024-04-11 20:05:00 +0200,Pacific Time (US & Canada),3342,hfabian,Henry Fabian,2024-04-12 02:32:33 +0200,2025-06-20 02:25:45 +0200,research,CC0,https://www.inaturalist.org/observations/206706012,https://static.inaturalist.org/photos/365547008/medium.jpg,,"",,3,1,false,,"Contra Costa County, CA, USA",37.8163015755,-122.1347274586,15,,,,15,,open,false,,,Wild Boar,Sus scrofa,Wild Boar,Mammalia,42134
206706081,ddff3b4a-9ccc-4c51-a75a-593150f92f6a,2024/04/11 11:05 AM,2024-04-11,2024-04-11 20:05:00 +0200,Pacific Time (US & Canada),3342,hfabian,Henry Fabian,2024-04-12 02:33:23 +0200,2025-06-20 02:26:17 +0200,research,CC0,https://www.inaturalist.org/observations/206706081,https://static.inaturalist.org/photos/365547270/medium.jpg,,"",,2,1,false,,"Contra Costa County, CA, USA",37.8161667394,-122.1346840196,31,,,,31,,open,false,,,Domestic Pig,Sus scrofa domesticus,Domestic Pig,Mammalia,324492
206706206,d8a4e54a-3942-44de-8c55-8f51476f4b27,2024-04-11 07:37:57-05:00,2024-04-11,2024-04-11 14:37:57 +0200,Central Time (US & Canada),18327,whiteoak,Alan Weakley,2024-04-12 02:34:52 +0200,2024-04-12 09:10:26 +0200,research,CC0,https://www.inaturalist.org/observations/206706206,https://inaturalist-open-data.s3.amazonaws.com/photos/365547761/medium.jpg,,"","",1,0,false,3,"Bandera County, US-TX, US",29.8059868797,-99.5698876339,4,,,,4,,open,false,,,Wild Boar,Sus scrofa,Wild Boar,Mammalia,42134
206727662,9d446184-e9fc-49fa-9dd5-975eca3bbdd1,2024/04/07 12:20 PM,2024-04-07,2024-04-07 19:20:00 +0200,Central Time (US & Canada),791120,sanjoaquinserpents,Noah M. Morales,2024-04-12 06:02:08 +0200,2024-04-12 06:03:51 +0200,research,CC-BY-NC,https://www.inaturalist.org/observations/206727662,https://inaturalist-open-data.s3.amazonaws.com/photos/365589850/medium.jpeg,,"",,1,0,false,,"Calhoun County, TX, USA",28.2476566736,-96.7950848875,146,,,,146,,open,false,,,Wild Boar,Sus scrofa,Wild Boar,Mammalia,42134
206828063,b20ed6ed-680b-44fc-87e3-b07343e3bd6d,2024-04-12 14:27:50-05:00,2024-04-12,2024-04-12 21:27:50 +0200,Central Time (US & Canada),22589,sambiology,Sam Kieschnick,2024-04-12 21:28:32 +0200,2024-04-15 02:25:28 +0200,research,CC-BY,https://www.inaturalist.org/observations/206828063,https://inaturalist-open-data.s3.amazonaws.com/photos/365773042/medium.jpg,,"","",3,0,false,3,"US-283, Santa Anna, TX, US",31.7753143111,-99.3558911725,13,,,,13,,open,false,,,Wild Boar,Sus scrofa,Wild Boar,Mammalia,42134
206867048,084c86f9-7220-49eb-bcef-d71a9a47b71c,2024-04-11 07:37:21-05:00,2024-04-11,2024-04-11 14:37:21 +0200,Central Time (US & Canada),105391,jtuttle,"",2024-04-13 02:17:21 +0200,2024-10-20 14:42:36 +0200,research,CC-BY-NC,https://www.inaturalist.org/observations/206867048,https://static.inaturalist.org/photos/365849721/medium.jpg,,"","DOR, roadkill. ",2,0,false,3,"FM-187, Vanderpool, TX, US",29.8059883333,-99.5698383333,4,,,,4,,open,false,,,Wild Boar,Sus scrofa,Wild Boar,Mammalia,42134
206870679,ab4f3363-3140-4bbd-9cd7-995008ff6675,2024-04-12 19:48:06-05:00,2024-04-12,2024-04-13 02:48:06 +0200,Central Time (US & Canada),6280752,matthew_degraauw,Matthew deGraauw,2024-04-13 02:48:25 +0200,2024-04-13 15:01:33 +0200,research,,https://www.inaturalist.org/observations/206870679,https://static.inaturalist.org/photos/365856469/medium.jpg,,"","",1,0,false,3,"Highlands-Perkins, Baton Rouge, LA, US",30.4079666482,-91.1118946296,3,,,,3,,open,false,,,Wild Boar,Sus scrofa,Wild Boar,Mammalia,42134
206870708,a29f84db-b341-4e63-a566-2e93c511b0bf,2024-04-12 19:48:13-05:00,2024-04-12,2024-04-13 02:48:13 +0200,Central Time (US & Canada),5444762,julia1347,Julia deGeneres,2024-04-13 02:48:40 +0200,2024-04-13 15:00:56 +0200,research,,https://www.inaturalist.org/observations/206870708,https://static.inaturalist.org/photos/365856546/medium.jpg,,"","",1,0,false,3,"Highlands-Perkins, Baton Rouge, LA, US",30.4079815653,-91.1119096634,3,,,,3,,open,false,,,Wild Boar,Sus scrofa,Wild Boar,Mammalia,42134
206880961,e3ecd2de-7455-4edd-87aa-af9633f4c7ce,2024-04-12 16:09:00,2024-04-12,2024-04-12 23:09:00 +0200,Central Time (US & Canada),315812,plectrudis,"",2024-04-13 04:17:32 +0200,2024-04-13 21:56:10 +0200,research,CC-BY-NC,https://www.inaturalist.org/observations/206880961,https://inaturalist-open-data.s3.amazonaws.com/photos/365877551/medium.jpeg,,"",,2,0,false,2,"Calhoun County, TX, USA",28.2428914974,-96.7859197408,2373,,,,2373,,open,false,gps,gps,Wild Boar,Sus scrofa,Wild Boar,Mammalia,42134
206895062,62f54c99-25dd-4262-a497-b11495334a3b,2024/03/30 2:00 PM,2024-03-30,2024-03-30 20:00:00 +0100,Central Time (US & Canada),1952402,wonderbird22,Ari Rice,2024-04-13 06:34:24 +0200,2024-04-13 08:03:23 +0200,research,CC-BY-NC,https://www.inaturalist.org/observations/206895062,https://inaturalist-open-data.s3.amazonaws.com/photos/365885371/medium.jpeg,,"",OINK OINK,1,0,false,,"Gray County, TX, USA",35.219557749,-100.8551049689,30,,,,30,,open,false,,,Wild Boar,Sus scrofa,Wild Boar,Mammalia,42134
206895500,cd483fcd-dbb1-4ab9-af02-fa80a8da855e,2024/04/10 5:33 PM,2024-04-10,2024-04-11 00:33:00 +0200,Central Time (US & Canada),542677,billarbon,duckswim2,2024-04-13 06:39:49 +0200,2025-05-23 10:39:33 +0200,research,CC-BY-NC,https://www.inaturalist.org/observations/206895500,https://inaturalist-open-data.s3.amazonaws.com/photos/365906276/medium.jpeg,,"",,1,0,false,,"Gillespie County, TX, USA",30.2428544305,-98.6006071276,8,,,,8,,open,false,,,Domestic Pig,Sus scrofa domesticus,Domestic Pig,Mammalia,324492
206973394,a6e15d06-6fe0-4fa1-a449-53ac96795f10,2024-04-13 10:51:59,2024-04-13,2024-04-13 17:51:59 +0200,Central Time (US & Canada),327847,celene,Celene Rosen,2024-04-13 17:53:04 +0200,2024-04-22 19:05:58 +0200,research,,https://www.inaturalist.org/observations/206973394,https://static.inaturalist.org/photos/366049619/medium.jpeg,,"",,2,0,false,2,"Seagoville, TX 75159, USA",32.6135981052,-96.500948444,214,,,,214,,open,false,gps,gps,Wild Boar,Sus scrofa,Wild Boar,Mammalia,42134
207011799,774f801f-2532-49a1-9432-bf9c0cb4c739,2024-04-13 10:52:23-05:00,2024-04-13,2024-04-13 17:52:23 +0200,Central Time (US & Canada),4268967,tina_burke,Tina Burke,2024-04-13 21:00:12 +0200,2024-04-13 21:52:21 +0200,research,,https://www.inaturalist.org/observations/207011799,https://static.inaturalist.org/photos/366118679/medium.jpg,,"","",1,0,false,3,"Seagoville, TX, US",32.60953,-96.50222,4,,,,4,,open,false,,,Wild Boar,Sus scrofa,Wild Boar,Mammalia,42134
207014581,2983303b-c6d5-48c4-8e34-43fddf3d9326,2024/04/03 9:07 AM,2024-04-03,2024-04-03 16:07:00 +0200,Central Time (US & Canada),499808,lukeberg,Luke Berg,2024-04-13 21:13:57 +0200,2025-07-28 22:05:59 +0200,research,,https://www.inaturalist.org/observations/207014581,https://static.inaturalist.org/photos/366118338/medium.jpeg,,"",,1,0,false,,"Calhoun County, TX, USA",28.4966139422,-96.8434874481,69,,,,69,,open,false,,,Wild Boar,Sus scrofa,Wild Boar,Mammalia,42134
207043903,98f5bb4c-3f3d-412b-baf4-8085c35eb0b7,2024-04-13 16:30:34-05:00,2024-04-13,2024-04-13 23:30:34 +0200,Central Time (US & Canada),11202,kuykenwil,Mark Wilson,2024-04-13 23:36:22 +0200,2024-09-04 21:45:25 +0200,research,CC0,https://www.inaturalist.org/observations/207043903,https://inaturalist-open-data.s3.amazonaws.com/photos/366180209/medium.jpg,,"",Feral hog,1,0,false,3,"Texas, US",28.5724533909,-98.7027173176,4,,,,29607,obscured,open,true,,,Wild Boar,Sus scrofa,Wild Boar,Mammalia,42134
207069195,db78c062-af62-45e9-9946-efbc35dd804d,2024-04-09 16:14:02,2024-04-09,2024-04-09 22:14:02 +0200,Eastern Time (US & Canada),1110667,botanylicious,Sarah Kelsey,2024-04-14 01:55:18 +0200,2025-05-23 10:39:35 +0200,research,CC-BY-NC-SA,https://www.inaturalist.org/observations/207069195,https://inaturalist-open-data.s3.amazonaws.com/photos/366227422/medium.jpeg,,"",Deer?,2,0,false,2,"Junction City, GA 31812, USA",32.5478280997,-84.4021206997,,,,,,,open,false,gps,gps,Domestic Pig,Sus scrofa domesticus,Domestic Pig,Mammalia,324492
207086112,c0b7c06b-e8b7-402b-8a6b-ee7569cb7f67,2024-04-09 14:08:48-05:00,2024-04-09,2024-04-09 21:08:48 +0200,Central Time (US & Canada),540918,sandyleau,Sandy Underwood,2024-04-14 03:54:08 +0200,2024-11-17 18:17:11 +0100,research,CC-BY-NC-ND,https://www.inaturalist.org/observations/207086112,https://inaturalist-open-data.s3.amazonaws.com/photos/366261767/medium.jpg,,"","",1,0,false,3,"Wichita Falls, TX, US",33.8560014858,-98.4757604854,372,,,,372,,open,false,,,Wild Boar,Sus scrofa,Wild Boar,Mammalia,42134
207198763,b0b211c1-5b57-46d8-a64f-474c92cf0eab,2024/03/23 4:11 AM,2024-03-23,2024-03-23 10:11:00 +0100,Central Time (US & Canada),6471254,mmckissack,,2024-04-14 18:32:24 +0200,2024-04-16 04:20:43 +0200,research,CC-BY-NC,https://www.inaturalist.org/observations/207198763,https://inaturalist-open-data.s3.amazonaws.com/photos/366471901/medium.jpeg,,"",,1,0,false,,"Crownridge Canyon Park, 7222 Luskey Blvd, San Antonio, TX 78256, USA",29.6162287,-98.6306998,198,,,,198,,open,false,,,Wild Boar,Sus scrofa,Wild Boar,Mammalia,42134
207244211,6ef58082-06ea-48d6-b86f-4e4730148df4,2024/03/31 6:34 PM,2024-03-31,2024-04-01 01:34:00 +0200,Central Time (US & Canada),6235073,jclack,,2024-04-14 21:52:50 +0200,2024-04-16 04:19:06 +0200,research,CC-BY-NC,https://www.inaturalist.org/observations/207244211,https://inaturalist-open-data.s3.amazonaws.com/photos/366555656/medium.jpeg,,"",,2,0,false,,United States,29.7838728442,-98.7705415093,1000000,,,,1000000,obscured,open,true,,,Wild Boar,Sus scrofa,Wild Boar,Mammalia,42134
207244221,913bdbe1-0f51-437b-99f9-6fe5240895b4,2024/03/31 6:34 PM,2024-03-31,2024-04-01 01:34:00 +0200,Central Time (US & Canada),6235073,jclack,,2024-04-14 21:52:52 +0200,2024-04-16 04:18:24 +0200,research,CC-BY-NC,https://www.inaturalist.org/observations/207244221,https://inaturalist-open-data.s3.amazonaws.com/photos/366555683/medium.jpeg,,"",,1,0,false,,United States,29.7370732409,-98.7020776634,1000000,,,,1000000,obscured,open,true,,,Wild Boar,Sus scrofa,Wild Boar,Mammalia,42134
207244231,867ec8c6-a292-4a09-9b87-b44c14af790a,2024/03/31 6:34 PM,2024-03-31,2024-04-01 01:34:00 +0200,Central Time (US & Canada),6235073,jclack,,2024-04-14 21:52:54 +0200,2024-04-16 04:18:19 +0200,research,CC-BY-NC,https://www.inaturalist.org/observations/207244231,https://inaturalist-open-data.s3.amazonaws.com/photos/366555757/medium.jpeg,,"","",2,0,false,,United States,29.6010634138,-98.7567495663,1000000,,,,1000000,obscured,open,true,,,Wild Boar,Sus scrofa,Wild Boar,Mammalia,42134
207251107,07adf6de-145b-477f-acb4-40c70e2ec265,2024/04/14 3:20 PM,2024-04-14,2024-04-14 22:20:00 +0200,Central Time (US & Canada),7809830,ibukun-oyeyemi,,2024-04-14 22:20:25 +0200,2024-04-14 22:22:11 +0200,research,CC-BY-NC,https://www.inaturalist.org/observations/207251107,https://inaturalist-open-data.s3.amazonaws.com/photos/366568438/medium.jpeg,,"",,1,0,false,,"River Legacy Nature Center, 703 NW Green Oaks Blvd, Arlington, TX 76006, USA",32.783464,-97.115209,197,,,,197,,open,false,,,Wild Boar,Sus scrofa,Wild Boar,Mammalia,42134
207251509,a06b708d-cdfc-4f1e-8386-822ba603dd53,2024/04/14 3:21 PM,2024-04-14,2024-04-14 22:21:00 +0200,Central Time (US & Canada),7809830,ibukun-oyeyemi,,2024-04-14 22:22:22 +0200,2025-05-23 10:39:37 +0200,research,CC-BY-NC,https://www.inaturalist.org/observations/207251509,https://inaturalist-open-data.s3.amazonaws.com/photos/366569202/medium.jpeg,,"",,1,0,false,,"River Legacy Nature Center, 703 NW Green Oaks Blvd, Arlington, TX 76006, USA",32.783464,-97.115209,197,,,,197,,open,false,,,Wild Boar,Sus scrofa,Wild Boar,Mammalia,42134
207310169,87160b59-d8f4-4d5d-9c9b-02df814fccf4,2024-04-14 08:31:15,2024-04-14,2024-04-14 15:31:15 +0200,Central Time (US & Canada),6166570,dringram,Davis,2024-04-15 03:13:36 +0200,2025-04-05 15:07:40 +0200,research,CC-BY-NC,https://www.inaturalist.org/observations/207310169,https://inaturalist-open-data.s3.amazonaws.com/photos/366681608/medium.jpeg,,"",,1,0,false,2,"Addicks Park Ten, Houston, TX, USA",29.8170861111,-95.6335277778,,,,,,,open,false,gps,gps,Eurasian Wild Pig,Sus scrofa,Wild Boar,Mammalia,42134
207331810,53f06c83-0c91-4c46-b9b6-049dbfc531b6,2024/04/14 4:30 PM,2024-04-14,2024-04-14 23:30:00 +0200,Central Time (US & Canada),618478,isaacthelord,Isaac Lord,2024-04-15 05:37:34 +0200,2025-04-24 09:37:27 +0200,research,CC-BY-NC,https://www.inaturalist.org/observations/207331810,https://inaturalist-open-data.s3.amazonaws.com/photos/366722958/medium.jpeg,,"",,1,0,false,,"Eureka Springs, AR, USA",36.4421049941,-93.752927912,609,,,,609,,open,false,,,Eurasian Wild Pig,Sus scrofa,Wild Boar,Mammalia,42134
207332870,7efc87aa-5cb3-4f72-8d0b-18dabb73bbbe,2024-04-06 11:43:26,2024-04-06,2024-04-06 18:43:26 +0200,Central Time (US & Canada),4313246,noah_krivi,Noah Krivi,2024-04-15 05:44:40 +0200,2024-05-08 19:57:30 +0200,research,,https://www.inaturalist.org/observations/207332870,https://static.inaturalist.org/photos/366726415/medium.jpeg,,"",Pack 8-12 including kids,1,0,false,2,"Woodsboro, TX 78393, USA",28.2432388889,-97.2547361111,,,,,,,open,false,gps,gps,Wild Boar,Sus scrofa,Wild Boar,Mammalia,42134
207337978,f1f46d07-343d-4ef5-ac7c-6fe4f8266504,2024/04/13 10:05 AM,2024-04-13,2024-04-13 17:05:00 +0200,Central Time (US & Canada),2168408,currenfrasch,Curren Frasch,2024-04-15 06:34:01 +0200,2024-04-15 14:24:08 +0200,research,CC-BY-NC,https://www.inaturalist.org/observations/207337978,https://inaturalist-open-data.s3.amazonaws.com/photos/366732449/medium.jpeg,,"",,1,0,false,,"Edwards County, TX, USA",29.8493426607,-100.3265353412,38,,,,38,,open,false,,,Wild Boar,Sus scrofa,Wild Boar,Mammalia,42134
207350426,32f4d908-6c8f-4114-b9ba-7f7ecceee787,2024/04/13 12:16 PM,2024-04-13,2024-04-13 19:16:00 +0200,Central Time (US & Canada),4060861,jellyfishmambo,🐦‍⬛ Randolph (Randy) King 🐦‍⬛,2024-04-15 09:01:21 +0200,2024-04-15 14:36:45 +0200,research,CC-BY-NC,https://www.inaturalist.org/observations/207350426,https://inaturalist-open-data.s3.amazonaws.com/photos/366757100/medium.jpeg,,"",,1,0,false,,"ICR Bioblitz, Edwards County, TX",29.8602928607,-100.3387291534,419,,,,419,,open,false,,,Wild Boar,Sus scrofa,Wild Boar,Mammalia,42134
207420827,c7375ffc-878d-4bd5-9bc5-b7c33dca1a1d,2024-01-20 15:34:45-06:00,2024-01-20,2024-01-20 22:34:45 +0100,Central Time (US & Canada),6474098,ashlynsimpson25,,2024-04-15 18:52:36 +0200,2025-05-23 10:39:41 +0200,research,CC-BY-NC,https://www.inaturalist.org/observations/207420827,https://inaturalist-open-data.s3.amazonaws.com/photos/366889757/medium.jpg,,"","",3,0,false,3,"S Main St, Brantley, AL, US",31.5822565,-86.2569585,1069,,,,1069,,open,false,,,Wild Boar,Sus scrofa domesticus,Domestic Pig,Mammalia,324492
207451528,477e6acb-9e3d-435e-b45e-2016395eb9ac,2024-04-13 10:03:46,2024-04-13,2024-04-13 17:03:46 +0200,Central Time (US & Canada),2581768,chandlerdavis,Chandler Davis,2024-04-15 21:45:14 +0200,2024-04-16 00:26:06 +0200,research,,https://www.inaturalist.org/observations/207451528,https://static.inaturalist.org/photos/366944737/medium.jpeg,,"",Indian Creek Ranch Bioblitz 2024,1,0,false,2,"Rocksprings, TX 78880, USA",29.8494972222,-100.326775,,,,,,,open,false,gps,gps,Wild Boar,Sus scrofa,Wild Boar,Mammalia,42134
207454503,2c474fcd-42be-4189-a283-e7185dc9edd9,2024-03-14 23:08:51-04:00,2024-03-14,2024-03-15 04:08:51 +0100,Eastern Time (US & Canada),7730250,hannahregister,,2024-04-15 22:04:06 +0200,2024-04-15 22:10:05 +0200,research,CC-BY-NC,https://www.inaturalist.org/observations/207454503,https://inaturalist-open-data.s3.amazonaws.com/photos/366951022/medium.jpg,,"",Killed as a nuisance to a rye field. ,1,0,false,3,"West Rd, Turkey, NC, US",34.9700916667,-78.1920166667,4,,,,4,,open,false,,,Wild Boar,Sus scrofa,Wild Boar,Mammalia,42134
207494544,a8202deb-5ead-41ec-933f-d4952f986eaf,2024-04-15 17:57:22-05:00,2024-04-15,2024-04-16 00:57:22 +0200,Central Time (US & Canada),540918,sandyleau,Sandy Underwood,2024-04-16 02:16:31 +0200,2024-11-17 18:17:50 +0100,research,CC-BY-NC-ND,https://www.inaturalist.org/observations/207494544,https://inaturalist-open-data.s3.amazonaws.com/photos/367028067/medium.jpg,,"","",1,0,false,3,"Wichita Falls, TX, US",33.8559569535,-98.4757481989,372,,,,372,,open,false,,,Wild Boar,Sus scrofa,Wild Boar,Mammalia,42134
207506947,41edca4b-2284-4557-a67d-26d116f10127,2024/04/14 9:22 AM,2024-04-14,2024-04-14 16:22:00 +0200,Central Time (US & Canada),13118,tadamcochran,"",2024-04-16 03:45:18 +0200,2024-04-16 03:54:11 +0200,research,CC-BY-NC,https://www.inaturalist.org/observations/207506947,https://static.inaturalist.org/photos/367049565/medium.jpeg,,"",,1,0,false,,"Kimble County, TX, USA",30.3333633956,-99.9055616336,1710,,,,1710,,open,false,,,Wild Boar,Sus scrofa,Wild Boar,Mammalia,42134
207513508,b33ad1ac-3c9c-4838-ae72-e2bee56cc97a,2024/04/13 3:26 PM,2024-04-13,2024-04-13 22:26:00 +0200,Central Time (US & Canada),506117,inhat83,Matthew Stepanek,2024-04-16 04:36:00 +0200,2024-04-17 01:49:38 +0200,research,CC-BY-NC-ND,https://www.inaturalist.org/observations/207513508,https://inaturalist-open-data.s3.amazonaws.com/photos/367036867/medium.jpg,,"","",1,0,false,,"Edwards County, TX, USA",29.8531845012,-100.3169304473,537,,,,537,,open,false,,,Wild Boar,Sus scrofa,Wild Boar,Mammalia,42134
207517075,4bb242e5-acca-4697-90ef-f8c682c8d799,2024-04-15 12:36:39-07:00,2024-04-15,2024-04-15 21:36:39 +0200,Pacific Time (US & Canada),3997421,bmcquinn,,2024-04-16 05:03:45 +0200,2024-04-16 22:09:28 +0200,research,CC-BY-NC,https://www.inaturalist.org/observations/207517075,https://inaturalist-open-data.s3.amazonaws.com/photos/367072680/medium.jpg,,"","",2,0,false,3,"Canada Rd, Gilroy, CA, US",37.0307611667,-121.456995,4,,,,4,,open,false,,,Wild Boar,Sus scrofa,Wild Boar,Mammalia,42134
207538206,b2f7d11c-8b31-4556-9913-30165e4ae84c,2024/04/12 3:09 PM,2024-04-12,2024-04-12 22:09:00 +0200,Central Time (US & Canada),4060861,jellyfishmambo,🐦‍⬛ Randolph (Randy) King 🐦‍⬛,2024-04-16 09:19:20 +0200,2024-04-17 06:00:38 +0200,research,CC-BY-NC,https://www.inaturalist.org/observations/207538206,https://inaturalist-open-data.s3.amazonaws.com/photos/367114065/medium.jpeg,,"",,1,0,false,,South Llano River SP,30.4401802528,-99.7996033553,1605,,,,1605,,open,false,,,Wild Boar,Sus scrofa,Wild Boar,Mammalia,42134
207600546,3f18e1db-5452-4b7f-8a2a-bacdc9896604,2024/04/13 12:00 PM,2024-04-13,2024-04-13 19:00:00 +0200,Central Time (US & Canada),112578,bosqueaaron,🌱 Aaron Lincoln 🌱,2024-04-16 18:38:38 +0200,2024-04-16 19:27:43 +0200,research,CC-BY-NC,https://www.inaturalist.org/observations/207600546,https://inaturalist-open-data.s3.amazonaws.com/photos/367224810/medium.jpg,,"",,1,0,false,,"Edwards County, TX, USA",29.8495055556,-100.3270166667,,,,,,,open,false,,,Wild Boar,Sus scrofa,Wild Boar,Mammalia,42134
207618471,c5eef309-9c70-4af6-8916-2d332d21a056,2024/04/11 12:35 PM,2024-04-11,2024-04-11 19:35:00 +0200,Central Time (US & Canada),1767753,peliken,Ken Clark,2024-04-16 20:18:23 +0200,2024-04-16 20:18:59 +0200,research,CC-BY,https://www.inaturalist.org/observations/207618471,https://inaturalist-open-data.s3.amazonaws.com/photos/367258591/medium.jpeg,,"",,1,0,false,,"Gillespie County, TX, USA",30.239667709,-98.6073851676,4,,,,4,,open,false,,,Wild Boar,Sus scrofa,Wild Boar,Mammalia,42134
207628441,0199e10f-b70a-4cb0-9e92-ef601ada4756,2024-03-30 09:00:00-05:00,2024-03-30,2024-03-30 15:00:00 +0100,Central Time (US & Canada),7347837,elijah_a_w,,2024-04-16 21:10:53 +0200,2024-04-16 21:15:03 +0200,research,CC-BY-NC,https://www.inaturalist.org/observations/207628441,https://inaturalist-open-data.s3.amazonaws.com/photos/367277632/medium.jpg,,"","",1,0,false,3,"Faunsdale, AL, US",32.416395,-87.686005,12,,,,12,,open,false,,,Wild Boar,Sus scrofa,Wild Boar,Mammalia,42134
207644210,0d9fe848-2be2-478e-938d-fba9d3b7f040,2024-04-09 09:04:26-04:00,2024-04-09,2024-04-09 15:04:26 +0200,Eastern Time (US & Canada),508765,kylethealligator,,2024-04-16 22:44:29 +0200,2024-04-16 23:18:15 +0200,research,,https://www.inaturalist.org/observations/207644210,https://static.inaturalist.org/photos/367306882/medium.jpg,,"",There is also a great blue heron and alligator in the shot lol,1,0,false,3,"Paynes Prairie Preserve State Park, Gainesville, FL, US",29.610275,-82.30443,1,,,,1,,open,false,,,Wild Boar,Sus scrofa,Wild Boar,Mammalia,42134
207658358,a7175f1a-4e37-4983-a7ff-c7cd9b0cff70,2024/04/11 6:23 AM,2024-04-11,2024-04-11 13:23:00 +0200,Central Time (US & Canada),6239657,liamhuber,Liam Huber,2024-04-17 00:08:34 +0200,2024-04-18 02:09:51 +0200,research,CC-BY-NC,https://www.inaturalist.org/observations/207658358,https://inaturalist-open-data.s3.amazonaws.com/photos/367325833/medium.jpg,,"",,1,0,false,,"Chambers County, TX, USA",29.6141069997,-94.5397804744,4,,,,4,,open,false,,,Wild Boar,Sus scrofa,Wild Boar,Mammalia,42134
207693638,ac7cdf0a-4d0e-4927-a581-bccafbfc88df,2024-03-30 21:44:06,2024-03-30,2024-03-31 04:44:06 +0200,Central Time (US & Canada),6166570,dringram,Davis,2024-04-17 04:14:33 +0200,2024-04-17 04:41:02 +0200,research,CC-BY-NC,https://www.inaturalist.org/observations/207693638,https://inaturalist-open-data.s3.amazonaws.com/photos/367401119/medium.jpeg,,"",https://youtu.be/1UYYhTv_76M?feature=shared,1,0,false,2,"Addicks Park Ten, Houston, TX, USA",29.8252320125,-95.6270197034,2481,,,,2481,,open,false,gps,gps,Wild Boar,Sus scrofa,Wild Boar,Mammalia,42134
207746545,b8ebe153-bb42-4a84-98e3-9276aeeb25f3,2024-04-17 00:14:41-04:00,2024-04-17,2024-04-17 06:14:41 +0200,Eastern Time (US & Canada),4626928,abbyhastings,Abby Hastings,2024-04-17 14:53:17 +0200,2024-07-27 11:15:14 +0200,research,CC-BY-NC,https://www.inaturalist.org/observations/207746545,https://inaturalist-open-data.s3.amazonaws.com/photos/367503040/medium.jpg,,"","",1,0,false,3,"Peace River, Wauchula, FL, US",27.5462408335,-81.791313608,62,,,,62,,open,false,,,Wild Boar,Sus scrofa,Wild Boar,Mammalia,42134
207803497,a003d8d3-5c3e-44da-b9bc-165fbb47e931,2024-04-13 14:28:43-07:00,2024-04-13,2024-04-13 23:28:43 +0200,Pacific Time (US & Canada),6762113,mx_samuel,,2024-04-17 21:03:17 +0200,2025-09-07 18:35:02 +0200,research,CC-BY-NC,https://www.inaturalist.org/observations/207803497,https://inaturalist-open-data.s3.amazonaws.com/photos/367606457/medium.jpg,,"","",1,1,false,3,"Hastings Natural History Reservation, Carmel Valley, CA, US",36.3835216667,-121.55027,4,,,,4,,open,false,,,Wild Boar,Sus scrofa,Wild Boar,Mammalia,42134
207854126,fd77c603-7561-4e2c-b709-d05c5ea97fda,2024-04-13 22:20:34,2024-04-13,2024-04-14 05:20:34 +0200,Central Time (US & Canada),2581768,chandlerdavis,Chandler Davis,2024-04-18 02:44:56 +0200,2024-04-18 16:32:16 +0200,research,,https://www.inaturalist.org/observations/207854126,https://static.inaturalist.org/photos/367700411/medium.jpeg,,"",Indian Creek Ranch Bioblitz 2024,1,0,false,2,"Rocksprings, TX 78880, USA",29.8622305556,-100.3431083333,,,,,,,open,false,gps,gps,Wild Boar,Sus scrofa,Wild Boar,Mammalia,42134
207862396,2cd50ab8-0ca0-438a-a678-5f4ad6d4eefd,2024-04-15 11:20:00-05:00,2024-04-15,2024-04-15 18:20:00 +0200,Central Time (US & Canada),7995438,nelsondha,,2024-04-18 03:53:53 +0200,2024-07-27 11:15:13 +0200,research,CC-BY-NC,https://www.inaturalist.org/observations/207862396,https://inaturalist-open-data.s3.amazonaws.com/photos/369701100/medium.jpg,,"","",1,0,false,3,"Brazoria National Wildlife Refuge, Freeport, TX, US",29.1100484013,-95.2274560806,229,,,,229,,open,false,,,Wild Boar,Sus scrofa,Wild Boar,Mammalia,42134
207863966,0eba7bc6-90e4-43a1-a81e-b66a86ba37c2,2024-04-09 22:00:00,2024-04-09,2024-04-10 05:00:00 +0200,Central Time (US & Canada),6166570,dringram,Davis,2024-04-18 04:08:22 +0200,2024-04-18 07:05:49 +0200,research,CC-BY-NC,https://www.inaturalist.org/observations/207863966,https://inaturalist-open-data.s3.amazonaws.com/photos/367720675/medium.jpeg,,"",https://youtu.be/JuG0UfLuS1w?feature=shared,1,0,false,2,"Addicks Park Ten, Houston, TX, USA",29.8252320125,-95.6270197034,2481,,,,2481,,open,false,gps,gps,Wild Boar,Sus scrofa,Wild Boar,Mammalia,42134
207938394,6c53ba5d-ca3a-45cd-8395-93dc5d926381,2024/04/05 3:54 AM,2024-04-05,2024-04-05 10:54:00 +0200,Central Time (US & Canada),1595749,jcochran706,Jack Cochran,2024-04-18 17:55:19 +0200,2024-07-27 11:15:12 +0200,research,CC-BY-NC,https://www.inaturalist.org/observations/207938394,https://inaturalist-open-data.s3.amazonaws.com/photos/367860087/medium.jpeg,,crpj,,1,0,false,,"Texas, US",30.8033069039,-97.732928608,4,,,,29304,obscured,open,true,,,Wild Boar,Sus scrofa,Wild Boar,Mammalia,42134
207943333,0e7c3e4a-431c-4320-b99b-5525332d3b09,2024/04/16 1:09 AM,2024-04-16,2024-04-16 08:09:00 +0200,Central Time (US & Canada),1595749,jcochran706,Jack Cochran,2024-04-18 18:25:44 +0200,2024-04-18 19:24:12 +0200,research,CC-BY-NC,https://www.inaturalist.org/observations/207943333,https://inaturalist-open-data.s3.amazonaws.com/photos/367869327/medium.jpeg,,crpj,Moving up bluff on animal trail.,1,0,false,,"Texas, US",30.9356657599,-97.717178497,4,,,,29304,obscured,open,true,,,Wild Boar,Sus scrofa,Wild Boar,Mammalia,42134
207977673,e0a61d9e-f1a7-490d-948a-6792bd1a6b66,2024/04/11 12:28 PM,2024-04-11,2024-04-11 19:28:00 +0200,Central Time (US & Canada),91751,czktex,John Maresh,2024-04-18 21:37:47 +0200,2024-04-19 00:36:35 +0200,research,CC-BY-NC,https://www.inaturalist.org/observations/207977673,https://inaturalist-open-data.s3.amazonaws.com/photos/367932278/medium.jpg,,"",Erath Co.,1,0,false,,"Erath County, TX, USA",32.013751,-98.09092,16,,,,16,,open,false,,,Wild Boar,Sus scrofa,Wild Boar,Mammalia,42134
208003467,461f1459-5363-4804-ad6e-ca1924160524,2024-04-18 18:24:31-04:00,2024-04-18,2024-04-19 00:24:31 +0200,Eastern Time (US & Canada),1819711,nrosner31,,2024-04-19 00:25:33 +0200,2024-04-19 00:49:03 +0200,research,CC-BY-NC,https://www.inaturalist.org/observations/208003467,https://inaturalist-open-data.s3.amazonaws.com/photos/367980528/medium.jpg,,"","",1,0,false,3,"I-95 N, Woodbine, GA, US",31.0198888333,-81.65783,4,,,,4,,open,false,,,Wild Boar,Sus scrofa,Wild Boar,Mammalia,42134
208131403,be25c15e-3406-4543-b85c-bff47e8269ec,2024-04-17 19:31:10,2024-04-17,2024-04-18 01:31:10 +0200,Eastern Time (US & Canada),795282,hankle,Hani,2024-04-19 20:15:09 +0200,2024-04-19 20:15:52 +0200,research,CC-BY-NC,https://www.inaturalist.org/observations/208131403,https://inaturalist-open-data.s3.amazonaws.com/photos/368216536/medium.jpeg,,"",,1,0,false,2,"Alafaya, FL 32828, USA",28.502699867,-81.1347999796,5,,,,5,,open,false,gps,gps,Wild Boar,Sus scrofa,Wild Boar,Mammalia,42134
208140145,599dbe15-c90d-4596-b95c-be4c89f6b9aa,2024-04-18 12:48:00-05:00,2024-04-18,2024-04-18 19:48:00 +0200,Central Time (US & Canada),32993,c_h_hemphill,CH Hemphill,2024-04-19 21:10:44 +0200,2024-04-19 23:18:59 +0200,research,CC-BY-NC,https://www.inaturalist.org/observations/208140145,https://inaturalist-open-data.s3.amazonaws.com/photos/368232239/medium.jpg,,"","",1,0,false,3,"Valera, TX, US",31.6755140184,-99.5827864647,25,,,,25,,open,false,,,Wild Boar,Sus scrofa,Wild Boar,Mammalia,42134
208153047,f4605902-9def-46bd-bd20-2b233289d5fc,2024/04/19 9:28 AM,2024-04-19,2024-04-19 15:28:00 +0200,Eastern Time (US & Canada),248039,mikeweisensee,Michael Weisensee,2024-04-19 22:27:31 +0200,2024-04-19 22:31:28 +0200,research,CC-BY-NC,https://www.inaturalist.org/observations/208153047,https://inaturalist-open-data.s3.amazonaws.com/photos/368255094/medium.jpeg,,"","",1,0,false,,"Myakka River State Park, 13208 State Rd 72, Sarasota, FL 34241, USA",27.2304832,-82.269193,13589,,,,13589,,open,false,,,Wild Boar,Sus scrofa,Wild Boar,Mammalia,42134
208167532,3c6aa087-7eda-4818-bf7d-5de80b83ff95,2024/04/13 8:11 PM,2024-04-13,2024-04-14 03:11:00 +0200,Central Time (US & Canada),395895,wildlander,Jared Gorrell,2024-04-20 00:04:03 +0200,2024-04-20 00:07:34 +0200,research,CC-BY-NC,https://www.inaturalist.org/observations/208167532,https://inaturalist-open-data.s3.amazonaws.com/photos/368280270/medium.jpeg,,"","",1,0,false,,"Medina County, TX, USA",29.4489567516,-99.3113705384,122,,,,122,,open,false,,,Wild Boar,Sus scrofa,Wild Boar,Mammalia,42134
208173395,955365ac-f36d-4e34-92c1-f821daf2f3aa,2024-04-19 17:29:49-05:00,2024-04-19,2024-04-20 00:29:49 +0200,Central Time (US & Canada),4245680,erinmckool,Erin McKool - Bee Creek Life,2024-04-20 00:44:29 +0200,2024-04-20 05:14:40 +0200,research,,https://www.inaturalist.org/observations/208173395,https://static.inaturalist.org/photos/368294370/medium.jpg,,"","",1,0,false,3,"Grandview, TX, US",32.2302216098,-96.9833520088,410,,,,410,,open,false,,,Wild Boar,Sus scrofa,Wild Boar,Mammalia,42134
208218124,860cade2-fa59-4aac-a096-d8d54e6eef52,2024-04-19 15:10:30,2024-04-19,2024-04-19 22:10:30 +0200,Central Time (US & Canada),1876016,teresa231,Teresa Gilbreath,2024-04-20 07:11:27 +0200,2024-07-27 11:15:09 +0200,research,,https://www.inaturalist.org/observations/208218124,https://static.inaturalist.org/photos/368382776/medium.jpeg,,"",Found in wooded area on rural property,1,0,false,2,"Mineral Wells, TX 76067, USA",32.7586259466,-98.1473268941,24,,,,24,,open,false,gps,gps,Wild Boar,Sus scrofa,Wild Boar,Mammalia,42134
208267911,1f47091a-e245-4a77-8860-ff17359b0e48,2024/04/19 12:00 PM,2024-04-19,2024-04-19 21:00:00 +0200,Pacific Time (US & Canada),10201,edwardrooks,edwardrooks,2024-04-20 16:10:30 +0200,2024-04-20 19:32:37 +0200,research,CC-BY-NC,https://www.inaturalist.org/observations/208267911,https://inaturalist-open-data.s3.amazonaws.com/photos/368476458/medium.jpeg,,"","",1,0,false,,"Bay Checkerspot Trail, Mayyan Ooyakma, Coyote Ridge Open Space Preserve, Coyote , CA, USA",37.2117304735,-121.7077016971,1140,,,,1140,,open,false,,,Wild Boar,Sus scrofa,Wild Boar,Mammalia,42134
208318510,4beab082-2ecb-4b11-b729-98ef49496464,2024/04/20 7:31 AM,2024-04-20,2024-04-20 14:31:00 +0200,Central Time (US & Canada),884747,chobuck,"",2024-04-20 20:14:04 +0200,2024-04-21 04:16:53 +0200,research,CC-BY-NC,https://www.inaturalist.org/observations/208318510,https://inaturalist-open-data.s3.amazonaws.com/photos/368564363/medium.jpeg,,"",,2,0,false,,"Cameron County, TX, USA",26.2298887045,-97.3687089608,5085,,,,5085,,open,false,,,Wild Boar,Sus scrofa,Wild Boar,Mammalia,42134
208318511,004616d2-5213-407f-a5b7-cefc6a9a225f,2024/04/20 7:33 AM,2024-04-20,2024-04-20 14:33:00 +0200,Central Time (US & Canada),884747,chobuck,"",2024-04-20 20:14:04 +0200,2025-05-23 10:40:08 +0200,research,CC-BY-NC,https://www.inaturalist.org/observations/208318511,https://inaturalist-open-data.s3.amazonaws.com/photos/368564386/medium.jpeg,,"",,2,0,false,,"Cameron County, TX, USA",26.2298887045,-97.3687089608,5085,,,,5085,,open,false,,,Eurasian Wild Pig,Sus scrofa,Wild Boar,Mammalia,42134
208341722,92e87f04-8d04-4a47-a6c1-db50bf1b0f93,2024/04/20 7:21 AM,2024-04-20,2024-04-20 13:21:00 +0200,Eastern Time (US & Canada),655174,goodoldroute15,Bob Oswald,2024-04-20 22:05:06 +0200,2024-04-20 22:06:25 +0200,research,CC-BY-NC,https://www.inaturalist.org/observations/208341722,https://inaturalist-open-data.s3.amazonaws.com/photos/368609711/medium.jpg,,"",,1,0,false,,"La Chua Trail, Gainesville, FL, USA",29.605935,-82.3030157,485,,,,485,,open,false,,,Wild Boar,Sus scrofa,Wild Boar,Mammalia,42134
208376362,b5678835-e79b-4773-98e1-911a2e9ba72d,2024/04/20 8:52 AM,2024-04-20,2024-04-20 14:52:00 +0200,Eastern Time (US & Canada),3453019,kingmush,JeffreyGammon,2024-04-21 00:59:52 +0200,2024-04-21 03:42:13 +0200,research,CC-BY-NC,https://www.inaturalist.org/observations/208376362,https://inaturalist-open-data.s3.amazonaws.com/photos/368646637/medium.jpeg,,"kingmush, 2024, April, Florida, US, USA, North America, United States, Bioblitz",damage by pig,1,0,false,,"Seminole County, FL, USA",28.8465194444,-81.3521194444,5,,,,5,,open,false,,,Wild Boar,Sus scrofa,Wild Boar,Mammalia,42134
208419307,4e7ae862-aac0-426c-9822-2a8ed912c6fb,2024/04/18 6:40 PM,2024-04-18,2024-04-19 03:40:00 +0200,Pacific Time (US & Canada),314676,lucyfern,Lucy Ferneyhough,2024-04-21 06:18:15 +0200,2024-04-21 07:45:16 +0200,research,CC-BY-NC,https://www.inaturalist.org/observations/208419307,https://inaturalist-open-data.s3.amazonaws.com/photos/368760087/medium.jpeg,,"","",2,0,false,,"San Benito County, CA, USA",36.2998104764,-120.863686671,379,,,,379,,open,false,,,Wild Boar,Sus scrofa,Wild Boar,Mammalia,42134
208462465,24a35b1b-6625-4e30-b186-5d7d3314a465,2024/04/19 5:08 AM,2024-04-19,2024-04-19 12:08:00 +0200,Central Time (US & Canada),7844411,mdraines,Mike Raines,2024-04-21 13:52:52 +0200,2024-04-21 13:55:51 +0200,research,CC-BY-NC,https://www.inaturalist.org/observations/208462465,https://inaturalist-open-data.s3.amazonaws.com/photos/368840706/medium.jpeg,,CRPJ,Riparian woodland,1,0,false,,"Texas, US",30.9578444378,-97.6806302213,5,,,,29304,obscured,open,true,,,Wild Boar,Sus scrofa,Wild Boar,Mammalia,42134
208501156,b677441e-f3bd-4250-b583-ac300f4587cd,2024-04-21 10:33:11-05:00,2024-04-21,2024-04-21 17:33:11 +0200,Central Time (US & Canada),6551515,memomg,,2024-04-21 17:34:48 +0200,2025-10-03 11:45:18 +0200,research,CC-BY-NC,https://www.inaturalist.org/observations/208501156,https://inaturalist-open-data.s3.amazonaws.com/photos/368910054/medium.jpg,,"","",4,1,false,3,"Junction, TX, US",30.4717924074,-99.781861296,3,,,,3,,open,false,,,Wild Boar,Sus scrofa,Wild Boar,Mammalia,42134
208566754,7093fa72-a7dd-41c4-b671-68779e1ee5da,2024/03/28 5:15 AM,2024-03-28,2024-03-28 11:15:00 +0100,Central Time (US & Canada),5982438,kwood1,KWood,2024-04-21 22:37:25 +0200,2024-04-22 17:11:01 +0200,research,CC-BY-NC,https://www.inaturalist.org/observations/208566754,https://inaturalist-open-data.s3.amazonaws.com/photos/369029290/medium.jpeg,,"",,1,0,false,,"Texas, US",29.6392596548,-98.6724942683,2,,,,29458,obscured,open,true,,,Wild Boar,Sus scrofa,Wild Boar,Mammalia,42134
208568006,5c421899-ab02-4d8b-b2b7-81b35a3588cf,2024/04/06 7:22 PM,2024-04-06,2024-04-07 02:22:00 +0200,Central Time (US & Canada),3920526,bacchusrock,Jo Roberts,2024-04-21 22:43:18 +0200,2024-04-21 23:29:42 +0200,research,CC0,https://www.inaturalist.org/observations/208568006,https://inaturalist-open-data.s3.amazonaws.com/photos/369031537/medium.jpeg,,"","",3,0,false,,"Edwards County, TX, USA",29.8623079324,-100.3428109559,31,,,,31,,open,false,,,Wild Boar,Sus scrofa,Wild Boar,Mammalia,42134
208568405,b7ffb38d-d652-4bd6-8175-462ab9fdb069,2024/03/30 10:10 PM,2024-03-30,2024-03-31 05:10:00 +0200,Central Time (US & Canada),5982438,kwood1,KWood,2024-04-21 22:45:11 +0200,2024-04-21 23:28:00 +0200,research,CC-BY-NC,https://www.inaturalist.org/observations/208568405,https://inaturalist-open-data.s3.amazonaws.com/photos/369033129/medium.jpeg,,"",,1,0,false,,"Texas, US",29.6890645736,-98.7307978648,2,,,,29458,obscured,open,true,,,Wild Boar,Sus scrofa,Wild Boar,Mammalia,42134
208569647,647aa375-33cd-4100-95aa-bc34da1e37de,2024/03/31 10:57 PM,2024-03-31,2024-04-01 05:57:00 +0200,Central Time (US & Canada),5982438,kwood1,KWood,2024-04-21 22:50:37 +0200,2024-04-22 17:10:43 +0200,research,CC-BY-NC,https://www.inaturalist.org/observations/208569647,https://inaturalist-open-data.s3.amazonaws.com/photos/369035044/medium.jpeg,,"",,1,0,false,,"Texas, US",29.6626169307,-98.6386842851,2,,,,29458,obscured,open,true,,,Wild Boar,Sus scrofa,Wild Boar,Mammalia,42134
208579075,93763c2c-dfa4-4513-83dd-102a6a5d37bd,2024/04/07 9:04 PM,2024-04-07,2024-04-08 04:04:00 +0200,Central Time (US & Canada),5982438,kwood1,KWood,2024-04-21 23:32:51 +0200,2024-04-22 17:10:05 +0200,research,CC-BY-NC,https://www.inaturalist.org/observations/208579075,https://inaturalist-open-data.s3.amazonaws.com/photos/369053326/medium.jpeg,,"",,1,0,false,,"Texas, US",29.7189738178,-98.6719676836,2,,,,29458,obscured,open,true,,,Wild Boar,Sus scrofa,Wild Boar,Mammalia,42134
208640931,cce47df0-60b7-4280-aaab-39f4093b7d9e,2024-04-21 19:32:02-05:00,2024-04-21,2024-04-22 02:32:02 +0200,Central Time (US & Canada),5032410,ben_b41,,2024-04-22 05:40:08 +0200,2024-05-04 18:44:23 +0200,research,CC-BY-NC,https://www.inaturalist.org/observations/208640931,https://inaturalist-open-data.s3.amazonaws.com/photos/369171912/medium.jpg,,"","",1,0,false,3,"River Legacy Park, Fort Worth, TX, US",32.78408,-97.1203778333,1816,,,,1816,,open,false,,,Wild Boar,Sus scrofa,Wild Boar,Mammalia,42134
208653580,b19ec95a-88af-4084-b3eb-d3ce73bd2a43,2024-04-21 11:04:33,2024-04-21,2024-04-21 20:04:33 +0200,Pacific Time (US & Canada),1525980,goflowers,Sarah Wang,2024-04-22 07:47:12 +0200,2024-04-22 18:36:33 +0200,research,CC-BY-NC,https://www.inaturalist.org/observations/208653580,https://inaturalist-open-data.s3.amazonaws.com/photos/369197521/medium.jpeg,,"",,1,0,false,2,"Mt Hamilton, CA 95140, USA",37.3289355137,-121.7097529024,4,,,,4,,open,false,gps,gps,Wild Boar,Sus scrofa,Wild Boar,Mammalia,42134
208699313,ca888e75-4bd8-4a83-a124-7e881269c6d9,2024/03/10 3:01 AM,2024-03-10,2024-03-10 08:01:00 +0100,Eastern Time (US & Canada),125833,benjaminfitzpatrick,Benjamin Fitzpatrick,2024-04-22 16:06:28 +0200,2024-06-02 18:01:44 +0200,research,,https://www.inaturalist.org/observations/208699313,https://static.inaturalist.org/photos/369281342/medium.jpeg,,"",P04[0:0] TT[5218] E[064:0000]G[144:0x00] BV[-5:0] IR[F:60],2,0,false,,"Quiet Walkway, Riverview Quiet Walkway, Gatlinburg, TN 37738, USA",35.6725511,-83.5265558,189,,,,189,,open,false,,,Wild Boar,Sus scrofa,Wild Boar,Mammalia,42134
208765071,f423ecdf-f9d9-433f-8259-3449d685d9bf,2024/04/13 3:03 PM,2024-04-13,2024-04-13 22:03:00 +0200,Central Time (US & Canada),5982438,kwood1,KWood,2024-04-22 22:04:41 +0200,2024-07-27 11:15:05 +0200,research,CC-BY-NC,https://www.inaturalist.org/observations/208765071,https://inaturalist-open-data.s3.amazonaws.com/photos/369396482/medium.jpeg,,"",,1,0,false,,"Texas, US",29.7642137872,-98.656973144,2,,,,29458,obscured,open,true,,,Wild Boar,Sus scrofa,Wild Boar,Mammalia,42134
208772016,413f3a0d-71f3-407e-bd61-1778f9e18c28,2024/04/14 6:37 AM,2024-04-14,2024-04-14 13:37:00 +0200,Central Time (US & Canada),5982438,kwood1,KWood,2024-04-22 22:38:59 +0200,2025-09-05 23:56:16 +0200,research,CC-BY-NC,https://www.inaturalist.org/observations/208772016,https://inaturalist-open-data.s3.amazonaws.com/photos/369408219/medium.jpeg,,"","",1,0,false,,"Texas, US",29.7357184447,-98.6610153729,2,,,,29458,obscured,open,true,,,Eurasian Wild Pig,Sus scrofa,Wild Boar,Mammalia,42134
208772454,f58dddbe-95f3-42d5-9384-c36730928b8e,2024-04-20 12:59:29-07:00,2024-04-20,2024-04-20 21:59:29 +0200,Pacific Time (US & Canada),12809,cedric_lee,Cedric Lee,2024-04-22 22:41:00 +0200,2025-03-13 03:19:44 +0100,research,CC-BY-NC,https://www.inaturalist.org/observations/208772454,https://inaturalist-open-data.s3.amazonaws.com/photos/369409566/medium.jpg,,"","",2,0,false,3,"Santa Clara County, UCNRS, US-CA, US",37.3895670741,-121.7474186654,9,,,,9,,open,false,,,Wild Boar,Sus scrofa,Wild Boar,Mammalia,42134
208776206,818e8721-18b0-4b52-870c-6042805bf386,2024/04/16 4:02 AM,2024-04-16,2024-04-16 11:02:00 +0200,Central Time (US & Canada),5982438,kwood1,KWood,2024-04-22 23:01:14 +0200,2024-07-27 11:15:02 +0200,research,CC-BY-NC,https://www.inaturalist.org/observations/208776206,https://inaturalist-open-data.s3.amazonaws.com/photos/369415799/medium.jpeg,,"",,1,0,false,,"Texas, US",29.7547215433,-98.6629736135,2,,,,29458,obscured,open,true,,,Wild Boar,Sus scrofa,Wild Boar,Mammalia,42134
208777343,909d2ec9-1e9e-4a28-9cc8-b310714619d8,2024/04/17 7:19 PM,2024-04-17,2024-04-18 02:19:00 +0200,Central Time (US & Canada),5982438,kwood1,KWood,2024-04-22 23:07:37 +0200,2024-07-27 11:15:01 +0200,research,CC-BY-NC,https://www.inaturalist.org/observations/208777343,https://inaturalist-open-data.s3.amazonaws.com/photos/369418331/medium.jpeg,,"",,1,0,false,,"Texas, US",29.7881541893,-98.7536094117,2,,,,29458,obscured,open,true,,,Wild Boar,Sus scrofa,Wild Boar,Mammalia,42134
208778246,7f8f533e-22d6-447a-aed0-ddeaf5b7ad77,2024/04/19 2:28 PM,2024-04-19,2024-04-19 21:28:00 +0200,Central Time (US & Canada),5982438,kwood1,KWood,2024-04-22 23:11:28 +0200,2025-09-05 23:56:06 +0200,research,CC-BY-NC,https://www.inaturalist.org/observations/208778246,https://inaturalist-open-data.s3.amazonaws.com/photos/369419691/medium.jpeg,,"",,1,0,false,,"Texas, US",29.6129487595,-98.6556882478,2,,,,29458,obscured,open,true,,,Eurasian Wild Pig,Sus scrofa,Wild Boar,Mammalia,42134
208778564,98f7c629-a960-4e2e-86f8-d266d5373a60,2024/04/19 2:29 PM,2024-04-19,2024-04-19 21:29:00 +0200,Central Time (US & Canada),5982438,kwood1,KWood,2024-04-22 23:13:13 +0200,2024-04-23 16:18:31 +0200,research,CC-BY-NC,https://www.inaturalist.org/observations/208778564,https://inaturalist-open-data.s3.amazonaws.com/photos/369420266/medium.jpeg,,"",,1,0,false,,"Texas, US",29.7046908076,-98.6620218286,2,,,,29458,obscured,open,true,,,Wild Boar,Sus scrofa,Wild Boar,Mammalia,42134
208779640,00ab7044-7f94-4d04-90e0-8a5a5ef985ae,2024/04/20 2:22 PM,2024-04-20,2024-04-20 21:22:00 +0200,Central Time (US & Canada),5982438,kwood1,KWood,2024-04-22 23:19:17 +0200,2024-04-27 19:32:25 +0200,research,CC-BY-NC,https://www.inaturalist.org/observations/208779640,https://inaturalist-open-data.s3.amazonaws.com/photos/369422494/medium.jpeg,,"",,1,0,false,,"Texas, US",29.7668360243,-98.7924086245,2,,,,29458,obscured,open,true,,,Wild Boar,Sus scrofa,Wild Boar,Mammalia,42134
208819816,e426ac5a-f620-49b7-8eb6-812c54ddeca7,2024-03-10 20:28:00-05:00,2024-03-10,2024-03-11 02:28:00 +0100,Central Time (US & Canada),5357723,kileynn108,,2024-04-23 03:18:23 +0200,2024-04-23 16:09:32 +0200,research,CC-BY-NC,https://www.inaturalist.org/observations/208819816,https://inaturalist-open-data.s3.amazonaws.com/photos/369497237/medium.jpg,,"",Caught by my cousin Nathan,1,0,false,3,"Mertzon, TX, US",31.3554368545,-100.798909049,16803,,,,16803,,open,false,,,Wild Boar,Sus scrofa,Wild Boar,Mammalia,42134
208872328,3acbb91d-692f-4526-989a-3519b347c011,2024-04-23 01:37:00-05:00,2024-04-23,2024-04-23 08:37:00 +0200,Central Time (US & Canada),32993,c_h_hemphill,CH Hemphill,2024-04-23 13:10:05 +0200,2024-04-23 13:42:19 +0200,research,CC-BY-NC,https://www.inaturalist.org/observations/208872328,https://inaturalist-open-data.s3.amazonaws.com/photos/369601139/medium.jpg,,"","",1,0,false,3,"Voss, TX, US",31.6714039814,-99.6143717266,25,,,,25,,open,false,,,Wild Boar,Sus scrofa,Wild Boar,Mammalia,42134
208979092,5f6bb85d-936f-411c-bccc-60d2d08b34fa,2024-03-10 17:02:53-06:00,2024-03-10,2024-03-11 00:02:53 +0100,Central Time (US & Canada),7748292,mateocordova,Mateo Córdova,2024-04-24 00:19:33 +0200,2024-05-08 06:32:47 +0200,research,CC-BY-NC,https://www.inaturalist.org/observations/208979092,https://inaturalist-open-data.s3.amazonaws.com/photos/369792413/medium.jpg,,"",Running near a fence line on scenic road ,1,0,false,3,"SH-118, Fort Davis, TX, US",30.7156470083,-104.1280242719,99,,,,99,,open,false,,,Wild Boar,Sus scrofa,Wild Boar,Mammalia,42134
208984776,990a0929-aecf-4d28-8c21-32dfdf065e29,2024-04-23 09:28:37-07:00,2024-04-23,2024-04-23 18:28:37 +0200,Pacific Time (US & Canada),6576972,tessaileen,tess m,2024-04-24 00:54:11 +0200,2024-04-27 09:56:59 +0200,research,,https://www.inaturalist.org/observations/208984776,https://static.inaturalist.org/photos/369802628/medium.jpg,,"","",1,0,false,3,"Joseph D. Grant County Park, San Jose, CA, US",37.3218916667,-121.70278,4,,,,4,,open,false,,,Wild Boar,Sus scrofa,Wild Boar,Mammalia,42134
209038135,0466f85e-df1a-48ca-bbe0-7763cc76f283,2024/04/20 9:48 AM,2024-04-20,2024-04-20 18:48:00 +0200,Pacific Time (US & Canada),228547,jhintermeister,"",2024-04-24 08:40:39 +0200,2025-06-20 02:23:06 +0200,research,CC-BY-NC,https://www.inaturalist.org/observations/209038135,https://inaturalist-open-data.s3.amazonaws.com/photos/369906242/medium.jpeg,,"","",0,1,false,,Joseph D. Grant,37.345116,-121.720958,214,,,,214,,open,false,,manual,Eurasian Wild Pig,Sus scrofa,Wild Boar,Mammalia,42134
209063828,d0399314-d0c6-4131-98c3-c7985b7e32d8,2024/04/23 1:30 PM,2024-04-23,2024-04-23 19:30:00 +0200,Eastern Time (US & Canada),208854,johngrego,"",2024-04-24 14:31:04 +0200,2024-04-24 14:33:39 +0200,research,CC-BY-NC,https://www.inaturalist.org/observations/209063828,https://inaturalist-open-data.s3.amazonaws.com/photos/369953012/medium.jpeg,,"",,2,0,false,,"Richland County, SC, USA",33.7872449111,-80.7709316774,213,,,,213,,open,false,,,Wild Boar,Sus scrofa,Wild Boar,Mammalia,42134
209125707,b3439fb3-3110-47a5-af0d-cad0b0a068ef,2024-03-11 14:14:00-05:00,2024-03-11,2024-03-11 20:14:00 +0100,Central Time (US & Canada),7482725,mstein22,,2024-04-24 21:15:17 +0200,2025-05-23 10:40:52 +0200,research,CC-BY-NC,https://www.inaturalist.org/observations/209125707,https://inaturalist-open-data.s3.amazonaws.com/photos/370064752/medium.jpg,,"","",2,0,false,3,"N Second St, Mertzon, TX, US",31.2609445,-100.82197745,773,,,,773,,open,false,,,Wild Boar,Sus scrofa,Wild Boar,Mammalia,42134
209133590,80c95de7-0e8d-40f2-8824-8169b326d887,2024/04/22 10:05 AM,2024-04-22,2024-04-22 17:05:00 +0200,Central Time (US & Canada),18812,mako252,Jon McIntyre,2024-04-24 22:02:29 +0200,2024-04-29 23:46:27 +0200,research,CC-BY-NC,https://www.inaturalist.org/observations/209133590,https://inaturalist-open-data.s3.amazonaws.com/photos/370079049/medium.jpeg,,"",,2,0,false,,"Calallen, Corpus Christi, TX, USA",27.8632012879,-97.612221893,4,,,,4,,open,false,,,Wild Boar,Sus scrofa,Wild Boar,Mammalia,42134
209165682,257e2a7d-7644-4297-8883-36cf6cd2000b,2024/04/18 10:45 AM,2024-04-18,2024-04-18 17:45:00 +0200,Central Time (US & Canada),1332225,twylabirdjean,Twylabird,2024-04-25 01:23:48 +0200,2024-04-25 01:25:13 +0200,research,,https://www.inaturalist.org/observations/209165682,https://static.inaturalist.org/photos/370140066/medium.jpeg,,"Twylabird, Wild boar, Anahuac nWR, Shoveler pond, Texas",,1,0,false,,"Shoveler Pond, Texas, USA",29.6083517,-94.5508381,857,,,,857,,open,false,,,Wild Boar,Sus scrofa,Wild Boar,Mammalia,42134
209170474,24dbc4f2-d092-414d-8c64-e961199deaeb,2024-04-09 13:12:33,2024-04-09,2024-04-09 20:12:33 +0200,Central Time (US & Canada),2153347,adarrah,Abby Darrah,2024-04-25 01:56:36 +0200,2024-07-27 11:14:56 +0200,research,CC-BY,https://www.inaturalist.org/observations/209170474,https://inaturalist-open-data.s3.amazonaws.com/photos/370149300/medium.jpeg,,"",,1,0,false,2,"Harrison County, MS, USA",30.2158444444,-88.95,,,,,,,open,false,gps,gps,Wild Boar,Sus scrofa,Wild Boar,Mammalia,42134
209177524,03a055f7-5927-43ec-a43a-3003ccc23586,2024/04/15 1:33 PM,2024-04-15,2024-04-15 22:33:00 +0200,Pacific Time (US & Canada),425694,helenh,Helen Hancock,2024-04-25 02:47:09 +0200,2024-06-18 03:43:51 +0200,research,CC-BY-NC,https://www.inaturalist.org/observations/209177524,https://inaturalist-open-data.s3.amazonaws.com/photos/370162284/medium.jpg,,"",,1,0,false,,"Camp Ohlone, Alameda County, CA, USA",37.49003,-121.75015,,,,,,,open,false,,,Wild Boar,Sus scrofa,Wild Boar,Mammalia,42134
209182557,e9d79a92-bebd-491b-99d6-5350356d4800,2024-04-24 20:22:37,2024-04-24,2024-04-25 03:22:37 +0200,Central Time (US & Canada),5385911,tjfishing,Tom Forwood Jr.,2024-04-25 03:22:50 +0200,2024-04-26 19:36:56 +0200,research,CC-BY-NC,https://www.inaturalist.org/observations/209182557,https://inaturalist-open-data.s3.amazonaws.com/photos/370397046/medium.jpeg,,"",,1,0,false,2,"Presidio, TX 79845, USA",29.5374581823,-104.3186098896,1,,,,1,,open,false,,,Wild Boar,Sus scrofa,Wild Boar,Mammalia,42134
209366578,f50e5439-9a85-4f62-9402-06e7bab007e4,2024-04-21 19:13:22-05:00,2024-04-21,2024-04-22 02:13:22 +0200,Central Time (US & Canada),3314770,calebhelsel,Caleb Helsel,2024-04-26 02:45:11 +0200,2025-09-23 20:11:42 +0200,research,CC-BY-NC,https://www.inaturalist.org/observations/209366578,https://inaturalist-open-data.s3.amazonaws.com/photos/370511929/medium.jpg,,"","",1,0,false,3,"Boy Scout Woods Sanctuary, Bolivar Peninsula, TX, US",29.5597166667,-94.3878633333,4,,,,4,,open,false,,,Wild Boar,Sus scrofa,Wild Boar,Mammalia,42134
209374792,659561b5-e8d5-406c-8ce8-11cd8ad48217,2024/04/25 9:44 AM,2024-04-25,2024-04-25 16:44:00 +0200,Central Time (US & Canada),4235249,adirado,Alicia Di Rado,2024-04-26 03:38:09 +0200,2025-03-25 01:06:25 +0100,research,CC-BY-NC,https://www.inaturalist.org/observations/209374792,https://inaturalist-open-data.s3.amazonaws.com/photos/370526177/medium.jpg,,"",,1,0,false,,"Calhoun County, TX, USA",28.4993440396,-96.8172285957,8,,,,8,,open,false,,,Wild Boar,Sus scrofa,Wild Boar,Mammalia,42134
209685053,7ad2516c-a23d-4b7c-878c-7b52d8fcb325,2024-04-26 10:16:33,2024-04-26,2024-04-26 17:16:33 +0200,Central Time (US & Canada),255751,bsandifer,Ben Sandifer,2024-04-26 19:50:41 +0200,2024-04-26 20:45:43 +0200,research,,https://www.inaturalist.org/observations/209685053,https://static.inaturalist.org/photos/371010614/medium.jpeg,,"",,1,0,false,2,"Dallas, TX 75217, USA",32.6419666667,-96.663575,,,,,,,open,false,gps,gps,Wild Boar,Sus scrofa,Wild Boar,Mammalia,42134
209685922,17052447-5855-4cd5-b98f-83e18f0c538e,2024-04-26 10:21:25,2024-04-26,2024-04-26 17:21:25 +0200,Central Time (US & Canada),255751,bsandifer,Ben Sandifer,2024-04-26 19:52:15 +0200,2024-04-26 20:45:39 +0200,research,,https://www.inaturalist.org/observations/209685922,https://static.inaturalist.org/photos/371011857/medium.jpeg,,"",,1,0,false,2,"Dallas, TX 75217, USA",32.6431861111,-96.661975,,,,,,,open,false,gps,gps,Wild Boar,Sus scrofa,Wild Boar,Mammalia,42134
209849508,349404ae-6ce1-4ac7-8b62-9d9ad67fbe97,2024-04-18 10:50:13-05:00,2024-04-18,2024-04-18 17:50:13 +0200,Central Time (US & Canada),1081717,coltmooney,,2024-04-27 01:16:53 +0200,2024-04-28 05:34:21 +0200,research,,https://www.inaturalist.org/observations/209849508,https://static.inaturalist.org/photos/371277209/medium.jpg,,"","",1,0,false,3,"Bogalusa, LA, US",30.7816716667,-89.8318033333,3762,,,,3762,,open,false,,,Wild Boar,Sus scrofa,Wild Boar,Mammalia,42134
209865095,07da4998-bbeb-4f5a-a80f-c7d2454a3c8b,2024-04-26 15:50:29-05:00,2024-04-26,2024-04-26 22:50:29 +0200,Central Time (US & Canada),1670213,kleboeuf517,,2024-04-27 01:53:28 +0200,2024-04-30 22:34:12 +0200,research,CC-BY-NC,https://www.inaturalist.org/observations/209865095,https://inaturalist-open-data.s3.amazonaws.com/photos/371302803/medium.jpg,,"","",1,0,false,3,"Lake Houston Wilderness Park, New Caney, TX, US",30.1357583333,-95.1677166667,14,,,,14,,open,false,,,Wild Boar,Sus scrofa,Wild Boar,Mammalia,42134
209887542,6b529bc4-ec2f-4934-b996-50a3b71d504d,2024/04/26 11:04 AM,2024-04-26,2024-04-26 17:04:00 +0200,Eastern Time (US & Canada),371538,tpalmer,Tom Palmer,2024-04-27 02:52:53 +0200,2024-04-28 21:20:19 +0200,research,CC-BY-NC,https://www.inaturalist.org/observations/209887542,https://inaturalist-open-data.s3.amazonaws.com/photos/371339660/medium.jpeg,,"",,2,0,false,,"Sumica, 12993 State Rd 60, Lake Wales, FL 33898, USA",27.8583131,-81.3746274,207,,,,207,,open,false,,,Wild Boar,Sus scrofa,Wild Boar,Mammalia,42134
209911742,6c1e761f-fa66-4dcb-a603-75d748a24713,2024/04/26 12:01 PM,2024-04-26,2024-04-26 19:01:00 +0200,Central Time (US & Canada),26296,connlindajo,Linda Jo Conn,2024-04-27 03:51:49 +0200,2024-11-16 17:19:35 +0100,research,CC-BY,https://www.inaturalist.org/observations/209911742,https://inaturalist-open-data.s3.amazonaws.com/photos/371373701/medium.jpeg,,"","First day of City Nature Challenge 2024.
Drove across the Lee-Milam County line and started observing. 
Sign of wild hog: rooting",1,0,false,,"Hwy 77, Milam Co,, TX, USA",30.5538246469,-97.0018136736,10,,,,10,,open,false,,,Wild Boar,Sus scrofa,Wild Boar,Mammalia,42134
209938980,3e14db69-6e16-4b7b-ab80-83557cea1b60,2024-04-26 19:51:10-06:00,2024-04-26,2024-04-27 03:51:10 +0200,Central Time (US & Canada),499285,tomlang88,Tom Langschied,2024-04-27 04:55:44 +0200,2024-05-25 06:47:43 +0200,research,,https://www.inaturalist.org/observations/209938980,https://static.inaturalist.org/photos/371425225/medium.jpg,,"",Scruffy looking pigs with quite few young with them,3,0,false,3,"E Santa Gertrudis St, Kingsville, TX, US",27.5228114287,-97.8159582912,89,,,,89,,open,false,,,Wild Boar,Sus scrofa,Wild Boar,Mammalia,42134
210210716,a5495490-1d6d-4fa4-8110-609e85601bac,2024-04-14 19:25:00-05:00,2024-04-14,2024-04-15 02:25:00 +0200,Central Time (US & Canada),7916444,its_mj,,2024-04-27 17:27:46 +0200,2024-04-27 18:31:05 +0200,research,CC-BY-NC,https://www.inaturalist.org/observations/210210716,https://inaturalist-open-data.s3.amazonaws.com/photos/371845755/medium.jpg,,"","",1,0,false,3,"Seymour, TX, US",33.6016262308,-99.2847735378,3584,,,,3584,,open,false,,,Wild Boar,Sus scrofa,Wild Boar,Mammalia,42134
210244078,4f6950f4-b206-442b-a3ca-2ba5d5d42bab,2024/04/26 4:27 PM,2024-04-26,2024-04-26 23:27:00 +0200,Central Time (US & Canada),3133812,skilla,Skyler Medina,2024-04-27 18:18:33 +0200,2024-04-27 19:10:43 +0200,research,,https://www.inaturalist.org/observations/210244078,https://static.inaturalist.org/photos/371879341/medium.jpg,,"",,1,0,false,,"Cameron County, TX, USA",25.9946812275,-97.419709341,799,,,,799,,open,false,,,Wild Boar,Sus scrofa,Wild Boar,Mammalia,42134
210302456,e9705735-c29b-4a9c-9639-b62d86e626f3,2024-04-27 13:49:29,2024-04-27,2024-04-27 19:49:29 +0200,Eastern Time (US & Canada),4791628,liliaceaesky,Kerri Brinegar,2024-04-27 19:50:26 +0200,2024-08-13 19:38:23 +0200,research,,https://www.inaturalist.org/observations/210302456,https://static.inaturalist.org/photos/371989188/medium.jpeg,,"",Lots of bones of spread into brush,3,0,false,2,"Wakulla County, FL, USA",30.13620009,-84.13211207,6,,,,6,,open,false,,,Wild Boar,Sus scrofa,Wild Boar,Mammalia,42134
210329845,32ad84b3-1fe6-4ec4-8d6d-b759f37b22ac,2024-04-27 12:32:17-05:00,2024-04-27,2024-04-27 19:32:17 +0200,Central Time (US & Canada),22589,sambiology,Sam Kieschnick,2024-04-27 20:34:35 +0200,2024-05-02 01:59:01 +0200,research,CC-BY,https://www.inaturalist.org/observations/210329845,https://inaturalist-open-data.s3.amazonaws.com/photos/372031950/medium.jpg,,"","",1,0,false,3,"Southwest Fort Worth, Fort Worth, TX, US",32.6253401209,-97.4247657695,4,,,,4,,open,false,,,Wild Boar,Sus scrofa,Wild Boar,Mammalia,42134
210402001,962cb850-1efc-4540-9ffd-c270d39f87c7,2024-04-27 12:05:39-05:00,2024-04-27,2024-04-27 19:05:39 +0200,Central Time (US & Canada),670119,kayakqueen,Glenda Kelly,2024-04-27 22:32:26 +0200,2025-05-23 10:41:24 +0200,research,,https://www.inaturalist.org/observations/210402001,https://static.inaturalist.org/photos/372150246/medium.jpg,,"","",1,0,false,3,"FM-835, Lubbock, TX, US",33.5356570249,-101.7296462445,149,,,,149,,open,false,,,Wild Boar,Sus scrofa,Wild Boar,Mammalia,42134
210434164,d2f05905-6bfe-40a8-9b23-cddfafe725cb,2024-04-27 12:20:31-05:00,2024-04-27,2024-04-27 19:20:31 +0200,Central Time (US & Canada),6453653,cre8tive_viking,CPeterson,2024-04-27 23:26:40 +0200,2024-06-23 04:55:08 +0200,research,CC-BY-NC,https://www.inaturalist.org/observations/210434164,https://inaturalist-open-data.s3.amazonaws.com/photos/372202715/medium.jpg,,"","",1,0,false,3,"Lake Arrowhead, Wichita Falls, TX, US",33.7539533333,-98.3886633333,4,,,,4,,open,false,,,Wild Boar,Sus scrofa,Wild Boar,Mammalia,42134
210436751,55e9bd93-d94f-4702-8562-43b8ed326b56,2024/04/27 10:59 AM,2024-04-27,2024-04-27 17:59:00 +0200,Central Time (US & Canada),276619,eleodes,Nancy McIntyre,2024-04-27 23:31:32 +0200,2025-05-23 10:41:28 +0200,research,CC-BY-NC,https://www.inaturalist.org/observations/210436751,https://inaturalist-open-data.s3.amazonaws.com/photos/372204203/medium.jpeg,,"",,2,0,false,,"Lubbock County, TX, USA",33.534755676,-101.729402395,309,,,,309,,open,false,,,Domestic Pig,Sus scrofa domesticus,Domestic Pig,Mammalia,324492
210477114,7cff2b07-7f07-401a-8467-4a31f0747c85,2024/03/30 9:28 AM,2024-03-30,2024-03-30 17:28:00 +0100,Pacific Time (US & Canada),259163,elharo,Elliotte Rusty Harold,2024-04-28 00:46:48 +0200,2024-04-28 03:43:57 +0200,research,CC-BY-NC,https://www.inaturalist.org/observations/210477114,https://static.inaturalist.org/photos/372264030/medium.jpg,,"California, nature",,1,0,false,,"Santa Clara County, CA, USA",37.3360983333,-121.71402,,,,,,,open,false,,,Wild Boar,Sus scrofa,Wild Boar,Mammalia,42134
210499481,0b162d2d-0dfc-4a7b-9d8c-60d156492102,2024-04-20 07:08:51,2024-04-20,2024-04-20 13:08:51 +0200,Eastern Time (US & Canada),1243759,arthur-windsor,Arthur Windsor,2024-04-28 01:37:10 +0200,2024-04-28 02:47:12 +0200,research,CC-BY,https://www.inaturalist.org/observations/210499481,https://static.inaturalist.org/photos/372312246/medium.jpg,,Wild Boar,"Eastern Perimeter Road to...
Bullfrog Creek WEA, FL",1,0,false,,"Bullfrog Creek WEA, FL, USA",27.763146,-82.346715,,,,,,,open,false,,"",Wild Boar,Sus scrofa,Wild Boar,Mammalia,42134
210512129,cbf54c9b-3fa3-482c-ba13-f66d05720606,2024-04-27 11:08:00-07:00,2024-04-27,2024-04-27 20:08:00 +0200,Pacific Time (US & Canada),44450,jpgalvan,"",2024-04-28 02:05:04 +0200,2025-06-15 06:58:11 +0200,research,CC-BY-NC,https://www.inaturalist.org/observations/210512129,https://inaturalist-open-data.s3.amazonaws.com/photos/372333726/medium.jpg,,"","About 7 piglets seen, two of them without adults, likely abandoned. Several adults with larger group of piglets. Remains of one adult seen.",3,0,false,3,"Mount Diablo State Park, Clayton, CA, US",37.8611621171,-121.8873666896,263,,,,263,,open,false,,,Wild Boar,Sus scrofa,Wild Boar,Mammalia,42134
210582565,4d23b372-ceeb-41e6-80a7-06b9aee04e17,2024/04/27 2:55 PM,2024-04-27,2024-04-27 23:55:00 +0200,Pacific Time (US & Canada),4087538,axarus,Sean Werle,2024-04-28 04:37:15 +0200,2024-04-28 05:33:39 +0200,research,CC-BY-NC,https://www.inaturalist.org/observations/210582565,https://inaturalist-open-data.s3.amazonaws.com/photos/372449440/medium.jpg,,"",,1,0,false,,"Merced County, CA, USA",37.4506366667,-120.3192416667,,,,,,,open,false,,,Wild Boar,Sus scrofa,Wild Boar,Mammalia,42134
210582569,0e31254d-9854-46de-bab2-677ff78f4a92,2024/04/27 2:56 PM,2024-04-27,2024-04-27 23:56:00 +0200,Pacific Time (US & Canada),4087538,axarus,Sean Werle,2024-04-28 04:37:15 +0200,2025-03-13 03:19:27 +0100,research,CC-BY-NC,https://www.inaturalist.org/observations/210582569,https://inaturalist-open-data.s3.amazonaws.com/photos/372450126/medium.jpg,,"",,1,0,false,,"Merced County, CA, USA",37.450605,-120.3193016667,,,,,,,open,false,,,Wild Boar,Sus scrofa,Wild Boar,Mammalia,42134
210592153,b6951b1b-8546-44aa-b868-45e1defa7176,2024/04/27 3:46 PM,2024-04-27,2024-04-28 00:46:00 +0200,Pacific Time (US & Canada),4087538,axarus,Sean Werle,2024-04-28 04:59:52 +0200,2025-06-21 00:47:33 +0200,research,CC-BY-NC,https://www.inaturalist.org/observations/210592153,https://inaturalist-open-data.s3.amazonaws.com/photos/372462897/medium.jpg,,"",,1,0,false,,"Mariposa County, CA, USA",37.42951,-120.17229,,,,,,,open,false,,,Eurasian Wild Pig,Sus scrofa,Wild Boar,Mammalia,42134
210639046,bb9393f4-e5ff-4abc-9b44-60a5db9c22aa,2024/04/27 6:29 PM,2024-04-27,2024-04-28 00:29:00 +0200,Eastern Time (US & Canada),7161220,lwridge,LW Ridge,2024-04-28 07:13:10 +0200,2024-04-28 07:49:51 +0200,research,CC-BY-NC,https://www.inaturalist.org/observations/210639046,https://inaturalist-open-data.s3.amazonaws.com/photos/372545999/medium.jpeg,,"",,1,0,false,,"Polk County, FL, USA",27.6820466667,-81.4184566667,,,,,,,open,false,,,Wild Boar,Sus scrofa,Wild Boar,Mammalia,42134
210851449,a0e97323-195d-42d3-a310-ebce9a789cd4,2024-04-28 06:47:41,2024-04-28,2024-04-28 12:47:41 +0200,Eastern Time (US & Canada),4014802,nonbinary-naturalist,Nonbinary-Naturalist,2024-04-28 16:44:32 +0200,2024-04-30 12:11:01 +0200,research,CC0,https://www.inaturalist.org/observations/210851449,https://inaturalist-open-data.s3.amazonaws.com/photos/372878905/medium.jpeg,,"",Woohoo! First sighting for me,1,0,false,2,"Richmond Hill, GA 31324, USA",31.8925011078,-81.3256404921,734,,,,734,,open,false,gps,gps,Wild Boar,Sus scrofa,Wild Boar,Mammalia,42134
210912618,e0b3e295-9540-4293-ace5-0dc0b4a87452,2024-04-27 09:16:00-05:00,2024-04-27,2024-04-27 16:16:00 +0200,Central Time (US & Canada),32993,c_h_hemphill,CH Hemphill,2024-04-28 18:14:38 +0200,2025-05-16 23:47:12 +0200,research,CC-BY-NC,https://www.inaturalist.org/observations/210912618,https://inaturalist-open-data.s3.amazonaws.com/photos/372971829/medium.jpg,,"","",1,0,false,3,"Voss, TX, US",31.6713954312,-99.6143334788,25,,,,25,,open,false,,,Eurasian Wild Pig,Sus scrofa,Wild Boar,Mammalia,42134
210958022,af33abba-ce9a-479a-948d-09efc9dcb54c,2024-04-28 10:39:22-05:00,2024-04-28,2024-04-28 17:39:22 +0200,Central Time (US & Canada),2332148,marymwalsh3,Mary Walsh,2024-04-28 19:20:58 +0200,2024-05-02 00:15:55 +0200,research,CC-BY-NC,https://www.inaturalist.org/observations/210958022,https://inaturalist-open-data.s3.amazonaws.com/photos/373043864/medium.jpg,,"","",1,0,false,3,"Onyx Way, San Antonio, TX, US",29.3668333333,-98.367845,9,,,,9,,open,false,,,Wild Boar,Sus scrofa,Wild Boar,Mammalia,42134
210993645,28f5ca7a-1808-4116-9880-d4f8e024ec01,2024-04-28 10:39:11,2024-04-28,2024-04-28 17:39:11 +0200,Central Time (US & Canada),234982,joseph1045,Joseph Plappert,2024-04-28 20:13:17 +0200,2024-05-02 18:27:04 +0200,research,,https://www.inaturalist.org/observations/210993645,https://static.inaturalist.org/photos/373100791/medium.jpeg,,"",,1,0,false,2,"Eastern Triangle, San Antonio, TX, USA",29.36681177,-98.36775884,3,,,,3,,open,false,,,Wild Boar,Sus scrofa,Wild Boar,Mammalia,42134
211007470,da4fd7ef-1ed2-490a-a4fc-f41e11a3ca7a,2024/04/26 8:43 PM,2024-04-26,2024-04-27 03:43:00 +0200,Central Time (US & Canada),6821148,vicki345,Vicki Betts,2024-04-28 20:33:10 +0200,2024-04-28 20:41:05 +0200,research,,https://www.inaturalist.org/observations/211007470,https://static.inaturalist.org/photos/373120922/medium.jpg,,"",Digital Camera,1,0,false,,"Smith County, TX, USA",32.2041089305,-95.3827531571,27,,,,27,,open,false,,,Wild Boar,Sus scrofa,Wild Boar,Mammalia,42134
211055159,7a6fc008-e4ee-45a6-b59c-ccc25963d7c1,2024-04-27 10:12:32-05:00,2024-04-27,2024-04-27 17:12:32 +0200,Central Time (US & Canada),7829444,kallibeth20,,2024-04-28 21:43:46 +0200,2024-04-29 02:23:36 +0200,research,CC-BY-NC,https://www.inaturalist.org/observations/211055159,https://inaturalist-open-data.s3.amazonaws.com/photos/373199189/medium.jpg,,"","",1,0,false,3,"Ew 56, Chester, OK, US",36.2029033333,-98.739425,4,,,,4,,open,false,,,Wild Boar,Sus scrofa,Wild Boar,Mammalia,42134
211067003,8dcdfd0c-285d-490e-979e-1cb5b31b336d,2024/04/10 11:29 AM,2024-04-10,2024-04-10 18:29:00 +0200,Central Time (US & Canada),222263,kliewer,"",2024-04-28 22:01:23 +0200,2024-04-29 08:45:04 +0200,research,CC-BY-NC,https://www.inaturalist.org/observations/211067003,https://inaturalist-open-data.s3.amazonaws.com/photos/373213013/medium.jpg,,"",,1,0,false,,"Aransas NWR, TX, USA",28.2398061167,-96.8171561331,30,,,,30,,open,false,,,Wild Boar,Sus scrofa,Wild Boar,Mammalia,42134
211208675,39dc5343-f875-4b73-bf21-17b261ae5d81,2024-04-25 11:09:36-04:00,2024-04-25,2024-04-25 17:09:36 +0200,Eastern Time (US & Canada),2386909,urbanwoods,,2024-04-29 01:45:14 +0200,2024-04-29 02:29:19 +0200,research,CC-BY-NC,https://www.inaturalist.org/observations/211208675,https://inaturalist-open-data.s3.amazonaws.com/photos/373449262/medium.jpg,,"","",1,0,false,3,"Myakka River State Park, Sarasota, FL, US",27.2764383333,-82.269945,5,,,,5,,open,false,,,Wild Boar,Sus scrofa,Wild Boar,Mammalia,42134
211228616,a47f9dad-1546-4b9e-8df6-f3236a0b37a1,2024-04-28 14:47:34-04:00,2024-04-28,2024-04-28 20:47:34 +0200,Eastern Time (US & Canada),6136518,ansleyburtch,Ansley Burtch,2024-04-29 02:21:38 +0200,2025-05-21 07:03:50 +0200,research,CC-BY-NC,https://www.inaturalist.org/observations/211228616,https://inaturalist-open-data.s3.amazonaws.com/photos/373482622/medium.jpg,,"",not sure if deer or boar ,2,0,false,3,"Paynes Prairie Preserve State Park, Micanopy, FL, US",29.5453133333,-82.2952583333,4,,,,4,,open,false,,,Wild Boar,Sus scrofa,Wild Boar,Mammalia,42134
211302426,4db74685-2591-4b8b-908c-bd86460d1f4a,2024-02-18 04:30:00,2024-02-18,2024-02-18 11:30:00 +0100,Central Time (US & Canada),7759818,cooljace471,COOLJACE471,2024-04-29 04:31:43 +0200,2025-09-13 22:39:16 +0200,research,,https://www.inaturalist.org/observations/211302426,https://static.inaturalist.org/photos/373604310/medium.jpeg,,"",,2,0,false,2,"Otto, TX 76682, USA",31.3855434996,-96.8337733671,8288,,,,8288,,open,false,gps,gps,Domestic Pig,Sus scrofa domesticus,Domestic Pig,Mammalia,324492
211304437,22a41767-bd5a-43e0-89e1-ee4e2d61b23b,2024-04-28 18:08:16,2024-04-28,2024-04-29 01:08:16 +0200,Central Time (US & Canada),6811986,jackmcfrog,,2024-04-29 04:35:03 +0200,2024-06-28 19:21:10 +0200,research,CC-BY-NC,https://www.inaturalist.org/observations/211304437,https://inaturalist-open-data.s3.amazonaws.com/photos/373607448/medium.jpeg,,"",,2,0,false,2,"East Side, San Antonio, TX, USA",29.3485315519,-98.4110299498,140,,,,140,,open,false,gps,gps,Wild Boar,Sus scrofa,Wild Boar,Mammalia,42134
211345865,5d0c0bf5-e56b-4a1f-8692-7db33ef05a27,2024/04/28 6:41 PM,2024-04-28,2024-04-29 03:41:00 +0200,Pacific Time (US & Canada),4296166,bobstafford805,,2024-04-29 06:02:11 +0200,2024-05-04 22:59:32 +0200,research,CC-BY-NC,https://www.inaturalist.org/observations/211345865,https://inaturalist-open-data.s3.amazonaws.com/photos/373675031/medium.jpeg,,"",7 pigs observed in Morro Bay estuary.,1,0,false,,Morro Bay Wildlife Area,35.3467587709,-120.8279634521,100,,,,100,,open,false,,,Wild Boar,Sus scrofa,Wild Boar,Mammalia,42134
211386378,a49210e1-6334-40cb-beac-1bfcd0eeb1cb,2024-04-28 16:32:38,2024-04-28,2024-04-28 23:32:38 +0200,Central Time (US & Canada),325981,brian1946,Brian Beebe,2024-04-29 07:59:21 +0200,2024-04-29 15:46:10 +0200,research,CC-BY-NC,https://www.inaturalist.org/observations/211386378,https://inaturalist-open-data.s3.amazonaws.com/photos/373740667/medium.jpeg,,"",,1,0,false,2,"Shoreacres, TX 77571, USA",29.758879,-95.079311,,,,,,,open,false,gps,gps,Wild Boar,Sus scrofa,Wild Boar,Mammalia,42134
211784843,d2680149-2c36-49e9-89f4-4f863e0e1a5f,2024-04-10 04:56:00-05:00,2024-04-10,2024-04-10 11:56:00 +0200,Central Time (US & Canada),4383936,altrdcomesun,,2024-04-29 21:28:09 +0200,2024-04-29 23:05:30 +0200,research,CC-BY-NC,https://www.inaturalist.org/observations/211784843,https://inaturalist-open-data.s3.amazonaws.com/photos/374345134/medium.jpg,,"","",1,0,false,3,"Lake Park Dr, Tyler, TX, US",32.3829540395,-95.3465188765,37,,,,37,,open,false,,,Wild Boar,Sus scrofa,Wild Boar,Mammalia,42134
211789891,63893d15-76d6-4e0d-b122-eb0939381d04,2024/04/29 8:55 PM,2024-04-29,2024-04-30 03:55:00 +0200,Central Time (US & Canada),30357,franhutchins,Fran Hutchins,2024-04-29 21:34:14 +0200,2024-04-29 23:04:46 +0200,research,CC-BY-NC,https://www.inaturalist.org/observations/211789891,https://inaturalist-open-data.s3.amazonaws.com/photos/374291976/medium.jpeg,,"",M2E128A70L0-0.0-0.,1,0,false,,"Comal County, TX, USA",29.6812852147,-98.3422215512,31,,,,31,,open,false,,,Wild Boar,Sus scrofa,Wild Boar,Mammalia,42134
211789917,27d1846f-80d1-4bce-a326-000759cc170d,2024/04/29 7:25 AM,2024-04-29,2024-04-29 14:25:00 +0200,Central Time (US & Canada),30357,franhutchins,Fran Hutchins,2024-04-29 21:34:16 +0200,2024-04-29 23:04:31 +0200,research,CC-BY-NC,https://www.inaturalist.org/observations/211789917,https://inaturalist-open-data.s3.amazonaws.com/photos/374292041/medium.jpeg,,"",Trail Camera,1,0,false,,"Comal County, TX, USA",29.680950414,-98.3428009084,31,,,,31,,open,false,,,Wild Boar,Sus scrofa,Wild Boar,Mammalia,42134
211927007,a0377bf2-5903-42a3-a82d-5f262761db9d,2024-04-28 12:12:40-05:00,2024-04-28,2024-04-28 19:12:40 +0200,Central Time (US & Canada),1359300,spyingnaturalist,SpyingNaturalist,2024-04-30 00:54:47 +0200,2024-05-03 19:38:12 +0200,research,CC-BY-NC,https://www.inaturalist.org/observations/211927007,https://inaturalist-open-data.s3.amazonaws.com/photos/374569879/medium.jpg,,"","",1,0,false,3,"State Highway 16 N, Medina, TX, US",29.868575,-99.2808616667,73,,,,73,,open,false,,,Wild Boar,Sus scrofa,Wild Boar,Mammalia,42134
211931401,432d62ab-ebc8-4980-823d-a7e0cf39158f,2024-04-29 18:58:40-04:00,2024-04-29,2024-04-30 00:58:40 +0200,Eastern Time (US & Canada),3148166,madi_stess,Madi Stessman,2024-04-30 01:01:39 +0200,2024-07-27 11:13:57 +0200,research,CC-BY-NC,https://www.inaturalist.org/observations/211931401,https://inaturalist-open-data.s3.amazonaws.com/photos/374590287/medium.jpg,,"",Small and skittish,1,0,false,3,"Francis Marion National Forest, McClellanville, SC, US",33.1477420265,-79.3590067048,3,,,,3,,open,false,,,Wild Boar,Sus scrofa,Wild Boar,Mammalia,42134
211944737,ce1e41d7-3d98-42c6-9eb0-613cae8a2028,2024/03/28 12:54 AM,2024-03-28,2024-03-28 06:54:00 +0100,Central Time (US & Canada),6027832,mscorreia,Millton S. Correia,2024-04-30 01:23:56 +0200,2024-04-30 01:25:53 +0200,research,CC-BY-NC,https://www.inaturalist.org/observations/211944737,https://inaturalist-open-data.s3.amazonaws.com/photos/374587099/medium.jpeg,,"",,1,0,false,,"Texas, US",29.6167301328,-98.6638043776,,,,,29458,obscured,open,true,,,Wild Boar,Sus scrofa,Wild Boar,Mammalia,42134
211944738,68aa4228-a47a-474b-83e9-65360796ce70,2024/03/28 12:59 AM,2024-03-28,2024-03-28 06:59:00 +0100,Central Time (US & Canada),6027832,mscorreia,Millton S. Correia,2024-04-30 01:23:56 +0200,2024-05-01 22:30:28 +0200,research,CC-BY-NC,https://www.inaturalist.org/observations/211944738,https://inaturalist-open-data.s3.amazonaws.com/photos/374587193/medium.jpeg,,"",,2,0,false,,"Texas, US",29.7562372254,-98.6295611337,,,,,29458,obscured,open,true,,,Wild Boar,Sus scrofa,Wild Boar,Mammalia,42134
211944739,a3a3e5c7-e4c0-48ef-9584-172096d8a340,2024/03/28 1:02 AM,2024-03-28,2024-03-28 07:02:00 +0100,Central Time (US & Canada),6027832,mscorreia,Millton S. Correia,2024-04-30 01:23:56 +0200,2024-04-30 01:25:39 +0200,research,CC-BY-NC,https://www.inaturalist.org/observations/211944739,https://inaturalist-open-data.s3.amazonaws.com/photos/374587287/medium.jpeg,,"",,1,0,false,,"Texas, US",29.6272064274,-98.7344710418,,,,,29458,obscured,open,true,,,Wild Boar,Sus scrofa,Wild Boar,Mammalia,42134
211944756,15d200bd-d5c1-49c2-9b03-4edcf3ca1f48,2024/03/28 1:31 AM,2024-03-28,2024-03-28 07:31:00 +0100,Central Time (US & Canada),6027832,mscorreia,Millton S. Correia,2024-04-30 01:23:58 +0200,2024-05-01 22:29:54 +0200,research,CC-BY-NC,https://www.inaturalist.org/observations/211944756,https://inaturalist-open-data.s3.amazonaws.com/photos/374587400/medium.jpeg,,"",,2,0,false,,"Texas, US",29.6406295433,-98.6857698927,,,,,29458,obscured,open,true,,,Wild Boar,Sus scrofa,Wild Boar,Mammalia,42134
211944757,4fe5541f-e62a-41f2-8777-e4b10ddc8add,2024/03/28 1:15 AM,2024-03-28,2024-03-28 07:15:00 +0100,Central Time (US & Canada),6027832,mscorreia,Millton S. Correia,2024-04-30 01:23:58 +0200,2024-04-30 01:25:29 +0200,research,CC-BY-NC,https://www.inaturalist.org/observations/211944757,https://inaturalist-open-data.s3.amazonaws.com/photos/374587333/medium.jpeg,,"",,1,0,false,,"Texas, US",29.6416534872,-98.6230249801,,,,,29458,obscured,open,true,,,Wild Boar,Sus scrofa,Wild Boar,Mammalia,42134
211944758,eab82255-dc3c-41a1-90b3-b6aa5622f210,2024/03/28 1:54 AM,2024-03-28,2024-03-28 07:54:00 +0100,Central Time (US & Canada),6027832,mscorreia,Millton S. Correia,2024-04-30 01:23:58 +0200,2024-04-30 01:25:26 +0200,research,CC-BY-NC,https://www.inaturalist.org/observations/211944758,https://inaturalist-open-data.s3.amazonaws.com/photos/374587527/medium.jpeg,,"",,1,0,false,,"Texas, US",29.7172019712,-98.7386168778,,,,,29458,obscured,open,true,,,Wild Boar,Sus scrofa,Wild Boar,Mammalia,42134
211944776,25959847-8698-433c-abe1-4b05318ec7bb,2024/03/28 1:59 AM,2024-03-28,2024-03-28 07:59:00 +0100,Central Time (US & Canada),6027832,mscorreia,Millton S. Correia,2024-04-30 01:23:59 +0200,2024-05-01 22:01:27 +0200,research,CC-BY-NC,https://www.inaturalist.org/observations/211944776,https://inaturalist-open-data.s3.amazonaws.com/photos/374587580/medium.jpeg,,"",,2,0,false,,"Texas, US",29.7477302161,-98.665438098,,,,,29458,obscured,open,true,,,Wild Boar,Sus scrofa,Wild Boar,Mammalia,42134
211944777,638f7dd7-90a8-4d3f-9d26-b3137ae12ef3,2024/03/28 2:11 AM,2024-03-28,2024-03-28 08:11:00 +0100,Central Time (US & Canada),6027832,mscorreia,Millton S. Correia,2024-04-30 01:23:59 +0200,2024-05-01 21:58:35 +0200,research,CC-BY-NC,https://www.inaturalist.org/observations/211944777,https://inaturalist-open-data.s3.amazonaws.com/photos/374587670/medium.jpeg,,"",,2,0,false,,"Texas, US",29.6370860285,-98.6835012113,,,,,29458,obscured,open,true,,,Wild Boar,Sus scrofa,Wild Boar,Mammalia,42134
211944779,15b9292b-c515-45b4-a73a-f710b6e204c9,2024/03/28 2:14 AM,2024-03-28,2024-03-28 08:14:00 +0100,Central Time (US & Canada),6027832,mscorreia,Millton S. Correia,2024-04-30 01:24:00 +0200,2024-05-01 21:24:06 +0200,research,CC-BY-NC,https://www.inaturalist.org/observations/211944779,https://inaturalist-open-data.s3.amazonaws.com/photos/374587845/medium.jpeg,,"",,2,0,false,,"Texas, US",29.6312118494,-98.7323184878,,,,,29458,obscured,open,true,,,Wild Boar,Sus scrofa,Wild Boar,Mammalia,42134
211944794,16a27d4a-2461-4ede-8de5-b84fdb488389,2024/03/28 2:21 AM,2024-03-28,2024-03-28 08:21:00 +0100,Central Time (US & Canada),6027832,mscorreia,Millton S. Correia,2024-04-30 01:24:01 +0200,2024-05-01 22:00:09 +0200,research,CC-BY-NC,https://www.inaturalist.org/observations/211944794,https://inaturalist-open-data.s3.amazonaws.com/photos/374587934/medium.jpeg,,"",,2,0,false,,"Texas, US",29.7632029588,-98.6810862543,,,,,29458,obscured,open,true,,,Wild Boar,Sus scrofa,Wild Boar,Mammalia,42134
211944795,bf3b9ebb-d128-4274-b009-6cc45a658d01,2024/03/28 2:51 AM,2024-03-28,2024-03-28 08:51:00 +0100,Central Time (US & Canada),6027832,mscorreia,Millton S. Correia,2024-04-30 01:24:01 +0200,2024-05-01 21:23:54 +0200,research,CC-BY-NC,https://www.inaturalist.org/observations/211944795,https://inaturalist-open-data.s3.amazonaws.com/photos/374587980/medium.jpeg,,"",,2,0,false,,"Texas, US",29.6215794517,-98.7651901759,,,,,29458,obscured,open,true,,,Wild Boar,Sus scrofa,Wild Boar,Mammalia,42134
211951859,300b0c72-a69d-4de2-bfd6-c90b7bda5a6c,2024/04/28 9:23 AM,2024-04-28,2024-04-28 18:23:00 +0200,Pacific Time (US & Canada),8022465,arcticwolf10,,2024-04-30 01:36:16 +0200,2024-04-30 01:46:59 +0200,research,CC-BY-NC,https://www.inaturalist.org/observations/211951859,https://inaturalist-open-data.s3.amazonaws.com/photos/374606913/medium.jpeg,,"",wild Boar bathtub and tracks,1,0,false,,"Santa Clara County, CA, USA",37.31498666,-121.65833177,,,,,,,open,false,,,Wild Boar,Sus scrofa,Wild Boar,Mammalia,42134
211974785,d0e9f6de-5571-40b3-83fa-d6641bc87789,2024-04-29 18:27:18-04:00,2024-04-29,2024-04-30 00:27:18 +0200,Eastern Time (US & Canada),3783286,arakso,Araks Ohanyan,2024-04-30 02:14:03 +0200,2024-04-30 02:21:08 +0200,research,CC-BY-NC,https://www.inaturalist.org/observations/211974785,https://inaturalist-open-data.s3.amazonaws.com/photos/374645117/medium.jpg,,"","",1,0,false,3,"Lakeside Blvd, Kenansville, FL, US",27.8724583333,-81.0524971667,4,,,,4,,open,false,,,Wild Boar,Sus scrofa,Wild Boar,Mammalia,42134
212008319,5347c559-d526-4b7a-9986-b5f489b1939a,2024-04-29 14:23:31-07:00,2024-04-29,2024-04-29 23:23:31 +0200,Pacific Time (US & Canada),6453744,tbaker20,Trent Baker,2024-04-30 03:07:14 +0200,2024-04-30 03:32:23 +0200,research,CC-BY-NC,https://www.inaturalist.org/observations/212008319,https://inaturalist-open-data.s3.amazonaws.com/photos/374696252/medium.jpg,,"","",1,0,false,3,"Carmel, CA, US",36.4534416667,-121.7794283333,10,,,,10,,open,false,,,Wild Boar,Sus scrofa,Wild Boar,Mammalia,42134
212056912,7eb042a3-19e6-4a4d-983e-538b8cf8ae9e,2024-04-28 16:48:11-05:00,2024-04-28,2024-04-28 23:48:11 +0200,Central Time (US & Canada),73807,butterflies4fun,Melanie Schuchart,2024-04-30 04:23:14 +0200,2024-05-01 03:58:00 +0200,research,CC-BY-NC,https://www.inaturalist.org/observations/212056912,https://inaturalist-open-data.s3.amazonaws.com/photos/374772984/medium.jpg,,"",Saw mama rush our followed by at least 5 piglets of which I got 3 in picture from cell phone,4,0,false,3,"County Road 412, McKinney, TX, US",33.259475,-96.5202416667,4,,,,4,,open,false,,,Wild Boar,Sus scrofa,Wild Boar,Mammalia,42134
212073767,ca0c0562-034c-4527-9873-43bef6d1b001,2024/04/29 1:47 PM,2024-04-29,2024-04-29 19:47:00 +0200,Eastern Time (US & Canada),7661306,brendajwhite,BJW,2024-04-30 04:49:01 +0200,2024-09-13 20:29:08 +0200,research,CC-BY-NC,https://www.inaturalist.org/observations/212073767,https://inaturalist-open-data.s3.amazonaws.com/photos/374796231/medium.jpeg,,"",Disturbed ground and hoof prints - Moss Park,1,0,false,,"Orange County, FL, USA",28.3660416667,-81.1949694444,14,,,,14,,open,false,,,Eurasian Wild Pig,Sus scrofa,Wild Boar,Mammalia,42134
212080552,a374f95f-c84a-4916-8742-739af21468e6,2024-04-29 14:08:22,2024-04-29,2024-04-29 21:08:22 +0200,Central Time (US & Canada),2631316,batemanp,Paul Bateman,2024-04-30 04:59:50 +0200,2024-04-30 05:17:21 +0200,research,CC-BY-NC,https://www.inaturalist.org/observations/212080552,https://inaturalist-open-data.s3.amazonaws.com/photos/374810452/medium.jpeg,,"",,1,0,false,2,"Tyler, TX 75703, USA",32.2543361997,-95.3293079997,,,,,,,open,false,gps,gps,Wild Boar,Sus scrofa,Wild Boar,Mammalia,42134
212248424,5a2dbd74-a048-4c45-8fba-2fcd5beeb7cd,2024-04-30 08:46:51-05:00,2024-04-30,2024-04-30 15:46:51 +0200,Central Time (US & Canada),24407,mcdermottmi,,2024-04-30 15:53:13 +0200,2024-05-08 20:05:58 +0200,research,CC-BY-NC,https://www.inaturalist.org/observations/212248424,https://inaturalist-open-data.s3.amazonaws.com/photos/375093073/medium.jpg,,"","",2,0,false,3,"Texas A&M University, College Station, TX, US",30.5709666667,-96.3690416667,3,,,,3,,open,false,,,Wild Boar,Sus scrofa,Wild Boar,Mammalia,42134
212248755,82083385-f477-4011-975f-876d889feb62,2024-04-30 08:49:28-05:00,2024-04-30,2024-04-30 15:49:28 +0200,Central Time (US & Canada),24407,mcdermottmi,,2024-04-30 15:54:24 +0200,2024-05-08 20:05:37 +0200,research,CC-BY-NC,https://www.inaturalist.org/observations/212248755,https://inaturalist-open-data.s3.amazonaws.com/photos/375091844/medium.jpg,,"","",1,0,false,3,"Texas A&M University, College Station, TX, US",30.570925,-96.3690033333,4,,,,4,,open,false,,,Wild Boar,Sus scrofa,Wild Boar,Mammalia,42134
212263254,e241c217-9f61-4f4a-a826-d29cb2d980e3,2024/04/28 8:09 PM,2024-04-28,2024-04-29 03:09:00 +0200,Central Time (US & Canada),8041692,surelyztime,Shirley E Springer,2024-04-30 16:43:23 +0200,2025-05-23 10:45:28 +0200,research,CC-BY-NC,https://www.inaturalist.org/observations/212263254,https://inaturalist-open-data.s3.amazonaws.com/photos/375115514/medium.jpeg,,"",Piglets,2,0,false,,"Co Rd 359, Texas, USA",32.3459306,-100.0296561,2364,,,,2364,,open,false,,,Domestic Pig,Sus scrofa domesticus,Domestic Pig,Mammalia,324492
212264882,baa0a8ac-92e4-46ff-96d5-227787dca7bc,2024/04/28 8:23 PM,2024-04-28,2024-04-29 03:23:00 +0200,Central Time (US & Canada),8041692,surelyztime,Shirley E Springer,2024-04-30 16:48:44 +0200,2025-05-23 10:45:29 +0200,research,CC-BY-NC,https://www.inaturalist.org/observations/212264882,https://inaturalist-open-data.s3.amazonaws.com/photos/375118868/medium.jpeg,,"",,2,0,false,,"Co Rd 351, Texas, USA",32.323717,-100.0635553,3388,,,,3388,,open,false,,,Domestic Pig,Sus scrofa domesticus,Domestic Pig,Mammalia,324492
212283317,9d379608-15d2-4f23-bec3-45bfaddec290,2024/03/11 10:41 AM,2024-03-11,2024-03-11 16:41:00 +0100,Central Time (US & Canada),5514437,steve13c,Steven Connolly,2024-04-30 17:46:51 +0200,2024-05-01 18:32:53 +0200,research,,https://www.inaturalist.org/observations/212283317,https://static.inaturalist.org/photos/375148906/medium.jpeg,,"",,1,0,false,,"Bexar County, TX, USA",29.625058,-98.697549,,,,,,,open,false,,,Wild Boar,Sus scrofa,Wild Boar,Mammalia,42134
212287893,838d2847-11e0-4dd3-9b55-b176bd0acb58,2024/03/19 10:57 AM,2024-03-19,2024-03-19 16:57:00 +0100,Central Time (US & Canada),5514437,steve13c,Steven Connolly,2024-04-30 18:01:23 +0200,2024-05-01 18:07:57 +0200,research,,https://www.inaturalist.org/observations/212287893,https://static.inaturalist.org/photos/375158803/medium.jpeg,,"",,1,0,false,,"Bexar County, TX, USA",29.625058,-98.697549,,,,,,,open,false,,,Wild Boar,Sus scrofa,Wild Boar,Mammalia,42134
212305534,cb5d09c0-0634-4b5c-b534-73f888d58135,2024-03-29 09:54:22-05:00,2024-03-29,2024-03-29 15:54:22 +0100,Central Time (US & Canada),2693810,tyetheflie,,2024-04-30 18:56:05 +0200,2024-05-01 02:20:25 +0200,research,CC-BY-NC,https://www.inaturalist.org/observations/212305534,https://inaturalist-open-data.s3.amazonaws.com/photos/375189585/medium.jpg,,"","",2,0,false,3,"Texas, US",30.3401656036,-97.4836714613,31862,,,,31862,obscured,open,true,,,Wild Boar,Sus scrofa,Wild Boar,Mammalia,42134
212325391,b28fb7b8-66a5-4671-ba54-40387eaab482,2024/04/27 6:29 PM,2024-04-27,2024-04-28 00:29:00 +0200,Eastern Time (US & Canada),7161220,lwridge,LW Ridge,2024-04-30 20:01:13 +0200,2025-05-21 07:03:48 +0200,research,CC-BY-NC,https://www.inaturalist.org/observations/212325391,https://inaturalist-open-data.s3.amazonaws.com/photos/375224020/medium.jpeg,,"",,1,0,false,,"Polk County, FL, USA",27.6819783333,-81.41848,,,,,,,open,false,,,Wild Boar,Sus scrofa,Wild Boar,Mammalia,42134
212338137,5755a61f-1c68-4cbd-b580-ce339e1e5c7d,2024/04/26 3:16 PM,2024-04-26,2024-04-26 22:16:00 +0200,Central Time (US & Canada),26296,connlindajo,Linda Jo Conn,2024-04-30 20:38:31 +0200,2024-11-16 17:19:35 +0100,research,CC-BY,https://www.inaturalist.org/observations/212338137,https://inaturalist-open-data.s3.amazonaws.com/photos/375246044/medium.jpeg,,"","First day of City Nature Challenge 2024.
Drove to Milam County to observe. Made several stops along a dusty gravel road with plenty of traffic including large trucks.
Apparently well used trail under fence. 
Sign of mammal: footprint",1,0,false,,"CR 313, Milam County, TX, USA",30.53762,-97.05644,10,,,,10,,open,false,,,Wild Boar,Sus scrofa,Wild Boar,Mammalia,42134
212350440,2a4299a1-db00-4b17-9587-95a6d47c6443,2024-04-27 08:59:34-05:00,2024-04-27,2024-04-27 15:59:34 +0200,Central Time (US & Canada),1347989,lanechaffin,"",2024-04-30 21:17:58 +0200,2024-05-03 19:06:33 +0200,research,CC0,https://www.inaturalist.org/observations/212350440,https://inaturalist-open-data.s3.amazonaws.com/photos/375269484/medium.jpg,,"",Droppings are not together but in a line. Must be a fairly large animal. Boar is what I think and I've seen a couple here. I theorize that once the berries fall they scoop them up,1,0,false,3,"Fort Cavazos, Belton, TX, US",31.2405083333,-97.5736466667,4,,,,4,,open,false,,,Wild Boar,Sus scrofa,Wild Boar,Mammalia,42134
212407011,aa14263c-d420-43f2-bb68-7dfd5c98f731,2024/04/24 2:11 AM,2024-04-24,2024-04-24 09:11:00 +0200,Central Time (US & Canada),6235073,jclack,,2024-05-01 00:18:02 +0200,2024-05-17 16:11:56 +0200,research,CC-BY-NC,https://www.inaturalist.org/observations/212407011,https://inaturalist-open-data.s3.amazonaws.com/photos/375364233/medium.jpeg,,"",,3,0,false,,United States,29.6402430298,-98.6403254225,1000000,,,,1000000,obscured,open,true,,,Wild Boar,Sus scrofa,Wild Boar,Mammalia,42134
212451372,0a6f8418-35b2-46e6-ad5a-d0d16e2331c6,2024-03-16 17:15:00-04:00,2024-03-16,2024-03-16 22:15:00 +0100,Eastern Time (US & Canada),7767092,dwaldrop,,2024-05-01 03:19:52 +0200,2024-11-16 14:36:23 +0100,research,CC-BY-NC,https://www.inaturalist.org/observations/212451372,https://inaturalist-open-data.s3.amazonaws.com/photos/375442610/medium.jpg,,"","",2,0,false,3,"Monticello, GA, US",33.289778,-83.689751,2172,,,,2172,,open,false,,,Eurasian Wild Pig,Sus scrofa,Wild Boar,Mammalia,42134
212488759,cb123b12-a7cf-41df-94a9-def51eaa1f1d,2024/04/26 4:08 PM,2024-04-26,2024-04-26 23:08:00 +0200,Central Time (US & Canada),26296,connlindajo,Linda Jo Conn,2024-05-01 06:06:54 +0200,2024-11-16 17:19:35 +0100,research,CC-BY,https://www.inaturalist.org/observations/212488759,https://inaturalist-open-data.s3.amazonaws.com/photos/375502957/medium.jpeg,,"","First day of City Nature Challenge 2024.
Drove to Milam County to observe. Made several stops along a dusty gravel road with plenty of traffic including large trucks.
large trucks.
Tracks in damp sand in borrow ditch. ",2,0,false,,"CR 314. Milam County, TX, USA",30.5325,-97.03125,12,,,,12,,open,false,,,Wild Boar,Sus scrofa,Wild Boar,Mammalia,42134
212502254,b17556ae-42d1-4aa7-919e-31b4c791f4df,2024-04-30 18:40:01,2024-04-30,2024-05-01 01:40:01 +0200,Central Time (US & Canada),478188,pirarucu,Ainsley,2024-05-01 07:15:14 +0200,2025-01-28 06:18:02 +0100,research,CC0,https://www.inaturalist.org/observations/212502254,https://inaturalist-open-data.s3.amazonaws.com/photos/375530518/medium.jpeg,,"",pig footprints in the mud,1,0,false,2,"Pelican Island, Galveston, TX, USA",29.3182888889,-94.8229444444,,,,,,,open,false,gps,gps,Eurasian Wild Pig,Sus scrofa,Wild Boar,Mammalia,42134
212573510,22cb2691-a9f4-4671-a11b-18996b8371c9,2024/04/30 11:25 AM,2024-04-30,2024-04-30 17:25:00 +0200,Eastern Time (US & Canada),208854,johngrego,"",2024-05-01 14:38:57 +0200,2024-05-01 15:33:14 +0200,research,CC-BY-NC,https://www.inaturalist.org/observations/212573510,https://inaturalist-open-data.s3.amazonaws.com/photos/375650383/medium.jpeg,,"",,1,0,false,,"Richland County, SC, USA",33.7916603773,-80.7659069039,455,,,,455,,open,false,,,Wild Boar,Sus scrofa,Wild Boar,Mammalia,42134
212573523,24a0cd94-4acd-4c99-8efb-742c1f00e0a7,2024/04/30 1:10 PM,2024-04-30,2024-04-30 19:10:00 +0200,Eastern Time (US & Canada),208854,johngrego,"",2024-05-01 14:38:59 +0200,2024-05-01 14:50:34 +0200,research,CC-BY-NC,https://www.inaturalist.org/observations/212573523,https://inaturalist-open-data.s3.amazonaws.com/photos/375650523/medium.jpeg,,"",,1,0,false,,"Richland County, SC, USA",33.7869181892,-80.7663004726,263,,,,263,,open,false,,,Wild Boar,Sus scrofa,Wild Boar,Mammalia,42134
212619097,92ad918a-012a-495b-893d-6c72a2e6c0e0,2024-04-16 13:57:10-07:00,2024-04-16,2024-04-16 22:57:10 +0200,Pacific Time (US & Canada),7906524,jerbles1727,,2024-05-01 17:32:31 +0200,2024-05-01 23:50:56 +0200,research,CC-BY-NC,https://www.inaturalist.org/observations/212619097,https://inaturalist-open-data.s3.amazonaws.com/photos/375736903/medium.jpg,,"","",1,0,false,3,"Coyote Creek Parkway, San Jose, CA, US",37.2779249265,-121.8033851393,250,,,,250,,open,false,,,Wild Boar,Sus scrofa,Wild Boar,Mammalia,42134
212687039,36426e41-0e12-4ed6-9496-3c283934f57f,2024-05-01 11:11:50-05:00,2024-05-01,2024-05-01 18:11:50 +0200,Central Time (US & Canada),501828,jrich_tx,Joseph Richards,2024-05-01 21:15:52 +0200,2024-05-01 22:31:03 +0200,research,,https://www.inaturalist.org/observations/212687039,https://static.inaturalist.org/photos/375853030/medium.jpg,,"","",1,0,false,3,"South Llano River State Park, Junction, TX, US",30.45192,-99.805275,4,,,,4,,open,false,,,Wild Boar,Sus scrofa,Wild Boar,Mammalia,42134
212812642,b688962b-4d55-4cb5-82fb-ea318a83e0f1,2024/04/29 1:56 PM,2024-04-29,2024-04-29 20:56:00 +0200,Central Time (US & Canada),26296,connlindajo,Linda Jo Conn,2024-05-02 06:59:04 +0200,2025-01-30 03:18:49 +0100,research,CC-BY,https://www.inaturalist.org/observations/212812642,https://inaturalist-open-data.s3.amazonaws.com/photos/376067998/medium.jpeg,,"","Last day of 2024 City Nature Challenge observations. Drove  up to Milam County to observe along some county roads west of Hwy 77. 
Sign of mammal: Tracks in soft sand after earlier rainfall in a well used trail under the fence.",1,0,false,,"CR 314, Milam County, TX, USA",30.5359045548,-97.0206164724,12,,,,12,,open,false,,,Wild Boar,Sus scrofa,Wild Boar,Mammalia,42134
212995291,c27c2f75-f3f8-4d83-bc63-f8b06af071cb,2024/04/26 5:37 PM,2024-04-26,2024-04-26 23:37:00 +0200,Eastern Time (US & Canada),764155,whatch11,Wes Hatch,2024-05-02 23:35:07 +0200,2024-05-05 14:10:22 +0200,research,,https://www.inaturalist.org/observations/212995291,https://static.inaturalist.org/photos/376396148/medium.jpeg,,"",,3,0,false,,"Webster County, GA, USA",32.0388656989,-84.5831093427,8,,,,8,,open,false,,,Wild Boar,Sus scrofa,Wild Boar,Mammalia,42134
213008148,e0422989-0421-4db5-b7bc-64edeebe87fd,2024-05-02 17:00:08-05:00,2024-05-02,2024-05-03 00:00:08 +0200,Central Time (US & Canada),7732015,honorknott,,2024-05-03 00:41:04 +0200,2025-09-13 22:39:08 +0200,research,CC-BY-NC,https://www.inaturalist.org/observations/213008148,https://inaturalist-open-data.s3.amazonaws.com/photos/376427532/medium.jpg,,"","",2,0,false,3,"Daw Collins Rd, Splendora, TX, US",30.287641159,-95.2197926819,328,,,,328,,open,false,,,Domestic Pig,Sus scrofa domesticus,Domestic Pig,Mammalia,324492
213018251,0394d0dd-080d-4798-b794-204ec0f5a6e3,2024-04-30 18:33:00-05:00,2024-04-30,2024-05-01 01:33:00 +0200,Central Time (US & Canada),7737508,abygalem,,2024-05-03 01:33:36 +0200,2025-05-23 10:46:00 +0200,research,CC-BY-NC,https://www.inaturalist.org/observations/213018251,https://inaturalist-open-data.s3.amazonaws.com/photos/376446149/medium.jpg,,"","",2,0,false,3,"Rhodes St, Abilene, TX, US",32.4838865,-99.745403,9169,,,,9169,,open,false,,,Wild Boar,Sus scrofa,Wild Boar,Mammalia,42134
213033434,36ca06be-164f-4090-849b-5aa1349ad777,2024-05-02 13:29:30-05:00,2024-05-02,2024-05-02 20:29:30 +0200,Central Time (US & Canada),606876,john_michael_arnett,John Michael Arnett,2024-05-03 02:55:33 +0200,2024-05-08 20:05:04 +0200,research,,https://www.inaturalist.org/observations/213033434,https://static.inaturalist.org/photos/376474359/medium.jpg,,"","",2,0,false,3,"Bryan, TX, US",30.6116416667,-96.413855,10,,,,10,,open,false,,,Wild Boar,Sus scrofa,Wild Boar,Mammalia,42134
213051214,41c4de69-931c-4e4a-939b-754d44990257,2024-05-01 04:15:00-05:00,2024-05-01,2024-05-01 11:15:00 +0200,Central Time (US & Canada),32993,c_h_hemphill,CH Hemphill,2024-05-03 04:39:10 +0200,2025-05-16 23:46:32 +0200,research,CC-BY-NC,https://www.inaturalist.org/observations/213051214,https://inaturalist-open-data.s3.amazonaws.com/photos/376507871/medium.jpg,,"","",1,0,false,3,"Voss, TX, US",31.6714497999,-99.6144623032,25,,,,25,,open,false,,,Eurasian Wild Pig,Sus scrofa,Wild Boar,Mammalia,42134
213056727,73b989d4-4b4f-49e7-8964-4f23b8b697d0,2024-05-02 15:36:43-07:00,2024-05-02,2024-05-03 00:36:43 +0200,Pacific Time (US & Canada),794497,bobbyk,Bobby Kamansky,2024-05-03 05:13:01 +0200,2024-05-05 19:30:08 +0200,research,,https://www.inaturalist.org/observations/213056727,https://static.inaturalist.org/photos/377758385/medium.jpg,,"","",1,0,false,3,"California, US",35.7393515018,-120.2083502224,10,,,,28649,obscured,open,true,,,Wild Boar,Sus scrofa,Wild Boar,Mammalia,42134
213066618,cf7cd731-e1ad-4b42-a204-27eab3208779,2024-05-01 17:15:59,2024-05-01,2024-05-01 23:15:59 +0200,Eastern Time (US & Canada),4134556,lmcconachie,LeslieMc,2024-05-03 06:21:46 +0200,2024-05-30 18:02:15 +0200,research,CC-BY-NC,https://www.inaturalist.org/observations/213066618,https://inaturalist-open-data.s3.amazonaws.com/photos/376537243/medium.jpeg,,"",,1,0,false,2,"Venus, FL 33960, USA",27.0535925,-81.3393178,,,,,,,open,false,gps,gps,Wild Boar,Sus scrofa,Wild Boar,Mammalia,42134
213261712,5e561869-f3a7-4324-9313-cf29de41eadd,2024/04/29 4:37 PM,2024-04-29,2024-04-29 23:37:00 +0200,Central Time (US & Canada),920598,rich451,Rich Sommer,2024-05-04 00:10:06 +0200,2024-08-30 01:42:42 +0200,research,CC-BY,https://www.inaturalist.org/observations/213261712,https://inaturalist-open-data.s3.amazonaws.com/photos/376872914/medium.jpeg,,"",,1,0,false,,"Brazoria County, TX, USA",29.0718902661,-95.2536180928,31,,,,31,,open,false,,,Wild Boar,Sus scrofa,Wild Boar,Mammalia,42134
213311471,b000bccf-afbe-49c6-9a58-2a6c30e04e92,2024/04/26 12:57 AM,2024-04-26,2024-04-26 07:57:00 +0200,Central Time (US & Canada),17627,rlseman,Lynn Seman,2024-05-04 04:47:47 +0200,2024-08-30 22:42:41 +0200,research,CC-BY-NC,https://www.inaturalist.org/observations/213311471,https://inaturalist-open-data.s3.amazonaws.com/photos/376973835/medium.jpeg,,"",,1,0,false,,"Foard County, TX, USA",33.9928012936,-99.9577632748,95,,,,95,,open,false,,,Wild Boar,Sus scrofa,Wild Boar,Mammalia,42134
213453425,4be1b172-9df2-493f-a139-e483e7834919,2024/05/03 6:59 AM,2024-05-03,2024-05-03 15:59:00 +0200,Pacific Time (US & Canada),4218,johnkenny54,John Kenny,2024-05-04 19:04:55 +0200,2025-05-12 16:41:52 +0200,research,CC0,https://www.inaturalist.org/observations/213453425,https://inaturalist-open-data.s3.amazonaws.com/photos/377231467/medium.jpeg,,"",,2,0,false,,"Santa Clara County, CA, USA",37.181262324,-121.4707539885,45,,,,45,,open,false,,,Eurasian Wild Pig,Sus scrofa,Wild Boar,Mammalia,42134
213505576,3cdf2d6f-707d-4355-ba3a-ecba7df2b2ab,2024-04-29 10:25:08-05:00,2024-04-29,2024-04-29 17:25:08 +0200,Central Time (US & Canada),1260154,idclaire,IDClaire,2024-05-04 22:18:20 +0200,2024-11-23 17:12:23 +0100,research,CC-BY,https://www.inaturalist.org/observations/213505576,https://inaturalist-open-data.s3.amazonaws.com/photos/377327450/medium.jpg,,"","",1,0,false,3,"S I-35 Frontage Rd, Atascosa, TX, US",29.2558033333,-98.711045,6,,,,6,,open,false,,,Wild Boar,Sus scrofa,Wild Boar,Mammalia,42134
213532304,b2c1af76-1469-49c3-a57a-891560d851f1,2024-05-03 19:18:42-04:00,2024-05-03,2024-05-04 01:18:42 +0200,Eastern Time (US & Canada),7287212,stephanie_hu,,2024-05-05 00:01:28 +0200,2024-05-05 00:54:18 +0200,research,CC-BY-NC,https://www.inaturalist.org/observations/213532304,https://inaturalist-open-data.s3.amazonaws.com/photos/377374529/medium.jpg,,"","",1,0,false,3,"Paynes Prairie Preserve State Park, Micanopy, FL, US",29.6070737192,-82.3158040129,5104,,,,5104,,open,false,,,野猪,Sus scrofa,Wild Boar,Mammalia,42134
213549474,72e02d79-12bb-40db-8213-0978af8031f7,2024-05-04 14:08:51,2024-05-04,2024-05-04 22:08:51 +0200,Monterrey,24594,manuelnevarez,Manuel Nevárez,2024-05-05 01:15:34 +0200,2024-05-06 00:30:31 +0200,research,,https://www.inaturalist.org/observations/213549474,https://static.inaturalist.org/photos/377405647/medium.jpeg,,"",,1,0,false,2,"65708 N.L., México",25.926935,-100.028002,,,,,,,open,false,gps,gps,Jabalí europeo,Sus scrofa,Wild Boar,Mammalia,42134
213570878,0e96fb35-77ad-40ee-8525-bb992eeb6201,2024-05-04 09:19:07-07:00,2024-05-04,2024-05-04 18:19:07 +0200,Pacific Time (US & Canada),91246,kendalloei,"",2024-05-05 03:05:15 +0200,2024-05-06 01:41:53 +0200,research,CC-BY-NC,https://www.inaturalist.org/observations/213570878,https://inaturalist-open-data.s3.amazonaws.com/photos/377446330/medium.jpeg,,"","",1,0,false,3,"Santa Clara County, US-CA, US",37.3162795183,-121.4459048725,4,,,,4,,open,false,,,Wild Boar,Sus scrofa,Wild Boar,Mammalia,42134
213591875,6ed93aad-896f-4bde-89a0-540fb463b26e,2024-05-04 15:50:08-04:00,2024-05-04,2024-05-04 21:50:08 +0200,Eastern Time (US & Canada),5126259,kevin1880,Kevin1880,2024-05-05 04:55:35 +0200,2024-05-05 16:14:09 +0200,research,,https://www.inaturalist.org/observations/213591875,https://static.inaturalist.org/photos/377485282/medium.jpg,,"","",1,0,false,3,"St. Marks National Wildlife Refuge, Crawfordville, FL, US",30.1346805,-84.1711283333,4,,,,4,,open,false,,,Wild Boar,Sus scrofa,Wild Boar,Mammalia,42134
213607790,c0c899b1-4916-4138-b993-7ca052bf0a40,2024-05-04 12:19:04-07:00,2024-05-04,2024-05-04 21:19:04 +0200,Pacific Time (US & Canada),76855,bradrumble,"",2024-05-05 06:42:40 +0200,2024-05-05 06:43:34 +0200,research,CC-BY-NC,https://www.inaturalist.org/observations/213607790,https://inaturalist-open-data.s3.amazonaws.com/photos/377516618/medium.jpg,,"","",1,0,false,3,"Lebec, CA, US",34.7766869529,-118.7379392384,24,,,,24,,open,false,,,Wild Boar,Sus scrofa,Wild Boar,Mammalia,42134
213844451,b9aec5bd-4e3b-4c8c-8daa-188d25b030a7,2024/05/05 2:51 PM,2024-05-05,2024-05-05 21:51:00 +0200,Central Time (US & Canada),4060861,jellyfishmambo,🐦‍⬛ Randolph (Randy) King 🐦‍⬛,2024-05-06 01:41:33 +0200,2024-05-08 20:14:40 +0200,research,CC-BY-NC,https://www.inaturalist.org/observations/213844451,https://inaturalist-open-data.s3.amazonaws.com/photos/377925465/medium.jpeg,,"",,1,0,false,,"McLennan County, TX, USA",31.6401460089,-97.3441321243,2310,,,,2310,,open,false,,,Wild Boar,Sus scrofa,Wild Boar,Mammalia,42134
213890695,06c0c58b-5ac6-4f52-9642-a5c6b09caaa6,2024-05-04 18:00:37-07:00,2024-05-04,2024-05-05 03:00:37 +0200,Pacific Time (US & Canada),4522452,naturalist_jared,Naturalist Jared,2024-05-06 05:11:08 +0200,2024-05-06 16:00:25 +0200,research,CC-BY-NC,https://www.inaturalist.org/observations/213890695,https://inaturalist-open-data.s3.amazonaws.com/photos/378022372/medium.jpg,,"","",2,0,false,3,"Joseph D. Grant County Park, Mount Hamilton, CA, US",37.357125,-121.7270283333,17,,,,17,,open,false,,,Sus scrofa,Sus scrofa,Wild Boar,Mammalia,42134
213909944,4fa79501-9b56-48e6-8242-1603c42e3043,2024-02-16 23:15:00-06:00,2024-02-16,2024-02-17 06:15:00 +0100,Central Time (US & Canada),7730372,brysonbaker05,,2024-05-06 06:57:36 +0200,2024-05-06 10:46:25 +0200,research,CC-BY-NC,https://www.inaturalist.org/observations/213909944,https://inaturalist-open-data.s3.amazonaws.com/photos/378057179/medium.jpg,,"","",1,0,false,3,"Scraper, Proctor, OK, US",36.0299409685,-94.831774308,470,,,,470,,open,false,,,Wild Boar,Sus scrofa,Wild Boar,Mammalia,42134
213911473,bdcbe346-c56a-49e8-9e6a-6778c61abd56,2024/05/05 8:01 AM,2024-05-05,2024-05-05 17:01:00 +0200,Pacific Time (US & Canada),583493,tothemax,Max Roberts,2024-05-06 07:08:54 +0200,2024-05-06 22:23:30 +0200,research,CC-BY-NC,https://www.inaturalist.org/observations/213911473,https://inaturalist-open-data.s3.amazonaws.com/photos/378057495/medium.jpg,,"",Over a dozen individuals foraging near several cows.,1,0,false,,"San Luis Obispo County, CA, USA",35.4001796447,-120.5742654256,8,,,,8,,open,false,,,Wild Boar,Sus scrofa,Wild Boar,Mammalia,42134
213917816,d558847f-e8bb-45bc-9348-816df01d6918,2024/04/29 4:49 PM,2024-04-29,2024-04-29 23:49:00 +0200,Central Time (US & Canada),920561,plsommer,"",2024-05-06 07:46:52 +0200,2024-05-06 16:46:21 +0200,research,,https://www.inaturalist.org/observations/213917816,https://static.inaturalist.org/photos/378057199/medium.jpeg,,"",,1,0,false,,Brazoria NWR,29.1453448,-95.292334,921,,,,921,,open,false,,,Wild Boar,Sus scrofa,Wild Boar,Mammalia,42134
213976607,3fe2cbec-7897-44c5-9e1c-97e82f0d8e90,2024-03-28 09:50:30,2024-03-28,2024-03-28 15:50:30 +0100,Central Time (US & Canada),5479812,ajavagal,,2024-05-06 15:56:50 +0200,2024-05-06 15:58:26 +0200,research,CC-BY-NC,https://www.inaturalist.org/observations/213976607,https://inaturalist-open-data.s3.amazonaws.com/photos/378174962/medium.jpeg,,"",,1,0,false,2,Frenier,30.0917545271,-90.4319811612,279,,,,279,,open,false,gps,gps,Wild Boar,Sus scrofa,Wild Boar,Mammalia,42134
214116795,62d96465-dee5-46dc-a79c-76f7ff2154ae,2024-05-01 08:29:41,2024-05-01,2024-05-01 15:29:41 +0200,Central Time (US & Canada),1332291,birderbonnie,Bonnie Slaton,2024-05-07 04:43:17 +0200,2024-05-07 06:06:09 +0200,research,,https://www.inaturalist.org/observations/214116795,https://static.inaturalist.org/photos/378432581/medium.jpeg,,"",,1,0,false,2,"Lafourche Parish, LA, USA",29.0955391878,-90.2491386607,1029,,,,1029,,open,false,gps,gps,Wild Boar,Sus scrofa,Wild Boar,Mammalia,42134
214123928,2021de3d-7b81-49db-a9f7-bcf900e971a6,2024-05-05 20:31:50-05:00,2024-05-05,2024-05-06 03:31:50 +0200,Central Time (US & Canada),264861,brandonwoo,Brandon Woo,2024-05-07 05:38:37 +0200,2024-05-07 06:20:47 +0200,research,,https://www.inaturalist.org/observations/214123928,https://static.inaturalist.org/photos/378446833/medium.jpg,,"","",1,0,false,3,"Monahans Sandhills State Park, Monahans, TX, US",31.6175216667,-102.8117533333,4,,,,4,,open,false,,,Wild Boar,Sus scrofa,Wild Boar,Mammalia,42134
214184019,00c9747f-a126-4708-8261-bc49461571f1,2024-05-07 08:36:43,2024-05-07,2024-05-07 15:36:43 +0200,Central Time (US & Canada),426782,jsuplick,Jean Suplick,2024-05-07 15:37:07 +0200,2024-05-09 17:50:42 +0200,research,CC-BY-NC,https://www.inaturalist.org/observations/214184019,https://inaturalist-open-data.s3.amazonaws.com/photos/378559733/medium.jpeg,,"",,1,0,false,2,"Atlanta, TX 75551, USA",33.23553255,-94.24538195,5,,,,5,,open,false,,,Wild Boar,Sus scrofa,Wild Boar,Mammalia,42134
214240964,fa9cc3e4-6949-4a18-b803-0b7f9d55050f,2024-04-24 18:28:00-05:00,2024-04-24,2024-04-25 01:28:00 +0200,Central Time (US & Canada),6036843,dougacton,,2024-05-07 20:53:55 +0200,2024-07-27 11:13:16 +0200,research,CC-BY-NC,https://www.inaturalist.org/observations/214240964,https://inaturalist-open-data.s3.amazonaws.com/photos/378664238/medium.jpg,,"","",1,0,false,3,"FM-1614, Hermleigh, TX, US",32.7474841385,-100.6836525077,688,,,,688,,open,false,,,Wild Boar,Sus scrofa,Wild Boar,Mammalia,42134
214307769,0f84ca6f-a4b0-424a-a8b1-835f42551184,2024/05/02 7:45 AM,2024-05-02,2024-05-02 14:45:00 +0200,Central Time (US & Canada),431638,haneybee,,2024-05-08 03:42:23 +0200,2024-05-12 22:30:05 +0200,research,CC-BY-NC,https://www.inaturalist.org/observations/214307769,https://inaturalist-open-data.s3.amazonaws.com/photos/378787450/medium.jpeg,,"","",3,0,false,,"McMullen County, TX, USA",28.4718793151,-98.3457604288,8,,,,8,,open,false,,,Wild Boar,Sus scrofa,Wild Boar,Mammalia,42134
214323680,2a846694-0b3f-4ae2-b9fa-c02e4089ca38,2024/05/07 10:41 PM,2024-05-07,2024-05-08 05:41:00 +0200,Central Time (US & Canada),7738234,avasq225,Ana Maria DIaz,2024-05-08 05:42:28 +0200,2024-05-12 22:30:01 +0200,research,CC-BY-NC,https://www.inaturalist.org/observations/214323680,https://inaturalist-open-data.s3.amazonaws.com/photos/378819980/medium.jpeg,,"",,2,0,false,,"Linn, TX, USA",26.5661350273,-98.1133068653,201,,,,201,,open,false,,,Wild Boar,Sus scrofa,Wild Boar,Mammalia,42134
214412276,cd354314-e604-429c-bd5b-2a8893af25b1,2024-05-07 19:46:35,2024-05-07,2024-05-08 04:46:35 +0200,Pacific Time (US & Canada),7920922,stellersgay,Nora D,2024-05-08 18:32:02 +0200,2025-02-10 20:34:34 +0100,research,,https://www.inaturalist.org/observations/214412276,https://static.inaturalist.org/photos/378983189/medium.jpeg,,"",,3,0,false,2,"Pinnacles National Park, San Benito County, US-CA, US",36.4743264361,-121.2255816534,300,,,,300,,open,false,gps,gps,Wild Boar,Sus scrofa,Wild Boar,Mammalia,42134
214433878,ba0ea3bb-3a65-468d-9d67-c4e2470a2d36,2024-05-05 08:34:19-07:00,2024-05-05,2024-05-05 17:34:19 +0200,Pacific Time (US & Canada),5640269,ash185,ash malaviya,2024-05-08 20:31:04 +0200,2025-03-13 03:17:55 +0100,research,,https://www.inaturalist.org/observations/214433878,https://static.inaturalist.org/photos/379023173/medium.jpg,,"","",1,0,false,3,"Metcalf Park, San Jose, CA, US",37.234355,-121.7608416667,4,,,,4,,open,false,,,Wild Boar,Sus scrofa,Wild Boar,Mammalia,42134
214434692,7a761565-fc05-475a-8e42-713ca53c807b,2024-05-05 08:34:20-07:00,2024-05-05,2024-05-05 17:34:20 +0200,Pacific Time (US & Canada),5640269,ash185,ash malaviya,2024-05-08 20:35:17 +0200,2025-03-13 03:17:20 +0100,research,,https://www.inaturalist.org/observations/214434692,https://static.inaturalist.org/photos/379024677/medium.jpg,,"","",1,0,false,3,"Metcalf Park, San Jose, CA, US",37.2343533333,-121.7608416667,4,,,,4,,open,false,,,Wild Boar,Sus scrofa,Wild Boar,Mammalia,42134
214463340,4a5a245a-5a8f-49e5-a6db-3522f39c9319,2024-05-08 14:19:21,2024-05-08,2024-05-08 21:19:21 +0200,Central Time (US & Canada),96637,wildlife_of_texas,David Gerber,2024-05-08 23:14:26 +0200,2024-05-12 22:29:49 +0200,research,CC-BY-NC,https://www.inaturalist.org/observations/214463340,https://inaturalist-open-data.s3.amazonaws.com/photos/379077763/medium.jpeg,,"",,3,0,false,2,"Seagoville, TX 75159, USA",32.6135981052,-96.500948444,214,,,,214,,open,false,gps,gps,Wild Boar,Sus scrofa,Wild Boar,Mammalia,42134
214501227,67ea0aef-cce3-4a31-b57b-9d089b2ec87d,2024/05/08 5:02 PM,2024-05-08,2024-05-09 00:02:00 +0200,Central Time (US & Canada),13104,txherpbird,Craig McIntyre,2024-05-09 03:16:03 +0200,2024-05-13 18:40:56 +0200,research,CC-BY-NC,https://www.inaturalist.org/observations/214501227,https://inaturalist-open-data.s3.amazonaws.com/photos/379147994/medium.jpeg,,"",,2,0,false,,"Calhoun County, TX, USA",28.2564311677,-96.7943049137,8,,,,8,,open,false,,,Wild Boar,Sus scrofa,Wild Boar,Mammalia,42134
214503935,5203815e-a9f1-451a-b784-699968b89e30,2024-05-08 18:48:55,2024-05-08,2024-05-09 02:48:55 +0200,Chihuahua,1683303,omaresparza,Omar Esparza,2024-05-09 03:37:15 +0200,2025-05-23 10:46:26 +0200,research,,https://www.inaturalist.org/observations/214503935,https://static.inaturalist.org/photos/379154030/medium.jpeg,,"",,1,0,false,2,"31628 Chih., México",28.8043464296,-106.4824429527,1904,,,,1904,,open,false,gps,gps,Wild Boar,Sus scrofa,Wild Boar,Mammalia,42134
214717826,6bcfe36a-2d0b-4b62-ba76-b828d384f062,2024-05-09 19:00:00-05:00,2024-05-09,2024-05-10 02:00:00 +0200,Central Time (US & Canada),7947879,allen45780,Allen Frederick,2024-05-10 05:02:04 +0200,2024-05-13 03:41:55 +0200,research,,https://www.inaturalist.org/observations/214717826,https://static.inaturalist.org/photos/379554097/medium.jpg,,"","",4,0,false,3,"Shreveport, LA, US",32.4385024705,-93.6745859612,156,,,,156,,open,false,,,Wild Boar,Sus scrofa,Wild Boar,Mammalia,42134
214785702,eed2b8d0-37b3-4f60-93fc-cc8e5cca7506,2024-05-10 09:47:30-04:00,2024-05-10,2024-05-10 15:47:30 +0200,Eastern Time (US & Canada),7774540,projectregreen,,2024-05-10 15:49:07 +0200,2025-05-23 10:46:32 +0200,research,CC-BY-NC,https://www.inaturalist.org/observations/214785702,https://inaturalist-open-data.s3.amazonaws.com/photos/379740503/medium.jpg,,"",Anyone missing a hog?,1,0,false,3,"Malabar Trail, Malabar, FL, US",28.0071749951,-80.5730529518,4,,,,4,,open,false,,,Domestic Pig,Sus scrofa domesticus,Domestic Pig,Mammalia,324492
214785807,85e00ccb-ee5f-4cbe-897d-87bc17337ef9,2024-04-27 11:37:37-05:00,2024-04-27,2024-04-27 18:37:37 +0200,Central Time (US & Canada),8095169,yayfrogs,Wooddell Brian,2024-05-10 15:49:55 +0200,2025-05-21 07:03:38 +0200,research,,https://www.inaturalist.org/observations/214785807,https://static.inaturalist.org/photos/379681084/medium.jpg,,"","",3,1,false,3,"Park Road 28B, Groesbeck, TX, US",31.609405,-96.5491416667,4,,,,4,,open,false,,,Sanglier,Sus scrofa,Wild Boar,Mammalia,42134
214806087,58a3c53b-681b-415c-ae4e-42f1e2bb0bf7,2024/05/08 10:11 AM,2024-05-08,2024-05-08 17:11:00 +0200,Central Time (US & Canada),1595749,jcochran706,Jack Cochran,2024-05-10 17:41:33 +0200,2024-05-10 20:05:55 +0200,research,CC-BY-NC,https://www.inaturalist.org/observations/214806087,https://inaturalist-open-data.s3.amazonaws.com/photos/379714271/medium.jpeg,,crpj,Juniper tree near runoff area from small pond.,1,0,false,,"Texas, US",30.9386788925,-97.7653866536,4,,,,29304,obscured,open,true,,,Wild Boar,Sus scrofa,Wild Boar,Mammalia,42134
214809480,dfa387d4-34fb-4497-840b-10699191cc0a,2024-05-09 11:51:59-07:00,2024-05-09,2024-05-09 20:51:59 +0200,Pacific Time (US & Canada),5783277,lichenlu2,,2024-05-10 17:57:01 +0200,2025-05-23 10:46:33 +0200,research,CC-BY-NC,https://www.inaturalist.org/observations/214809480,https://inaturalist-open-data.s3.amazonaws.com/photos/379721064/medium.jpg,,"","",2,0,false,3,"Garden Valley, CA, US",38.8919,-120.7893133333,21,,,,21,,open,false,,,Domestic Pig,Sus scrofa domesticus,Domestic Pig,Mammalia,324492
214914631,ab20be47-5bef-44c8-9b2b-bcc5320458ab,2024/05/10 1:46 PM,2024-05-10,2024-05-10 20:46:00 +0200,Central Time (US & Canada),4052575,cindychrisler,Cindy Chrisler,2024-05-11 03:58:14 +0200,2024-07-27 11:13:06 +0200,research,CC-BY-NC,https://www.inaturalist.org/observations/214914631,https://inaturalist-open-data.s3.amazonaws.com/photos/379919024/medium.jpeg,,"",,1,0,false,,"Williamson County, TX, USA",30.8461224103,-97.6386964318,197,,,,197,,open,false,,,Wild Boar,Sus scrofa,Wild Boar,Mammalia,42134
215066966,2987b79d-0cef-4f80-bfb9-f236bde18fb1,2024-05-10 11:56:48-05:00,2024-05-10,2024-05-10 18:56:48 +0200,Central Time (US & Canada),77652,birdladymilam,,2024-05-11 20:58:13 +0200,2024-05-11 22:26:39 +0200,research,CC-BY-NC,https://www.inaturalist.org/observations/215066966,https://inaturalist-open-data.s3.amazonaws.com/photos/380198422/medium.jpg,,"","",1,0,false,3,"Milano, TX, US",30.6582666667,-96.8175716667,4,,,,4,,open,false,,,Wild Boar,Sus scrofa,Wild Boar,Mammalia,42134
215100626,4ce47e1e-5bc9-4667-a577-d521c72f7ba3,2024/03/31 12:21,2024-03-31,2024-03-31 19:21:00 +0200,Central Time (US & Canada),7774223,sowadart,,2024-05-11 23:17:17 +0200,2025-05-23 10:46:37 +0200,research,CC-BY-NC,https://www.inaturalist.org/observations/215100626,https://inaturalist-open-data.s3.amazonaws.com/photos/380258656/medium.jpg,,"",,1,0,false,,"Calhoun County, Texas, USA",28.2442291201,-96.7993536001,,,,,,,open,false,,,Hausschwein,Sus scrofa domesticus,Domestic Pig,Mammalia,324492
215113885,94d9fc2a-b140-4124-9c5b-ff7a76bd893d,2024/03/31 15:02,2024-03-31,2024-03-31 22:02:00 +0200,Central Time (US & Canada),7774223,sowadart,,2024-05-12 00:19:09 +0200,2024-07-27 11:13:04 +0200,research,CC-BY-NC,https://www.inaturalist.org/observations/215113885,https://inaturalist-open-data.s3.amazonaws.com/photos/380284071/medium.jpg,,"",,1,0,false,,"Aransas County, Texas, USA",28.2424704,-96.823968,,,,,,,open,false,,,Wildschwein,Sus scrofa,Wild Boar,Mammalia,42134
215145494,7dc461e9-c319-43f6-9872-7b9a0f516b1f,2024-01-02 15:24:56-06:00,2024-01-02,2024-01-02 22:24:56 +0100,Central Time (US & Canada),5713315,thesnakefromthelemma,,2024-05-12 03:07:43 +0200,2025-05-21 07:03:33 +0200,research,CC-BY-NC,https://www.inaturalist.org/observations/215145494,https://inaturalist-open-data.s3.amazonaws.com/photos/380345514/medium.jpg,,"",Evidently I’m not the only one enjoying these woods. Display was returned to its original state after inspection.,2,0,false,3,"Porter, Spring, TX, US",30.0583305,-95.325325,3,,,,3,,open,false,,,Sus scrofa,Sus scrofa,Wild Boar,Mammalia,42134
215160343,a18bac8b-c0ae-49cd-9c6e-7075c8b60af3,2024-05-05 20:31:57-05:00,2024-05-05,2024-05-06 03:31:57 +0200,Central Time (US & Canada),161086,cypselurus,Larry Chen,2024-05-12 04:44:00 +0200,2024-05-13 15:01:35 +0200,research,CC-BY-NC,https://www.inaturalist.org/observations/215160343,https://inaturalist-open-data.s3.amazonaws.com/photos/380375979/medium.jpg,,"","",1,0,false,3,"Monahans Sandhills State Park, Monahans, TX, US",31.617495,-102.811805,3,,,,3,,open,false,,,Wild Boar,Sus scrofa,Wild Boar,Mammalia,42134
215167639,0354bcd4-d818-499d-bad9-966ab5b93df7,2024/05/11 2:39 PM,2024-05-11,2024-05-11 21:39:00 +0200,Central Time (US & Canada),6768,bryancountybrown,geBrown,2024-05-12 05:30:36 +0200,2025-05-23 10:46:41 +0200,research,CC-BY,https://www.inaturalist.org/observations/215167639,https://static.inaturalist.org/photos/380375290/medium.jpeg,,"",,1,0,false,,"Bryan County, OK, USA",33.9655888611,-96.1728666667,,,,,,,open,false,,,Wild Boar,Sus scrofa,Wild Boar,Mammalia,42134
215272086,413763f5-47a6-4b2c-a056-0a2fdf7f40eb,2024-03-30 17:03:59-04:00,2024-03-30,2024-03-30 22:03:59 +0100,Eastern Time (US & Canada),3476711,chayahboyd,Chayah Boyd,2024-05-12 17:44:31 +0200,2024-05-13 16:11:56 +0200,research,,https://www.inaturalist.org/observations/215272086,https://static.inaturalist.org/photos/380581667/medium.jpg,,"","",1,0,false,3,"Naples, FL, US",25.875625,-81.3824383333,4,,,,4,,open,false,,,Wild Boar,Sus scrofa,Wild Boar,Mammalia,42134
215379925,7e66e6d5-db2a-4942-ab28-c4eefa4b8ce4,2024-05-10 09:24:39,2024-05-10,2024-05-10 15:24:39 +0200,Eastern Time (US & Canada),1083172,habercrombie,Hope Abercrombie,2024-05-13 01:12:19 +0200,2024-05-15 20:55:11 +0200,research,CC-BY-NC,https://www.inaturalist.org/observations/215379925,https://inaturalist-open-data.s3.amazonaws.com/photos/380780015/medium.jpeg,,"",,1,0,false,2,"Babson Park, FL 33827, USA",27.8160136,-81.5310525997,,,,,,,open,false,gps,gps,Wild Boar,Sus scrofa,Wild Boar,Mammalia,42134
215413907,0a431e0d-be79-413b-97d6-5a6f96c23a02,2024/05/11 10:30 AM,2024-05-11,2024-05-11 16:30:00 +0200,Eastern Time (US & Canada),586546,stevecollins,Steve Collins,2024-05-13 04:21:20 +0200,2024-05-13 12:00:12 +0200,research,CC-BY,https://www.inaturalist.org/observations/215413907,https://static.inaturalist.org/photos/380842382/medium.jpeg,,"",,2,0,false,,"Seminole County, FL, USA",28.67142,-81.0458766667,,,,,,,open,false,,,Wild Boar,Sus scrofa,Wild Boar,Mammalia,42134
215424356,780c0095-a91c-457e-9e7b-b328a550f3b1,2024-02-29 14:00:45,2024-02-29,2024-02-29 21:00:45 +0100,Central Time (US & Canada),2048449,pineten,Nicole,2024-05-13 05:32:14 +0200,2024-05-13 13:35:49 +0200,research,CC-BY,https://www.inaturalist.org/observations/215424356,https://inaturalist-open-data.s3.amazonaws.com/photos/380866012/medium.jpeg,,"",,2,0,false,2,"Willacy County, TX, USA",26.5069878997,-97.5240301997,,,,,,,open,false,gps,gps,Wild Boar,Sus scrofa,Wild Boar,Mammalia,42134
215569562,b80f20cb-f18e-4517-8e94-18f447c38a9b,2024-05-13 09:56:05,2024-05-13,2024-05-13 18:56:05 +0200,Pacific Time (US & Canada),829348,john475,John Cleckler,2024-05-13 22:21:07 +0200,2025-07-28 07:53:16 +0200,research,,https://www.inaturalist.org/observations/215569562,https://static.inaturalist.org/photos/381142376/medium.jpeg,,"",,2,0,false,2,"Elverta, CA 95626, USA",38.7892849722,-121.4399149722,,,,,,,open,false,gps,gps,Eurasian Wild Pig,Sus scrofa,Wild Boar,Mammalia,42134
215779303,94f30459-9b66-4b14-9205-1fe2e2a0e23e,2024-05-14 12:52:31-07:00,2024-05-14,2024-05-14 21:52:31 +0200,Pacific Time (US & Canada),448084,joshdkouri,,2024-05-14 22:37:32 +0200,2024-05-15 02:02:33 +0200,research,,https://www.inaturalist.org/observations/215779303,https://static.inaturalist.org/photos/381536891/medium.jpg,,"","",1,0,false,3,"Montaña de Oro State Park, San Luis Obispo, CA, US",35.3356265963,-120.816044294,25,,,,25,,open,false,,,Wild Boar,Sus scrofa,Wild Boar,Mammalia,42134
215789517,1c56c045-b7fe-4148-809e-3b047f09c930,2024-05-14 16:04:19-05:00,2024-05-14,2024-05-14 23:04:19 +0200,Central Time (US & Canada),7175601,micah_shively,Micah Shively,2024-05-14 23:33:44 +0200,2024-05-20 21:24:17 +0200,research,CC-BY-NC,https://www.inaturalist.org/observations/215789517,https://inaturalist-open-data.s3.amazonaws.com/photos/381555911/medium.jpg,,"","",2,0,false,3,"Kisatchie National Forest, Woodworth, LA, US",31.1352278333,-92.5962366667,28,,,,28,,open,false,,,Wild Boar,Sus scrofa,Wild Boar,Mammalia,42134
215792218,028e14be-7e6a-4c8a-aa39-880fbdaed7e4,2024/04/27 3:54 PM,2024-04-27,2024-04-27 22:54:00 +0200,Central Time (US & Canada),3500555,bayoushari,Shari Lewis,2024-05-14 23:49:13 +0200,2025-05-23 10:46:46 +0200,research,CC-BY-NC,https://www.inaturalist.org/observations/215792218,https://inaturalist-open-data.s3.amazonaws.com/photos/381557077/medium.jpeg,,"",,0,0,false,,"Eldridge / West Oaks, Houston, TX, USA",29.7207938031,-95.7346893062,8,,,,8,,open,false,,,Domestic Pig,Sus scrofa domesticus,Domestic Pig,Mammalia,324492
215802208,062f98a6-2c73-4b32-96be-dd9c1fad053a,2024-05-14 16:17:53-04:00,2024-05-14,2024-05-14 22:17:53 +0200,Eastern Time (US & Canada),7320160,amelieogg,,2024-05-15 00:49:47 +0200,2024-05-17 03:18:02 +0200,research,,https://www.inaturalist.org/observations/215802208,https://static.inaturalist.org/photos/381580039/medium.jpg,,"","",1,0,false,3,"Melrose, FL, US",29.7250033333,-81.9861966667,5,,,,5,,open,false,,,Wild Boar,Sus scrofa,Wild Boar,Mammalia,42134
215804107,d3f96712-046a-46d9-8a81-3c0ee7608a4a,2024-05-14 16:18:26-04:00,2024-05-14,2024-05-14 22:18:26 +0200,Eastern Time (US & Canada),8140349,gpena2316,,2024-05-15 01:02:13 +0200,2024-05-17 03:17:18 +0200,research,CC-BY-NC,https://www.inaturalist.org/observations/215804107,https://inaturalist-open-data.s3.amazonaws.com/photos/381583477/medium.jpg,,"","",1,0,false,3,"Melrose, FL, US",29.7250216667,-81.986175,3,,,,3,,open,false,,,Wild Boar,Sus scrofa,Wild Boar,Mammalia,42134
215804469,1a129aae-d2c9-40b7-b906-dd8a257771fa,2024/05/11 3:50 PM,2024-05-11,2024-05-11 22:50:00 +0200,Central Time (US & Canada),1595749,jcochran706,Jack Cochran,2024-05-15 01:04:29 +0200,2024-05-15 20:28:52 +0200,research,CC-BY-NC,https://www.inaturalist.org/observations/215804469,https://inaturalist-open-data.s3.amazonaws.com/photos/381576550/medium.jpeg,,CRPR,,2,0,false,,"Williamson County, TX, USA",30.8472783333,-97.63383,,,,,,,open,false,,,Wild Boar,Sus scrofa,Wild Boar,Mammalia,42134
215808161,9141268d-5528-4bc8-8f62-fe04e3364d91,2024-05-14 16:18:14-04:00,2024-05-14,2024-05-14 22:18:14 +0200,Eastern Time (US & Canada),8136884,mariam437,,2024-05-15 01:28:02 +0200,2025-05-21 07:03:28 +0200,research,CC-BY-NC,https://www.inaturalist.org/observations/215808161,https://inaturalist-open-data.s3.amazonaws.com/photos/381592526/medium.jpg,,"","",2,0,false,3,"Melrose, FL, US",29.7250116667,-81.9862133333,11,,,,11,,open,false,,,Wild Boar,Sus scrofa,Wild Boar,Mammalia,42134
215821585,aa50e276-b08b-4893-95e7-263b9ef23cb5,2024-05-09 19:30:59-05:00,2024-05-09,2024-05-10 02:30:59 +0200,Eastern Time (US & Canada),971085,gibbous_jedda,Jedda,2024-05-15 02:58:55 +0200,2024-05-15 14:12:34 +0200,research,CC-BY-NC,https://www.inaturalist.org/observations/215821585,https://static.inaturalist.org/photos/381616819/medium.jpg,,"",Never seen them so close to the entrance. Not all that afraid of me either. ,1,0,false,3,"Ponte Vedra, FL, US",30.1072353169,-81.3853179894,506,,,,506,,open,false,,,Wild Boar,Sus scrofa,Wild Boar,Mammalia,42134
215830657,e96de526-f1f2-4108-9278-10009a768668,2024-05-12 09:30:17-04:00,2024-05-12,2024-05-12 15:30:17 +0200,Eastern Time (US & Canada),3639895,lilorvis,Bog,2024-05-15 04:03:23 +0200,2024-05-15 04:04:49 +0200,research,CC-BY-NC,https://www.inaturalist.org/observations/215830657,https://inaturalist-open-data.s3.amazonaws.com/photos/381635520/medium.jpg,,"","",1,0,false,3,"Florida, US",28.9516079496,-81.0907428395,6,,,,29558,obscured,open,true,,,Wild Boar,Sus scrofa,Wild Boar,Mammalia,42134
215836004,27918bcc-c7eb-4d76-ab8e-f102fcd2c016,2024-05-14 16:18:06-04:00,2024-05-14,2024-05-14 22:18:06 +0200,Eastern Time (US & Canada),6097504,meganc02,,2024-05-15 04:39:03 +0200,2024-05-17 03:17:17 +0200,research,CC-BY-NC,https://www.inaturalist.org/observations/215836004,https://inaturalist-open-data.s3.amazonaws.com/photos/381647389/medium.jpg,,"","",1,0,false,3,"Melrose, FL, US",29.7250166667,-81.9861966667,4,,,,4,,open,false,,,Wild Boar,Sus scrofa,Wild Boar,Mammalia,42134
215840926,959d0716-8276-427b-8609-591bca4e905a,2024-05-14 16:18:21-04:00,2024-05-14,2024-05-14 22:18:21 +0200,Eastern Time (US & Canada),8139526,parkerhert,,2024-05-15 05:08:16 +0200,2025-05-21 07:03:26 +0200,research,CC-BY-NC,https://www.inaturalist.org/observations/215840926,https://inaturalist-open-data.s3.amazonaws.com/photos/381656678/medium.jpg,,"","",3,0,false,3,"Melrose, FL, US",29.7250133333,-81.9861883333,4,,,,4,,open,false,,,Wild Boar,Sus scrofa,Wild Boar,Mammalia,42134
215894008,099fb3ce-8436-4fe7-93c8-cbeeff5a19ee,2024-05-14 16:18:21-04:00,2024-05-14,2024-05-14 22:18:21 +0200,Eastern Time (US & Canada),8137672,jacykennedy,,2024-05-15 14:31:26 +0200,2024-05-15 16:40:39 +0200,research,,https://www.inaturalist.org/observations/215894008,https://static.inaturalist.org/photos/381757209/medium.jpg,,"","",1,0,false,3,"Melrose, FL, US",29.7250166667,-81.9861833333,5,,,,5,,open,false,,,Wild Boar,Sus scrofa,Wild Boar,Mammalia,42134
215923340,e473250f-c529-4dee-9e8b-6cca0dbeb9e1,2024-05-15 10:22:35-05:00,2024-05-15,2024-05-15 17:22:35 +0200,Central Time (US & Canada),133290,ernest5h,Ernesto Herrera,2024-05-15 17:23:45 +0200,2025-05-23 10:46:47 +0200,research,,https://www.inaturalist.org/observations/215923340,https://static.inaturalist.org/photos/381810664/medium.jpg,,"","",4,0,false,3,United States,25.8888657733,-97.2676428548,3148,,,,29913,obscured,open,true,,,Domestic Pig,Sus scrofa domesticus,Domestic Pig,Mammalia,324492
215925369,669c7ba4-3210-47e6-b095-4b14d259401f,2024-05-14 16:18:07-04:00,2024-05-14,2024-05-14 22:18:07 +0200,Eastern Time (US & Canada),7329388,megannrimmeli,,2024-05-15 17:34:16 +0200,2024-05-15 18:02:43 +0200,research,CC-BY-NC,https://www.inaturalist.org/observations/215925369,https://inaturalist-open-data.s3.amazonaws.com/photos/381814292/medium.jpg,,"","",1,0,false,3,"Melrose, FL, US",29.7250216667,-81.9862133333,4,,,,4,,open,false,,,Wild Boar,Sus scrofa,Wild Boar,Mammalia,42134
215957379,8b8af1c5-9a28-4755-88b6-77272ba4e2f4,2024-05-14 16:18:13-04:00,2024-05-14,2024-05-14 22:18:13 +0200,Eastern Time (US & Canada),7461738,katte-lyn,,2024-05-15 20:18:55 +0200,2025-05-21 07:03:23 +0200,research,CC-BY-NC,https://www.inaturalist.org/observations/215957379,https://inaturalist-open-data.s3.amazonaws.com/photos/381901676/medium.jpg,,"","",2,0,false,3,"Melrose, FL, US",29.7250216667,-81.9861966667,4,,,,4,,open,false,,,Wild Boar,Sus scrofa,Wild Boar,Mammalia,42134
215963335,b598600f-98b0-4589-aef0-609549592c95,2024-05-14 16:18:09-04:00,2024-05-14,2024-05-14 22:18:09 +0200,Eastern Time (US & Canada),7443886,theincredibleroy,Felix Roy,2024-05-15 20:48:57 +0200,2025-05-21 07:03:22 +0200,research,,https://www.inaturalist.org/observations/215963335,https://static.inaturalist.org/photos/381884034/medium.jpg,,"","",2,0,false,3,"Melrose, FL, US",29.6998712347,-82.0449595933,3704,,,,3704,,open,false,,,Wild Boar,Sus scrofa,Wild Boar,Mammalia,42134
215999769,1b85e7be-3acf-48d1-980a-015702132239,2024-05-15 18:15:38-04:00,2024-05-15,2024-05-16 00:15:38 +0200,Eastern Time (US & Canada),6087112,joeystravato,,2024-05-16 00:16:49 +0200,2024-05-17 03:16:47 +0200,research,CC-BY-NC,https://www.inaturalist.org/observations/215999769,https://inaturalist-open-data.s3.amazonaws.com/photos/381955002/medium.jpg,,"",Wild boar bottom jaw. ,1,0,false,3,"Melrose, FL, US",29.709695,-81.99282,8,,,,8,,open,false,,,Wild Boar,Sus scrofa,Wild Boar,Mammalia,42134
216045992,d7bff04c-682f-4706-ac82-0251526fc776,2024-05-14 16:17:55-04:00,2024-05-14,2024-05-14 22:17:55 +0200,Eastern Time (US & Canada),4712272,jwv0922,,2024-05-16 05:45:50 +0200,2025-05-23 10:46:50 +0200,research,CC-BY-NC,https://www.inaturalist.org/observations/216045992,https://inaturalist-open-data.s3.amazonaws.com/photos/382046308/medium.jpg,,"","",1,0,false,3,"SR-26, Melrose, FL, US",29.7250283333,-81.986245,3,,,,3,,open,false,,,Eurasian Wild Pig,Sus scrofa,Wild Boar,Mammalia,42134
216086906,1a6f6329-dad9-4736-a47e-5934cefc0fb4,2024-05-08 08:38:03,2024-05-08,2024-05-08 14:38:03 +0200,Eastern Time (US & Canada),6491392,fnp863,GB,2024-05-16 13:14:13 +0200,2024-05-25 19:40:29 +0200,research,,https://www.inaturalist.org/observations/216086906,https://static.inaturalist.org/photos/382124043/medium.jpeg,,"",,1,0,false,2,"Bartow, FL 33830, USA",27.9330463,-81.92703134,3,,,,3,,open,false,,,Wild Boar,Sus scrofa,Wild Boar,Mammalia,42134
216223633,6ac7ef63-4e6c-4af2-9119-060b22352cfd,2024/05/16 10:37 AM,2024-05-16,2024-05-16 19:37:00 +0200,Pacific Time (US & Canada),209572,truthseqr,Anne Parsons,2024-05-17 03:23:34 +0200,2024-06-25 13:33:40 +0200,research,CC-BY-NC,https://www.inaturalist.org/observations/216223633,https://inaturalist-open-data.s3.amazonaws.com/photos/382378320/medium.jpeg,,"",There were 3 boars in this group.,1,0,false,,"Joseph D. Grant County Park, CA, USA",37.32228412,-121.71109658,,,,,,,open,false,,,Wild Boar,Sus scrofa,Wild Boar,Mammalia,42134
216223642,8e2740db-93b8-4bcf-92fb-cb2d172204b2,2024/05/16 10:42 AM,2024-05-16,2024-05-16 19:42:00 +0200,Pacific Time (US & Canada),209572,truthseqr,Anne Parsons,2024-05-17 03:23:36 +0200,2024-06-25 13:26:43 +0200,research,CC-BY-NC,https://www.inaturalist.org/observations/216223642,https://inaturalist-open-data.s3.amazonaws.com/photos/382378762/medium.jpeg,,"",There were multiple adults and several babies in this group.,1,0,false,,"Joseph D. Grant County Park, CA, USA",37.32245789,-121.71166938,,,,,,,open,false,,,Wild Boar,Sus scrofa,Wild Boar,Mammalia,42134
216223644,f3c8d1f5-85a5-42c0-9370-cd443a40c521,2024/05/16 10:50 AM,2024-05-16,2024-05-16 19:50:00 +0200,Pacific Time (US & Canada),209572,truthseqr,Anne Parsons,2024-05-17 03:23:36 +0200,2024-06-25 13:26:04 +0200,research,CC-BY-NC,https://www.inaturalist.org/observations/216223644,https://inaturalist-open-data.s3.amazonaws.com/photos/382378842/medium.jpeg,,"","",1,0,false,,"Joseph D. Grant County Park, CA, USA",37.32285592,-121.71216067,,,,,,,open,false,,,Wild Boar,Sus scrofa,Wild Boar,Mammalia,42134
216223645,5edffbd5-6957-46db-9f21-172e23d5d022,2024/05/16 10:50 AM,2024-05-16,2024-05-16 19:50:00 +0200,Pacific Time (US & Canada),209572,truthseqr,Anne Parsons,2024-05-17 03:23:36 +0200,2024-06-25 13:25:39 +0200,research,CC-BY-NC,https://www.inaturalist.org/observations/216223645,https://inaturalist-open-data.s3.amazonaws.com/photos/382378860/medium.jpeg,,"piglets, juveniles",There were about 10 babies in this group.,1,0,false,,"Joseph D. Grant County Park, CA, USA",37.32302721,-121.7122328701,,,,,,,open,false,,,Wild Boar,Sus scrofa,Wild Boar,Mammalia,42134
216287940,e88075a9-e30f-4134-9f10-2e7dce990057,2024-05-15 17:48:04-04:00,2024-05-15,2024-05-15 23:48:04 +0200,Eastern Time (US & Canada),7461784,ava67590,Ava M,2024-05-17 13:49:57 +0200,2024-07-27 11:12:48 +0200,research,,https://www.inaturalist.org/observations/216287940,https://static.inaturalist.org/photos/382512205/medium.jpg,,"","",1,0,false,3,"Mandarin Lake Rd, Melrose, FL, US",29.7027929529,-81.991283554,4,,,,4,,open,false,,,Wild Boar,Sus scrofa,Wild Boar,Mammalia,42134
216300885,8eccdce7-2838-4563-b844-ae088926864e,2024-05-16 11:14:39-05:00,2024-05-16,2024-05-16 18:14:39 +0200,Central Time (US & Canada),730509,corvidologist,,2024-05-17 15:27:34 +0200,2024-05-24 23:54:16 +0200,research,,https://www.inaturalist.org/observations/216300885,https://static.inaturalist.org/photos/382528223/medium.jpg,,"","",3,0,false,3,"Iowa City, IA, US",41.7270616667,-91.526305,4,,,,4,,open,false,,,Wild Boar,Sus scrofa,Wild Boar,Mammalia,42134
216302781,ef5d6db7-05ad-4c3d-b0c0-68b330a9d7b0,2024-05-16 07:53:31-05:00,2024-05-16,2024-05-16 14:53:31 +0200,Central Time (US & Canada),6453653,cre8tive_viking,CPeterson,2024-05-17 15:38:42 +0200,2024-06-10 03:30:28 +0200,research,CC-BY-NC,https://www.inaturalist.org/observations/216302781,https://inaturalist-open-data.s3.amazonaws.com/photos/382531867/medium.jpg,,"","",1,0,false,3,"Crowell, TX, US",33.9908429327,-99.9535607463,191,,,,191,,open,false,,,Wild Boar,Sus scrofa,Wild Boar,Mammalia,42134
216320085,6ac66e19-8b4e-47e2-bb9e-f21d01c024d1,2024-05-15 17:47:46-04:00,2024-05-15,2024-05-15 23:47:46 +0200,Eastern Time (US & Canada),6070330,claireecollier,,2024-05-17 17:17:05 +0200,2024-07-27 11:12:47 +0200,research,CC-BY-NC,https://www.inaturalist.org/observations/216320085,https://inaturalist-open-data.s3.amazonaws.com/photos/382562546/medium.jpg,,"","",1,0,false,3,"Goose Lake, Melrose, FL, US",29.7008785183,-81.98177576,5763,,,,5763,,open,false,,,Wild Boar,Sus scrofa,Wild Boar,Mammalia,42134
216378162,299ee1f0-cf57-412a-b463-95226609ac57,2024-05-17 16:06:22,2024-05-17,2024-05-17 22:06:22 +0200,Eastern Time (US & Canada),1450779,ryant1,Ryan T,2024-05-17 22:08:40 +0200,2024-05-17 22:10:23 +0200,research,,https://www.inaturalist.org/observations/216378162,https://static.inaturalist.org/photos/382667470/medium.jpeg,,"",,1,0,false,2,"Congaree National Park, Richland County, US-SC, US",33.8219155346,-80.8247165009,35,,,,35,,open,false,gps,gps,Wild Boar,Sus scrofa,Wild Boar,Mammalia,42134
216452703,7d637e0f-c9f3-4d0d-ac21-1981651eb663,2024-05-17 18:44:06-04:00,2024-05-17,2024-05-18 00:44:06 +0200,Eastern Time (US & Canada),6967262,sam_k_lowe,Samantha Lowe,2024-05-18 06:12:52 +0200,2025-05-23 10:46:56 +0200,research,CC-BY-NC,https://www.inaturalist.org/observations/216452703,https://inaturalist-open-data.s3.amazonaws.com/photos/382813693/medium.jpg,,"","",2,0,false,3,"Newberry, FL, US",29.5660883333,-82.62207,4,,,,4,,open,false,,,Domestic Pig,Sus scrofa domesticus,Domestic Pig,Mammalia,324492
216455989,daf9579d-08c4-4498-8cc0-64e1d3d776ab,2024/04/26 9:04 AM,2024-04-26,2024-04-26 16:04:00 +0200,Central Time (US & Canada),2033687,greenjay6,Jay Pruett,2024-05-18 06:40:31 +0200,2024-12-15 06:56:21 +0100,research,CC-BY-NC,https://www.inaturalist.org/observations/216455989,https://inaturalist-open-data.s3.amazonaws.com/photos/382819942/medium.jpg,,"",,1,0,false,,"Mad Island Marsh Preserve, Matagorda County, TX, USA",28.6770206653,-96.1087627,5015,,,,5015,,open,false,,,Eurasian Wild Pig,Sus scrofa,Wild Boar,Mammalia,42134
216496713,72b529fe-b1c7-42e9-8ee9-77473012b981,2024-05-18 06:14:13-05:00,2024-05-18,2024-05-18 13:14:13 +0200,Central Time (US & Canada),450556,duncan_fraser,"",2024-05-18 13:14:24 +0200,2024-05-18 20:45:22 +0200,research,,https://www.inaturalist.org/observations/216496713,https://static.inaturalist.org/photos/383073326/medium.jpg,,"","",1,0,false,3,"Goose Overlook Trail, Brooksville, MS, US",33.2783370837,-88.7944382165,4,,,,4,,open,false,,,Wild Boar,Sus scrofa,Wild Boar,Mammalia,42134
216688644,6d471ad1-7b25-4798-9ad4-651932b016ed,2024-05-18 15:59:38-04:00,2024-05-18,2024-05-18 21:59:38 +0200,Eastern Time (US & Canada),5126259,kevin1880,Kevin1880,2024-05-19 04:31:25 +0200,2024-05-19 05:43:15 +0200,research,,https://www.inaturalist.org/observations/216688644,https://static.inaturalist.org/photos/383249517/medium.jpg,,"",I counted at least 5,1,0,false,3,"Coe Landing Rd, Tallahassee, FL, US",30.45092,-84.4829166667,7612,,,,7612,,open,false,,,Wild Boar,Sus scrofa,Wild Boar,Mammalia,42134
216829306,2de8d0a2-1bc1-40f2-b43d-4d764139fbde,2024-05-19 10:58:49-05:00,2024-05-19,2024-05-19 17:58:49 +0200,Central Time (US & Canada),6787053,andrewfetherston,,2024-05-19 18:46:29 +0200,2025-09-10 21:06:45 +0200,research,CC-BY-NC,https://www.inaturalist.org/observations/216829306,https://inaturalist-open-data.s3.amazonaws.com/photos/383511637/medium.jpg,,"","",1,0,false,3,"Austin, TX, US",30.2350133333,-97.644525,5,,,,5,,open,false,,,Wild Boar,Sus scrofa,Wild Boar,Mammalia,42134
216859448,68175c75-8793-4f23-a180-dbffe7d12900,2024/05/09 10:19 AM,2024-05-09,2024-05-09 17:19:00 +0200,Central Time (US & Canada),134551,ryan_durand,Ryan Durand,2024-05-19 20:28:55 +0200,2024-05-20 06:39:33 +0200,research,CC-BY-NC,https://www.inaturalist.org/observations/216859448,https://inaturalist-open-data.s3.amazonaws.com/photos/383556185/medium.jpeg,,"","",2,0,false,,"St Tammany Parish, LA, USA",30.2245722222,-89.6743027778,4,,,,4,,open,false,,,Wild Boar,Sus scrofa,Wild Boar,Mammalia,42134
216871740,59524866-1b8a-4006-a981-c81a82c7ab79,2024-05-17 14:43:16,2024-05-17,2024-05-17 23:43:16 +0200,Pacific Time (US & Canada),6536955,gnarlyshields,"",2024-05-19 21:11:06 +0200,2024-05-20 16:57:29 +0200,research,CC-BY-NC,https://www.inaturalist.org/observations/216871740,https://inaturalist-open-data.s3.amazonaws.com/photos/383948680/medium.jpeg,,"",,1,0,false,2,"Hollister, CA 95023, USA",37.1097099933,-121.3511700556,952,,,,952,,open,false,gps,gps,Wild Boar,Sus scrofa,Wild Boar,Mammalia,42134
216916171,42a05042-21c4-4d28-b252-1952619d6bc9,2024/05/18 4:42 PM,2024-05-18,2024-05-18 23:42:00 +0200,Central Time (US & Canada),5652881,jose_fernando_m,,2024-05-20 00:00:04 +0200,2024-05-23 04:47:14 +0200,research,CC-BY-NC,https://www.inaturalist.org/observations/216916171,https://inaturalist-open-data.s3.amazonaws.com/photos/383670772/medium.jpg,,"",,1,0,false,,"Hopkins County, TX, USA",33.288826863,-95.672397401,273,,,,273,,open,false,,,Wild Boar,Sus scrofa,Wild Boar,Mammalia,42134
216948770,16f3579f-0b90-4d69-9832-f834ecafa5e4,2024-05-19 09:15:39-07:00,2024-05-19,2024-05-19 18:15:39 +0200,Pacific Time (US & Canada),936706,alfresco,Lisa,2024-05-20 02:43:53 +0200,2024-05-20 07:08:58 +0200,research,CC-BY-NC,https://www.inaturalist.org/observations/216948770,https://inaturalist-open-data.s3.amazonaws.com/photos/383734778/medium.jpg,,"","",1,0,false,3,"Henry W. Coe State Park, Gilroy, CA, US",37.0575333333,-121.4118583333,4,,,,4,,open,false,,,Wild Boar,Sus scrofa,Wild Boar,Mammalia,42134
216963861,f53c9f10-0300-4ffc-a035-f91a7fb021c9,2024-05-09 13:53:53,2024-05-09,2024-05-09 22:53:53 +0200,Pacific Time (US & Canada),7563713,princessw,,2024-05-20 04:02:11 +0200,2024-05-21 23:17:20 +0200,research,CC-BY-NC,https://www.inaturalist.org/observations/216963861,https://inaturalist-open-data.s3.amazonaws.com/photos/383765066/medium.jpeg,,"",,1,0,false,2,"Corning, CA 96021, USA",39.9276520874,-122.1791555732,2972,,,,2972,,open,false,,,Wild Boar,Sus scrofa,Wild Boar,Mammalia,42134
216991297,702a4375-4342-48db-98be-754b648b0ed1,2024/05/07 1:14 PM,2024-05-07,2024-05-07 22:14:00 +0200,Pacific Time (US & Canada),8706,howardfriedman1,Howard Friedman,2024-05-20 07:26:26 +0200,2024-05-20 08:47:43 +0200,research,CC-BY-NC,https://www.inaturalist.org/observations/216991297,https://inaturalist-open-data.s3.amazonaws.com/photos/383819013/medium.jpeg,,"","",1,0,false,,"Santa Clara County, CA, USA",37.3340197417,-121.7136339526,31,,,,31,,open,false,,,Wild Boar,Sus scrofa,Wild Boar,Mammalia,42134
216991301,8d9854bd-1563-4141-9dc6-7eae6171bd3e,2024/05/07 1:14 PM,2024-05-07,2024-05-07 22:14:00 +0200,Pacific Time (US & Canada),8706,howardfriedman1,Howard Friedman,2024-05-20 07:26:26 +0200,2024-05-20 08:47:27 +0200,research,CC-BY-NC,https://www.inaturalist.org/observations/216991301,https://inaturalist-open-data.s3.amazonaws.com/photos/383819087/medium.jpeg,,"","",1,0,false,,"Santa Clara County, CA, USA",37.3342756605,-121.713869987,31,,,,31,,open,false,,,Wild Boar,Sus scrofa,Wild Boar,Mammalia,42134
217106190,58ea1ef8-ae42-45da-bd19-e15a82af7037,2024-01-07 13:22:37-05:00,2024-01-07,2024-01-07 19:22:37 +0100,Eastern Time (US & Canada),8162465,elizzlebizzle11,Elizabeth Lee,2024-05-20 19:43:39 +0200,2024-05-20 20:59:29 +0200,research,,https://www.inaturalist.org/observations/217106190,https://static.inaturalist.org/photos/384033804/medium.jpg,,"","",1,0,false,3,"Black Bear Wilderness Area, Sanford, FL, US",28.8581783333,-81.3561166667,4,,,,4,,open,false,,,Wild Boar,Sus scrofa,Wild Boar,Mammalia,42134
217159137,e5cb564c-e062-4159-8343-3e48fd16cabd,2024/05/17 11:01 PM,2024-05-17,2024-05-18 06:01:00 +0200,Central Time (US & Canada),406230,katelin_cross,Katelin Cross,2024-05-20 23:35:24 +0200,2024-06-03 21:46:19 +0200,research,CC-BY-NC,https://www.inaturalist.org/observations/217159137,https://inaturalist-open-data.s3.amazonaws.com/photos/383963476/medium.jpeg,,"","",2,0,false,,"Noxubee County, MS, USA",33.229074,-88.808296,,,,,,,open,false,,,Wild Boar,Sus scrofa,Wild Boar,Mammalia,42134
217159141,8515c57d-a70c-4c5f-b850-a04333a986ef,2024/05/14 10:28 AM,2024-05-14,2024-05-14 17:28:00 +0200,Central Time (US & Canada),406230,katelin_cross,Katelin Cross,2024-05-20 23:35:24 +0200,2024-05-20 23:48:43 +0200,research,CC-BY-NC,https://www.inaturalist.org/observations/217159141,https://inaturalist-open-data.s3.amazonaws.com/photos/384129554/medium.jpeg,,"","",1,0,false,,"Oktibbeha County, MS, USA",33.294253,-88.855112,,,,,,,open,false,,,Wild Boar,Sus scrofa,Wild Boar,Mammalia,42134
217306340,cb10f582-4592-4a98-aa88-041ec70a12a7,2024/05/11 9:12 AM,2024-05-11,2024-05-11 16:12:00 +0200,Central Time (US & Canada),406230,katelin_cross,Katelin Cross,2024-05-21 17:57:08 +0200,2024-05-21 19:24:39 +0200,research,CC-BY-NC,https://www.inaturalist.org/observations/217306340,https://inaturalist-open-data.s3.amazonaws.com/photos/384375269/medium.jpeg,,"","",1,0,false,,"Oktibbeha County, MS, USA",33.306798,-88.788116,,,,,,,open,false,,,Wild Boar,Sus scrofa,Wild Boar,Mammalia,42134
217380103,8f012601-b88f-400c-8d7a-38d6131548bb,2024-05-19 11:05:59-05:00,2024-05-19,2024-05-19 18:05:59 +0200,Central Time (US & Canada),7702011,elektrotom,T W,2024-05-22 00:38:59 +0200,2024-05-24 01:22:31 +0200,research,,https://www.inaturalist.org/observations/217380103,https://static.inaturalist.org/photos/384555152/medium.jpg,,"","",1,0,false,3,"Aransas National Wildlife Refuge, TX, US",28.2527916667,-96.792395,,,,,,,open,false,,,Wildschwein,Sus scrofa,Wild Boar,Mammalia,42134
217384075,3ea9988a-a41e-4c93-b4ed-5aafeb5d258d,2024-05-21 17:02:34-04:00,2024-05-21,2024-05-21 23:02:34 +0200,Eastern Time (US & Canada),5268521,lakers21,,2024-05-22 01:04:09 +0200,2024-05-26 22:07:22 +0200,research,CC-BY-NC,https://www.inaturalist.org/observations/217384075,https://inaturalist-open-data.s3.amazonaws.com/photos/384562943/medium.jpg,,"","",1,0,false,3,"Great Smoky Mountains National Park, Almond, NC, US",35.4650033333,-83.5580666667,4,,,,4,,open,false,,,Wild Boar,Sus scrofa,Wild Boar,Mammalia,42134
217409881,8da8766c-c5d5-4cba-b9ba-9ceb6382a94c,2024/05/02 9:21 AM,2024-05-02,2024-05-02 16:21:00 +0200,Central Time (US & Canada),643440,georgeafghan,George Afghan,2024-05-22 03:59:54 +0200,2025-05-23 10:47:08 +0200,research,CC-BY-NC,https://www.inaturalist.org/observations/217409881,https://inaturalist-open-data.s3.amazonaws.com/photos/384613649/medium.jpeg,,"","",2,0,false,,"Gillespie County, TX, USA",30.2365960126,-98.6235816333,289,,,,289,,open,false,,,Domestic Pig,Sus scrofa domesticus,Domestic Pig,Mammalia,324492
217519869,245e7bc7-f6e0-455e-bb33-48389f9c95a5,2024-05-22 12:36:25-04:00,2024-05-22,2024-05-22 18:36:25 +0200,Eastern Time (US & Canada),6584681,southernstrega,,2024-05-22 18:38:12 +0200,2024-05-22 19:02:44 +0200,research,CC-BY-NC,https://www.inaturalist.org/observations/217519869,https://inaturalist-open-data.s3.amazonaws.com/photos/384817670/medium.jpg,,"","",1,0,false,3,"Interstate Papermill Rd, Riceboro, GA, US",31.730693813,-81.4213025793,624,,,,624,,open,false,,,Wild Boar,Sus scrofa,Wild Boar,Mammalia,42134
217641539,6e6b4371-65be-4183-9b74-e606d67f75c5,2024-01-18 12:31:58,2024-01-18,2024-01-18 19:31:58 +0100,Central Time (US & Canada),8177632,johnfkennedy,"",2024-05-23 08:15:20 +0200,2025-03-26 21:04:10 +0100,research,CC-BY-NC,https://www.inaturalist.org/observations/217641539,https://inaturalist-open-data.s3.amazonaws.com/photos/385049415/medium.jpeg,,"",,6,0,false,2,"New Orleans, LA 70139, USA",29.9505352807,-90.0715321675,51266,,,,51266,,open,false,,,Wild Boar,Sus scrofa,Wild Boar,Mammalia,42134
217648465,a4762d17-3f19-4c42-9515-eecb5e53902d,2024-05-23 00:36:25-07:00,2024-05-23,2024-05-23 09:36:25 +0200,Pacific Time (US & Canada),241923,hllrnnr,Chuck Wilson,2024-05-23 09:43:38 +0200,2024-08-29 19:21:07 +0200,research,CC0,https://www.inaturalist.org/observations/217648465,https://inaturalist-open-data.s3.amazonaws.com/photos/385061549/medium.jpg,,"","",1,0,false,3,"Joseph D. Grant County Park, Mount Hamilton, CA, US",37.3367116934,-121.7035956642,275,,,,275,,open,false,,,Wild Boar,Sus scrofa,Wild Boar,Mammalia,42134
217689378,d61e378c-4699-4c79-81eb-eb984b8d7d57,2024-04-20 00:49:27-05:00,2024-04-20,2024-04-20 07:49:27 +0200,Central Time (US & Canada),6453653,cre8tive_viking,CPeterson,2024-05-23 15:52:30 +0200,2024-05-23 16:14:36 +0200,research,CC-BY-NC,https://www.inaturalist.org/observations/217689378,https://inaturalist-open-data.s3.amazonaws.com/photos/385135656/medium.jpg,,"","",1,0,false,3,"County Road 186, Jonesboro, TX, US",31.556976734,-97.9643720619,41,,,,41,,open,false,,,Wild Boar,Sus scrofa,Wild Boar,Mammalia,42134
217750168,ae79d931-f748-4bf1-847d-92954c012242,2024-05-23 12:06:09-07:00,2024-05-23,2024-05-23 21:06:09 +0200,Pacific Time (US & Canada),3411502,camchao,Cameron Chao,2024-05-23 21:12:05 +0200,2024-05-24 00:42:35 +0200,research,,https://www.inaturalist.org/observations/217750168,https://static.inaturalist.org/photos/385246841/medium.jpg,,"","",1,0,false,3,"Castroville Blvd, Salinas, CA, US",36.8044389831,-121.6908069515,3,,,,3,,open,false,,,Wild Boar,Sus scrofa,Wild Boar,Mammalia,42134
217754326,e915adb5-6d5a-485a-b916-b42a637a108a,2024-05-23 11:57:58-04:00,2024-05-23,2024-05-23 17:57:58 +0200,Eastern Time (US & Canada),8167813,hkurlowicz,,2024-05-23 21:34:13 +0200,2025-07-28 21:58:35 +0200,research,CC-BY-NC,https://www.inaturalist.org/observations/217754326,https://inaturalist-open-data.s3.amazonaws.com/photos/385257753/medium.jpg,,"","",1,0,false,3,"Huckleberry Rd, Hawthorne, FL, US",29.6728083333,-82.0242471667,11,,,,11,,open,false,,,Wild Boar,Sus scrofa,Wild Boar,Mammalia,42134
217837719,a97d66b9-63c3-46df-ad69-8c7843d4a3bb,2024/05/23 6:52 PM,2024-05-23,2024-05-24 01:52:00 +0200,Central Time (US & Canada),18812,mako252,Jon McIntyre,2024-05-24 07:39:39 +0200,2024-06-07 20:56:53 +0200,research,CC-BY-NC,https://www.inaturalist.org/observations/217837719,https://inaturalist-open-data.s3.amazonaws.com/photos/385420394/medium.jpeg,,"",,2,0,false,,"Calhoun County, TX, USA",28.256049607,-96.7948807667,8,,,,8,,open,false,,,Wild Boar,Sus scrofa,Wild Boar,Mammalia,42134
217996483,6edb62e8-0f55-487e-bdb8-2a7372963719,2024-05-24 18:57:11-04:00,2024-05-24,2024-05-25 00:57:11 +0200,Eastern Time (US & Canada),8147949,lwiener,,2024-05-25 01:08:34 +0200,2025-05-23 10:47:12 +0200,research,CC-BY-NC,https://www.inaturalist.org/observations/217996483,https://inaturalist-open-data.s3.amazonaws.com/photos/385713593/medium.jpg,,"","",1,0,false,3,"Pisgah National Forest, Lake Toxaway, NC, US",35.1098888333,-82.9019616667,4,,,,4,,open,false,,,Domestic Pig,Sus scrofa domesticus,Domestic Pig,Mammalia,324492
218008232,bc166f5f-3bec-430b-af5c-02bae286ec04,2024-05-24 19:50:55-04:00,2024-05-24,2024-05-25 01:50:55 +0200,Eastern Time (US & Canada),7705969,nature_anjie,,2024-05-25 02:14:55 +0200,2024-05-25 03:26:40 +0200,research,CC-BY-NC,https://www.inaturalist.org/observations/218008232,https://inaturalist-open-data.s3.amazonaws.com/photos/385734720/medium.jpg,,"","",1,0,false,3,"Florida, US",28.5785845057,-81.1531932576,242,,,,29607,obscured,open,true,,,Wild Boar,Sus scrofa,Wild Boar,Mammalia,42134
218018016,0cd963d5-7709-42dd-aae1-45740403c2e8,2024-05-24 20:18:46-05:00,2024-05-24,2024-05-25 03:18:46 +0200,Central Time (US & Canada),8190032,rhonda30535,Rhonda Stover,2024-05-25 03:20:58 +0200,2024-07-27 11:12:06 +0200,research,,https://www.inaturalist.org/observations/218018016,https://static.inaturalist.org/photos/385753526/medium.jpg,,"","",1,0,false,3,"NW Expressway St, Yukon, OK, US",35.6403164518,-97.8302117002,4,,,,4,,open,false,,,Wild Boar,Sus scrofa,Wild Boar,Mammalia,42134
218042195,5e23189d-deb4-4408-83e4-dbaa584e2d71,2024-05-24 19:31:14-04:00,2024-05-24,2024-05-25 01:31:14 +0200,Eastern Time (US & Canada),2954708,dalorax,Pablo Araya,2024-05-25 06:48:00 +0200,2024-07-27 11:12:17 +0200,research,,https://www.inaturalist.org/observations/218042195,https://static.inaturalist.org/photos/385803119/medium.jpg,,"","",1,0,false,3,"Serena Cir, Melrose, FL, US",29.7332116667,-81.99517,3727,,,,3727,,open,false,,,Wild Boar,Sus scrofa,Wild Boar,Mammalia,42134
218215509,654cb436-b7ef-4ab1-baf1-44c1935dd920,2024/05/19 3:45 AM,2024-05-19,2024-05-19 10:45:00 +0200,Central Time (US & Canada),5312666,aoshea3,,2024-05-25 23:15:15 +0200,2024-10-29 01:12:31 +0100,research,CC-BY-NC,https://www.inaturalist.org/observations/218215509,https://inaturalist-open-data.s3.amazonaws.com/photos/386117726/medium.jpeg,,"",P00[1:0] TT[612] E[107:0681]G[104:0x20] BV[48:0] IR[L:L:25] MOE[0:3] AL:[0:0,1,0,false,,"Spicewood, Austin, TX, USA",30.3897276163,-97.7767324493,244,,,,244,,open,false,,,Wild Boar,Sus scrofa,Wild Boar,Mammalia,42134
218232520,8a9320df-ef78-4dcf-8b78-41170655fa3a,2024/05/25 11:23 AM,2024-05-25,2024-05-25 18:23:00 +0200,Central Time (US & Canada),26296,connlindajo,Linda Jo Conn,2024-05-26 00:31:41 +0200,2024-11-16 17:19:35 +0100,research,CC-BY,https://www.inaturalist.org/observations/218232520,https://inaturalist-open-data.s3.amazonaws.com/photos/386140368/medium.jpeg,,"","Made quick trip to Giddings and took a back road on the drive home to iNat before the heat shrivels the flowers. I was hot and sweaty when I arrived home. Temp was 92°F and rising. .
DOR",2,0,false,,"FM 1624, Lee County, TX, USA",30.3214035951,-97.0617258601,5,,,,5,,open,false,,,Wild Boar,Sus scrofa,Wild Boar,Mammalia,42134
218251847,2e028d0c-3770-4281-88b9-5614891f870a,2024/05/25 12:58 PM,2024-05-25,2024-05-25 19:58:00 +0200,Central Time (US & Canada),1017779,brettjackson,Brett Jackson,2024-05-26 02:17:31 +0200,2024-05-26 02:38:14 +0200,research,CC-BY-NC,https://www.inaturalist.org/observations/218251847,https://inaturalist-open-data.s3.amazonaws.com/photos/386172991/medium.jpeg,,"",,1,0,false,,"Harris County, TX, USA",29.7406436019,-95.0716502056,1,,,,1,,open,false,,,Wild Boar,Sus scrofa,Wild Boar,Mammalia,42134
218269777,b6f1a4f2-5bd7-4f02-a296-b97e0d59b274,2024-05-25 18:53:14-05:00,2024-05-25,2024-05-26 01:53:14 +0200,Central Time (US & Canada),540918,sandyleau,Sandy Underwood,2024-05-26 04:05:34 +0200,2024-11-17 18:24:42 +0100,research,CC-BY-NC-ND,https://www.inaturalist.org/observations/218269777,https://inaturalist-open-data.s3.amazonaws.com/photos/386223130/medium.jpg,,"","",1,0,false,3,"Wichita Falls, TX, US",33.85625,-98.4783866667,6,,,,6,,open,false,,,Wild Boar,Sus scrofa,Wild Boar,Mammalia,42134
218298127,9cbd1267-5ba9-45b1-8a9a-96011d093c6a,2024-05-25 20:53:13-05:00,2024-05-25,2024-05-26 03:53:13 +0200,Central Time (US & Canada),7267404,algraff,,2024-05-26 07:30:07 +0200,2024-05-26 07:32:14 +0200,research,CC-BY-NC,https://www.inaturalist.org/observations/218298127,https://inaturalist-open-data.s3.amazonaws.com/photos/386279669/medium.jpg,,"","",1,0,false,3,"US-62, Childress, TX, US",34.2264333333,-100.3026966667,10,,,,10,,open,false,,,Wild Boar,Sus scrofa,Wild Boar,Mammalia,42134
218486876,67e51616-3eb2-43bb-9f7d-350a778a60b2,2024/05/16 7:32 AM,2024-05-16,2024-05-16 14:32:00 +0200,Central Time (US & Canada),6555993,sheepbod,Gerrie McCall,2024-05-26 23:19:00 +0200,2024-05-26 23:48:48 +0200,research,CC-BY-NC,https://www.inaturalist.org/observations/218486876,https://inaturalist-open-data.s3.amazonaws.com/photos/386622851/medium.jpeg,,crpj,juniper oak woodland,1,0,false,,"Texas, US",30.8015994802,-97.7576902727,5,,,,29304,obscured,open,true,,,Wild Boar,Sus scrofa,Wild Boar,Mammalia,42134
218534997,81615ec4-17ca-4d31-9730-e8a022b75281,2024-05-21 00:11:00-05:00,2024-05-21,2024-05-21 07:11:00 +0200,Central Time (US & Canada),19252,cbeversole,Cord Eversole,2024-05-27 03:11:15 +0200,2024-05-31 20:48:22 +0200,research,CC-BY-NC,https://www.inaturalist.org/observations/218534997,https://inaturalist-open-data.s3.amazonaws.com/photos/386715597/medium.jpg,,"","",1,0,false,3,"Nacogdoches, TX, US",31.7110892994,-94.5827062907,190,,,,190,,open,false,,,Wild Boar,Sus scrofa,Wild Boar,Mammalia,42134
218633833,c2cfdca5-f402-48a7-b36c-91bb3aab2a62,2024-04-25 09:09:41-05:00,2024-04-25,2024-04-25 16:09:41 +0200,Central Time (US & Canada),5898445,janeweeden,Jane Weeden,2024-05-27 15:36:52 +0200,2025-05-23 13:49:39 +0200,research,CC-BY,https://www.inaturalist.org/observations/218633833,https://inaturalist-open-data.s3.amazonaws.com/photos/386903590/medium.jpg,,"","",1,0,false,3,"Luskey Blvd, San Antonio, TX, US",29.617025192,-98.629501512,23,,,,23,,open,false,,,Wild Boar,Sus scrofa,Wild Boar,Mammalia,42134
218703063,44c6f155-f942-4f2c-8dda-151bb43059ef,2024/05/27 8:45 AM,2024-05-27,2024-05-27 14:45:00 +0200,Eastern Time (US & Canada),6508818,davidhljordan,David Jordan,2024-05-27 20:29:32 +0200,2024-05-31 05:45:01 +0200,research,CC-BY-NC,https://www.inaturalist.org/observations/218703063,https://inaturalist-open-data.s3.amazonaws.com/photos/387032806/medium.jpeg,,"",,1,0,false,,"Congaree National Park, South Carolina, USA",33.7918719,-80.7490486,9291,,,,9291,,open,false,,,Wild Boar,Sus scrofa,Wild Boar,Mammalia,42134
218784840,f1466388-b4bb-4cdd-8b4f-83bda746b566,2024-04-21 11:47:21-05:00,2024-04-21,2024-04-21 18:47:21 +0200,Central Time (US & Canada),478333,beth_snow,,2024-05-28 02:24:28 +0200,2025-10-02 02:45:10 +0200,research,CC-BY,https://www.inaturalist.org/observations/218784840,https://inaturalist-open-data.s3.amazonaws.com/photos/387186473/medium.jpg,,"","",1,0,false,3,"Texas, US",29.7337178541,-98.746560634,38,,,,29458,obscured,open,true,,,Wild Boar,Sus scrofa,Wild Boar,Mammalia,42134
218795623,34cfd4e1-f42c-414f-b24f-82b62bebee24,2024-05-06 10:15:32-05:00,2024-05-06,2024-05-06 17:15:32 +0200,Central Time (US & Canada),478333,beth_snow,,2024-05-28 03:20:31 +0200,2025-10-02 02:45:14 +0200,research,CC-BY,https://www.inaturalist.org/observations/218795623,https://inaturalist-open-data.s3.amazonaws.com/photos/387207886/medium.jpg,,"","",1,0,false,3,"Texas, US",29.6210824199,-98.6224545054,64,,,,29458,obscured,open,true,,,Wild Boar,Sus scrofa,Wild Boar,Mammalia,42134
218803586,2c3162af-9565-43cb-9d4d-82cde9f236f4,2024-05-07 18:36:30-05:00,2024-05-07,2024-05-08 01:36:30 +0200,Central Time (US & Canada),478333,beth_snow,,2024-05-28 04:02:26 +0200,2025-10-02 02:45:16 +0200,research,CC-BY,https://www.inaturalist.org/observations/218803586,https://inaturalist-open-data.s3.amazonaws.com/photos/387223369/medium.jpg,,"","",2,0,false,3,"Texas, US",29.6623565295,-98.7264145587,28,,,,29458,obscured,open,true,,,Wild Boar,Sus scrofa,Wild Boar,Mammalia,42134
218804001,52fb334b-e96c-4406-b756-95576084845d,2024-05-07 18:37:01-05:00,2024-05-07,2024-05-08 01:37:01 +0200,Central Time (US & Canada),478333,beth_snow,,2024-05-28 04:05:13 +0200,2025-10-02 02:45:19 +0200,research,CC-BY,https://www.inaturalist.org/observations/218804001,https://inaturalist-open-data.s3.amazonaws.com/photos/387224196/medium.jpg,,"","",2,0,false,3,"Texas, US",29.6249776756,-98.7895167944,16,,,,29458,obscured,open,true,,,Wild Boar,Sus scrofa,Wild Boar,Mammalia,42134
218806844,c79a6a26-10a1-48eb-ad69-c24c43c5374d,2024-05-27 11:09:36,2024-05-27,2024-05-27 18:09:36 +0200,Central Time (US & Canada),1109260,puffin21,Michael Orgill,2024-05-28 04:22:28 +0200,2024-05-28 19:45:28 +0200,research,CC-BY-NC,https://www.inaturalist.org/observations/218806844,https://inaturalist-open-data.s3.amazonaws.com/photos/387229582/medium.jpeg,,"",,2,0,false,2,"Indian Lake, TX 78566, USA",26.1918101474,-97.3597931117,5,,,,5,,open,false,gps,gps,Wild Boar,Sus scrofa,Wild Boar,Mammalia,42134
218980377,06bfd62d-0dc6-4637-a160-567500cab47b,2024/05/26 8:18 AM,2024-05-26,2024-05-26 15:18:00 +0200,Central Time (US & Canada),3100908,daltonlawing,Dalton Lawing,2024-05-28 23:17:11 +0200,2024-11-24 04:45:33 +0100,research,,https://www.inaturalist.org/observations/218980377,https://static.inaturalist.org/photos/387534975/medium.jpeg,,"","",1,0,false,,"Choke Canyon State Park, 358 Recreational Rd 8, Calliham, TX 78007, USA",28.4658123,-98.3542759,154,,,,154,,open,false,,,Eurasian Wild Pig,Sus scrofa,Wild Boar,Mammalia,42134
219003772,cf1783cb-6dbe-40d1-b01b-3729b99e9537,2024/05/14 8:37 AM,2024-05-14,2024-05-14 15:37:00 +0200,Central Time (US & Canada),17627,rlseman,Lynn Seman,2024-05-29 01:27:56 +0200,2024-08-30 22:42:41 +0200,research,CC-BY-NC,https://www.inaturalist.org/observations/219003772,https://inaturalist-open-data.s3.amazonaws.com/photos/387585505/medium.jpeg,,"",,1,0,false,,"Foard County, TX, USA",33.984825387,-99.9611066678,56,,,,56,,open,false,,,Wild Boar,Sus scrofa,Wild Boar,Mammalia,42134
219003773,f0921651-8fda-4e9f-87fb-8887ee571322,2024/05/14 8:54 AM,2024-05-14,2024-05-14 15:54:00 +0200,Central Time (US & Canada),17627,rlseman,Lynn Seman,2024-05-29 01:27:56 +0200,2024-08-30 22:42:41 +0200,research,CC-BY-NC,https://www.inaturalist.org/observations/219003773,https://inaturalist-open-data.s3.amazonaws.com/photos/387585517/medium.jpeg,,"",,1,0,false,,"Foard County, TX, USA",33.984825387,-99.9611066678,56,,,,56,,open,false,,,Wild Boar,Sus scrofa,Wild Boar,Mammalia,42134
219003799,f389c0e9-13d6-4faa-9160-88037068d8c6,2024/05/28 9:55 AM,2024-05-28,2024-05-28 16:55:00 +0200,Central Time (US & Canada),17627,rlseman,Lynn Seman,2024-05-29 01:28:01 +0200,2024-08-30 22:42:41 +0200,research,CC-BY-NC,https://www.inaturalist.org/observations/219003799,https://inaturalist-open-data.s3.amazonaws.com/photos/387585930/medium.jpeg,,"",,1,0,false,,"Foard County, TX, USA",33.984825387,-99.9611066678,56,,,,56,,open,false,,,Wild Boar,Sus scrofa,Wild Boar,Mammalia,42134
219024621,a68fa87a-e883-4542-bded-54cb0aa9b00f,2024-05-28 09:26:22-05:00,2024-05-28,2024-05-28 16:26:22 +0200,Central Time (US & Canada),17627,rlseman,Lynn Seman,2024-05-29 03:39:48 +0200,2024-08-30 22:42:41 +0200,research,CC-BY-NC,https://www.inaturalist.org/observations/219024621,https://inaturalist-open-data.s3.amazonaws.com/photos/387633769/medium.jpg,,"","",2,0,false,3,"Crowell, TX, US",33.9913577974,-99.9564950108,1040,,,,1040,,open,false,,,Wild Boar,Sus scrofa,Wild Boar,Mammalia,42134
219031071,e784b4bb-4626-491c-8e9f-b752c0505f16,2024-04-28 02:02:57-05:00,2024-04-28,2024-04-28 09:02:57 +0200,Central Time (US & Canada),5989222,jenwazzi,Jennifer Betak,2024-05-29 04:23:24 +0200,2025-09-02 22:18:08 +0200,research,CC-BY-NC,https://www.inaturalist.org/observations/219031071,https://inaturalist-open-data.s3.amazonaws.com/photos/387646651/medium.jpg,,"",Feral hogs on SPYPOINT cameras. Hog scat had been seen in this area many times before. ,3,0,false,3,"Hidden Springs, Salado, TX, US",30.940409288,-97.5926977182,23,,,,23,,open,false,,,Eurasian Wild Pig,Sus scrofa,Wild Boar,Mammalia,42134
219167703,f10bd1c6-0e46-4cbd-841f-9eca58790cee,2024/05/29 5:49 AM,2024-05-29,2024-05-29 12:49:00 +0200,Central Time (US & Canada),5898445,janeweeden,Jane Weeden,2024-05-29 20:53:44 +0200,2025-05-23 13:49:33 +0200,research,CC-BY,https://www.inaturalist.org/observations/219167703,https://inaturalist-open-data.s3.amazonaws.com/photos/387897987/medium.jpeg,,"",,1,0,false,,GameCam Crownridge,29.6187634198,-98.6270377358,4,,,,4,,open,false,,,Wild Boar,Sus scrofa,Wild Boar,Mammalia,42134
219167710,5cd23138-3459-4f44-acdd-f817baca8d0e,2024/05/17 6:42 PM,2024-05-17,2024-05-18 01:42:00 +0200,Central Time (US & Canada),5898445,janeweeden,Jane Weeden,2024-05-29 20:53:45 +0200,2025-05-23 13:49:33 +0200,research,CC-BY,https://www.inaturalist.org/observations/219167710,https://inaturalist-open-data.s3.amazonaws.com/photos/387898005/medium.jpeg,,"",,1,0,false,,GameCam Crownridge,29.6187634198,-98.6270377358,4,,,,4,,open,false,,,Wild Boar,Sus scrofa,Wild Boar,Mammalia,42134
219167716,46800801-3085-45e0-9f7c-042e5037e0e3,2024/05/15 6:16 PM,2024-05-15,2024-05-16 01:16:00 +0200,Central Time (US & Canada),5898445,janeweeden,Jane Weeden,2024-05-29 20:53:47 +0200,2025-05-23 13:49:33 +0200,research,CC-BY,https://www.inaturalist.org/observations/219167716,https://inaturalist-open-data.s3.amazonaws.com/photos/387898026/medium.jpeg,,"",,1,0,false,,GameCam Crownridge,29.6187634198,-98.6270377358,4,,,,4,,open,false,,,Wild Boar,Sus scrofa,Wild Boar,Mammalia,42134
219396744,b48ee7da-0870-486b-b663-9211ab5475e5,2024/04/24 9:50 AM,2024-04-24,2024-04-24 16:50:00 +0200,Central Time (US & Canada),5982438,kwood1,KWood,2024-05-30 22:12:54 +0200,2024-05-31 22:22:36 +0200,research,CC-BY-NC,https://www.inaturalist.org/observations/219396744,https://inaturalist-open-data.s3.amazonaws.com/photos/388329418/medium.jpeg,,"",,2,0,false,,"Texas, US",29.7896624175,-98.6309355235,2,,,,29458,obscured,open,true,,,Wild Boar,Sus scrofa,Wild Boar,Mammalia,42134
219399155,6ce86a98-2fd1-48f6-af4d-3946335c1910,2024/05/06 7:41 PM,2024-05-06,2024-05-07 02:41:00 +0200,Central Time (US & Canada),5982438,kwood1,KWood,2024-05-30 22:23:53 +0200,2025-05-23 10:47:34 +0200,research,CC-BY-NC,https://www.inaturalist.org/observations/219399155,https://inaturalist-open-data.s3.amazonaws.com/photos/388333593/medium.jpeg,,"","",0,0,false,,"Texas, US",29.6630763859,-98.7336702273,2,,,,29458,obscured,open,true,,,Domestic Pig,Sus scrofa domesticus,Domestic Pig,Mammalia,324492
219400061,107547be-45d6-4bf9-a8c1-0e75e8f53243,2024/05/06 7:41 PM,2024-05-06,2024-05-07 02:41:00 +0200,Central Time (US & Canada),5982438,kwood1,KWood,2024-05-30 22:28:07 +0200,2025-05-23 10:47:35 +0200,research,CC-BY-NC,https://www.inaturalist.org/observations/219400061,https://inaturalist-open-data.s3.amazonaws.com/photos/388334832/medium.jpeg,,"",,0,0,false,,"Texas, US",29.6669972286,-98.6838858861,2,,,,29458,obscured,open,true,,,Domestic Pig,Sus scrofa domesticus,Domestic Pig,Mammalia,324492
219402883,048d3840-0308-40a7-9998-105fef143e99,2024/05/14 5:28 PM,2024-05-14,2024-05-15 00:28:00 +0200,Central Time (US & Canada),5982438,kwood1,KWood,2024-05-30 22:42:11 +0200,2025-05-23 10:47:37 +0200,research,CC-BY-NC,https://www.inaturalist.org/observations/219402883,https://inaturalist-open-data.s3.amazonaws.com/photos/388340641/medium.jpeg,,"",,1,0,false,,"Texas, US",29.7223716157,-98.666180165,2,,,,29458,obscured,open,true,,,Domestic Pig,Sus scrofa domesticus,Domestic Pig,Mammalia,324492
219404061,03ed5929-375a-42c9-9c2a-0b0d1125576b,2024/05/16 7:11 PM,2024-05-16,2024-05-17 02:11:00 +0200,Central Time (US & Canada),5982438,kwood1,KWood,2024-05-30 22:47:57 +0200,2025-05-23 10:47:38 +0200,research,CC-BY-NC,https://www.inaturalist.org/observations/219404061,https://inaturalist-open-data.s3.amazonaws.com/photos/388342901/medium.jpeg,,"",,1,0,false,,"Texas, US",29.6308160629,-98.641011114,2,,,,29458,obscured,open,true,,,Domestic Pig,Sus scrofa domesticus,Domestic Pig,Mammalia,324492
219414832,ba4df3b3-607b-492c-b454-0885cf612ce6,Sat Jan 20 2024 15:54:23 GMT-0500 (EST),2024-01-20,2024-01-20 21:54:23 +0100,Eastern Time (US & Canada),3866668,thut,,2024-05-30 23:55:10 +0200,2024-05-31 17:38:52 +0200,research,CC-BY-NC,https://www.inaturalist.org/observations/219414832,https://inaturalist-open-data.s3.amazonaws.com/photos/388363760/medium.jpg,,"","",1,0,false,3,"Canaveral National Seashore, Oak Hill, FL, US",28.85857,-80.7774966667,5,,,,5,,open,false,,,Wild Boar,Sus scrofa,Wild Boar,Mammalia,42134
219434773,11da7b95-b523-44e9-b038-36576ab35f25,2024-05-04 18:18:04-05:00,2024-05-04,2024-05-05 01:18:04 +0200,Central Time (US & Canada),2328821,jesseholifield,Jesse Holifield,2024-05-31 01:51:44 +0200,2024-05-31 02:20:28 +0200,research,CC-BY-NC,https://www.inaturalist.org/observations/219434773,https://inaturalist-open-data.s3.amazonaws.com/photos/388401308/medium.jpg,,"","",1,0,false,3,"Centreville St, Marion, AL, US",32.653055,-87.32377,4,,,,4,,open,false,,,Wild Boar,Sus scrofa,Wild Boar,Mammalia,42134
219444315,161e2688-2b0d-44c9-8770-90ffa320ce65,2024-05-30 15:44:30,2024-05-30,2024-05-30 22:44:30 +0200,Central Time (US & Canada),6067690,leasw2,Lea Watson,2024-05-31 02:58:01 +0200,2024-05-31 15:37:48 +0200,research,CC-BY-NC,https://www.inaturalist.org/observations/219444315,https://inaturalist-open-data.s3.amazonaws.com/photos/388419849/medium.jpeg,,"",19 head captured,1,0,false,2,"Whitesboro, TX 76273, USA",33.8648,-96.9658666667,,,,,,,open,false,gps,gps,Wild Boar,Sus scrofa,Wild Boar,Mammalia,42134
219540975,67006e59-de82-4d79-aee1-46cb64274dbe,2024/04/15 2:29 AM,2024-04-15,2024-04-15 09:29:00 +0200,Central Time (US & Canada),268486,brooksy,Jason Brooks,2024-05-31 17:08:46 +0200,2024-05-31 23:10:05 +0200,research,,https://www.inaturalist.org/observations/219540975,https://static.inaturalist.org/photos/388598762/medium.jpeg,,"",,1,0,false,,"Upton County, TX, USA",31.4527403126,-102.2391233677,2,,,,2,,open,false,,,Wild Boar,Sus scrofa,Wild Boar,Mammalia,42134
219603300,45e1ee36-b614-4521-ba2b-71c8e2b4588f,2024/05/30 6:20 PM,2024-05-30,2024-05-31 01:20:00 +0200,Central Time (US & Canada),18812,mako252,Jon McIntyre,2024-05-31 22:28:54 +0200,2024-06-18 00:51:39 +0200,research,CC-BY-NC,https://www.inaturalist.org/observations/219603300,https://inaturalist-open-data.s3.amazonaws.com/photos/388713753/medium.jpeg,,"",,2,0,false,,"Calhoun County, TX, USA",28.2555444779,-96.7960474699,8,,,,8,,open,false,,,Wild Boar,Sus scrofa,Wild Boar,Mammalia,42134
219649764,c788a0c6-0df7-4f95-88e4-3ec918475c0f,2024-05-29 06:18:13-04:00,2024-05-29,2024-05-29 12:18:13 +0200,Eastern Time (US & Canada),4017645,dwebb27,,2024-06-01 03:18:53 +0200,2024-12-05 16:54:45 +0100,research,CC-BY-NC,https://www.inaturalist.org/observations/219649764,https://inaturalist-open-data.s3.amazonaws.com/photos/388803804/medium.jpg,,"","",2,0,false,3,"Great Smoky Mountains National Park, Townsend, TN, US",35.641255,-83.6894216667,51,,,,51,,open,false,,,Wild Boar,Sus scrofa,Wild Boar,Mammalia,42134
219673840,f06b4115-5366-45fd-a89b-e80ae3089a07,2024/05/31 7:02 PM,2024-05-31,2024-06-01 02:02:00 +0200,Central Time (US & Canada),18812,mako252,Jon McIntyre,2024-06-01 06:41:57 +0200,2024-06-18 00:55:07 +0200,research,CC-BY-NC,https://www.inaturalist.org/observations/219673840,https://inaturalist-open-data.s3.amazonaws.com/photos/388851955/medium.jpeg,,"",,2,0,false,,"Nueces County, TX, USA",27.6153836685,-97.5072939526,4,,,,4,,open,false,,,Wild Boar,Sus scrofa,Wild Boar,Mammalia,42134
219886226,ab4bc207-86a0-409c-9551-f65dd9170372,2024-05-31 10:57:12-05:00,2024-05-31,2024-05-31 17:57:12 +0200,Central Time (US & Canada),6679818,texasnative,,2024-06-02 02:58:47 +0200,2024-06-02 04:26:06 +0200,research,CC-BY-NC,https://www.inaturalist.org/observations/219886226,https://inaturalist-open-data.s3.amazonaws.com/photos/389244131/medium.jpg,,"","",1,0,false,3,"Freeport, TX, US",28.9324,-95.4252783333,63,,,,63,,open,false,,,Wild Boar,Sus scrofa,Wild Boar,Mammalia,42134
219908981,78ab9828-6a45-4805-979b-73b2d19ca440,2024-06-01 21:40:39-05:00,2024-06-01,2024-06-02 04:40:39 +0200,Central Time (US & Canada),3695622,qu1scula,,2024-06-02 05:13:02 +0200,2024-07-27 11:11:36 +0200,research,CC-BY-NC,https://www.inaturalist.org/observations/219908981,https://inaturalist-open-data.s3.amazonaws.com/photos/389774373/medium.jpg,,"","boar or domestic pig?
",1,0,false,3,"O U Rd, Kingston, OK, US",33.8828883333,-96.8115833333,4,,,,4,,open,false,,,Wild Boar,Sus scrofa,Wild Boar,Mammalia,42134
220048583,1e29ce3b-3d16-4196-bd92-e91df2a7af61,2024-05-28 17:13:56-07:00,2024-05-28,2024-05-29 02:13:56 +0200,Pacific Time (US & Canada),7267817,coneja8,,2024-06-02 19:49:53 +0200,2024-06-03 03:44:17 +0200,research,CC-BY-NC,https://www.inaturalist.org/observations/220048583,https://inaturalist-open-data.s3.amazonaws.com/photos/389550544/medium.jpg,,"","",1,0,false,3,"Gregorich Dr, San Jose, CA, US",37.2367666667,-121.7654283333,4,,,,4,,open,false,,,Wild Boar,Sus scrofa,Wild Boar,Mammalia,42134
220071590,8a221b11-2900-49dc-a7af-b7daf0ecb495,2024/05/30 1:16 PM,2024-05-30,2024-05-30 21:16:00 +0200,Monterrey,2557522,almithos,Alexis Salazar,2024-06-02 21:17:59 +0200,2025-06-28 05:00:11 +0200,research,CC-BY-NC,https://www.inaturalist.org/observations/220071590,https://inaturalist-open-data.s3.amazonaws.com/photos/389590496/medium.jpeg,,"","",1,0,false,,"Sabinas, Coah., México",27.8308803243,-101.0621364496,4,,,,4,,open,false,,,Cerdo doméstico,Sus scrofa domesticus,Domestic Pig,Mammalia,324492
220184621,71296336-aced-475c-81eb-a56143665c5c,2024/06/02 6:06 PM,2024-06-02,2024-06-03 01:06:00 +0200,Central Time (US & Canada),18812,mako252,Jon McIntyre,2024-06-03 06:54:41 +0200,2024-06-19 00:18:22 +0200,research,CC-BY-NC,https://www.inaturalist.org/observations/220184621,https://inaturalist-open-data.s3.amazonaws.com/photos/389809213/medium.jpeg,,"",,3,0,false,,"Calhoun County, TX, USA",28.2561274918,-96.7960237117,8,,,,8,,open,false,,,Wild Boar,Sus scrofa,Wild Boar,Mammalia,42134
220387231,523ff372-4574-40f9-bd23-dc20e8d62492,2024/06/03 10:10 AM,2024-06-03,2024-06-03 16:10:00 +0200,Eastern Time (US & Canada),208854,johngrego,"",2024-06-04 04:24:04 +0200,2024-06-04 06:59:10 +0200,research,CC-BY-NC,https://www.inaturalist.org/observations/220387231,https://inaturalist-open-data.s3.amazonaws.com/photos/390182639/medium.jpeg,,"",,1,0,false,,"Richland County, SC, USA",33.7792721583,-80.6540640801,338,,,,338,,open,false,,,Wild Boar,Sus scrofa,Wild Boar,Mammalia,42134
220387252,7c37f793-db29-46f7-8cca-acb2d2ae5d5c,2024/06/03 12:31 PM,2024-06-03,2024-06-03 18:31:00 +0200,Eastern Time (US & Canada),208854,johngrego,"",2024-06-04 04:24:08 +0200,2024-06-04 04:27:18 +0200,research,CC-BY-NC,https://www.inaturalist.org/observations/220387252,https://inaturalist-open-data.s3.amazonaws.com/photos/390182984/medium.jpeg,,"",,1,0,false,,"Richland County, SC, USA",33.7763345917,-80.675537414,503,,,,503,,open,false,,,Wild Boar,Sus scrofa,Wild Boar,Mammalia,42134
220450350,b2dc860e-e7b7-467d-9684-cc96e0d44ccd,2024-06-04 06:51:58-05:00,2024-06-04,2024-06-04 13:51:58 +0200,Central Time (US & Canada),4496352,kale_hum,,2024-06-04 14:03:17 +0200,2024-06-05 06:12:26 +0200,research,CC-BY-NC,https://www.inaturalist.org/observations/220450350,https://inaturalist-open-data.s3.amazonaws.com/photos/390308406/medium.jpg,,"","",1,0,false,3,"Junction, TX, US",30.4757466667,-99.7972116667,6,,,,6,,open,false,,,Wild Boar,Sus scrofa,Wild Boar,Mammalia,42134
220656345,e31a56ba-a31d-4ead-a5a1-3fe8ee3f2cb9,2024-06-05 07:13:00-04:00,2024-06-05,2024-06-05 13:13:00 +0200,Eastern Time (US & Canada),2959506,justinausburn,Justin Ausburn,2024-06-05 13:44:06 +0200,2024-07-27 11:11:28 +0200,research,,https://www.inaturalist.org/observations/220656345,https://static.inaturalist.org/photos/390695515/medium.jpg,,"","",1,0,false,3,"Pisgah National Forest, Brevard, NC, US",35.1490032079,-82.8288648,157,,,,157,,open,false,,,Wild Boar,Sus scrofa,Wild Boar,Mammalia,42134
221028157,5a50ecef-2592-499a-8e16-17b1de5eda93,2024-02-26 11:47:36-05:00,2024-02-26,2024-02-26 17:47:36 +0100,Central Time (US & Canada),6453653,cre8tive_viking,CPeterson,2024-06-07 05:37:00 +0200,2024-06-08 19:20:44 +0200,research,CC-BY-NC,https://www.inaturalist.org/observations/221028157,https://inaturalist-open-data.s3.amazonaws.com/photos/391390372/medium.jpg,,"","",2,0,false,3,"Jonesboro, TX, US",31.5552288623,-97.9628478391,41,,,,41,,open,false,,,Wild Boar,Sus scrofa,Wild Boar,Mammalia,42134
221202490,ef2b396f-d0c2-49ac-a637-c30c707adc52,2024-06-07 18:49:44,2024-06-07,2024-06-08 01:49:44 +0200,Central Time (US & Canada),1378080,brianwilliams1,Brian Williams,2024-06-08 01:50:33 +0200,2024-07-15 08:01:48 +0200,research,CC-BY-NC,https://www.inaturalist.org/observations/221202490,https://inaturalist-open-data.s3.amazonaws.com/photos/391801866/medium.jpeg,,"",,1,0,false,2,"Starkville, MS 39759, USA",33.3241980997,-88.8885815997,,,,,,,open,false,gps,gps,Wild Boar,Sus scrofa,Wild Boar,Mammalia,42134
221209699,36adac32-2029-4317-b949-c43c57d6a054,2024/03/20 10:28 AM,2024-03-20,2024-03-20 16:28:00 +0100,Central Time (US & Canada),6483322,birdnerd78253,,2024-06-08 02:40:33 +0200,2024-06-10 13:24:44 +0200,research,CC-BY-NC,https://www.inaturalist.org/observations/221209699,https://inaturalist-open-data.s3.amazonaws.com/photos/391726816/medium.jpg,,"",,2,0,false,,"Texas, US",29.648078581,-98.62317952,,,,,29458,obscured,open,true,,,Wild Boar,Sus scrofa,Wild Boar,Mammalia,42134
221209702,ac041792-c3d8-4924-8439-4232a17bb293,2024/03/20 10:28 AM,2024-03-20,2024-03-20 16:28:00 +0100,Central Time (US & Canada),6483322,birdnerd78253,,2024-06-08 02:40:34 +0200,2024-06-10 13:22:18 +0200,research,CC-BY-NC,https://www.inaturalist.org/observations/221209702,https://inaturalist-open-data.s3.amazonaws.com/photos/391726815/medium.jpg,,"",,2,0,false,,"Texas, US",29.6043890005,-98.7152712003,,,,,29458,obscured,open,true,,,Wild Boar,Sus scrofa,Wild Boar,Mammalia,42134
221209704,f1f06dc0-375c-43d8-9e68-6292a85663c2,2024/03/20 10:29 PM,2024-03-20,2024-03-21 04:29:00 +0100,Central Time (US & Canada),6483322,birdnerd78253,,2024-06-08 02:40:34 +0200,2024-06-10 13:22:05 +0200,research,CC-BY-NC,https://www.inaturalist.org/observations/221209704,https://inaturalist-open-data.s3.amazonaws.com/photos/391726817/medium.jpg,,"",,2,0,false,,"Texas, US",29.7297856925,-98.7426876747,,,,,29458,obscured,open,true,,,Wild Boar,Sus scrofa,Wild Boar,Mammalia,42134
221209706,800b1566-824e-4f56-963c-77ea3fdf56ea,2024/05/03 10:55 PM,2024-05-03,2024-05-04 05:55:00 +0200,Central Time (US & Canada),6483322,birdnerd78253,,2024-06-08 02:40:34 +0200,2024-06-10 13:21:57 +0200,research,CC-BY-NC,https://www.inaturalist.org/observations/221209706,https://inaturalist-open-data.s3.amazonaws.com/photos/391726823/medium.jpg,,"",,2,0,false,,"Texas, US",29.6905115352,-98.7922353817,,,,,29458,obscured,open,true,,,Wild Boar,Sus scrofa,Wild Boar,Mammalia,42134
221213583,a0db8773-3f46-45b6-9b6a-add03a4a7f16,2024/03/14 9:58 AM,2024-03-14,2024-03-14 15:58:00 +0100,Central Time (US & Canada),6483322,birdnerd78253,,2024-06-08 03:07:31 +0200,2024-06-10 13:20:01 +0200,research,CC-BY-NC,https://www.inaturalist.org/observations/221213583,https://inaturalist-open-data.s3.amazonaws.com/photos/391735019/medium.jpg,,"",,1,0,false,,"Texas, US",29.6110527287,-98.7401227001,,,,,29458,obscured,open,true,,,Wild Boar,Sus scrofa,Wild Boar,Mammalia,42134
221213584,8f97f657-6486-48c5-9fe5-b4fd4da3c5e7,2024/03/16 9:42 AM,2024-03-16,2024-03-16 15:42:00 +0100,Central Time (US & Canada),6483322,birdnerd78253,,2024-06-08 03:07:32 +0200,2024-06-10 13:19:50 +0200,research,CC-BY-NC,https://www.inaturalist.org/observations/221213584,https://inaturalist-open-data.s3.amazonaws.com/photos/391735017/medium.jpg,,"",,1,0,false,,"Texas, US",29.709805002,-98.7096931325,,,,,29458,obscured,open,true,,,Wild Boar,Sus scrofa,Wild Boar,Mammalia,42134
221213585,5e1598bb-6a67-4db7-b278-ff69f240f72a,2024/03/20 10:28 AM,2024-03-20,2024-03-20 16:28:00 +0100,Central Time (US & Canada),6483322,birdnerd78253,,2024-06-08 03:07:32 +0200,2024-06-10 13:19:46 +0200,research,CC-BY-NC,https://www.inaturalist.org/observations/221213585,https://inaturalist-open-data.s3.amazonaws.com/photos/391735020/medium.jpg,,"",,1,0,false,,"Texas, US",29.646386388,-98.770735871,,,,,29458,obscured,open,true,,,Wild Boar,Sus scrofa,Wild Boar,Mammalia,42134
221213587,d327f5e3-cf76-4d8c-8fe5-f27facc2d4cb,2024/03/20 10:28 AM,2024-03-20,2024-03-20 16:28:00 +0100,Central Time (US & Canada),6483322,birdnerd78253,,2024-06-08 03:07:33 +0200,2024-06-10 13:18:26 +0200,research,CC-BY-NC,https://www.inaturalist.org/observations/221213587,https://inaturalist-open-data.s3.amazonaws.com/photos/391735033/medium.jpg,,"",,1,0,false,,"Texas, US",29.7538000761,-98.6766451192,,,,,29458,obscured,open,true,,,Wild Boar,Sus scrofa,Wild Boar,Mammalia,42134
221213588,5658ea28-f344-4af2-84d9-28c4c1a1408e,2024/03/20 10:29 AM,2024-03-20,2024-03-20 16:29:00 +0100,Central Time (US & Canada),6483322,birdnerd78253,,2024-06-08 03:07:33 +0200,2024-06-10 13:18:01 +0200,research,CC-BY-NC,https://www.inaturalist.org/observations/221213588,https://inaturalist-open-data.s3.amazonaws.com/photos/391735032/medium.jpg,,"",,1,0,false,,"Texas, US",29.6610780348,-98.629891647,,,,,29458,obscured,open,true,,,Wild Boar,Sus scrofa,Wild Boar,Mammalia,42134
221213589,1f7e0ed5-d964-4b35-91ea-48854048c2e0,2024/04/30 6:16 AM,2024-04-30,2024-04-30 13:16:00 +0200,Central Time (US & Canada),6483322,birdnerd78253,,2024-06-08 03:07:33 +0200,2024-06-10 13:16:37 +0200,research,CC-BY-NC,https://www.inaturalist.org/observations/221213589,https://inaturalist-open-data.s3.amazonaws.com/photos/391735037/medium.jpg,,"",,1,0,false,,"Texas, US",29.6456194819,-98.6232499311,,,,,29458,obscured,open,true,,,Wild Boar,Sus scrofa,Wild Boar,Mammalia,42134
221213591,23ca8e7e-73fa-4df4-bdef-ba0223db2dac,2024/04/23 8:55 AM,2024-04-23,2024-04-23 15:55:00 +0200,Central Time (US & Canada),6483322,birdnerd78253,,2024-06-08 03:07:34 +0200,2024-06-10 13:16:19 +0200,research,CC-BY-NC,https://www.inaturalist.org/observations/221213591,https://inaturalist-open-data.s3.amazonaws.com/photos/391735046/medium.jpg,,"",,1,0,false,,"Texas, US",29.7715575861,-98.7608864713,,,,,29458,obscured,open,true,,,Wild Boar,Sus scrofa,Wild Boar,Mammalia,42134
221213592,64d29760-f033-4cda-9a37-e3b5726d6b10,2024/04/27 7:41 AM,2024-04-27,2024-04-27 14:41:00 +0200,Central Time (US & Canada),6483322,birdnerd78253,,2024-06-08 03:07:34 +0200,2024-06-10 13:16:10 +0200,research,CC-BY-NC,https://www.inaturalist.org/observations/221213592,https://inaturalist-open-data.s3.amazonaws.com/photos/391735047/medium.jpg,,"",,2,0,false,,"Texas, US",29.7915028596,-98.6307358122,,,,,29458,obscured,open,true,,,Wild Boar,Sus scrofa,Wild Boar,Mammalia,42134
221213593,8cea763b-83cf-4ba1-82cb-990a49cf1855,2024/04/27 7:43 AM,2024-04-27,2024-04-27 14:43:00 +0200,Central Time (US & Canada),6483322,birdnerd78253,,2024-06-08 03:07:34 +0200,2024-06-10 13:15:52 +0200,research,CC-BY-NC,https://www.inaturalist.org/observations/221213593,https://inaturalist-open-data.s3.amazonaws.com/photos/391735056/medium.jpg,,"",,2,0,false,,"Texas, US",29.7778901688,-98.7009410563,,,,,29458,obscured,open,true,,,Wild Boar,Sus scrofa,Wild Boar,Mammalia,42134
221213599,52c88cde-a610-4bd7-95e4-d4ad7d403d85,2024/04/30 6:16 AM,2024-04-30,2024-04-30 13:16:00 +0200,Central Time (US & Canada),6483322,birdnerd78253,,2024-06-08 03:07:36 +0200,2024-06-10 13:15:42 +0200,research,CC-BY-NC,https://www.inaturalist.org/observations/221213599,https://inaturalist-open-data.s3.amazonaws.com/photos/391735064/medium.jpg,,"",,1,0,false,,"Texas, US",29.799808326,-98.7604075565,,,,,29458,obscured,open,true,,,Wild Boar,Sus scrofa,Wild Boar,Mammalia,42134
221213600,2c83d200-22e2-4f4b-aa4d-cfcf449f554b,2024/04/28 9:41 AM,2024-04-28,2024-04-28 16:41:00 +0200,Central Time (US & Canada),6483322,birdnerd78253,,2024-06-08 03:07:36 +0200,2024-06-10 13:15:34 +0200,research,CC-BY-NC,https://www.inaturalist.org/observations/221213600,https://inaturalist-open-data.s3.amazonaws.com/photos/391735062/medium.jpg,,"",,2,0,false,,"Texas, US",29.6470011524,-98.7723933525,,,,,29458,obscured,open,true,,,Wild Boar,Sus scrofa,Wild Boar,Mammalia,42134
221213601,529a1dfd-a6aa-4e2c-bbb1-fecefffb1822,2024/05/03 10:51 PM,2024-05-03,2024-05-04 05:51:00 +0200,Central Time (US & Canada),6483322,birdnerd78253,,2024-06-08 03:07:36 +0200,2024-06-10 13:15:28 +0200,research,CC-BY-NC,https://www.inaturalist.org/observations/221213601,https://inaturalist-open-data.s3.amazonaws.com/photos/391735074/medium.jpg,,"",,1,0,false,,"Texas, US",29.6585447809,-98.7853374461,,,,,29458,obscured,open,true,,,Wild Boar,Sus scrofa,Wild Boar,Mammalia,42134
221213603,7b513037-fbf7-4899-936a-0ae0ac4100d0,2024/05/03 10:56 PM,2024-05-03,2024-05-04 05:56:00 +0200,Central Time (US & Canada),6483322,birdnerd78253,,2024-06-08 03:07:37 +0200,2024-06-10 13:15:15 +0200,research,CC-BY-NC,https://www.inaturalist.org/observations/221213603,https://inaturalist-open-data.s3.amazonaws.com/photos/391735085/medium.jpg,,"",,1,0,false,,"Texas, US",29.6355155568,-98.7554691548,,,,,29458,obscured,open,true,,,Wild Boar,Sus scrofa,Wild Boar,Mammalia,42134
221213604,206d54e4-c835-4570-9099-3d38bf1d8948,2024/05/03 10:56 PM,2024-05-03,2024-05-04 05:56:00 +0200,Central Time (US & Canada),6483322,birdnerd78253,,2024-06-08 03:07:37 +0200,2024-06-10 13:15:02 +0200,research,CC-BY-NC,https://www.inaturalist.org/observations/221213604,https://inaturalist-open-data.s3.amazonaws.com/photos/391735084/medium.jpg,,"",,2,0,false,,"Texas, US",29.600254105,-98.6301743061,,,,,29458,obscured,open,true,,,Wild Boar,Sus scrofa,Wild Boar,Mammalia,42134
221213605,394cd8e9-c92c-46f4-886c-dacf287fb465,2024/05/03 11:03 PM,2024-05-03,2024-05-04 06:03:00 +0200,Central Time (US & Canada),6483322,birdnerd78253,,2024-06-08 03:07:37 +0200,2024-06-10 13:14:38 +0200,research,CC-BY-NC,https://www.inaturalist.org/observations/221213605,https://inaturalist-open-data.s3.amazonaws.com/photos/391735087/medium.jpg,,"",,2,0,false,,"Texas, US",29.6879151637,-98.6574354155,,,,,29458,obscured,open,true,,,Wild Boar,Sus scrofa,Wild Boar,Mammalia,42134
221214730,0a412ac5-bfa9-49aa-b41a-c566c08055e2,2024/06/07 7:57 PM,2024-06-07,2024-06-08 01:57:00 +0200,Eastern Time (US & Canada),248039,mikeweisensee,Michael Weisensee,2024-06-08 03:16:48 +0200,2024-06-08 04:29:53 +0200,research,CC-BY-NC,https://www.inaturalist.org/observations/221214730,https://inaturalist-open-data.s3.amazonaws.com/photos/391740148/medium.jpeg,,"","",1,0,false,,"Myakka River State Pk, Sarasota, FL 34241, USA",27.2263004,-82.2666075,2582,,,,2582,,open,false,,,Wild Boar,Sus scrofa,Wild Boar,Mammalia,42134
221342858,f8afdb12-1489-4376-9546-f8341d49da3f,2024-06-07 06:23:53,2024-06-07,2024-06-07 13:23:53 +0200,Central Time (US & Canada),1927061,jeffheard,Jeff Heard,2024-06-08 18:30:38 +0200,2024-06-08 18:41:37 +0200,research,,https://www.inaturalist.org/observations/221342858,https://static.inaturalist.org/photos/391971864/medium.jpeg,,"",,1,0,false,2,"El Campo, TX 77437, USA",29.0241982626,-96.2382435054,4,,,,4,,open,false,gps,gps,Wild Boar,Sus scrofa,Wild Boar,Mammalia,42134
221366747,c196785e-2826-461a-b9fc-5c4bcaa91588,2024/06/01 6:17 PM,2024-06-01,2024-06-02 00:17:00 +0200,Eastern Time (US & Canada),2723098,slsfish,Stella Fish,2024-06-08 20:09:14 +0200,2025-10-02 00:38:13 +0200,research,CC-BY,https://www.inaturalist.org/observations/221366747,https://inaturalist-open-data.s3.amazonaws.com/photos/392013451/medium.jpeg,,"",,1,0,false,,"Highlands County, FL, USA",27.469605211,-81.5440656447,100,,,,100,,open,false,,,Boar,Sus scrofa,Wild Boar,Mammalia,42134
221399058,16d0712f-8392-4263-9b31-baff191fa663,2024/06/08 7:00 AM,2024-06-08,2024-06-08 13:00:00 +0200,Eastern Time (US & Canada),3514798,birdingrx,Kenny BirdingRx,2024-06-08 22:23:53 +0200,2024-06-08 23:37:55 +0200,research,CC-BY-NC,https://www.inaturalist.org/observations/221399058,https://inaturalist-open-data.s3.amazonaws.com/photos/392072084/medium.png,,"",,1,0,false,,"Palm Beach County, FL, USA",26.9307711607,-80.3332474948,61,,,,61,,open,false,,,Wild Boar,Sus scrofa,Wild Boar,Mammalia,42134
221457629,357c8dbb-613b-4088-8626-58c64390b729,2024-05-05 18:29:10,2024-05-05,2024-05-06 01:29:10 +0200,Central Time (US & Canada),6628156,mark2662,Mark Fly,2024-06-09 03:17:22 +0200,2024-06-16 15:41:56 +0200,research,,https://www.inaturalist.org/observations/221457629,https://static.inaturalist.org/photos/392185264/medium.jpeg,,"",,1,0,false,2,"Navasota, TX 77868, USA",30.3632530417,-96.0219501704,17,,,,17,,open,false,gps,gps,Wild Boar,Sus scrofa,Wild Boar,Mammalia,42134
221469741,acf279dd-f61c-4e46-9461-0f94fa85b5da,Sat Jun 08 2024 17:23:17 GMT-0500 (CDT),2024-06-08,2024-06-09 00:23:17 +0200,Central Time (US & Canada),793749,justkate,"",2024-06-09 04:28:30 +0200,2024-09-19 00:35:06 +0200,research,,https://www.inaturalist.org/observations/221469741,https://static.inaturalist.org/photos/392209409/medium.jpg,,"","",1,0,false,3,"County Road 3832, Hawkins, TX, US",32.6201283333,-95.2813716667,4,,,,4,,open,false,,,Wild Boar,Sus scrofa,Wild Boar,Mammalia,42134
221498491,243b5980-62b2-4a28-92e2-2aaeff3b6f28,2024/05/19 8:02 AM,2024-05-19,2024-05-19 15:02:00 +0200,Central Time (US & Canada),649965,nabaker,Noreen Baker,2024-06-09 08:24:36 +0200,2024-06-09 08:48:26 +0200,research,CC-BY-NC,https://www.inaturalist.org/observations/221498491,https://inaturalist-open-data.s3.amazonaws.com/photos/392265215/medium.jpg,,"",,1,0,false,,"Anderson County, TX, USA",31.8564965627,-95.982259573,31,,,,31,,open,false,,,Wild Boar,Sus scrofa,Wild Boar,Mammalia,42134
221522201,bbd2e935-4aba-4134-8e25-a4c3aee21839,2024/06/07 7:46 AM,2024-06-07,2024-06-07 14:46:00 +0200,Central Time (US & Canada),72880,charley,"",2024-06-09 11:41:07 +0200,2024-06-09 16:50:21 +0200,research,CC-BY-NC,https://www.inaturalist.org/observations/221522201,https://inaturalist-open-data.s3.amazonaws.com/photos/392307276/medium.jpeg,,"","",1,0,false,,"Fort Worth, TX, USA",32.7845451746,-97.1215641148,15,,,,15,,open,false,,,Wild Boar,Sus scrofa,Wild Boar,Mammalia,42134
221613575,ff134b6f-0ed0-487a-a4a1-36d8a73c1d29,2024-06-09 09:50:44-05:00,2024-06-09,2024-06-09 16:50:44 +0200,Central Time (US & Canada),1828960,emmavrogers,,2024-06-09 19:19:11 +0200,2024-07-27 11:11:16 +0200,research,CC-BY-NC,https://www.inaturalist.org/observations/221613575,https://inaturalist-open-data.s3.amazonaws.com/photos/392471273/medium.jpg,,"","",1,0,false,3,"Austin, TX, US",30.3137966667,-97.825005,4,,,,4,,open,false,,,Wild Boar,Sus scrofa,Wild Boar,Mammalia,42134
221673381,85cc2220-5d2d-47a9-8930-0d8dc2ac78da,2024-06-06 08:41:21-04:00,2024-06-06,2024-06-06 14:41:21 +0200,Eastern Time (US & Canada),30469,picbor,"",2024-06-09 23:16:16 +0200,2024-06-10 01:00:27 +0200,research,,https://www.inaturalist.org/observations/221673381,https://inaturalist-open-data.s3.amazonaws.com/photos/392581403/medium.jpg,,"","",1,0,false,3,"Great Smoky Mountains National Park, Cherokee, NC, US",35.5711833333,-83.1706,5,,,,5,,open,false,,,Wild Boar,Sus scrofa,Wild Boar,Mammalia,42134
221860256,2faa7c39-51e9-4199-8c02-1d100368c1df,2024-06-10 13:13:06-04:00,2024-06-10,2024-06-10 19:13:06 +0200,Eastern Time (US & Canada),4464130,tblakehudson,,2024-06-10 20:00:19 +0200,2024-06-12 17:57:14 +0200,research,CC-BY-NC,https://www.inaturalist.org/observations/221860256,https://inaturalist-open-data.s3.amazonaws.com/photos/392935467/medium.jpg,,"","",1,0,false,3,"Windsor, SC, US",33.290845,-81.6658333333,4,,,,4,,open,false,,,Wild Boar,Sus scrofa,Wild Boar,Mammalia,42134
221961820,25a81552-4680-4a22-a024-5c8b66e57863,2024-06-05 08:21:42-05:00,2024-06-05,2024-06-05 15:21:42 +0200,Central Time (US & Canada),5821314,kyle__mo,Kyle Morgan,2024-06-11 05:24:25 +0200,2024-11-29 06:51:22 +0100,research,CC-BY-NC,https://www.inaturalist.org/observations/221961820,https://inaturalist-open-data.s3.amazonaws.com/photos/393129875/medium.jpg,,"","",1,0,false,3,"MS-333, Grenada, MS, US",33.8046916667,-89.7717583333,4,,,,4,,open,false,,,Wild Boar,Sus scrofa,Wild Boar,Mammalia,42134
222152895,40a543f8-5a27-4eb0-85ed-ae39cb5dfdd9,2024/04/14 8:13 AM,2024-04-14,2024-04-14 15:13:00 +0200,Central Time (US & Canada),1004570,brandonbest,,2024-06-12 03:22:40 +0200,2024-06-12 03:33:20 +0200,research,CC-BY-NC,https://www.inaturalist.org/observations/222152895,https://inaturalist-open-data.s3.amazonaws.com/photos/393485595/medium.jpg,,"",,1,0,false,,"Mineola, TX 75773, USA",32.6301909803,-95.4580546321,61,,,,61,,open,false,,,Wild Boar,Sus scrofa,Wild Boar,Mammalia,42134
222321881,0425330a-1416-46a3-957b-265310ab3dcb,2024-03-28 11:02:27,2024-03-28,2024-03-28 17:02:27 +0100,Central Time (US & Canada),2048449,pineten,Nicole,2024-06-12 23:15:37 +0200,2024-11-19 08:15:04 +0100,research,CC-BY,https://www.inaturalist.org/observations/222321881,https://inaturalist-open-data.s3.amazonaws.com/photos/393803970/medium.jpeg,,"",,2,0,false,2,"Kenedy County, TX, USA",26.6033824997,-97.4860946997,,,,,,,open,false,gps,gps,Common Wild Hog,Sus scrofa,Wild Boar,Mammalia,42134
222333267,0897317f-2860-4556-8fa7-f18e2228222b,2024-06-12 05:53:51-07:00,2024-06-12,2024-06-12 14:53:51 +0200,Pacific Time (US & Canada),7242633,laurenroux,,2024-06-13 00:27:32 +0200,2025-03-13 03:15:04 +0100,research,CC-BY-NC,https://www.inaturalist.org/observations/222333267,https://inaturalist-open-data.s3.amazonaws.com/photos/393825835/medium.jpg,,"","",2,0,false,3,"Tehachapi, CA, US",35.1581388333,-118.463225,4,,,,4,,open,false,,,Wild Boar,Sus scrofa,Wild Boar,Mammalia,42134
222362260,11656e0b-fcbe-49a7-8027-e9bc69b82a12,2024-06-07 07:55:24-05:00,2024-06-07,2024-06-07 14:55:24 +0200,Central Time (US & Canada),644566,jtravis,,2024-06-13 03:36:48 +0200,2024-11-19 08:14:41 +0100,research,,https://www.inaturalist.org/observations/222362260,https://static.inaturalist.org/photos/393883136/medium.jpg,,"","",1,0,false,3,"Sarita, TX, US",26.7912,-97.66925,4,,,,4,,open,false,,,Common Wild Hog,Sus scrofa,Wild Boar,Mammalia,42134
222370615,4eff48db-3805-4c19-bd84-05380562663e,2024-02-27 18:15:20-06:00,2024-02-27,2024-02-28 01:15:20 +0100,Central Time (US & Canada),3983005,d_e__secreast,D.E. Secreast,2024-06-13 04:40:06 +0200,2024-06-13 23:14:56 +0200,research,,https://www.inaturalist.org/observations/222370615,https://static.inaturalist.org/photos/393900109/medium.jpg,,"","",1,0,false,3,"College Station, TX, US",30.5754283333,-96.274605,9,,,,9,,open,false,,,Wild Boar,Sus scrofa,Wild Boar,Mammalia,42134
222422943,5806f1de-98f2-44ce-959d-c1e175c91edb,2024-06-05 19:50:28,2024-06-05,2024-06-06 02:50:28 +0200,Central Time (US & Canada),6216869,liliana310,Liliana,2024-06-13 13:43:33 +0200,2024-06-14 19:34:02 +0200,research,,https://www.inaturalist.org/observations/222422943,https://static.inaturalist.org/photos/394000382/medium.jpeg,,"",,1,0,false,2,"Tilden, TX 78072, USA",28.1428846997,-98.7491768,,,,,,,open,false,gps,gps,Wild Boar,Sus scrofa,Wild Boar,Mammalia,42134
222427440,5d881e33-4d57-4b05-89e7-47c637e51481,2024/05/26 11:24 PM,2024-05-26,2024-05-27 06:24:00 +0200,Central Time (US & Canada),7844411,mdraines,Mike Raines,2024-06-13 14:19:35 +0200,2024-06-13 18:29:55 +0200,research,CC-BY-NC,https://www.inaturalist.org/observations/222427440,https://inaturalist-open-data.s3.amazonaws.com/photos/394005871/medium.jpeg,,CRPJ,Stream in oak and juniper ,1,0,false,,"Texas, US",30.955807578,-97.6158620479,5,,,,29304,obscured,open,true,,,Wild Boar,Sus scrofa,Wild Boar,Mammalia,42134
222427445,4a64c663-509c-417c-ad25-26838d35a5b3,2024/05/28 7:17 AM,2024-05-28,2024-05-28 14:17:00 +0200,Central Time (US & Canada),7844411,mdraines,Mike Raines,2024-06-13 14:19:36 +0200,2024-06-13 18:29:53 +0200,research,CC-BY-NC,https://www.inaturalist.org/observations/222427445,https://inaturalist-open-data.s3.amazonaws.com/photos/394005882/medium.jpeg,,CRPJ,Stream in oak and juniper ,1,0,false,,"Texas, US",30.8160100013,-97.7064518808,5,,,,29304,obscured,open,true,,,Wild Boar,Sus scrofa,Wild Boar,Mammalia,42134
222706271,85dda2aa-c541-4052-aab9-d336a0c822e2,2024/02/11 8:27 AM,2024-02-11,2024-02-11 14:27:00 +0100,Eastern Time (US & Canada),3453019,kingmush,JeffreyGammon,2024-06-14 21:39:54 +0200,2024-06-17 01:54:04 +0200,research,CC-BY-NC,https://www.inaturalist.org/observations/222706271,https://inaturalist-open-data.s3.amazonaws.com/photos/394518578/medium.jpeg,,"kingmush, 2024, Florida, United States, North America, USA",damage,1,0,false,,"Seminole County, FL, USA",28.7061055556,-81.124275,5,,,,5,,open,false,,,Wild Boar,Sus scrofa,Wild Boar,Mammalia,42134
222744650,9f0e1f27-1317-4ccc-84f2-0c1bdb02e66e,2024-06-14 17:48:36-05:00,2024-06-14,2024-06-15 00:48:36 +0200,Central Time (US & Canada),3704675,sylshessa,Amanda Gabehart,2024-06-15 01:17:33 +0200,2024-08-21 01:34:59 +0200,research,CC-BY-NC,https://www.inaturalist.org/observations/222744650,https://inaturalist-open-data.s3.amazonaws.com/photos/394600716/medium.jpg,,"","",1,0,false,3,"County Road 645, Angleton, TX, US",29.1104471667,-95.612975,4,,,,4,,open,false,,,Eurasian Wild Pig,Sus scrofa,Wild Boar,Mammalia,42134
222758958,c28642cd-68ec-47c6-83de-b60bf4539c44,2024-06-14 08:07:40-04:00,2024-06-14,2024-06-14 14:07:40 +0200,Eastern Time (US & Canada),6331875,nick1642,Nick Chandler,2024-06-15 02:45:32 +0200,2024-06-15 02:48:35 +0200,research,,https://www.inaturalist.org/observations/222758958,https://static.inaturalist.org/photos/394627320/medium.jpg,,"","",1,0,false,3,"Paynes Prairie Preserve State Park Trail, Micanopy, FL, US",29.5566783333,-82.3298533333,1,,,,1,,open,false,,,Wild Boar,Sus scrofa,Wild Boar,Mammalia,42134
222894379,fa7febfc-9271-42c6-9228-bda0caf32880,2024-06-15 10:32:17,2024-06-15,2024-06-15 17:32:17 +0200,Central Time (US & Canada),190613,aggie_wildlifer,Brian Dickerson,2024-06-15 18:50:41 +0200,2024-09-05 19:46:40 +0200,research,CC0,https://www.inaturalist.org/observations/222894379,https://inaturalist-open-data.s3.amazonaws.com/photos/394876661/medium.jpeg,,"",,1,0,false,2,"Shoreacres, TX 77571, USA",29.7468183,-95.0761025,,,,,,,open,false,gps,gps,Wild Boar,Sus scrofa,Wild Boar,Mammalia,42134
222939365,321b0a26-b7f4-43ae-80ad-9e16190a9851,2024-06-12 23:50:16-04:00,2024-06-12,2024-06-13 05:50:16 +0200,Eastern Time (US & Canada),4536725,john_erickson,John Matthew Erickson,2024-06-15 22:17:00 +0200,2024-06-15 23:29:00 +0200,research,,https://www.inaturalist.org/observations/222939365,https://static.inaturalist.org/photos/394960601/medium.jpg,,"","",1,0,false,3,"Great Smoky Mountains National Park, Townsend, TN, US",35.6398466667,-83.6890416667,19,,,,19,,open,false,,,Wild Boar,Sus scrofa,Wild Boar,Mammalia,42134
223169936,4278c0a4-591b-400e-921c-8d67241280e5,2024-06-15 11:20:02-05:00,2024-06-15,2024-06-15 18:20:02 +0200,Central Time (US & Canada),6371698,painbane69,,2024-06-16 21:10:30 +0200,2025-10-09 16:46:06 +0200,research,CC-BY-NC-SA,https://www.inaturalist.org/observations/223169936,https://inaturalist-open-data.s3.amazonaws.com/photos/395394289/medium.jpg,,"","",2,0,false,3,"Lamar County Road 42460, Paris, TX, US",33.7094084783,-95.4928187698,4,,,,4,,open,false,,,Wild Boar,Sus scrofa,Wild Boar,Mammalia,42134
223195486,d9bdf55e-dd64-4fbf-a686-fbaaea5f4ff1,2024-06-16 15:11:58-04:00,2024-06-16,2024-06-16 21:11:58 +0200,Eastern Time (US & Canada),98904,jimw3,James K. Wetterer,2024-06-16 23:01:31 +0200,2024-06-16 23:33:43 +0200,research,CC-BY-NC,https://www.inaturalist.org/observations/223195486,https://inaturalist-open-data.s3.amazonaws.com/photos/395441263/medium.jpg,,"","",1,0,false,3,"Jupiter, FL, US",26.9652166667,-80.1939616667,4,,,,4,,open,false,,,Wild Boar,Sus scrofa,Wild Boar,Mammalia,42134
223270462,c7c3e68f-e2f4-4c7e-9b7a-d839b07aab9d,2024-06-14 17:35:56-04:00,2024-06-14,2024-06-14 23:35:56 +0200,Eastern Time (US & Canada),383268,jonathaninthewild,Jonathan Lafferty,2024-06-17 06:24:44 +0200,2024-06-17 11:31:48 +0200,research,,https://www.inaturalist.org/observations/223270462,https://static.inaturalist.org/photos/395587257/medium.jpg,,"","",1,0,false,3,"Florida, US",30.0643156606,-83.9012575409,4,,,,29407,obscured,open,true,,,Wild Boar,Sus scrofa,Wild Boar,Mammalia,42134
223309469,93f96cb2-d9d0-4f86-8282-66a041995570,2024/06/12 7:57 PM,2024-06-12,2024-06-13 01:57:00 +0200,Eastern Time (US & Canada),3420073,mamabird1111,Fran Meyerson,2024-06-17 12:42:59 +0200,2024-06-17 14:55:36 +0200,research,,https://www.inaturalist.org/observations/223309469,https://inaturalist-open-data.s3.amazonaws.com/photos/395661215/medium.jpg,,"",,1,0,false,,"Lakewood Ranch, FL 34202, USA",27.3877462092,-82.4368192011,15,,,,15,,open,false,,,Wild Boar,Sus scrofa,Wild Boar,Mammalia,42134
223390239,ec036e79-f3f5-4b5e-b11f-892a4bf890ac,2024-06-16 20:09:14,2024-06-16,2024-06-17 03:09:14 +0200,Central Time (US & Canada),112578,bosqueaaron,🌱 Aaron Lincoln 🌱,2024-06-17 20:41:30 +0200,2024-06-18 16:53:41 +0200,research,CC-BY-NC,https://www.inaturalist.org/observations/223390239,https://inaturalist-open-data.s3.amazonaws.com/photos/395810721/medium.jpeg,,"",,1,0,false,2,"Laguna Park, TX 76634, USA",31.8405027778,-97.6234416667,,,,,,,open,false,gps,gps,Wild Boar,Sus scrofa,Wild Boar,Mammalia,42134
223523629,74bd2a65-1bb3-428a-85eb-81324265cf1c,2024-06-13 12:31:12,2024-06-13,2024-06-13 18:31:12 +0200,Eastern Time (US & Canada),955749,stucumber,Stu Pickell,2024-06-18 13:38:29 +0200,2024-06-18 15:25:38 +0200,research,CC-BY-NC,https://www.inaturalist.org/observations/223523629,https://inaturalist-open-data.s3.amazonaws.com/photos/396067633/medium.jpeg,,"",,1,0,false,2,"Merritt Island, FL 32953, USA",28.5143805556,-80.6437861111,,,,,,,open,false,gps,gps,Wild Boar,Sus scrofa,Wild Boar,Mammalia,42134
223523677,d8a9cc63-6970-4cc9-b46d-7b0815fc6205,2024-06-15 15:23:27,2024-06-15,2024-06-15 21:23:27 +0200,Eastern Time (US & Canada),955749,stucumber,Stu Pickell,2024-06-18 13:38:44 +0200,2024-06-19 20:04:27 +0200,research,CC-BY-NC,https://www.inaturalist.org/observations/223523677,https://inaturalist-open-data.s3.amazonaws.com/photos/396067697/medium.jpeg,,"",,4,0,false,2,"DeBary, FL 32713, USA",28.9418444444,-81.3406833333,,,,,,,open,false,gps,gps,Wild Boar,Sus scrofa,Wild Boar,Mammalia,42134
223783996,5fc43beb-e89d-4ce1-9705-0173ca311e3c,2024/05/18 11:42 AM,2024-05-18,2024-05-18 18:42:00 +0200,Central Time (US & Canada),3808250,lyrae,Lyrae,2024-06-19 18:39:25 +0200,2024-07-27 11:10:43 +0200,research,CC-BY-NC,https://www.inaturalist.org/observations/223783996,https://inaturalist-open-data.s3.amazonaws.com/photos/396541450/medium.jpg,,"",,1,0,false,,"Jones County, TX, USA",32.7204833997,-100.0488134,,,,,,,open,false,,,Wild Boar,Sus scrofa,Wild Boar,Mammalia,42134
223813122,3c3ba544-bf31-44ec-8a68-4bf7b4a951f5,2024/06/19 10:27 AM,2024-06-19,2024-06-19 16:27:00 +0200,Eastern Time (US & Canada),3453019,kingmush,JeffreyGammon,2024-06-19 21:03:56 +0200,2024-06-20 01:28:10 +0200,research,CC-BY-NC,https://www.inaturalist.org/observations/223813122,https://inaturalist-open-data.s3.amazonaws.com/photos/396606229/medium.jpeg,,"kingmush, 2024, Florida, June, North America, USA, United States","",1,0,false,,"Brevard County, FL, USA",28.6642516389,-80.6390033333,,,,,,,open,false,,,Wild Boar,Sus scrofa,Wild Boar,Mammalia,42134
223843348,62a64191-525a-496a-9262-0568bf1ac013,2024-06-19 15:35:33-04:00,2024-06-19,2024-06-19 21:35:33 +0200,Eastern Time (US & Canada),98904,jimw3,James K. Wetterer,2024-06-19 22:59:27 +0200,2024-06-19 23:06:50 +0200,research,CC-BY-NC,https://www.inaturalist.org/observations/223843348,https://inaturalist-open-data.s3.amazonaws.com/photos/396655897/medium.jpg,,"","",1,0,false,3,"SE Myrica Ln, Hobe Sound, FL, US",27.1084278333,-80.2052783333,1727,,,,1727,,open,false,,,Wild Boar,Sus scrofa,Wild Boar,Mammalia,42134
224153448,d7626618-beb4-42a1-9a06-0d6cc455eb8d,2024-06-16 13:43:59-07:00,2024-06-16,2024-06-16 22:43:59 +0200,Pacific Time (US & Canada),82279,nelsonb,Nelson Balcar,2024-06-21 12:04:21 +0200,2025-03-13 03:14:55 +0100,research,CC-BY,https://www.inaturalist.org/observations/224153448,https://inaturalist-open-data.s3.amazonaws.com/photos/397245418/medium.jpg,,"",Road kill,2,0,false,3,"CA-198, Coalinga, CA, US",36.1847336158,-120.70226613,43,,,,43,,open,false,,,Wild Boar,Sus scrofa,Wild Boar,Mammalia,42134
224205469,27a01016-1ccf-46e3-a048-eb715bec757c,2024/06/20 7:38 PM,2024-06-20,2024-06-21 02:38:00 +0200,Central Time (US & Canada),18812,mako252,Jon McIntyre,2024-06-21 17:57:51 +0200,2024-07-05 19:35:44 +0200,research,CC-BY-NC,https://www.inaturalist.org/observations/224205469,https://inaturalist-open-data.s3.amazonaws.com/photos/397339230/medium.jpeg,,"",,3,0,false,,"Aransas County, TX, USA",28.2941985412,-96.8092468064,8,,,,8,,open,false,,,Wild Boar,Sus scrofa,Wild Boar,Mammalia,42134
224302344,0411ace5-91a4-4827-a765-4eabe69d9a4e,2024/06/06 12:57 PM,2024-06-06,2024-06-06 19:57:00 +0200,Central Time (US & Canada),3599896,itazura,,2024-06-22 03:30:40 +0200,2024-06-25 16:13:11 +0200,research,CC-BY-NC,https://www.inaturalist.org/observations/224302344,https://inaturalist-open-data.s3.amazonaws.com/photos/397526264/medium.jpeg,,"","",2,0,false,,"St Tammany Parish, LA, USA",30.2309604534,-89.6702697903,1967,,,,1967,,open,false,,,Wild Boar,Sus scrofa,Wild Boar,Mammalia,42134
224406413,580aaa7f-6469-4d99-bde7-98ffeea5223e,2024-06-22 08:29:58-05:00,2024-06-22,2024-06-22 15:29:58 +0200,Central Time (US & Canada),24407,mcdermottmi,,2024-06-22 17:08:46 +0200,2024-06-24 17:22:47 +0200,research,CC-BY-NC,https://www.inaturalist.org/observations/224406413,https://inaturalist-open-data.s3.amazonaws.com/photos/397725242/medium.jpg,,"","",1,0,false,3,"Texas A&M University, College Station, TX, US",30.5707533333,-96.3690416667,3,,,,3,,open,false,,,Wild Boar,Sus scrofa,Wild Boar,Mammalia,42134
224450556,91891b76-f1a9-4448-bb2b-026bf4e102a3,2024-06-22 13:17:26,2024-06-22,2024-06-22 20:17:26 +0200,Central Time (US & Canada),1612484,alacorazza,Auden,2024-06-22 20:18:58 +0200,2025-05-23 10:49:26 +0200,research,CC-BY-NC,https://www.inaturalist.org/observations/224450556,https://inaturalist-open-data.s3.amazonaws.com/photos/397824870/medium.jpeg,,"",,0,0,false,2,"San Augustine County, US-TX, US",31.2416767968,-94.2439235374,6,,,,6,,open,false,,,Domestic Pig,Sus scrofa domesticus,Domestic Pig,Mammalia,324492
224486826,cfa0b2f8-4b92-458c-87f0-65ae95e9b084,2024-06-22 09:23:36-04:00,2024-06-22,2024-06-22 15:23:36 +0200,Eastern Time (US & Canada),3154933,dbond,,2024-06-22 22:54:43 +0200,2024-06-23 00:22:24 +0200,research,CC-BY-NC,https://www.inaturalist.org/observations/224486826,https://inaturalist-open-data.s3.amazonaws.com/photos/397876342/medium.jpg,,"","",1,0,false,3,"Black Bear Wilderness Area, Sanford, FL, US",28.8558133333,-81.3565966667,4,,,,4,,open,false,,,Wild Boar,Sus scrofa,Wild Boar,Mammalia,42134
224546633,e91f8d69-06f6-4d05-9941-7b7be2dc1be6,2024-06-22 16:05:39-04:00,2024-06-22,2024-06-22 22:05:39 +0200,Eastern Time (US & Canada),2572321,alexandersherer,Alexander Sherer,2024-06-23 04:45:33 +0200,2025-05-22 16:16:54 +0200,research,CC-BY-NC,https://www.inaturalist.org/observations/224546633,https://inaturalist-open-data.s3.amazonaws.com/photos/398127474/medium.jpg,,"","",1,0,false,3,"Cabbage Island, Lake Placid, FL, US",27.1475666667,-81.2038633333,3,,,,3,,open,false,,,Wild Boar,Sus scrofa,Wild Boar,Mammalia,42134
224645434,928e45a7-e5f1-42a3-a977-d9f5f0f9e53f,2024-06-23 10:52:31,2024-06-23,2024-06-23 16:52:31 +0200,Eastern Time (US & Canada),2261283,teammaisey,"",2024-06-23 16:55:33 +0200,2025-07-28 21:50:10 +0200,research,CC-BY-NC,https://www.inaturalist.org/observations/224645434,https://inaturalist-open-data.s3.amazonaws.com/photos/398884814/medium.jpeg,,"",,1,0,false,2,"Volusia County, US-FL, US",28.8023480341,-80.8207498491,7,,,,7,,open,false,gps,gps,Eurasian Wild Pig,Sus scrofa,Wild Boar,Mammalia,42134
224654550,26032825-af09-4626-8b18-acd7a9797e8d,2024-06-23 11:18:57,2024-06-23,2024-06-23 17:18:57 +0200,Eastern Time (US & Canada),3874342,captainjack0000,"",2024-06-23 17:31:42 +0200,2024-06-23 18:16:53 +0200,research,CC-BY-NC,https://www.inaturalist.org/observations/224654550,https://static.inaturalist.org/photos/398195654/medium.jpeg,,"",,1,0,false,2,"Perry, FL 32348, USA",29.8382027037,-83.5953867808,97,,,,97,,open,false,gps,gps,Wild Boar,Sus scrofa,Wild Boar,Mammalia,42134
224753167,232b5f11-e0f9-4529-8986-10a4c55eb931,2024/06/23 9:59 AM,2024-06-23,2024-06-23 16:59:00 +0200,Central Time (US & Canada),34728,cosmiccat,Cosmic Cat,2024-06-24 00:07:43 +0200,2024-06-24 07:28:22 +0200,research,CC-BY-NC,https://www.inaturalist.org/observations/224753167,https://inaturalist-open-data.s3.amazonaws.com/photos/398382162/medium.jpeg,,"","Pond Creek NWR
Sevier County, AR

Pig damage along trail",2,0,false,,"Sevier County, AR, USA",33.81152,-94.152908,,,,,,,open,false,,,Wild Boar,Sus scrofa,Wild Boar,Mammalia,42134
224776487,5f265a56-2e6d-48db-8c1a-e39fe24f477a,2024/06/23 9:24 AM,2024-06-23,2024-06-23 15:24:00 +0200,Eastern Time (US & Canada),8296368,goldberryfl,,2024-06-24 02:14:12 +0200,2024-06-27 06:47:08 +0200,research,CC-BY-NC,https://www.inaturalist.org/observations/224776487,https://inaturalist-open-data.s3.amazonaws.com/photos/398426915/medium.jpeg,,"",,2,0,false,,"Paynes Prairie Preserve State Pk, 100 Savannah Blvd, Micanopy, FL 32667, USA",29.5705962,-82.3006784,2857,,,,2857,,open,false,,,Wild Boar,Sus scrofa,Wild Boar,Mammalia,42134
224776807,200538bb-daa8-470b-8fea-acee11cc79c7,2024/06/13 8:42 PM,2024-06-13,2024-06-14 03:42:00 +0200,Central Time (US & Canada),1595749,jcochran706,Jack Cochran,2024-06-24 02:16:03 +0200,2024-06-25 15:45:57 +0200,research,CC-BY-NC,https://www.inaturalist.org/observations/224776807,https://inaturalist-open-data.s3.amazonaws.com/photos/398425467/medium.jpeg,,crpj,,1,0,false,,"Texas, US",30.9415124199,-97.7342211586,4,,,,29304,obscured,open,true,,,Wild Boar,Sus scrofa,Wild Boar,Mammalia,42134
224776812,00a30193-53f3-4a2b-a2b9-490d4939fe6f,2024/06/16 8:16 AM,2024-06-16,2024-06-16 15:16:00 +0200,Central Time (US & Canada),1595749,jcochran706,Jack Cochran,2024-06-24 02:16:04 +0200,2024-06-24 02:23:59 +0200,research,CC-BY-NC,https://www.inaturalist.org/observations/224776812,https://inaturalist-open-data.s3.amazonaws.com/photos/398425479/medium.jpeg,,crpj,,1,0,false,,"Texas, US",30.9323640954,-97.6365356144,4,,,,29304,obscured,open,true,,,Wild Boar,Sus scrofa,Wild Boar,Mammalia,42134
224776814,6e627356-c5db-4691-814f-470dabb7660f,2024/06/16 8:38 PM,2024-06-16,2024-06-17 03:38:00 +0200,Central Time (US & Canada),1595749,jcochran706,Jack Cochran,2024-06-24 02:16:04 +0200,2024-06-24 02:23:50 +0200,research,CC-BY-NC,https://www.inaturalist.org/observations/224776814,https://inaturalist-open-data.s3.amazonaws.com/photos/398425488/medium.jpeg,,crpj,,1,0,false,,"Texas, US",30.8012021033,-97.6345551733,4,,,,29304,obscured,open,true,,,Wild Boar,Sus scrofa,Wild Boar,Mammalia,42134
224776826,ff9cfb28-4d6e-4493-a49c-21e2bca373a6,2024/06/20 9:12 PM,2024-06-20,2024-06-21 04:12:00 +0200,Central Time (US & Canada),1595749,jcochran706,Jack Cochran,2024-06-24 02:16:05 +0200,2024-06-24 02:23:33 +0200,research,CC-BY-NC,https://www.inaturalist.org/observations/224776826,https://inaturalist-open-data.s3.amazonaws.com/photos/398425503/medium.jpeg,,crpj,,1,0,false,,"Texas, US",30.9848540308,-97.7961700875,4,,,,29304,obscured,open,true,,,Wild Boar,Sus scrofa,Wild Boar,Mammalia,42134
224776834,cbef5de8-59ba-4f5f-bfe4-5a29d093e90b,2024/06/22 7:13 AM,2024-06-22,2024-06-22 14:13:00 +0200,Central Time (US & Canada),1595749,jcochran706,Jack Cochran,2024-06-24 02:16:06 +0200,2024-06-24 02:23:17 +0200,research,CC-BY-NC,https://www.inaturalist.org/observations/224776834,https://inaturalist-open-data.s3.amazonaws.com/photos/398425528/medium.jpeg,,crpj,,1,0,false,,"Texas, US",30.8946719054,-97.6946235755,4,,,,29304,obscured,open,true,,,Wild Boar,Sus scrofa,Wild Boar,Mammalia,42134
224776844,d4e73ecc-2d0c-4f98-b44b-a0048701f9c6,2024/06/23 4:55 AM,2024-06-23,2024-06-23 11:55:00 +0200,Central Time (US & Canada),1595749,jcochran706,Jack Cochran,2024-06-24 02:16:07 +0200,2024-06-24 02:21:54 +0200,research,CC-BY-NC,https://www.inaturalist.org/observations/224776844,https://inaturalist-open-data.s3.amazonaws.com/photos/398425551/medium.jpeg,,crpj,,1,0,false,,"Texas, US",30.9323603712,-97.7782589607,4,,,,29304,obscured,open,true,,,Wild Boar,Sus scrofa,Wild Boar,Mammalia,42134
224780020,5040c09d-4af8-4bfa-8492-57fa61c19fb1,2024/02/12 11:40 AM,2024-02-12,2024-02-12 18:40:00 +0100,Central Time (US & Canada),2048449,pineten,Nicole,2024-06-24 02:33:32 +0200,2024-06-24 03:04:27 +0200,research,CC-BY,https://www.inaturalist.org/observations/224780020,https://inaturalist-open-data.s3.amazonaws.com/photos/398416986/medium.jpg,,"",,1,0,false,,"Port Mansfield, TX, USA",26.5528,-97.4308,,,,,,,open,false,,,Wild Boar,Sus scrofa,Wild Boar,Mammalia,42134
224781569,038236e4-420d-4e61-820a-ffc21c35e4b9,2024/06/13 8:43 PM,2024-06-13,2024-06-14 03:43:00 +0200,Central Time (US & Canada),1595749,jcochran706,Jack Cochran,2024-06-24 02:43:44 +0200,2024-06-24 03:20:33 +0200,research,CC-BY-NC,https://www.inaturalist.org/observations/224781569,https://inaturalist-open-data.s3.amazonaws.com/photos/398436648/medium.jpeg,,crpj,Cross rocky draw on main trail.,1,0,false,,"Texas, US",30.896502755,-97.7640140421,4,,,,29304,obscured,open,true,,,Wild Boar,Sus scrofa,Wild Boar,Mammalia,42134
224783624,eb7f7bdb-ecc1-4b82-90e6-2288bc0041c8,2024/06/23 8:57 AM,2024-06-23,2024-06-23 17:57:00 +0200,Pacific Time (US & Canada),1064011,filton18,"",2024-06-24 02:55:30 +0200,2024-06-27 02:12:52 +0200,research,,https://www.inaturalist.org/observations/224783624,https://static.inaturalist.org/photos/398441343/medium.jpg,,"California Mammals, Wild Pig, Santa Clara",It has quite the ridgeback.,1,0,false,,"Calaveras Trail, California 95020, USA",37.1049057,-121.5499878,562,,,,562,,open,false,,,Wild Boar,Sus scrofa,Wild Boar,Mammalia,42134
224869923,e7c67f80-b779-479b-954f-129636c0cf74,2024-06-23 20:31:18-05:00,2024-06-23,2024-06-24 03:31:18 +0200,Central Time (US & Canada),2551608,liesylou,Elise Baugh,2024-06-24 15:03:18 +0200,2024-06-25 02:29:27 +0200,research,,https://www.inaturalist.org/observations/224869923,https://static.inaturalist.org/photos/398609160/medium.jpg,,"","",1,0,false,3,"River Rd, College Station, TX, US",30.55677,-96.3911533333,4,,,,4,,open,false,,,Wild Boar,Sus scrofa,Wild Boar,Mammalia,42134
224972936,18071f6a-2ad0-4e29-8508-c8df07876a37,2024/06/24 8:53 AM,2024-06-24,2024-06-24 17:53:00 +0200,Pacific Time (US & Canada),6673012,justinchappelle,,2024-06-24 23:33:30 +0200,2024-06-25 14:45:57 +0200,research,CC-BY-NC,https://www.inaturalist.org/observations/224972936,https://inaturalist-open-data.s3.amazonaws.com/photos/398804561/medium.jpeg,,"",,1,0,false,,"Glenn County, CA, USA",39.5505123399,-122.4458566901,8,,,,8,,open,false,,,Wild Boar,Sus scrofa,Wild Boar,Mammalia,42134
225111203,323115c1-f996-40e4-8683-1383f5c6dce5,2024-02-29 13:10:44,2024-02-29,2024-02-29 19:10:44 +0100,Eastern Time (US & Canada),8302622,merxtehjerx,"",2024-06-25 17:21:31 +0200,2025-07-09 11:36:27 +0200,research,CC-BY-NC,https://www.inaturalist.org/observations/225111203,https://inaturalist-open-data.s3.amazonaws.com/photos/399073246/medium.jpeg,,"",,1,0,false,2,"Punta Gorda, FL 33982, USA",26.8620695,-81.7206393997,,,,,,,open,false,gps,gps,Wild Boar,Sus scrofa,Wild Boar,Mammalia,42134
225161041,00327a05-8eb9-4fb9-9e8d-ec3a4fd2552f,2024-06-24 07:34:51,2024-06-24,2024-06-24 16:34:51 +0200,Pacific Time (US & Canada),5983024,joesjoes20,joesjoes20,2024-06-25 21:33:58 +0200,2024-07-26 01:11:39 +0200,research,CC-BY-NC,https://www.inaturalist.org/observations/225161041,https://inaturalist-open-data.s3.amazonaws.com/photos/399167104/medium.jpeg,,"",,2,0,false,2,"3FH9+QX, San Martin, CA 95020, USA",37.0807906392,-121.5316126496,1936,,,,1936,,open,false,gps,gps,Wild Boar,Sus scrofa,Wild Boar,Mammalia,42134
225207449,9b6b5e90-2490-4898-8e3c-fbb6f336d699,2024/06/25 11:07 AM,2024-06-25,2024-06-25 17:07:00 +0200,Eastern Time (US & Canada),208854,johngrego,"",2024-06-26 02:08:37 +0200,2024-06-26 02:25:27 +0200,research,CC-BY-NC,https://www.inaturalist.org/observations/225207449,https://inaturalist-open-data.s3.amazonaws.com/photos/399253437/medium.jpeg,,"",,1,0,false,,"Richland County, SC, USA",33.7631281077,-80.6544748272,132,,,,132,,open,false,,,Wild Boar,Sus scrofa,Wild Boar,Mammalia,42134
225207452,7967e710-c0ba-4220-9986-2142c91d8ba5,2024/06/25 9:41 AM,2024-06-25,2024-06-25 15:41:00 +0200,Eastern Time (US & Canada),208854,johngrego,"",2024-06-26 02:08:38 +0200,2024-06-26 02:15:52 +0200,research,CC-BY-NC,https://www.inaturalist.org/observations/225207452,https://inaturalist-open-data.s3.amazonaws.com/photos/399253529/medium.jpeg,,"",,1,0,false,,"Richland County, SC, USA",33.7593228133,-80.6494173503,188,,,,188,,open,false,,,Wild Boar,Sus scrofa,Wild Boar,Mammalia,42134
225211710,9c2227e4-9ddc-4751-8c02-8559bd5f4af8,2024-06-25 19:37:16-05:00,2024-06-25,2024-06-26 02:37:16 +0200,Central Time (US & Canada),5694094,aquilus_aquila,Antonio Aguilar,2024-06-26 02:37:30 +0200,2025-06-16 16:40:46 +0200,research,CC-BY-NC,https://www.inaturalist.org/observations/225211710,https://inaturalist-open-data.s3.amazonaws.com/photos/399290000/medium.jpg,,"","",2,0,false,3,"Lower Southeast Side, San Antonio, TX, US",29.3870837267,-98.4169017924,5,,,,5,,open,false,,,Wild Boar,Sus scrofa,Wild Boar,Mammalia,42134
225225459,4ab108b9-befe-4610-bdb6-1213d3f365ba,2024-06-25 19:19:40,2024-06-25,2024-06-26 02:19:40 +0200,Central Time (US & Canada),7600476,ericmon,,2024-06-26 04:21:30 +0200,2025-09-19 08:41:38 +0200,research,CC-BY-NC,https://www.inaturalist.org/observations/225225459,https://inaturalist-open-data.s3.amazonaws.com/photos/399291900/medium.jpeg,,"",,2,0,false,2,"Dover, AR 72837, USA",35.5406223,-93.0938704997,,,,,,,open,false,gps,gps,Eurasian Wild Pig,Sus scrofa,Wild Boar,Mammalia,42134
225388471,907107b3-312b-43d3-99be-4d3a4efd1d7f,2024-06-22 10:49:27,2024-06-22,2024-06-22 16:49:27 +0200,Eastern Time (US & Canada),7599271,bigpappahope,nicholas hope,2024-06-26 23:29:03 +0200,2024-06-26 23:55:37 +0200,research,,https://www.inaturalist.org/observations/225388471,https://static.inaturalist.org/photos/399598878/medium.jpeg,,"",,1,0,false,2,"Sanford, FL 32771, USA",28.8403233275,-81.3551575318,524,,,,524,,open,false,gps,gps,Wild Boar,Sus scrofa,Wild Boar,Mammalia,42134
226009180,23e9574f-972d-49c5-829a-778e78325359,2024/06/29 9:41 AM,2024-06-29,2024-06-29 15:41:00 +0200,Eastern Time (US & Canada),208854,johngrego,"",2024-06-29 21:32:17 +0200,2024-06-29 21:38:45 +0200,research,CC-BY-NC,https://www.inaturalist.org/observations/226009180,https://inaturalist-open-data.s3.amazonaws.com/photos/400766222/medium.jpeg,,"",,1,0,false,,"Richland County, SC, USA",33.7743198411,-80.6538563175,44,,,,44,,open,false,,,Wild Boar,Sus scrofa,Wild Boar,Mammalia,42134
226009183,ba58eb85-f816-42bc-ac1a-9953f2acac37,2024/06/29 9:21 AM,2024-06-29,2024-06-29 15:21:00 +0200,Eastern Time (US & Canada),208854,johngrego,"",2024-06-29 21:32:17 +0200,2024-06-30 01:10:48 +0200,research,CC-BY-NC,https://www.inaturalist.org/observations/226009183,https://inaturalist-open-data.s3.amazonaws.com/photos/400766289/medium.jpeg,,"",,1,0,false,,"Richland County, SC, USA",33.7808116504,-80.6423238661,167,,,,167,,open,false,,,Wild Boar,Sus scrofa,Wild Boar,Mammalia,42134
226077830,536afc0a-d426-4883-bb37-7b83a0fe9306,2024-06-26 08:02:15-07:00,2024-06-26,2024-06-26 17:02:15 +0200,Pacific Time (US & Canada),3191436,mikhela,mikhela,2024-06-30 03:25:18 +0200,2024-07-01 18:36:29 +0200,research,CC-BY-NC,https://www.inaturalist.org/observations/226077830,https://inaturalist-open-data.s3.amazonaws.com/photos/400906162/medium.jpg,,"","",1,0,false,3,"Paicines, CA, US",36.4568866667,-120.79808,10,,,,10,,open,false,,,Wild Boar,Sus scrofa,Wild Boar,Mammalia,42134
226082376,faebf7a1-ed85-4688-88aa-1bb0e07ec8a1,2024-06-29 16:03:55-05:00,2024-06-29,2024-06-29 23:03:55 +0200,Central Time (US & Canada),8172801,crowlord,,2024-06-30 03:55:01 +0200,2025-05-23 10:49:48 +0200,research,CC-BY-NC,https://www.inaturalist.org/observations/226082376,https://inaturalist-open-data.s3.amazonaws.com/photos/400915324/medium.jpg,,"","",1,0,false,3,"Dogwood Ranch Cir, Byhalia, MS, US",34.82215,-89.6272716667,124,,,,124,,open,false,,,Domestic Pig,Sus scrofa domesticus,Domestic Pig,Mammalia,324492
226259203,f9ec5f62-da99-4dac-b1e3-33c67818f6c2,2024/06/27 10:57 AM,2024-06-27,2024-06-27 17:57:00 +0200,Central Time (US & Canada),1595749,jcochran706,Jack Cochran,2024-06-30 21:02:27 +0200,2024-06-30 21:44:33 +0200,research,CC-BY-NC,https://www.inaturalist.org/observations/226259203,https://inaturalist-open-data.s3.amazonaws.com/photos/401244053/medium.jpeg,,crpj,Drying rocky pool of creek.,1,0,false,,"Texas, US",30.8834032835,-97.707793381,4,,,,29304,obscured,open,true,,,Wild Boar,Sus scrofa,Wild Boar,Mammalia,42134
226259221,af4de3c5-7173-473b-a6ab-e5cc55dc3c87,2024/06/30 7:56 AM,2024-06-30,2024-06-30 14:56:00 +0200,Central Time (US & Canada),1595749,jcochran706,Jack Cochran,2024-06-30 21:02:30 +0200,2024-06-30 21:44:13 +0200,research,CC-BY-NC,https://www.inaturalist.org/observations/226259221,https://inaturalist-open-data.s3.amazonaws.com/photos/401244104/medium.jpeg,,crpj,Drying rocky pool of creek.,1,0,false,,"Texas, US",30.9793212101,-97.666910327,4,,,,29304,obscured,open,true,,,Wild Boar,Sus scrofa,Wild Boar,Mammalia,42134
226473054,ff927161-e001-46e2-9924-2c9fe4b20aad,2024/06/23 7:58 PM,2024-06-23,2024-06-24 02:58:00 +0200,Central Time (US & Canada),3674711,gusbarksdale,Gus Barksdale,2024-07-01 18:35:56 +0200,2025-09-19 08:41:38 +0200,research,CC-BY-NC,https://www.inaturalist.org/observations/226473054,https://inaturalist-open-data.s3.amazonaws.com/photos/401654562/medium.jpg,,"",,2,0,false,,"Johnson County, AR, USA",35.6325290997,-93.3001363,,,,,,,open,false,,,Eurasian Wild Pig,Sus scrofa,Wild Boar,Mammalia,42134
226532169,1127085f-375e-43f6-869e-8be2c7c51f6e,2024/06/26 8:47 PM,2024-06-26,2024-06-27 03:47:00 +0200,Central Time (US & Canada),18812,mako252,Jon McIntyre,2024-07-01 22:42:31 +0200,2024-07-05 09:29:38 +0200,research,CC-BY-NC,https://www.inaturalist.org/observations/226532169,https://inaturalist-open-data.s3.amazonaws.com/photos/401767115/medium.jpeg,,"",,4,0,false,,"Kenedy County, TX, USA",27.2202945794,-97.7394530121,8,,,,8,,open,false,,,Wild Boar,Sus scrofa,Wild Boar,Mammalia,42134
226649923,40e5ca3e-6ce6-4575-bfcf-0c356c3162c3,2024/06/29 9:39 AM,2024-06-29,2024-06-29 15:39:00 +0200,Eastern Time (US & Canada),792374,rsnyder11,R Snyder,2024-07-02 12:23:41 +0200,2024-07-23 20:17:35 +0200,research,CC-BY-NC,https://www.inaturalist.org/observations/226649923,https://inaturalist-open-data.s3.amazonaws.com/photos/401994960/medium.jpg,,"",,1,0,false,,"Volusia County, FL, USA",28.8122233333,-81.1830183333,,,,,,,open,false,,,Wild Boar,Sus scrofa,Wild Boar,Mammalia,42134
226781509,76b9de41-b5be-417f-9748-455592fa4757,2024-06-16 12:30:05-04:00,2024-06-16,2024-06-16 18:30:05 +0200,Eastern Time (US & Canada),363449,rick3439,,2024-07-03 00:48:06 +0200,2025-01-13 14:30:13 +0100,research,CC0,https://www.inaturalist.org/observations/226781509,https://inaturalist-open-data.s3.amazonaws.com/photos/402239262/medium.jpg,,"","",2,0,false,3,"Sarasota, FL, US",27.2507659258,-82.3059235713,3545,,,,3545,,open,false,,,Eurasian Wild Pig,Sus scrofa,Wild Boar,Mammalia,42134
226813011,8dea3699-57db-42f0-9d4b-53aefacf327b,2024/07/02 1:59 PM,2024-07-02,2024-07-02 19:59:00 +0200,Eastern Time (US & Canada),208854,johngrego,"",2024-07-03 04:12:40 +0200,2024-07-03 04:50:08 +0200,research,CC-BY-NC,https://www.inaturalist.org/observations/226813011,https://inaturalist-open-data.s3.amazonaws.com/photos/402297777/medium.jpeg,,"",,1,0,false,,"Richland County, SC, USA",33.8098225701,-80.8024035221,330,,,,330,,open,false,,,Wild Boar,Sus scrofa,Wild Boar,Mammalia,42134
226813028,2f27a298-ec91-4bd8-9827-bd50a92af6c5,2024/07/02 9:07 AM,2024-07-02,2024-07-02 15:07:00 +0200,Eastern Time (US & Canada),208854,johngrego,"",2024-07-03 04:12:43 +0200,2024-07-03 04:49:51 +0200,research,CC-BY-NC,https://www.inaturalist.org/observations/226813028,https://inaturalist-open-data.s3.amazonaws.com/photos/402297927/medium.jpeg,,"",,1,0,false,,"Richland County, SC, USA",33.8082543618,-80.7866357431,370,,,,370,,open,false,,,Wild Boar,Sus scrofa,Wild Boar,Mammalia,42134
226944717,c9c7c276-27f9-439f-bfcf-f448138a8732,2024/07/01 2:44 AM,2024-07-01,2024-07-01 09:44:00 +0200,Central Time (US & Canada),18812,mako252,Jon McIntyre,2024-07-03 20:33:27 +0200,2024-07-04 07:03:48 +0200,research,CC-BY-NC,https://www.inaturalist.org/observations/226944717,https://inaturalist-open-data.s3.amazonaws.com/photos/402542363/medium.jpeg,,"",,3,0,false,,"Fort Bend County, TX, USA",29.3785500847,-95.5962543828,8,,,,8,,open,false,,,Wild Boar,Sus scrofa,Wild Boar,Mammalia,42134
227036347,d3b58cfc-5673-4716-a280-950027990d5b,2024-06-15 20:38:17,2024-06-15,2024-06-16 02:38:17 +0200,Eastern Time (US & Canada),5658422,monkeytoes616,JHood,2024-07-04 06:42:24 +0200,2024-07-04 08:49:12 +0200,research,CC-BY-NC,https://www.inaturalist.org/observations/227036347,https://inaturalist-open-data.s3.amazonaws.com/photos/402723824/medium.jpeg,,"",,1,0,false,2,"Gainesville, FL 32608, USA",29.5763886997,-82.4147291,,,,,,,open,false,gps,gps,Wild Boar,Sus scrofa,Wild Boar,Mammalia,42134
227082856,76d79c41-629c-4ee8-a49a-bb85ee2e42f4,2024-06-28 16:58:47-04:00,2024-06-28,2024-06-28 22:58:47 +0200,Eastern Time (US & Canada),6056941,mattpk,Matthew Picarelli-Kombert,2024-07-04 15:02:07 +0200,2025-09-30 13:13:01 +0200,research,,https://www.inaturalist.org/observations/227082856,https://static.inaturalist.org/photos/402807568/medium.jpg,,"","",1,0,false,3,"Ossabaw Island, Savannah, GA, US",31.83595,-81.0872805,3,,,,3,,open,false,,,Domestic Pig,Sus scrofa domesticus,Domestic Pig,Mammalia,324492
227165992,6672dd1d-2694-470d-93b1-a1654826038b,2024/06/30 8:43 AM,2024-06-30,2024-06-30 15:43:00 +0200,Central Time (US & Canada),9531,kucycads,Kenneth Bader,2024-07-04 22:00:23 +0200,2025-05-23 10:49:59 +0200,research,CC-BY-NC,https://www.inaturalist.org/observations/227165992,https://inaturalist-open-data.s3.amazonaws.com/photos/402959400/medium.jpeg,,"",,1,0,false,,"McMullen County, TX, USA",28.4707263893,-98.6888940988,31,,,,31,,open,false,,,Domestic Pig,Sus scrofa domesticus,Domestic Pig,Mammalia,324492
227215805,febae0bf-34ef-4b6e-8e91-92b607bc5dae,2024/06/26 8:25 PM,2024-06-26,2024-06-27 03:25:00 +0200,Central Time (US & Canada),9531,kucycads,Kenneth Bader,2024-07-05 03:05:20 +0200,2024-07-05 03:32:51 +0200,research,CC-BY-NC,https://www.inaturalist.org/observations/227215805,https://inaturalist-open-data.s3.amazonaws.com/photos/403054376/medium.jpeg,,"",,1,0,false,,"Chambers County, TX, USA",29.553875547,-94.5262702144,61,,,,61,,open,false,,,Wild Boar,Sus scrofa,Wild Boar,Mammalia,42134
227363054,e3012179-835d-4b14-9025-e083ed43c00a,2024-07-04 16:49:20-04:00,2024-07-04,2024-07-04 22:49:20 +0200,Central Time (US & Canada),207263,johntrent,John Trent,2024-07-05 21:32:31 +0200,2024-07-06 15:45:39 +0200,research,CC-BY-NC-ND,https://www.inaturalist.org/observations/227363054,https://inaturalist-open-data.s3.amazonaws.com/photos/403337432/medium.jpg,,"","",1,0,false,3,"Midway, AL, US",32.0407113059,-85.4758154653,181,,,,181,,open,false,,,Wild Boar,Sus scrofa,Wild Boar,Mammalia,42134
227418117,9ec09bb8-b1f4-407f-ba10-1ea75488f8c9,2024-06-29 17:07:00-04:00,2024-06-29,2024-06-29 23:07:00 +0200,Eastern Time (US & Canada),3359949,willvuyk,,2024-07-06 02:53:26 +0200,2025-09-30 13:13:04 +0200,research,CC-BY-NC,https://www.inaturalist.org/observations/227418117,https://inaturalist-open-data.s3.amazonaws.com/photos/403441089/medium.jpg,,"","",2,0,false,3,"Ossabaw Island, Savannah, GA, US",31.8192285843,-81.0886310151,66,,,,66,,open,false,,,Domestic Pig,Sus scrofa domesticus,Domestic Pig,Mammalia,324492
227506917,86a9b8b0-d27a-4985-93cb-46947ad873e0,2024/07/03 7:49 AM,2024-07-03,2024-07-03 14:49:00 +0200,Central Time (US & Canada),2705652,greg369,Greg Page,2024-07-06 15:12:59 +0200,2024-08-08 19:25:04 +0200,research,,https://www.inaturalist.org/observations/227506917,https://static.inaturalist.org/photos/403609827/medium.jpg,,"",Poor cell phone photo. There were about 6 or 7 of them. Saw well.,1,0,false,,"Leon Co, TX",31.2691652655,-96.0158773236,4,,,,4,,open,false,,,Wild Boar,Sus scrofa,Wild Boar,Mammalia,42134
227582189,21618a5f-7fad-438f-9874-619522c209ce,2024-07-05 09:56:33,2024-07-05,2024-07-05 16:56:33 +0200,Central Time (US & Canada),7956436,alex88vr6,alejandro vazquez,2024-07-06 20:39:46 +0200,2024-07-07 01:15:28 +0200,research,CC-BY-NC,https://www.inaturalist.org/observations/227582189,https://inaturalist-open-data.s3.amazonaws.com/photos/403750034/medium.jpeg,,"",,2,0,false,2,"San Antonio, Texas 78221, EE. UU.",29.3102496324,-98.4946551919,62,,,,62,,open,false,gps,gps,Jabalí europeo,Sus scrofa,Wild Boar,Mammalia,42134
227625480,51fb5484-1641-4e00-8100-ed77916b2199,2024/07/06 8:28 AM,2024-07-06,2024-07-06 15:28:00 +0200,Central Time (US & Canada),3412138,strongm,Mayve,2024-07-06 23:45:05 +0200,2024-07-07 04:46:08 +0200,research,CC-BY-NC,https://www.inaturalist.org/observations/227625480,https://inaturalist-open-data.s3.amazonaws.com/photos/403830577/medium.jpg,,"",,1,0,false,,"6465 Refuge Rd, Sherman, TX 75092, USA",33.7385517,-96.7527862,195,,,,195,,open,false,,,Wild Boar,Sus scrofa,Wild Boar,Mammalia,42134
227798481,8c3f3297-747a-45f6-be08-4ea1cb2eba5e,2024-07-07 12:13:25-04:00,2024-07-07,2024-07-07 18:13:25 +0200,Eastern Time (US & Canada),6056941,mattpk,Matthew Picarelli-Kombert,2024-07-07 18:14:21 +0200,2025-09-30 13:13:07 +0200,research,,https://www.inaturalist.org/observations/227798481,https://static.inaturalist.org/photos/404156629/medium.jpg,,"","",2,0,false,3,"Ossabaw Island, Savannah, GA, US",31.838725,-81.0895916667,10,,,,10,,open,false,,,Domestic Pig,Sus scrofa domesticus,Domestic Pig,Mammalia,324492
227842143,f78eec46-2bd5-4fd8-8612-c6ae048ca339,2024-06-11 08:34:00-05:00,2024-06-11,2024-06-11 15:34:00 +0200,Central Time (US & Canada),540918,sandyleau,Sandy Underwood,2024-07-07 21:05:29 +0200,2024-11-17 18:28:06 +0100,research,CC-BY-NC-ND,https://www.inaturalist.org/observations/227842143,https://inaturalist-open-data.s3.amazonaws.com/photos/404240338/medium.jpg,,"","",1,0,false,3,"Wichita Falls, TX, US",33.8559196218,-98.4759359449,372,,,,372,,open,false,,,Wild Boar,Sus scrofa,Wild Boar,Mammalia,42134
227849818,2305ecf6-cbb5-401c-90a6-67446c9dcc32,2024/07/06 12:06 AM,2024-07-06,2024-07-06 06:06:00 +0200,Eastern Time (US & Canada),7161220,lwridge,LW Ridge,2024-07-07 21:36:20 +0200,2024-07-08 21:52:31 +0200,research,CC-BY-NC,https://www.inaturalist.org/observations/227849818,https://inaturalist-open-data.s3.amazonaws.com/photos/404247336/medium.jpeg,,"",In the second photo you can see at least three juvenile pigs.  They stayed in place for about a minute while their mother ran off.,2,0,false,,"Polk County, FL, USA",27.7360133333,-81.6175533333,,,,,,,open,false,,,Wild Boar,Sus scrofa,Wild Boar,Mammalia,42134
227901384,dbd11466-17f1-4d00-8891-984f305c7775,2024-07-07 10:09:49-07:00,2024-07-07,2024-07-07 19:09:49 +0200,Pacific Time (US & Canada),91246,kendalloei,"",2024-07-08 01:38:17 +0200,2024-07-08 04:36:13 +0200,research,CC-BY-NC,https://www.inaturalist.org/observations/227901384,https://inaturalist-open-data.s3.amazonaws.com/photos/404355257/medium.jpeg,,"","",2,0,false,3,"Morgan Territory Regional Preserve, Contra Costa County, US-CA, US",37.8215884442,-121.7940646224,4,,,,4,,open,false,,,Wild Boar,Sus scrofa,Wild Boar,Mammalia,42134
227914083,ba8e2f69-7626-4d53-900b-a7306ba1c6b6,2024-07-02 12:17:58-07:00,2024-07-02,2024-07-02 21:17:58 +0200,Pacific Time (US & Canada),6056450,emmashelton,,2024-07-08 02:52:06 +0200,2025-03-13 03:14:08 +0100,research,CC-BY-NC,https://www.inaturalist.org/observations/227914083,https://inaturalist-open-data.s3.amazonaws.com/photos/404379602/medium.jpg,,"","",1,0,false,3,"Santa Catalina Island, Avalon, CA, US",33.4693716667,-118.5316,4,,,,4,,open,false,,,Wild Boar,Sus scrofa,Wild Boar,Mammalia,42134
228044059,96f583a4-4d40-455c-83b2-de96ca7edb9d,2024/07/06 7:31 AM,2024-07-06,2024-07-06 14:31:00 +0200,America/Ojinaga,892326,isaacmiramontes,Ramón Isaac Miramontes Cinco,2024-07-08 18:04:17 +0200,2024-07-08 20:58:22 +0200,research,CC-BY-NC,https://www.inaturalist.org/observations/228044059,https://inaturalist-open-data.s3.amazonaws.com/photos/404620181/medium.jpeg,,"",,1,0,false,,Mexico,31.652763585,-106.4433826392,31,,,,29199,obscured,open,true,,,Jabalí europeo,Sus scrofa,Wild Boar,Mammalia,42134
228060465,741a4d23-8429-4699-b25d-1e72967731e4,2024-06-08 12:22:51-04:00,2024-06-08,2024-06-08 18:22:51 +0200,Eastern Time (US & Canada),8342771,rooneythecat,,2024-07-08 19:25:42 +0200,2024-07-08 19:44:10 +0200,research,CC-BY-NC,https://www.inaturalist.org/observations/228060465,https://inaturalist-open-data.s3.amazonaws.com/photos/404658201/medium.jpg,,"","",1,0,false,3,"Black Bear Wilderness Area, Sanford, FL, US",28.846605,-81.3554533333,4,,,,4,,open,false,,,Wild Boar,Sus scrofa,Wild Boar,Mammalia,42134
228212523,0c0c9248-da4f-438c-a81a-9b5d6e04131c,2024-07-09 00:17:00-05:00,2024-07-09,2024-07-09 07:17:00 +0200,Central Time (US & Canada),32993,c_h_hemphill,CH Hemphill,2024-07-09 13:10:31 +0200,2024-07-12 17:38:14 +0200,research,CC-BY-NC,https://www.inaturalist.org/observations/228212523,https://inaturalist-open-data.s3.amazonaws.com/photos/404948604/medium.jpg,,"","",1,0,false,3,"Valera, TX, US",31.6711695377,-99.5953281514,25,,,,25,,open,false,,,Wild Boar,Sus scrofa,Wild Boar,Mammalia,42134
228289653,8a6cb6b2-0691-41d3-bccf-571054209162,2024/06/22 1:39 AM,2024-06-22,2024-06-22 08:39:00 +0200,Central Time (US & Canada),5982438,kwood1,KWood,2024-07-09 20:40:57 +0200,2024-07-10 01:05:57 +0200,research,CC-BY-NC,https://www.inaturalist.org/observations/228289653,https://inaturalist-open-data.s3.amazonaws.com/photos/405087800/medium.jpeg,,"",,1,0,false,,"Texas, US",29.6767277579,-98.7703882344,2,,,,29458,obscured,open,true,,,Wild Boar,Sus scrofa,Wild Boar,Mammalia,42134
228332438,59e9b2c1-d624-4d80-a75d-a4bec8efc50b,2024-04-30 20:51:16-05:00,2024-04-30,2024-05-01 03:51:16 +0200,Central Time (US & Canada),8336897,tori_wolf,Tori Wolf,2024-07-10 00:59:57 +0200,2024-07-10 03:19:03 +0200,research,,https://www.inaturalist.org/observations/228332438,https://static.inaturalist.org/photos/405171762/medium.jpg,,"","",1,0,false,3,"SH-73 W, Bridge City, TX, US",29.9986033333,-93.86782,4,,,,4,,open,false,,,Wild Boar,Sus scrofa,Wild Boar,Mammalia,42134
228342273,5cb1928a-c0b6-45ce-abaf-e743b99d652b,2024-07-09 10:34:32-07:00,2024-07-09,2024-07-09 19:34:32 +0200,Pacific Time (US & Canada),788430,robynjensen,Robyn Jensen,2024-07-10 02:07:07 +0200,2024-07-27 11:08:19 +0200,research,,https://www.inaturalist.org/observations/228342273,https://static.inaturalist.org/photos/405191379/medium.jpg,,"","",1,0,false,3,"Montaña de Oro State Park, Morro Bay, CA, US",35.34388,-120.8260116667,6,,,,6,,open,false,,,Wild Boar,Sus scrofa,Wild Boar,Mammalia,42134
228418431,c01a5c93-39cc-41e8-8d17-cc42f50b142e,2024-07-10 07:42:44-04:00,2024-07-10,2024-07-10 13:42:44 +0200,Eastern Time (US & Canada),5445297,carolepanunzio,,2024-07-10 13:44:35 +0200,2024-07-10 15:03:12 +0200,research,CC-BY-NC,https://www.inaturalist.org/observations/228418431,https://inaturalist-open-data.s3.amazonaws.com/photos/405337777/medium.jpg,,"","",2,0,false,3,"North Atlantic Ocean, Jacksonville, FL, US",30.490083414,-81.3736778115,1982403,,,,1982403,,open,false,,,Wild Boar,Sus scrofa,Wild Boar,Mammalia,42134
228464004,b3374ac6-6e09-4c6d-b841-7e0c7b557d81,2024-07-10 07:07:06-05:00,2024-07-10,2024-07-10 14:07:06 +0200,Central Time (US & Canada),4386948,monkeycop,,2024-07-10 18:11:33 +0200,2025-05-23 10:50:21 +0200,research,CC-BY-NC,https://www.inaturalist.org/observations/228464004,https://inaturalist-open-data.s3.amazonaws.com/photos/405418345/medium.jpg,,"","",1,0,false,3,"Bridgeview Ln, Bridge Creek, OK, US",35.230033533,-97.7297245446,23,,,,23,,open,false,,,Domestic Pig,Sus scrofa domesticus,Domestic Pig,Mammalia,324492
228731731,e70ca4de-5104-4a67-aab5-ce84db92ea0d,2024-07-07 16:46:00,2024-07-07,2024-07-07 23:46:00 +0200,Central Time (US & Canada),8223837,jtaylor4,Joshua Taylor,2024-07-12 02:03:36 +0200,2024-07-13 05:52:01 +0200,research,CC-BY-NC,https://www.inaturalist.org/observations/228731731,https://inaturalist-open-data.s3.amazonaws.com/photos/405931767/medium.jpeg,,"","Two juvenile invasive wild boar shot and killed for healthy land/ranch management. Doing so helps to minimize disease transmission, water source contamination, predation on young calves, and reduce competition for food with the cattle being raised on the property.

Note: These were not killed for the sake of posting content. Approved to share per college biology professor as credit for semester project.",2,0,false,2,"Hasse, TX 76442, USA",31.7674788984,-98.5226591304,78,,,,78,,open,false,gps,gps,Wild Boar,Sus scrofa,Wild Boar,Mammalia,42134
228831272,225fc255-a2be-40ee-85ec-a05467e99562,2024-07-12 09:16:53,2024-07-12,2024-07-12 16:16:53 +0200,Central Time (US & Canada),350929,aheaton,Andrew Heaton,2024-07-12 16:37:47 +0200,2024-07-17 19:31:15 +0200,research,CC-BY-NC,https://www.inaturalist.org/observations/228831272,https://inaturalist-open-data.s3.amazonaws.com/photos/406121400/medium.jpeg,,"",Roadkill,3,0,false,2,"Moss Point, MS 39562, USA",30.4377957803,-88.4264468774,90,,,,90,,open,false,gps,gps,Wild Boar,Sus scrofa,Wild Boar,Mammalia,42134
228849630,907ccf3f-9f76-4e2e-925b-e363e87eac67,2024-07-05 09:17:19-04:00,2024-07-05,2024-07-05 15:17:19 +0200,Eastern Time (US & Canada),5407567,unusualmattyb,Matt Brian,2024-07-12 18:15:44 +0200,2025-05-23 10:50:30 +0200,research,,https://www.inaturalist.org/observations/228849630,https://static.inaturalist.org/photos/406155189/medium.jpeg,,"","",1,0,false,3,"Great Smoky Mountains National Park, Cherokee, NC, US",35.5122466667,-83.3034966667,4,,,,4,,open,false,,,Domestic Pig,Sus scrofa domesticus,Domestic Pig,Mammalia,324492
228868064,f735949f-0673-455c-ab7a-c2e568b13105,2024-07-11 17:15:33-04:00,2024-07-11,2024-07-11 23:15:33 +0200,Eastern Time (US & Canada),8343692,benfergusonfl,,2024-07-12 19:57:50 +0200,2024-07-13 00:11:09 +0200,research,CC-BY-NC,https://www.inaturalist.org/observations/228868064,https://inaturalist-open-data.s3.amazonaws.com/photos/406190380/medium.jpeg,,"","Saw this Boar out on a walk. I was hearing them grunt the whole walk and finally saw them
",2,0,false,3,"Heron Shores Dr, Venice, FL, US",27.0734638333,-82.3769083333,22,,,,22,,open,false,,,Wild Boar,Sus scrofa,Wild Boar,Mammalia,42134
228868736,a98d2c5f-fb89-4f6f-a934-fc431018eff6,2024-07-12 11:27:31,2024-07-12,2024-07-12 18:27:31 +0200,Central Time (US & Canada),866069,frank-g,Frank Goodavish,2024-07-12 20:02:48 +0200,2024-07-27 11:08:05 +0200,research,,https://www.inaturalist.org/observations/228868736,https://static.inaturalist.org/photos/406192040/medium.jpeg,,"",,1,0,false,2,"Texas, US",32.7499345666,-96.841436861,,,,,29066,obscured,open,true,gps,gps,Wild Boar,Sus scrofa,Wild Boar,Mammalia,42134
229134056,6ea734aa-2cf5-475f-b7b5-3b829f6f5e9a,2024-07-12 20:36:29-05:00,2024-07-12,2024-07-13 03:36:29 +0200,Central Time (US & Canada),1251552,vbuhidar,,2024-07-14 00:36:34 +0200,2024-07-27 11:07:57 +0200,research,,https://www.inaturalist.org/observations/229134056,https://static.inaturalist.org/photos/406696528/medium.jpeg,,"","",1,0,false,3,"Keyser Rd, Mason, TX, US",30.5676166667,-99.00625555,4,,,,4,,open,false,,,Wild Boar,Sus scrofa,Wild Boar,Mammalia,42134
229368492,60358c2c-74e5-40ad-885c-da170bb833d0,2024-07-14 16:26:19-05:00,2024-07-14,2024-07-14 23:26:19 +0200,Central Time (US & Canada),3003602,birdingtexan,Chet Burrier,2024-07-15 00:05:28 +0200,2024-07-15 00:41:16 +0200,research,CC-BY,https://www.inaturalist.org/observations/229368492,https://inaturalist-open-data.s3.amazonaws.com/photos/407134013/medium.jpeg,,"","",1,0,false,3,"Dewville Cemetery, Nixon, TX, US",29.3751466667,-97.80953,4,,,,4,,open,false,,,Wild Boar,Sus scrofa,Wild Boar,Mammalia,42134
229437850,20481591-209c-4027-a595-f996e60bcf12,2024/05/05 8:35 PM,2024-05-05,2024-05-06 03:35:00 +0200,Central Time (US & Canada),1214168,stevenw12339,Steven Wang,2024-07-15 07:59:25 +0200,2024-07-15 08:46:38 +0200,research,,https://www.inaturalist.org/observations/229437850,https://static.inaturalist.org/photos/407268939/medium.jpg,,"",,1,0,false,,"Ward County, TX, USA",31.6175226069,-102.8120135289,2,,,,2,,open,false,,,Wild Boar,Sus scrofa,Wild Boar,Mammalia,42134
229520993,2c5f9c0f-b77d-48d4-a516-5dc9d80c550a,2024/07/12 10:51 PM,2024-07-12,2024-07-13 05:51:00 +0200,Central Time (US & Canada),7844411,mdraines,Mike Raines,2024-07-15 18:17:27 +0200,2024-07-16 02:08:49 +0200,research,CC-BY-NC,https://www.inaturalist.org/observations/229520993,https://inaturalist-open-data.s3.amazonaws.com/photos/407420047/medium.jpeg,,"",Oak and Juniper woods,2,0,false,,"Texas, US",30.8035408803,-97.6541409763,5,,,,29304,obscured,open,true,,,Wild Boar,Sus scrofa,Wild Boar,Mammalia,42134
229699678,dd383356-ee18-4a99-bce9-154684dcda59,2024/05/03 7:40 PM,2024-05-03,2024-05-04 02:40:00 +0200,Central Time (US & Canada),8366482,dhenry1956,,2024-07-16 16:00:42 +0200,2024-07-16 16:04:29 +0200,research,CC-BY-NC,https://www.inaturalist.org/observations/229699678,https://inaturalist-open-data.s3.amazonaws.com/photos/407756385/medium.jpeg,,"",,1,0,false,,"Hunt County, TX, USA",33.3229337085,-95.9909173245,1953,,,,1953,,open,false,,,Wild Boar,Sus scrofa,Wild Boar,Mammalia,42134
229699693,3197b341-cdec-4d65-a951-35f3f69c59ec,2024/06/10 7:11 PM,2024-06-10,2024-06-11 02:11:00 +0200,Central Time (US & Canada),8366482,dhenry1956,,2024-07-16 16:00:45 +0200,2024-07-16 16:05:13 +0200,research,CC-BY-NC,https://www.inaturalist.org/observations/229699693,https://inaturalist-open-data.s3.amazonaws.com/photos/407756433/medium.jpeg,,"",,1,0,false,,"Hunt County, TX, USA",33.3217861961,-95.9785577053,1953,,,,1953,,open,false,,,Wild Boar,Sus scrofa,Wild Boar,Mammalia,42134
229703134,e569088f-ea8c-4dfc-b33e-a1bc76dcbd3a,2024-07-15 17:16:37-04:00,2024-07-15,2024-07-15 23:16:37 +0200,America/Nassau,5637198,keir57,,2024-07-16 16:20:39 +0200,2025-05-23 10:50:37 +0200,research,CC-BY-NC,https://www.inaturalist.org/observations/229703134,https://inaturalist-open-data.s3.amazonaws.com/photos/407769381/medium.jpeg,,"","",2,0,false,3,"No Name Cay, BS",26.7466,-77.2985,4,,,,4,,open,false,,,Wild Boar,Sus scrofa,Wild Boar,Mammalia,42134
229967985,b70deb9f-9c77-4769-b548-8651776d0db9,2024-06-20 10:33:11-05:00,2024-06-20,2024-06-20 17:33:11 +0200,Central Time (US & Canada),6679818,texasnative,,2024-07-17 22:26:15 +0200,2024-07-18 04:09:19 +0200,research,CC-BY-NC,https://www.inaturalist.org/observations/229967985,https://inaturalist-open-data.s3.amazonaws.com/photos/408269602/medium.jpeg,,"","",2,0,false,3,"Freeport, TX, US",28.90522,-95.4062366667,7,,,,7,,open,false,,,Wild Boar,Sus scrofa,Wild Boar,Mammalia,42134
230028866,77599de8-3e79-4187-929c-7bf2bb627e9d,2024-07-17 20:32:58-07:00,2024-07-17,2024-07-18 05:32:58 +0200,Pacific Time (US & Canada),6262744,sophiew2r,,2024-07-18 05:36:03 +0200,2024-07-18 08:38:21 +0200,research,CC-BY-NC,https://www.inaturalist.org/observations/230028866,https://inaturalist-open-data.s3.amazonaws.com/photos/408393247/medium.jpeg,,"","",1,0,false,3,"Livermore, CA, US",37.8216133333,-121.7948216667,15,,,,15,,open,false,,,Wild Boar,Sus scrofa,Wild Boar,Mammalia,42134
230136308,b967a156-776a-4db0-b00a-27bb3b779143,2024/07/18 5:38 AM,2024-07-18,2024-07-18 12:38:00 +0200,Central Time (US & Canada),296496,dwilkins,David Wilkins,2024-07-18 19:57:51 +0200,2024-07-18 21:48:13 +0200,research,CC-BY,https://www.inaturalist.org/observations/230136308,https://inaturalist-open-data.s3.amazonaws.com/photos/408591947/medium.png,,"",,1,0,false,,"Troy, AL, USA",31.8490513759,-86.0020772347,6,,,,6,,open,false,,,Wild Boar,Sus scrofa,Wild Boar,Mammalia,42134
230215208,900a3f6f-6cc8-45a8-9dd4-7bcb5c7b05b0,2024-07-18 15:05:37-07:00,2024-07-18,2024-07-19 00:05:37 +0200,Pacific Time (US & Canada),3797491,biggerdigger,,2024-07-19 03:56:54 +0200,2025-07-25 19:40:46 +0200,research,CC-BY-NC,https://www.inaturalist.org/observations/230215208,https://inaturalist-open-data.s3.amazonaws.com/photos/408744117/medium.jpeg,,"",Found DOR in Northern California ,2,0,false,3,"California, US",39.0867530251,-121.639363495,64,,,,28151,obscured,open,true,,,Wild Boar,Sus scrofa,Wild Boar,Mammalia,42134
230401618,164be0b5-5513-478b-9470-a6452c5e0948,2024-07-18 08:10:49,2024-07-18,2024-07-18 17:10:49 +0200,Pacific Time (US & Canada),2748140,nicole-and-kevin,Kevin and Nicole,2024-07-20 02:26:45 +0200,2024-07-22 01:05:36 +0200,research,,https://www.inaturalist.org/observations/230401618,https://static.inaturalist.org/photos/409102189/medium.jpeg,,"",,1,0,false,2,"Lompoc, CA 93436, USA",34.475678472,-120.3010701388,217,,,,217,,open,false,gps,gps,Wild Boar,Sus scrofa,Wild Boar,Mammalia,42134
230427057,2c01e3a3-230a-468f-9350-340f5c7712eb,2024-07-18 15:01:35-05:00,2024-07-18,2024-07-18 22:01:35 +0200,Central Time (US & Canada),858503,rrash,Ryan Rash,2024-07-20 05:28:48 +0200,2024-07-22 01:04:18 +0200,research,CC-BY-NC,https://www.inaturalist.org/observations/230427057,https://inaturalist-open-data.s3.amazonaws.com/photos/409151812/medium.jpeg,,"","",1,0,false,3,"Sam Houston National Forest, Huntsville, TX, US",30.5667833333,-95.6269616667,4,,,,4,,open,false,,,Wild Boar,Sus scrofa,Wild Boar,Mammalia,42134
230495091,d87a4b07-ebad-4fe1-8754-a5d8d3a1e077,2024-07-20 07:32:01,2024-07-20,2024-07-20 14:32:01 +0200,Central Time (US & Canada),255751,bsandifer,Ben Sandifer,2024-07-20 15:48:58 +0200,2024-07-20 17:20:58 +0200,research,,https://www.inaturalist.org/observations/230495091,https://static.inaturalist.org/photos/409276763/medium.jpeg,,"",,1,0,false,2,"Dallas, TX 75215, USA",32.73795,-96.7283111111,,,,,,,open,false,gps,gps,Wild Boar,Sus scrofa,Wild Boar,Mammalia,42134
230500821,3ccb1280-2dd6-4534-917e-a8f7cb792c46,2024/07/18 2:31 PM,2024-07-18,2024-07-18 20:31:00 +0200,Eastern Time (US & Canada),2882018,aidanshaw1,Aidan Shaw,2024-07-20 16:19:07 +0200,2025-07-28 21:46:06 +0200,research,CC-BY-NC,https://www.inaturalist.org/observations/230500821,https://inaturalist-open-data.s3.amazonaws.com/photos/409283241/medium.jpg,,"",,1,0,false,,"Monroe County, TN, USA",35.2854169159,-84.157957943,15,,,,15,,open,false,,,Wild Boar,Sus scrofa,Wild Boar,Mammalia,42134
230827034,4ef9c8b3-2ccc-4b56-9125-21ed348cada7,2024-07-21 13:03:48-05:00,2024-07-21,2024-07-21 20:03:48 +0200,Central Time (US & Canada),24865,cnacree,Chris Acree,2024-07-21 21:39:09 +0200,2024-07-22 13:12:42 +0200,research,CC-BY-SA,https://www.inaturalist.org/observations/230827034,https://inaturalist-open-data.s3.amazonaws.com/photos/409889837/medium.jpeg,,"","",1,0,false,3,"Fort Worth Nature Center & Refuge, Fort Worth, TX, US",32.848545,-97.4910283333,10,,,,10,,open,false,,,Wild Boar,Sus scrofa,Wild Boar,Mammalia,42134
230862947,594757b5-779f-411c-b1b3-382049f16797,2024/07/18 11:28 PM,2024-07-18,2024-07-19 06:28:00 +0200,Central Time (US & Canada),1595749,jcochran706,Jack Cochran,2024-07-22 00:21:41 +0200,2024-07-26 17:32:55 +0200,research,CC-BY-NC,https://www.inaturalist.org/observations/230862947,https://inaturalist-open-data.s3.amazonaws.com/photos/409956637/medium.jpeg,,crpj,"On creek, just upstream from wooden well.",2,0,false,,"Texas, US",30.8308436769,-97.7104990323,4,,,,29304,obscured,open,true,,,Wild Boar,Sus scrofa,Wild Boar,Mammalia,42134
230862956,cbf3d0bb-5e50-4950-a988-0382972060c6,2024/07/19 12:13 AM,2024-07-19,2024-07-19 07:13:00 +0200,Central Time (US & Canada),1595749,jcochran706,Jack Cochran,2024-07-22 00:21:42 +0200,2024-07-26 17:32:55 +0200,research,CC-BY-NC,https://www.inaturalist.org/observations/230862956,https://inaturalist-open-data.s3.amazonaws.com/photos/409956641/medium.jpeg,,crpj,"On creek, just upstream from wooden well.",2,0,false,,"Texas, US",30.8689134335,-97.7912350381,4,,,,29304,obscured,open,true,,,Wild Boar,Sus scrofa,Wild Boar,Mammalia,42134
230862974,fdf6432f-3996-4e37-b164-bf44f26dc701,2024/07/19 10:43 PM,2024-07-19,2024-07-20 05:43:00 +0200,Central Time (US & Canada),1595749,jcochran706,Jack Cochran,2024-07-22 00:21:44 +0200,2024-07-26 17:32:51 +0200,research,CC-BY-NC,https://www.inaturalist.org/observations/230862974,https://inaturalist-open-data.s3.amazonaws.com/photos/409956688/medium.jpeg,,crpj,"On creek, just upstream from wooden well.",2,0,false,,"Texas, US",30.911092585,-97.7936316702,4,,,,29304,obscured,open,true,,,Wild Boar,Sus scrofa,Wild Boar,Mammalia,42134
230863001,c70190b7-5cf0-4d54-b693-c36b8e191c90,2024/07/21 12:36 AM,2024-07-21,2024-07-21 07:36:00 +0200,Central Time (US & Canada),1595749,jcochran706,Jack Cochran,2024-07-22 00:21:48 +0200,2024-07-22 00:23:46 +0200,research,CC-BY-NC,https://www.inaturalist.org/observations/230863001,https://inaturalist-open-data.s3.amazonaws.com/photos/409956757/medium.jpeg,,crpj,"On creek, just upstream from wooden well.",1,0,false,,"Texas, US",30.9348786072,-97.633435519,4,,,,29304,obscured,open,true,,,Wild Boar,Sus scrofa,Wild Boar,Mammalia,42134
230863006,a8825b6e-e282-4274-a53c-5aa796ca49d0,2024/07/21 12:39 AM,2024-07-21,2024-07-21 07:39:00 +0200,Central Time (US & Canada),1595749,jcochran706,Jack Cochran,2024-07-22 00:21:49 +0200,2024-07-22 01:29:25 +0200,research,CC-BY-NC,https://www.inaturalist.org/observations/230863006,https://inaturalist-open-data.s3.amazonaws.com/photos/409956761/medium.jpeg,,crpj,"On creek, just upstream from wooden well.",2,0,false,,"Texas, US",30.8742715144,-97.7892117814,4,,,,29304,obscured,open,true,,,Wild Boar,Sus scrofa,Wild Boar,Mammalia,42134
230883056,2bd4d9bd-05fb-4564-aa88-dce219b9e4f9,2024-04-02 15:38:58-04:00,2024-04-02,2024-04-02 21:38:58 +0200,America/Nassau,8379840,jiang75988,Jiang Xiangyun,2024-07-22 02:13:26 +0200,2024-08-08 09:30:12 +0200,research,,https://www.inaturalist.org/observations/230883056,https://static.inaturalist.org/photos/410000070/medium.jpeg,,"","",1,0,false,3,"Rose Island, BS",25.1071471667,-77.1527028333,5,,,,5,,open,false,,,野猪,Sus scrofa,Wild Boar,Mammalia,42134
230988998,300d76f0-8366-4967-96c0-1d04bb5218f1,2024/07/22 7:13 AM,2024-07-22,2024-07-22 14:13:00 +0200,Central Time (US & Canada),4049924,laurasare,"",2024-07-22 16:15:51 +0200,2024-07-22 20:14:39 +0200,research,CC-BY-NC,https://www.inaturalist.org/observations/230988998,https://inaturalist-open-data.s3.amazonaws.com/photos/410200861/medium.jpg,,"",,2,0,false,,"Bryan, TX, USA",30.6025524354,-96.410255226,15,,,,15,,open,false,,,Wild Boar,Sus scrofa,Wild Boar,Mammalia,42134
231015252,eaac0b5e-c0dd-4ae8-9806-93d60111cd5f,2024/07/20 7:00 PM,2024-07-20,2024-07-21 02:00:00 +0200,Central Time (US & Canada),268486,brooksy,Jason Brooks,2024-07-22 18:26:22 +0200,2024-07-22 19:50:48 +0200,research,,https://www.inaturalist.org/observations/231015252,https://static.inaturalist.org/photos/410247740/medium.jpeg,,"",,1,0,false,,"Kerr County, TX, USA",30.2818005791,-99.3263695126,424,,,,424,,open,false,,,Wild Boar,Sus scrofa,Wild Boar,Mammalia,42134
231102986,6286d9ae-09cf-43b5-a92e-0fc04d6dd1ae,2024/07/22 11:30 AM,2024-07-22,2024-07-22 17:30:00 +0200,Eastern Time (US & Canada),208854,johngrego,"",2024-07-23 01:59:13 +0200,2024-07-23 03:53:17 +0200,research,CC-BY-NC,https://www.inaturalist.org/observations/231102986,https://inaturalist-open-data.s3.amazonaws.com/photos/410414054/medium.jpeg,,"",,1,0,false,,"Richland County, SC, USA",33.8074835621,-80.7173307336,124,,,,124,,open,false,,,Wild Boar,Sus scrofa,Wild Boar,Mammalia,42134
231117548,1baaac18-3e39-4227-9b73-1307b2a244ed,2024-07-22 07:05:50-05:00,2024-07-22,2024-07-22 14:05:50 +0200,Central Time (US & Canada),540918,sandyleau,Sandy Underwood,2024-07-23 03:36:24 +0200,2024-11-17 18:29:23 +0100,research,CC-BY-NC-ND,https://www.inaturalist.org/observations/231117548,https://inaturalist-open-data.s3.amazonaws.com/photos/410446241/medium.jpeg,,"","",1,0,false,3,"Wichita Falls, TX, US",33.8558302546,-98.4781064406,104,,,,104,,open,false,,,Wild Boar,Sus scrofa,Wild Boar,Mammalia,42134
231292876,851a45f0-938e-4c96-abba-2bcfd35c3fe7,2024-07-07 22:00:17,2024-07-07,2024-07-08 05:00:17 +0200,Central Time (US & Canada),866069,frank-g,Frank Goodavish,2024-07-24 00:00:44 +0200,2024-07-24 06:59:41 +0200,research,,https://www.inaturalist.org/observations/231292876,https://static.inaturalist.org/photos/410774845/medium.jpeg,,"",,1,0,false,2,"Texas, US",30.6575562078,-103.8989300557,8849,,,,29330,obscured,open,true,gps,gps,Wild Boar,Sus scrofa,Wild Boar,Mammalia,42134
231309901,16a1e56d-7b01-4d77-9b58-4aab52cbcd49,2024-07-23,2024-07-23,,Central Time (US & Canada),4058142,christopherbentley04,Chris Bentley,2024-07-24 01:49:03 +0200,2024-07-24 02:28:00 +0200,research,CC-BY-NC,https://www.inaturalist.org/observations/231309901,https://inaturalist-open-data.s3.amazonaws.com/photos/410808212/medium.jpeg,,"",,1,0,false,2,"San Antonio, TX 78221, USA",29.3109559588,-98.4998549893,188,,,,188,,open,false,gps,gps,Wild Boar,Sus scrofa,Wild Boar,Mammalia,42134
231318393,73ae7131-e017-479a-a2d2-0bce65b3bc5e,2024-05-16 06:59:03,2024-05-16,2024-05-16 12:59:03 +0200,Eastern Time (US & Canada),1297171,roadmom,Michele,2024-07-24 02:48:34 +0200,2025-10-10 13:43:17 +0200,research,CC-BY-NC,https://www.inaturalist.org/observations/231318393,https://inaturalist-open-data.s3.amazonaws.com/photos/410825436/medium.jpeg,,"",,2,0,false,2,"Umatilla, FL 32784, USA",28.9984403221,-81.8328794092,199,,,,199,,open,false,gps,gps,Eurasian Wild Pig,Sus scrofa,Wild Boar,Mammalia,42134
231322380,c8fefd16-2466-4e7a-8187-cc41cea91c5c,2024/06/27 5:46 AM,2024-06-27,2024-06-27 14:46:00 +0200,Pacific Time (US & Canada),425694,helenh,Helen Hancock,2024-07-24 03:19:57 +0200,2024-07-24 03:36:20 +0200,research,CC-BY-NC,https://www.inaturalist.org/observations/231322380,https://inaturalist-open-data.s3.amazonaws.com/photos/410834047/medium.jpeg,,"","",1,0,false,,"Camp Ohlone, Alameda County, CA, USA",37.48913,-121.746,20,,,,20,,open,false,,,Wild Boar,Sus scrofa,Wild Boar,Mammalia,42134
231628844,9b96b683-1c1f-4c26-a361-098c69ad7de1,2024-05-18 19:30:10-05:00,2024-05-18,2024-05-19 02:30:10 +0200,Central Time (US & Canada),5713315,thesnakefromthelemma,,2024-07-25 17:08:49 +0200,2024-07-25 20:14:02 +0200,research,CC-BY-NC,https://www.inaturalist.org/observations/231628844,https://inaturalist-open-data.s3.amazonaws.com/photos/411417853/medium.jpeg,,"","AOR, at first I thought a small cow",3,0,false,3,"Brazoria National Wildlife Refuge, Freeport, TX, US",29.0607111667,-95.2620166667,5,,,,5,,open,false,,,Sus scrofa,Sus scrofa,Wild Boar,Mammalia,42134
231738763,ddf82bc4-16bd-4cd1-aabf-39264f2f6d94,2024/07/25 9:57 AM,2024-07-25,2024-07-25 16:57:00 +0200,Central Time (US & Canada),115786,oddfitz,Todd Fitzgerald,2024-07-26 03:22:56 +0200,2024-07-26 22:24:43 +0200,research,CC-BY-NC,https://www.inaturalist.org/observations/231738763,https://inaturalist-open-data.s3.amazonaws.com/photos/411627252/medium.jpeg,,"",,2,0,false,,"Fort Worth, TX, USA",32.7967883056,-97.1966366111,,,,,,,open,false,,,Wild Boar,Sus scrofa,Wild Boar,Mammalia,42134
231843204,b6f06f62-d034-489b-9934-f33ae7078ed1,2024-07-26 10:58:31,2024-07-26,2024-07-26 17:58:31 +0200,Central Time (US & Canada),8383322,lycan2,Lycan Thropian,2024-07-26 18:07:49 +0200,2024-07-26 18:59:03 +0200,research,,https://www.inaturalist.org/observations/231843204,https://static.inaturalist.org/photos/411828706/medium.jpeg,,"",,1,0,false,2,"Slidell, Louisiana 70461, Verenigde Staten",30.2414659997,-89.6772694,,,,,,,open,false,gps,gps,Everzwijn,Sus scrofa,Wild Boar,Mammalia,42134
231929680,681fb907-374a-4f7f-acae-2de877cd5a97,2024/05/11,2024-05-11,,Eastern Time (US & Canada),1065815,jrichardabbott,J. Richard Abbott,2024-07-27 01:50:17 +0200,2025-05-21 07:02:53 +0200,research,CC-BY-NC,https://www.inaturalist.org/observations/231929680,https://inaturalist-open-data.s3.amazonaws.com/photos/411984608/medium.jpeg,,"",,1,0,false,,"Hernando County, FL, USA",28.5498996369,-82.2570473178,16,,,,16,,open,false,,,Wild Boar,Sus scrofa,Wild Boar,Mammalia,42134
231930556,3dd0aaba-c438-4126-b9bf-34fd35175767,2024-07-23 14:41:08,2024-07-23,2024-07-23 20:41:08 +0200,Eastern Time (US & Canada),6729891,rcoristine,"",2024-07-27 01:56:54 +0200,2025-05-23 10:51:21 +0200,research,CC-BY-NC,https://www.inaturalist.org/observations/231930556,https://inaturalist-open-data.s3.amazonaws.com/photos/411988240/medium.jpeg,,"",,3,1,false,2,"Les Collines-de-l'Outaouais, CA-QC, CA",45.6551850881,-75.9336557239,14155,,,,14155,,open,false,gps,gps,Wild Boar,Sus scrofa,Wild Boar,Mammalia,42134
232074078,a1779957-d640-415a-92f4-cc6cd8da793d,2024/07/27 8:15 AM,2024-07-27,2024-07-27 15:15:00 +0200,Central Time (US & Canada),255751,bsandifer,Ben Sandifer,2024-07-27 19:35:34 +0200,2024-07-27 23:36:54 +0200,research,,https://www.inaturalist.org/observations/232074078,https://static.inaturalist.org/photos/412257353/medium.jpg,,"",,1,0,false,,"Dallas County, TX, USA",32.6431662764,-96.6653715389,61,,,,61,,open,false,,,Wild Boar,Sus scrofa,Wild Boar,Mammalia,42134
232144034,7f406527-3cdc-404e-879b-840d2bc5d319,2024-06-16 08:16:31-05:00,2024-06-16,2024-06-16 15:16:31 +0200,Central Time (US & Canada),5713315,thesnakefromthelemma,,2024-07-28 01:09:35 +0200,2024-07-28 01:11:15 +0200,research,CC-BY-NC,https://www.inaturalist.org/observations/232144034,https://inaturalist-open-data.s3.amazonaws.com/photos/412389081/medium.jpeg,,"",Tusks collected,1,0,false,3,"Missouri City, TX, US",29.5160866667,-95.5659416667,2638,,,,2638,,open,false,,,Sus scrofa,Sus scrofa,Wild Boar,Mammalia,42134
232288480,af365d68-ca72-4296-89c3-ffe8e7b32fab,2024-07-27 16:55:12-04:00,2024-07-27,2024-07-27 22:55:12 +0200,Eastern Time (US & Canada),7733378,ly-oh-nee-ah,,2024-07-28 18:03:54 +0200,2024-07-28 23:39:11 +0200,research,CC-BY-NC,https://www.inaturalist.org/observations/232288480,https://inaturalist-open-data.s3.amazonaws.com/photos/412665495/medium.jpeg,,"","",2,0,false,3,"Florida, US",27.544756742,-81.288399909,4,,,,29727,obscured,open,true,,,Wild Boar,Sus scrofa,Wild Boar,Mammalia,42134
232416382,7f65946f-6b95-4fbb-930c-52d73dd18197,2024-07-25 07:44:45,2024-07-25,2024-07-25 14:44:45 +0200,Central Time (US & Canada),4313246,noah_krivi,Noah Krivi,2024-07-29 04:44:40 +0200,2025-01-08 02:33:29 +0100,research,,https://www.inaturalist.org/observations/232416382,https://static.inaturalist.org/photos/412907005/medium.jpeg,,"",,3,1,false,2,"Texas, US",27.4845217846,-98.8092271877,,,,,29727,obscured,open,true,gps,gps,Eurasian Wild Pig,Sus scrofa,Wild Boar,Mammalia,42134
232417131,cb4c952e-563c-4bb9-95b3-ed6838941284,2024-07-28 12:24:53,2024-07-28,2024-07-28 19:24:53 +0200,Central Time (US & Canada),1955260,annieliveoak,"",2024-07-29 04:49:02 +0200,2024-07-29 06:29:55 +0200,research,CC-BY-NC,https://www.inaturalist.org/observations/232417131,https://inaturalist-open-data.s3.amazonaws.com/photos/412908230/medium.jpeg,,"",Backbone Ridge Trail.  Noisy hog group foraging nearby. Chicot State Park ,2,0,false,2,"Ville Platte, LA 70586, USA",30.8041033,-92.3027079997,,,,,,,open,false,gps,gps,Wild Boar,Sus scrofa,Wild Boar,Mammalia,42134
232599461,8a95efc4-1a56-4b61-8335-e3542a825fde,2024-07-29 07:50:00-04:00,2024-07-29,2024-07-29 13:50:00 +0200,Eastern Time (US & Canada),2625630,karissa_e,,2024-07-30 01:41:52 +0200,2024-07-30 02:13:53 +0200,research,,https://www.inaturalist.org/observations/232599461,https://static.inaturalist.org/photos/413255857/medium.jpeg,,"","",1,0,false,3,"Econlockhatchee River, Chuluota, FL, US",28.6829561557,-81.1381261452,83,,,,83,,open,false,,,Wild Boar,Sus scrofa,Wild Boar,Mammalia,42134
232645632,78be80f8-0071-4970-a88e-8ce96dde6374,2024-06-29 22:32:46-07:00,2024-06-29,2024-06-30 07:32:46 +0200,Pacific Time (US & Canada),548752,puanow,Paul Taylor,2024-07-30 08:09:35 +0200,2024-08-29 16:28:33 +0200,research,,https://www.inaturalist.org/observations/232645632,https://static.inaturalist.org/photos/413347735/medium.jpeg,,"","",2,0,false,3,"Mountain House Rd, Hopland, CA, US",38.9100533333,-123.0884638333,4,,,,4,,open,false,,,Wild Boar,Sus scrofa,Wild Boar,Mammalia,42134
232780768,4acf628e-e56f-498a-94c7-f2cd0cd0f7c1,2024/07/21 6:37 AM,2024-07-21,2024-07-21 13:37:00 +0200,Central Time (US & Canada),931776,johnhboldt,John Boldt,2024-07-30 23:55:14 +0200,2025-05-23 10:51:32 +0200,research,CC-BY-NC,https://www.inaturalist.org/observations/232780768,https://inaturalist-open-data.s3.amazonaws.com/photos/413602335/medium.jpeg,,"",4 piglets near mother,1,0,false,,"Jackson County, AL, USA",34.8084443555,-86.0311021714,61,,,,61,,open,false,,,Domestic Pig,Sus scrofa domesticus,Domestic Pig,Mammalia,324492
232799354,d6594cf6-d628-4885-8710-c7ba7f9180de,2024-07-30 15:06:23,2024-07-30,2024-07-30 21:06:23 +0200,Eastern Time (US & Canada),1233583,niholcroft,Nancy Holcroft Benson,2024-07-31 01:45:49 +0200,2024-07-31 18:27:58 +0200,research,CC-BY-NC,https://www.inaturalist.org/observations/232799354,https://inaturalist-open-data.s3.amazonaws.com/photos/413640128/medium.jpeg,,"",,1,0,false,2,"Brevard County, FL, USA",28.6574176997,-80.7622388,,,,,,,open,false,gps,gps,Wild Boar,Sus scrofa,Wild Boar,Mammalia,42134
232837000,77a7ca55-d095-493a-85ee-16e7e3f0733c,2024/07/23 5:56 AM,2024-07-23,2024-07-23 12:56:00 +0200,Central Time (US & Canada),1595749,jcochran706,Jack Cochran,2024-07-31 06:13:50 +0200,2024-07-31 11:15:52 +0200,research,CC-BY-NC,https://www.inaturalist.org/observations/232837000,https://inaturalist-open-data.s3.amazonaws.com/photos/413714777/medium.jpeg,,crpj,Creek that flows into drying wider pool.,1,0,false,,"Texas, US",30.9327743202,-97.6008040007,4,,,,29304,obscured,open,true,,,Wild Boar,Sus scrofa,Wild Boar,Mammalia,42134
232837002,cffd376b-bf8a-48dc-a68e-0b38d38de972,2024/07/24 6:00 AM,2024-07-24,2024-07-24 13:00:00 +0200,Central Time (US & Canada),1595749,jcochran706,Jack Cochran,2024-07-31 06:13:51 +0200,2024-07-31 11:15:42 +0200,research,CC-BY-NC,https://www.inaturalist.org/observations/232837002,https://inaturalist-open-data.s3.amazonaws.com/photos/413714795/medium.jpeg,,crpj,Creek that flows into drying wider pool.,1,0,false,,"Texas, US",30.9910977559,-97.6024239752,4,,,,29304,obscured,open,true,,,Wild Boar,Sus scrofa,Wild Boar,Mammalia,42134
232837015,2a66b793-6f6c-4964-8644-43208dd324bd,2024/07/27 4:15 AM,2024-07-27,2024-07-27 11:15:00 +0200,Central Time (US & Canada),1595749,jcochran706,Jack Cochran,2024-07-31 06:13:55 +0200,2024-07-31 15:29:35 +0200,research,CC-BY-NC,https://www.inaturalist.org/observations/232837015,https://inaturalist-open-data.s3.amazonaws.com/photos/413714845/medium.jpeg,,crpj,Creek that flows into drying wider pool.,1,0,false,,"Texas, US",30.9253059141,-97.6747932141,4,,,,29304,obscured,open,true,,,Wild Boar,Sus scrofa,Wild Boar,Mammalia,42134
232837991,e8dbca72-abe0-4157-a6f8-13dd1ed1ea92,2024/07/22 9:18 PM,2024-07-22,2024-07-23 04:18:00 +0200,Central Time (US & Canada),1595749,jcochran706,Jack Cochran,2024-07-31 06:23:39 +0200,2024-07-31 11:14:59 +0200,research,CC-BY-NC,https://www.inaturalist.org/observations/232837991,https://inaturalist-open-data.s3.amazonaws.com/photos/413716415/medium.jpeg,,crpj,"On drying creek, just upstream from wooden well.",1,0,false,,"Texas, US",30.9461089785,-97.6597055458,4,,,,29304,obscured,open,true,,,Wild Boar,Sus scrofa,Wild Boar,Mammalia,42134
232837996,7f51a088-1f0e-48d8-835e-154187957f7b,2024/07/23 5:46 AM,2024-07-23,2024-07-23 12:46:00 +0200,Central Time (US & Canada),1595749,jcochran706,Jack Cochran,2024-07-31 06:23:40 +0200,2024-07-31 11:14:29 +0200,research,CC-BY-NC,https://www.inaturalist.org/observations/232837996,https://inaturalist-open-data.s3.amazonaws.com/photos/413716437/medium.jpeg,,crpj,"On drying creek, just upstream from wooden well.",1,0,false,,"Texas, US",30.865010398,-97.7611270329,4,,,,29304,obscured,open,true,,,Wild Boar,Sus scrofa,Wild Boar,Mammalia,42134
232837997,2d2619a2-2175-4814-bf56-aba9896cf62b,2024/07/23 5:54 AM,2024-07-23,2024-07-23 12:54:00 +0200,Central Time (US & Canada),1595749,jcochran706,Jack Cochran,2024-07-31 06:23:41 +0200,2024-07-31 11:14:21 +0200,research,CC-BY-NC,https://www.inaturalist.org/observations/232837997,https://inaturalist-open-data.s3.amazonaws.com/photos/413716450/medium.jpeg,,crpj,"On drying creek, just upstream from wooden well.",1,0,false,,"Texas, US",30.9412517689,-97.7698538981,4,,,,29304,obscured,open,true,,,Wild Boar,Sus scrofa,Wild Boar,Mammalia,42134
232838017,0e1e02d9-cd7e-453a-988d-88fb83ecdbc8,2024/07/26 12:40 AM,2024-07-26,2024-07-26 07:40:00 +0200,Central Time (US & Canada),1595749,jcochran706,Jack Cochran,2024-07-31 06:23:46 +0200,2024-07-31 11:12:34 +0200,research,CC-BY-NC,https://www.inaturalist.org/observations/232838017,https://inaturalist-open-data.s3.amazonaws.com/photos/413716555/medium.jpeg,,crpj,"On drying creek, just upstream from wooden well.",1,0,false,,"Texas, US",30.8745179539,-97.7192449767,4,,,,29304,obscured,open,true,,,Wild Boar,Sus scrofa,Wild Boar,Mammalia,42134
232838018,d1c79675-d1f5-4264-9dcf-04d7a9ecf37c,2024/07/26 12:44 AM,2024-07-26,2024-07-26 07:44:00 +0200,Central Time (US & Canada),1595749,jcochran706,Jack Cochran,2024-07-31 06:23:46 +0200,2024-07-31 11:12:15 +0200,research,CC-BY-NC,https://www.inaturalist.org/observations/232838018,https://inaturalist-open-data.s3.amazonaws.com/photos/413716558/medium.jpeg,,crpj,"On drying creek, just upstream from wooden well.",1,0,false,,"Texas, US",30.9210806017,-97.6566739751,4,,,,29304,obscured,open,true,,,Wild Boar,Sus scrofa,Wild Boar,Mammalia,42134
232838019,0e5642e2-3abb-4ad2-a745-00cec198e61f,2024/07/26 2:40 AM,2024-07-26,2024-07-26 09:40:00 +0200,Central Time (US & Canada),1595749,jcochran706,Jack Cochran,2024-07-31 06:23:46 +0200,2024-07-31 11:12:04 +0200,research,CC-BY-NC,https://www.inaturalist.org/observations/232838019,https://inaturalist-open-data.s3.amazonaws.com/photos/413716562/medium.jpeg,,crpj,"On drying creek, just upstream from wooden well.",1,0,false,,"Texas, US",30.9512920246,-97.6498077432,4,,,,29304,obscured,open,true,,,Wild Boar,Sus scrofa,Wild Boar,Mammalia,42134
232838024,66280780-d90f-4126-b7d1-df9b784d244e,2024/07/26 5:13 AM,2024-07-26,2024-07-26 12:13:00 +0200,Central Time (US & Canada),1595749,jcochran706,Jack Cochran,2024-07-31 06:23:48 +0200,2024-07-31 11:11:24 +0200,research,CC-BY-NC,https://www.inaturalist.org/observations/232838024,https://inaturalist-open-data.s3.amazonaws.com/photos/413716577/medium.jpeg,,crpj,"On drying creek, just upstream from wooden well.",1,0,false,,"Texas, US",30.9221026615,-97.7451600705,4,,,,29304,obscured,open,true,,,Wild Boar,Sus scrofa,Wild Boar,Mammalia,42134
232838025,60c80fba-0f19-4270-96ce-d5ea7e59a9dd,2024/07/26 5:15 AM,2024-07-26,2024-07-26 12:15:00 +0200,Central Time (US & Canada),1595749,jcochran706,Jack Cochran,2024-07-31 06:23:48 +0200,2024-07-31 11:11:13 +0200,research,CC-BY-NC,https://www.inaturalist.org/observations/232838025,https://inaturalist-open-data.s3.amazonaws.com/photos/413716587/medium.jpeg,,crpj,"On drying creek, just upstream from wooden well.",1,0,false,,"Texas, US",30.9621359311,-97.7550198477,4,,,,29304,obscured,open,true,,,Wild Boar,Sus scrofa,Wild Boar,Mammalia,42134
232838539,b8d09ca8-1cc8-4f21-b638-1deedebb7c86,2024/07/22 3:55 AM,2024-07-22,2024-07-22 10:55:00 +0200,Central Time (US & Canada),1595749,jcochran706,Jack Cochran,2024-07-31 06:27:56 +0200,2024-07-31 07:41:28 +0200,research,CC-BY-NC,https://www.inaturalist.org/observations/232838539,https://inaturalist-open-data.s3.amazonaws.com/photos/413718313/medium.jpeg,,crpj,On fence at creek.,1,0,false,,"Texas, US",30.8573168809,-97.6850558848,4,,,,29304,obscured,open,true,,,Wild Boar,Sus scrofa,Wild Boar,Mammalia,42134
232838543,0abb1c1c-c426-419b-926f-999d9bb79e9a,2024/07/23 2:02 AM,2024-07-23,2024-07-23 09:02:00 +0200,Central Time (US & Canada),1595749,jcochran706,Jack Cochran,2024-07-31 06:27:58 +0200,2024-07-31 07:41:17 +0200,research,CC-BY-NC,https://www.inaturalist.org/observations/232838543,https://inaturalist-open-data.s3.amazonaws.com/photos/413718327/medium.jpeg,,crpj,On fence at creek.,1,0,false,,"Texas, US",30.889674849,-97.6777452432,4,,,,29304,obscured,open,true,,,Wild Boar,Sus scrofa,Wild Boar,Mammalia,42134
232838547,fc4b972c-162e-4793-a80b-20f7e8326e83,2024/07/25 2:50 AM,2024-07-25,2024-07-25 09:50:00 +0200,Central Time (US & Canada),1595749,jcochran706,Jack Cochran,2024-07-31 06:27:59 +0200,2024-07-31 07:40:53 +0200,research,CC-BY-NC,https://www.inaturalist.org/observations/232838547,https://inaturalist-open-data.s3.amazonaws.com/photos/413718346/medium.jpeg,,crpj,On fence at creek.,1,0,false,,"Texas, US",30.8353077205,-97.7082811877,4,,,,29304,obscured,open,true,,,Wild Boar,Sus scrofa,Wild Boar,Mammalia,42134
232924624,98a121aa-2381-4e70-8b92-328bf2afc7be,2024/07/06 8:05 PM,2024-07-06,2024-07-07 03:05:00 +0200,Central Time (US & Canada),5514437,steve13c,Steven Connolly,2024-07-31 18:37:14 +0200,2024-08-06 04:02:39 +0200,research,,https://www.inaturalist.org/observations/232924624,https://static.inaturalist.org/photos/413881354/medium.jpeg,,"",,1,0,false,,"Bexar County, TX, USA",29.625058,-98.697549,,,,,,,open,false,,,Wild Boar,Sus scrofa,Wild Boar,Mammalia,42134
232927141,e532d489-5a30-4a21-8e33-3caff339cdb8,2024/07/12 6:44 AM,2024-07-12,2024-07-12 13:44:00 +0200,Central Time (US & Canada),5514437,steve13c,Steven Connolly,2024-07-31 18:49:38 +0200,2024-08-06 03:59:05 +0200,research,,https://www.inaturalist.org/observations/232927141,https://static.inaturalist.org/photos/413884510/medium.jpeg,,"",,1,0,false,,"Bexar County, TX, USA",29.625058,-98.697549,,,,,,,open,false,,,Wild Boar,Sus scrofa,Wild Boar,Mammalia,42134
232928436,09172903-c982-407b-8b8c-05b16ed8197d,2024/07/14 7:30 AM,2024-07-14,2024-07-14 14:30:00 +0200,Central Time (US & Canada),5514437,steve13c,Steven Connolly,2024-07-31 18:55:53 +0200,2024-08-06 03:58:13 +0200,research,,https://www.inaturalist.org/observations/232928436,https://static.inaturalist.org/photos/413887687/medium.jpeg,,"",,2,0,false,,"Bexar County, TX, USA",29.625058,-98.697549,,,,,,,open,false,,,Wild Boar,Sus scrofa,Wild Boar,Mammalia,42134
232929067,d8a7f2e6-20c6-430f-9edb-5bb7664a1825,2024/07/16 9:40 PM,2024-07-16,2024-07-17 04:40:00 +0200,Central Time (US & Canada),5514437,steve13c,Steven Connolly,2024-07-31 18:59:48 +0200,2024-08-06 03:57:47 +0200,research,,https://www.inaturalist.org/observations/232929067,https://static.inaturalist.org/photos/413889185/medium.jpeg,,"",,1,0,false,,"Bexar County, TX, USA",29.625058,-98.697549,,,,,,,open,false,,,Wild Boar,Sus scrofa,Wild Boar,Mammalia,42134
232929906,4d6e1e83-b177-403d-8000-93293e9a0664,2024/07/19 4:02 AM,2024-07-19,2024-07-19 11:02:00 +0200,Central Time (US & Canada),5514437,steve13c,Steven Connolly,2024-07-31 19:03:47 +0200,2024-08-06 03:57:37 +0200,research,,https://www.inaturalist.org/observations/232929906,https://static.inaturalist.org/photos/413890668/medium.jpeg,,"",,2,0,false,,"Bexar County, TX, USA",29.625058,-98.697549,,,,,,,open,false,,,Wild Boar,Sus scrofa,Wild Boar,Mammalia,42134
232935421,41b6ee3f-fca9-49ca-849e-b9257480f05c,2024/07/15 11:25 PM,2024-07-15,2024-07-16 06:25:00 +0200,Central Time (US & Canada),3571199,rollingplainst,rollingplainst,2024-07-31 19:34:04 +0200,2024-08-08 19:20:14 +0200,research,CC-BY-NC,https://www.inaturalist.org/observations/232935421,https://inaturalist-open-data.s3.amazonaws.com/photos/413900413/medium.jpg,,"","",1,0,false,,"Texas, US",32.6258141859,-99.7139198886,36,,,,29066,obscured,open,true,,,Wild Boar,Sus scrofa,Wild Boar,Mammalia,42134
232958765,c84d3233-b2a2-4c91-8420-7d91d9006972,2024-07-27 23:34:32-05:00,2024-07-27,2024-07-28 06:34:32 +0200,Central Time (US & Canada),8382810,hurtadomonse,,2024-07-31 21:46:14 +0200,2024-08-18 06:17:11 +0200,research,CC-BY-NC,https://www.inaturalist.org/observations/232958765,https://inaturalist-open-data.s3.amazonaws.com/photos/413946985/medium.jpeg,,"","",2,0,false,3,"Hawley, TX, US",32.602511,-99.811617,1394,,,,1394,,open,false,,,Wild Boar,Sus scrofa,Wild Boar,Mammalia,42134
232964443,fe9ab16f-46c2-456f-bde2-60f57307c481,2024-07-30 18:17:40-05:00,2024-07-30,2024-07-31 01:17:40 +0200,Central Time (US & Canada),2322112,backyard_conservancy,John Tharp,2024-07-31 22:22:54 +0200,2025-08-08 02:06:16 +0200,research,,https://www.inaturalist.org/observations/232964443,https://static.inaturalist.org/photos/413958803/medium.jpeg,,"",Someday this will be a fossil ,1,0,false,3,"Texas, US",31.9253336127,-95.915533217,23,,,,29173,obscured,open,true,,,Eurasian Wild Pig,Sus scrofa,Wild Boar,Mammalia,42134
233106488,a0b96925-3887-44a9-aaa3-19ab87b2ed88,2024-07-31 07:04:00-05:00,2024-07-31,2024-07-31 14:04:00 +0200,Central Time (US & Canada),277496,codystricker,Cody Stricker,2024-08-01 17:42:35 +0200,2025-03-19 07:15:34 +0100,research,CC-BY,https://www.inaturalist.org/observations/233106488,https://inaturalist-open-data.s3.amazonaws.com/photos/414232204/medium.jpeg,,"","",1,0,false,3,"Spring Branch, TX, US",29.9536970949,-98.4292483459,23,,,,23,,open,false,,,Wild Boar,Sus scrofa,Wild Boar,Mammalia,42134
233106515,0c7b9416-62df-48ab-b2f2-4c9e90dd8ed8,2024-07-20 07:23:00-05:00,2024-07-20,2024-07-20 14:23:00 +0200,Central Time (US & Canada),277496,codystricker,Cody Stricker,2024-08-01 17:42:44 +0200,2024-08-01 23:49:46 +0200,research,CC-BY,https://www.inaturalist.org/observations/233106515,https://inaturalist-open-data.s3.amazonaws.com/photos/414232240/medium.jpeg,,"","",1,0,false,3,"Spring Branch, TX, US",29.9536777732,-98.4291811534,23,,,,23,,open,false,,,Wild Boar,Sus scrofa,Wild Boar,Mammalia,42134
233120010,639dce02-522d-47fd-bc68-1ca6804a303e,2024-08-01 07:59:38-05:00,2024-08-01,2024-08-01 14:59:38 +0200,Central Time (US & Canada),1461439,nathanmayflower,Nathan May,2024-08-01 18:54:19 +0200,2024-08-02 00:19:01 +0200,research,CC-BY,https://www.inaturalist.org/observations/233120010,https://inaturalist-open-data.s3.amazonaws.com/photos/414257081/medium.jpeg,,"","",2,0,false,3,"Trinity River Audubon Center, Dallas, TX, US",32.7023233333,-96.70587,,,,,,,open,false,,,Wild Boar,Sus scrofa,Wild Boar,Mammalia,42134
233173891,e25b6e1c-bdc1-4d03-a537-7590a5873975,2024-08-01 11:38:45,2024-08-01,2024-08-01 18:38:45 +0200,Central Time (US & Canada),665120,jeffwilson2,Jeff Wilson,2024-08-01 23:57:14 +0200,2024-08-02 22:07:02 +0200,research,CC-BY,https://www.inaturalist.org/observations/233173891,https://inaturalist-open-data.s3.amazonaws.com/photos/414360071/medium.jpeg,,"",,1,0,false,2,"Lafayette County, US-MS, US",34.529006,-89.4447571,,,,,,,open,false,gps,gps,Wild Boar,Sus scrofa,Wild Boar,Mammalia,42134
233176037,37668a64-a768-4b52-a6ea-4b06276c2620,2024-08-01 13:38:38,2024-08-01,2024-08-01 20:38:38 +0200,Central Time (US & Canada),665120,jeffwilson2,Jeff Wilson,2024-08-02 00:12:23 +0200,2024-08-02 22:06:28 +0200,research,CC-BY,https://www.inaturalist.org/observations/233176037,https://inaturalist-open-data.s3.amazonaws.com/photos/414364083/medium.jpeg,,"",,1,0,false,2,"Marshall County, US-MS, US",34.52762719,-89.43768329,3,,,,3,,open,false,,,Wild Boar,Sus scrofa,Wild Boar,Mammalia,42134
233205227,07200f69-db22-4a80-bbe5-13f5fd2cd0a0,2024-08-01 16:45:43,2024-08-01,2024-08-02 01:45:43 +0200,Pacific Time (US & Canada),8385466,mmasuen,,2024-08-02 03:52:58 +0200,2024-08-03 02:36:44 +0200,research,CC-BY-NC,https://www.inaturalist.org/observations/233205227,https://inaturalist-open-data.s3.amazonaws.com/photos/414422991/medium.jpeg,,"",4:45 PM,1,0,false,2,"North Fork, CA 93643, USA",37.1694552278,-119.3744500726,54692,,,,54692,,open,false,gps,gps,Wild Boar,Sus scrofa,Wild Boar,Mammalia,42134
233236789,f08658f1-82c1-4718-bfc8-ab222397a607,2024-08-01 20:07:32-05:00,2024-08-01,2024-08-02 03:07:32 +0200,Central Time (US & Canada),8147452,mwoods42,Malcolm Woods-Smith,2024-08-02 09:19:55 +0200,2024-08-07 07:13:03 +0200,research,CC-BY-NC,https://www.inaturalist.org/observations/233236789,https://inaturalist-open-data.s3.amazonaws.com/photos/414484304/medium.jpeg,,"","",2,0,false,3,"Texas, US",29.8693426693,-98.7132487981,372,,,,29433,obscured,open,true,,,Wild Boar,Sus scrofa,Wild Boar,Mammalia,42134
233599606,45de062a-82ee-4233-9590-8a10b8ea5342,2024-07-24 02:10:00-05:00,2024-07-24,2024-07-24 09:10:00 +0200,Central Time (US & Canada),8401409,bodew,,2024-08-04 01:37:33 +0200,2024-08-05 00:06:23 +0200,research,CC-BY-NC,https://www.inaturalist.org/observations/233599606,https://inaturalist-open-data.s3.amazonaws.com/photos/415164722/medium.jpeg,,"","",2,0,false,3,"County Road 207, Falls City, TX, US",29.0051209083,-98.1100579759,44576,,,,44576,,open,false,,,Wild Boar,Sus scrofa,Wild Boar,Mammalia,42134
233601358,9abdd485-86c4-4c82-9f5a-e91f362ca6db,2024-08-01 10:22:51-07:00,2024-08-01,2024-08-01 19:22:51 +0200,Pacific Time (US & Canada),6684916,kris_h,kristen (she/her),2024-08-04 01:49:15 +0200,2025-03-13 03:13:14 +0100,research,,https://www.inaturalist.org/observations/233601358,https://static.inaturalist.org/photos/415168643/medium.jpeg,,"","",1,0,false,3,"Hollister, CA, US",36.9729116667,-121.4577633333,3,,,,3,,open,false,,,Wild Boar,Sus scrofa,Wild Boar,Mammalia,42134
233758582,b6b19b23-0cfe-4be6-baf1-bc4c7ef3b918,2024/07/12 4:58 AM,2024-07-12,2024-07-12 11:58:00 +0200,Central Time (US & Canada),5908589,dillon_kyle,Dillon Tiller,2024-08-04 19:43:14 +0200,2024-08-05 00:03:58 +0200,research,CC-BY-NC,https://www.inaturalist.org/observations/233758582,https://inaturalist-open-data.s3.amazonaws.com/photos/415466649/medium.jpeg,,crpj,Oak woodland,1,0,false,,"Williamson County, TX, USA",30.8480136094,-97.6427892675,5,,,,5,,open,false,,,Wild Boar,Sus scrofa,Wild Boar,Mammalia,42134
233758589,b13dc60a-778f-49c6-944d-1abf70c0ae4f,2024/07/14 2:21 AM,2024-07-14,2024-07-14 09:21:00 +0200,Central Time (US & Canada),5908589,dillon_kyle,Dillon Tiller,2024-08-04 19:43:15 +0200,2024-08-05 00:03:57 +0200,research,CC-BY-NC,https://www.inaturalist.org/observations/233758589,https://inaturalist-open-data.s3.amazonaws.com/photos/415466705/medium.jpeg,,crpj,Oak woodland,1,0,false,,"Williamson County, TX, USA",30.8480136094,-97.6427892675,5,,,,5,,open,false,,,Wild Boar,Sus scrofa,Wild Boar,Mammalia,42134
233834962,15f051a0-fa0c-4313-87a9-e06088635768,2024/07/28 1:42 AM,2024-07-28,2024-07-28 08:42:00 +0200,Central Time (US & Canada),1595749,jcochran706,Jack Cochran,2024-08-05 01:38:27 +0200,2024-08-06 05:48:32 +0200,research,CC-BY-NC,https://www.inaturalist.org/observations/233834962,https://inaturalist-open-data.s3.amazonaws.com/photos/415611662/medium.jpeg,,crpj,Dry creek upstream from springs.,1,0,false,,"Texas, US",30.9191928507,-97.6535629131,4,,,,29304,obscured,open,true,,,Wild Boar,Sus scrofa,Wild Boar,Mammalia,42134
233836287,be39725e-37d0-4d30-88e1-d5aaa27b48b4,2024/07/27 10:26 PM,2024-07-27,2024-07-28 05:26:00 +0200,Central Time (US & Canada),1595749,jcochran706,Jack Cochran,2024-08-05 01:47:18 +0200,2024-08-05 03:44:25 +0200,research,CC-BY-NC,https://www.inaturalist.org/observations/233836287,https://inaturalist-open-data.s3.amazonaws.com/photos/415614070/medium.jpeg,,crpj,"On drying creek, just upstream from wooden well.",1,0,false,,"Texas, US",30.8769017222,-97.7106062209,4,,,,29304,obscured,open,true,,,Wild Boar,Sus scrofa,Wild Boar,Mammalia,42134
233836313,8573bd36-8bd8-4439-a356-fbff8ec97575,2024/08/03 6:10 AM,2024-08-03,2024-08-03 13:10:00 +0200,Central Time (US & Canada),1595749,jcochran706,Jack Cochran,2024-08-05 01:47:24 +0200,2024-08-05 03:42:47 +0200,research,CC-BY-NC,https://www.inaturalist.org/observations/233836313,https://inaturalist-open-data.s3.amazonaws.com/photos/415614191/medium.jpeg,,crpj,"On drying creek, just upstream from wooden well.",1,0,false,,"Texas, US",30.8769044233,-97.7661005209,4,,,,29304,obscured,open,true,,,Wild Boar,Sus scrofa,Wild Boar,Mammalia,42134
233836320,3b187c99-5be7-4e09-b2ce-eb2a63e45977,2024/08/04 5:29 AM,2024-08-04,2024-08-04 12:29:00 +0200,Central Time (US & Canada),1595749,jcochran706,Jack Cochran,2024-08-05 01:47:26 +0200,2024-08-05 03:43:30 +0200,research,CC-BY-NC,https://www.inaturalist.org/observations/233836320,https://inaturalist-open-data.s3.amazonaws.com/photos/415614222/medium.jpeg,,crpj,"On drying creek, just upstream from wooden well.",1,0,false,,"Texas, US",30.9066690601,-97.7862143443,4,,,,29304,obscured,open,true,,,Wild Boar,Sus scrofa,Wild Boar,Mammalia,42134
233837294,4ead7dbb-61b3-4aa9-b857-108ff748f189,2024/07/29 11:26 PM,2024-07-29,2024-07-30 06:26:00 +0200,Central Time (US & Canada),1595749,jcochran706,Jack Cochran,2024-08-05 01:53:44 +0200,2024-08-05 03:42:37 +0200,research,CC-BY-NC,https://www.inaturalist.org/observations/233837294,https://inaturalist-open-data.s3.amazonaws.com/photos/415617281/medium.jpeg,,crpj,Animal trail uphill from creek as it flows from fence-line.,1,0,false,,"Texas, US",30.8026065907,-97.6549184097,4,,,,29304,obscured,open,true,,,Wild Boar,Sus scrofa,Wild Boar,Mammalia,42134
233837295,c7791a3c-4633-47fe-9edf-807e985a5f9e,2024/07/29 11:58 PM,2024-07-29,2024-07-30 06:58:00 +0200,Central Time (US & Canada),1595749,jcochran706,Jack Cochran,2024-08-05 01:53:44 +0200,2024-08-05 03:42:36 +0200,research,CC-BY-NC,https://www.inaturalist.org/observations/233837295,https://inaturalist-open-data.s3.amazonaws.com/photos/415617287/medium.jpeg,,crpj,Animal trail uphill from creek as it flows from fence-line.,1,0,false,,"Texas, US",30.812902748,-97.6795391844,4,,,,29304,obscured,open,true,,,Wild Boar,Sus scrofa,Wild Boar,Mammalia,42134
233837296,007ea8a0-1edb-4451-9477-55a2d48db78c,2024/07/30 1:48 AM,2024-07-30,2024-07-30 08:48:00 +0200,Central Time (US & Canada),1595749,jcochran706,Jack Cochran,2024-08-05 01:53:44 +0200,2024-08-05 03:42:35 +0200,research,CC-BY-NC,https://www.inaturalist.org/observations/233837296,https://inaturalist-open-data.s3.amazonaws.com/photos/415617288/medium.jpeg,,crpj,Animal trail uphill from creek as it flows from fence-line.,1,0,false,,"Texas, US",30.8280893862,-97.605572906,4,,,,29304,obscured,open,true,,,Wild Boar,Sus scrofa,Wild Boar,Mammalia,42134
233837298,725dfcf5-1df4-4c06-822b-df28fc35609c,2024/07/31 12:07 AM,2024-07-31,2024-07-31 07:07:00 +0200,Central Time (US & Canada),1595749,jcochran706,Jack Cochran,2024-08-05 01:53:45 +0200,2024-08-05 03:42:34 +0200,research,CC-BY-NC,https://www.inaturalist.org/observations/233837298,https://inaturalist-open-data.s3.amazonaws.com/photos/415617307/medium.jpeg,,crpj,Animal trail uphill from creek as it flows from fence-line.,1,0,false,,"Texas, US",30.9281352346,-97.6877522044,4,,,,29304,obscured,open,true,,,Wild Boar,Sus scrofa,Wild Boar,Mammalia,42134
233837299,329b8688-99c2-418f-9946-a84512c01036,2024/07/31 5:04 AM,2024-07-31,2024-07-31 12:04:00 +0200,Central Time (US & Canada),1595749,jcochran706,Jack Cochran,2024-08-05 01:53:45 +0200,2024-08-05 03:42:29 +0200,research,CC-BY-NC,https://www.inaturalist.org/observations/233837299,https://inaturalist-open-data.s3.amazonaws.com/photos/415617314/medium.jpeg,,crpj,Animal trail uphill from creek as it flows from fence-line.,1,0,false,,"Texas, US",30.9606399137,-97.6239051737,4,,,,29304,obscured,open,true,,,Wild Boar,Sus scrofa,Wild Boar,Mammalia,42134
233837300,b362c34b-8aac-440e-8d30-03839d63d588,2024/08/01 12:09 AM,2024-08-01,2024-08-01 07:09:00 +0200,Central Time (US & Canada),1595749,jcochran706,Jack Cochran,2024-08-05 01:53:45 +0200,2024-08-05 03:42:28 +0200,research,CC-BY-NC,https://www.inaturalist.org/observations/233837300,https://inaturalist-open-data.s3.amazonaws.com/photos/415617308/medium.jpeg,,crpj,Animal trail uphill from creek as it flows from fence-line.,1,0,false,,"Texas, US",30.8170801979,-97.6554587097,4,,,,29304,obscured,open,true,,,Wild Boar,Sus scrofa,Wild Boar,Mammalia,42134
233837302,ebd3ebf2-9065-45aa-bbd7-c261de7be0bc,2024/08/02 1:28 AM,2024-08-02,2024-08-02 08:28:00 +0200,Central Time (US & Canada),1595749,jcochran706,Jack Cochran,2024-08-05 01:53:46 +0200,2024-08-05 03:42:27 +0200,research,CC-BY-NC,https://www.inaturalist.org/observations/233837302,https://inaturalist-open-data.s3.amazonaws.com/photos/415617325/medium.jpeg,,crpj,Animal trail uphill from creek as it flows from fence-line.,1,0,false,,"Texas, US",30.8788792976,-97.6637361362,4,,,,29304,obscured,open,true,,,Wild Boar,Sus scrofa,Wild Boar,Mammalia,42134
233837303,84ae4c87-db39-49eb-b51e-781ee71eb0c3,2024/08/02 3:03 AM,2024-08-02,2024-08-02 10:03:00 +0200,Central Time (US & Canada),1595749,jcochran706,Jack Cochran,2024-08-05 01:53:46 +0200,2024-08-05 03:42:26 +0200,research,CC-BY-NC,https://www.inaturalist.org/observations/233837303,https://inaturalist-open-data.s3.amazonaws.com/photos/415617331/medium.jpeg,,crpj,Animal trail uphill from creek as it flows from fence-line.,1,0,false,,"Texas, US",30.9383633047,-97.7616055153,4,,,,29304,obscured,open,true,,,Wild Boar,Sus scrofa,Wild Boar,Mammalia,42134
233837304,9791e9fc-f22d-449d-8cf0-7a0862fa093b,2024/08/02 3:46 AM,2024-08-02,2024-08-02 10:46:00 +0200,Central Time (US & Canada),1595749,jcochran706,Jack Cochran,2024-08-05 01:53:47 +0200,2024-08-05 03:42:26 +0200,research,CC-BY-NC,https://www.inaturalist.org/observations/233837304,https://inaturalist-open-data.s3.amazonaws.com/photos/415617329/medium.jpeg,,crpj,Animal trail uphill from creek as it flows from fence-line.,1,0,false,,"Texas, US",30.9776040983,-97.7887456413,4,,,,29304,obscured,open,true,,,Wild Boar,Sus scrofa,Wild Boar,Mammalia,42134
233837309,6a22750e-e85e-4810-9411-03c5ffd10824,2024/08/03 12:16 AM,2024-08-03,2024-08-03 07:16:00 +0200,Central Time (US & Canada),1595749,jcochran706,Jack Cochran,2024-08-05 01:53:48 +0200,2024-08-05 03:42:20 +0200,research,CC-BY-NC,https://www.inaturalist.org/observations/233837309,https://inaturalist-open-data.s3.amazonaws.com/photos/415617351/medium.jpeg,,crpj,Animal trail uphill from creek as it flows from fence-line.,1,0,false,,"Texas, US",30.846350078,-97.7791558375,4,,,,29304,obscured,open,true,,,Wild Boar,Sus scrofa,Wild Boar,Mammalia,42134
233837313,f53464fe-b1b3-48aa-8830-55ef11136909,2024/08/03 2:39 AM,2024-08-03,2024-08-03 09:39:00 +0200,Central Time (US & Canada),1595749,jcochran706,Jack Cochran,2024-08-05 01:53:48 +0200,2024-08-05 03:42:19 +0200,research,CC-BY-NC,https://www.inaturalist.org/observations/233837313,https://inaturalist-open-data.s3.amazonaws.com/photos/415617358/medium.jpeg,,crpj,Animal trail uphill from creek as it flows from fence-line.,1,0,false,,"Texas, US",30.8735418655,-97.7321893918,4,,,,29304,obscured,open,true,,,Wild Boar,Sus scrofa,Wild Boar,Mammalia,42134
233837314,c854e390-21ba-44f4-abf7-5b7dcf401b2f,2024/08/03 2:41 AM,2024-08-03,2024-08-03 09:41:00 +0200,Central Time (US & Canada),1595749,jcochran706,Jack Cochran,2024-08-05 01:53:48 +0200,2024-08-05 03:42:17 +0200,research,CC-BY-NC,https://www.inaturalist.org/observations/233837314,https://inaturalist-open-data.s3.amazonaws.com/photos/415617378/medium.jpeg,,crpj,Animal trail uphill from creek as it flows from fence-line.,1,0,false,,"Texas, US",30.9245494757,-97.6005797645,4,,,,29304,obscured,open,true,,,Wild Boar,Sus scrofa,Wild Boar,Mammalia,42134
233840140,06a9b309-b13c-4bbc-b61d-13e008ab80fc,2024-08-04 20:39:00Z,2024-08-04,2024-08-04 22:39:00 +0200,Eastern Time (US & Canada),5871190,usmcpinkcamo,,2024-08-05 02:09:04 +0200,2024-10-29 05:05:11 +0100,research,,https://www.inaturalist.org/observations/233840140,https://static.inaturalist.org/photos/415623488/medium.jpg,,"","",1,0,false,,"Green Pond, Green Pond, SC, US",32.6915368357,-80.5858610174,64,,,,64,,open,false,,,Eurasian Wild Pig,Sus scrofa,Wild Boar,Mammalia,42134
233850748,825f2b9b-6811-4eac-97bd-b2856df4abeb,2024/08/04 9:34 AM,2024-08-04,2024-08-04 18:34:00 +0200,Pacific Time (US & Canada),2132762,tolldubh,Georgia Wyatt,2024-08-05 03:14:53 +0200,2024-08-06 04:46:08 +0200,research,,https://www.inaturalist.org/observations/233850748,https://static.inaturalist.org/photos/415638292/medium.jpg,,"",,2,0,false,,"Ventura County, CA, USA",34.3459565651,-119.2675957452,4,,,,4,,open,false,,,Wild Boar,Sus scrofa,Wild Boar,Mammalia,42134
233850752,860cd1bc-5bfa-42ca-b22b-2cde8fa37d75,2024/08/04 9:34 AM,2024-08-04,2024-08-04 18:34:00 +0200,Pacific Time (US & Canada),2132762,tolldubh,Georgia Wyatt,2024-08-05 03:14:53 +0200,2025-03-13 03:12:57 +0100,research,,https://www.inaturalist.org/observations/233850752,https://static.inaturalist.org/photos/415638290/medium.jpg,,"",,1,0,false,,"Ventura County, CA, USA",34.3459512796,-119.2675866901,1,,,,1,,open,false,,,Wild Boar,Sus scrofa,Wild Boar,Mammalia,42134
233851220,8835db14-26a9-422f-8229-a65b94ee94d6,2024/08/04 19:49,2024-08-04,2024-08-05 01:49:00 +0200,Eastern Time (US & Canada),7295473,karolanegb,,2024-08-05 03:18:04 +0200,2025-05-23 10:51:48 +0200,research,CC-BY-NC,https://www.inaturalist.org/observations/233851220,https://inaturalist-open-data.s3.amazonaws.com/photos/415643627/medium.jpg,,"",,1,0,false,,"Saint-Césaire, QC, Canada",45.3944930833,-72.940567,,,,,,,open,false,,,Cochon domestique,Sus scrofa domesticus,Domestic Pig,Mammalia,324492
233853838,34d061b1-14f7-41b1-8c25-12e3f45ed586,2024-08-04 20:34:31-05:00,2024-08-04,2024-08-05 03:34:31 +0200,Central Time (US & Canada),2539131,wheltsley,Will Heltsley,2024-08-05 03:35:42 +0200,2024-08-06 01:07:48 +0200,research,CC-BY-NC,https://www.inaturalist.org/observations/233853838,https://inaturalist-open-data.s3.amazonaws.com/photos/415651148/medium.jpeg,,"","",1,0,false,3,"S Rd, Bay Saint Louis, MS, US",30.363525,-89.58542,5,,,,5,,open,false,,,Wild Boar,Sus scrofa,Wild Boar,Mammalia,42134
233915598,c4fd5103-d1ff-4c9b-aa06-8cd5e8b07d19,2024-08-05 06:40:19,2024-08-05,2024-08-05 13:40:19 +0200,Central Time (US & Canada),6216869,liliana310,Liliana,2024-08-05 13:40:55 +0200,2024-08-05 16:19:28 +0200,research,,https://www.inaturalist.org/observations/233915598,https://static.inaturalist.org/photos/415771896/medium.jpeg,,"",,2,0,false,2,"Tilden, TX 78072, USA",28.1731182997,-98.7307088,,,,,,,open,false,gps,gps,Wild Boar,Sus scrofa,Wild Boar,Mammalia,42134
234045777,cd3de00c-7b65-429f-af87-d8e1226a5688,2024-08-05 08:50:11-07:00,2024-08-05,2024-08-05 17:50:11 +0200,Pacific Time (US & Canada),3797491,biggerdigger,,2024-08-06 01:33:52 +0200,2025-03-13 03:12:40 +0100,research,CC-BY-NC,https://www.inaturalist.org/observations/234045777,https://inaturalist-open-data.s3.amazonaws.com/photos/416015809/medium.jpeg,,"",Found DOR in Northern California ,1,0,false,3,"California, US",39.1736954298,-121.7968753314,4,,,,28151,obscured,open,true,,,Wild Boar,Sus scrofa,Wild Boar,Mammalia,42134
234358339,bca4c799-3de1-4643-90a6-779a43846a38,2024-08-03 18:07:00-05:00,2024-08-03,2024-08-04 01:07:00 +0200,Central Time (US & Canada),8426907,allyedavis1,,2024-08-07 18:34:12 +0200,2024-08-07 22:29:53 +0200,research,CC-BY-NC,https://www.inaturalist.org/observations/234358339,https://inaturalist-open-data.s3.amazonaws.com/photos/416612969/medium.jpeg,,"","",2,0,false,3,"County Road 309, Winters, TX, US",32.0393653344,-100.0411003966,9710,,,,9710,,open,false,,,Wild Boar,Sus scrofa,Wild Boar,Mammalia,42134
234404608,fb49b44a-e462-4352-8fd3-5e5edee5bc09,2024-08-06 19:18:08,2024-08-06,2024-08-07 01:18:08 +0200,Eastern Time (US & Canada),841173,jakezehnder,Jake Zehnder,2024-08-07 23:06:56 +0200,2024-08-20 18:11:25 +0200,research,CC-BY-NC,https://www.inaturalist.org/observations/234404608,https://inaturalist-open-data.s3.amazonaws.com/photos/416705785/medium.jpeg,,"",,2,0,false,2,"Miami-Dade County, FL, USA",25.7962805556,-80.8554638889,,,,,,,open,false,gps,gps,Wild Boar,Sus scrofa,Wild Boar,Mammalia,42134
234417878,ab21b477-0180-42b5-a7c1-34cf5949f3f8,2024-06-10 17:39:00-05:00,2024-06-10,2024-06-11 00:39:00 +0200,Central Time (US & Canada),8413140,josesingh9,,2024-08-08 00:34:21 +0200,2025-05-23 10:51:59 +0200,research,CC-BY-NC,https://www.inaturalist.org/observations/234417878,https://inaturalist-open-data.s3.amazonaws.com/photos/416732557/medium.jpeg,,"","",3,1,false,3,"Sweetwater, TX, US",32.5021849218,-100.3513972633,14951,,,,14951,,open,false,,,Wild Boar,Sus scrofa,Wild Boar,Mammalia,42134
234445839,b3ca943e-9bfa-4d46-9710-fc40c54bf782,2024-07-11 18:51:23-04:00,2024-07-11,2024-07-12 00:51:23 +0200,Eastern Time (US & Canada),4709801,laboy_amanda,Amanda Laboy,2024-08-08 03:54:09 +0200,2024-08-12 21:36:29 +0200,research,CC-BY-NC,https://www.inaturalist.org/observations/234445839,https://inaturalist-open-data.s3.amazonaws.com/photos/416787418/medium.jpeg,,"","",2,0,false,3,"Beasley St, Cusseta, GA, US",32.3254616667,-84.7380616667,4,,,,4,,open,false,,,Wild Boar,Sus scrofa,Wild Boar,Mammalia,42134
234456428,fec82d5a-61d7-4804-beaa-72eb945ed17b,2024-08-07 22:21:18-05:00,2024-08-07,2024-08-08 05:21:18 +0200,Central Time (US & Canada),6441713,charliekohl,,2024-08-08 05:27:47 +0200,2025-05-23 10:52:00 +0200,research,CC-BY-NC,https://www.inaturalist.org/observations/234456428,https://inaturalist-open-data.s3.amazonaws.com/photos/416809075/medium.jpeg,,"",Was given this 2 decade old skull but I can’t tell what it is. ,3,0,false,3,"W Wintergreen Rd, DeSoto, TX, US",32.6190666715,-96.8610456754,6314,,,,6314,,open,false,,,Domestic Pig,Sus scrofa domesticus,Domestic Pig,Mammalia,324492
234535090,102d79bf-a48c-471f-aaf6-cfaccb34d969,Sat Jul 06 2024 11:50:54 GMT -0400 (EDT),2024-07-06,2024-07-06 17:50:54 +0200,Eastern Time (US & Canada),8217977,normal-horse,,2024-08-08 18:03:12 +0200,2024-08-17 18:00:35 +0200,research,CC-BY-NC,https://www.inaturalist.org/observations/234535090,https://inaturalist-open-data.s3.amazonaws.com/photos/416958766/medium.jpeg,,"",,2,0,false,333,Georgetown,33.6420249939,-79.2006225586,710,,,,710,,open,false,,,Wild Boar,Sus scrofa,Wild Boar,Mammalia,42134
234628401,636823a2-56a8-4f1c-9591-fcc5c3f0ef91,2024/08/03 7:06 PM,2024-08-03,2024-08-04 02:06:00 +0200,Central Time (US & Canada),435598,jeffmci9,Jeff McIntyre,2024-08-09 04:33:01 +0200,2024-08-10 15:32:27 +0200,research,CC-BY-NC,https://www.inaturalist.org/observations/234628401,https://inaturalist-open-data.s3.amazonaws.com/photos/417140492/medium.jpeg,,"",,2,0,false,,"Goliad County, TX, USA",28.5226066939,-97.4045848908,31,,,,31,,open,false,,,Wild Boar,Sus scrofa,Wild Boar,Mammalia,42134
234725071,cc429eec-e573-4ec8-a080-bdfbab3439eb,2024-08-08 20:38:59-05:00,2024-08-08,2024-08-09 03:38:59 +0200,Central Time (US & Canada),5053704,jcowdog,,2024-08-09 19:28:51 +0200,2024-08-12 21:35:52 +0200,research,CC-BY-NC,https://www.inaturalist.org/observations/234725071,https://inaturalist-open-data.s3.amazonaws.com/photos/417330231/medium.jpeg,,"","",1,0,false,3,"Mountain Home, TX, US",29.8105616667,-99.90062,4,,,,4,,open,false,,,Wild Boar,Sus scrofa,Wild Boar,Mammalia,42134
234801245,424996d3-38ff-4bee-9ad6-576c10030178,2024/06/25 5:06 PM,2024-06-25,2024-06-26 00:06:00 +0200,Central Time (US & Canada),1378080,brianwilliams1,Brian Williams,2024-08-10 04:08:40 +0200,2024-08-10 04:30:39 +0200,research,CC-BY-NC,https://www.inaturalist.org/observations/234801245,https://inaturalist-open-data.s3.amazonaws.com/photos/417479530/medium.jpg,,"",,1,0,false,,"Cedar Grove Road, Oktibbeha County, MS, USA",33.3130899747,-88.8611876923,2000,,,,2000,,open,false,,,Wild Boar,Sus scrofa,Wild Boar,Mammalia,42134
234911417,8aa75aea-bafe-46ed-bafb-6feff08cb050,2024-04-04 11:11:58,2024-04-04,2024-04-04 18:11:58 +0200,Central Time (US & Canada),2048449,pineten,Nicole,2024-08-10 18:49:46 +0200,2024-08-11 03:36:21 +0200,research,CC-BY,https://www.inaturalist.org/observations/234911417,https://inaturalist-open-data.s3.amazonaws.com/photos/417691115/medium.jpeg,,"",,2,0,false,2,"Willacy County, TX, USA",26.5257885174,-97.5014694035,190,,,,190,,open,false,gps,gps,Wild Boar,Sus scrofa,Wild Boar,Mammalia,42134
235018446,88b429c2-eff2-4991-bb31-f7595871335e,2024-08-10 13:52:54-07:00,2024-08-10,2024-08-10 22:52:54 +0200,Pacific Time (US & Canada),5060998,rockpaperstar11,L. Frongia,2024-08-11 04:18:41 +0200,2025-06-20 03:28:08 +0200,research,,https://www.inaturalist.org/observations/235018446,https://static.inaturalist.org/photos/417900384/medium.jpeg,,"","",1,0,false,3,"Moraga, CA, US",37.8140113597,-122.1308598437,90,,,,90,,open,false,,,Wild Boar,Sus scrofa,Wild Boar,Mammalia,42134
235018807,efc22abc-58f9-45c7-8460-df1ab8e32798,2024-08-08 13:13:01,2024-08-08,2024-08-08 19:13:01 +0200,Eastern Time (US & Canada),3306634,pikante-fa,Pika,2024-08-11 04:21:27 +0200,2024-08-15 15:24:30 +0200,research,,https://www.inaturalist.org/observations/235018807,https://static.inaturalist.org/photos/417900577/medium.jpeg,,"",,1,0,false,2,"Swain County, Great Smoky Mountains National Park, US-NC, Appalachian National Scenic Trail, US",35.5741759237,-83.5986624286,4,,,,4,,open,false,gps,gps,Wild Boar,Sus scrofa,Wild Boar,Mammalia,42134
235018926,b066c46c-3e85-4ce2-b477-4d8054568ef1,2024-08-08 13:32:45,2024-08-08,2024-08-08 19:32:45 +0200,Eastern Time (US & Canada),3306634,pikante-fa,Pika,2024-08-11 04:22:22 +0200,2024-08-11 23:37:50 +0200,research,,https://www.inaturalist.org/observations/235018926,https://static.inaturalist.org/photos/417900831/medium.jpeg,,"","Feral, not wild",1,0,false,2,"Sevier County, Great Smoky Mountains National Park, US-TN, Appalachian National Scenic Trail, US",35.57850142,-83.60126926,6,,,,6,,open,false,,,Wild Boar,Sus scrofa,Wild Boar,Mammalia,42134
235019890,f7620738-05e2-46ed-8520-196842a45d7c,Wed May 01 2024 14:29:38 GMT -0700 (PDT),2024-05-01,2024-05-01 21:29:38 +0200,Central Time (US & Canada),7834258,jordancastinado,Jordan Castinado,2024-08-11 04:28:10 +0200,2024-08-11 04:52:12 +0200,research,CC-BY-NC,https://www.inaturalist.org/observations/235019890,https://inaturalist-open-data.s3.amazonaws.com/photos/417902547/medium.jpeg,,"",,1,0,false,333,Braggs,35.7244682312,-95.158996582,4186,,,,4186,,open,false,,,Wild Boar,Sus scrofa,Wild Boar,Mammalia,42134
235235216,1b654501-73ab-4be1-8103-984a3cf09ed0,2024-08-11 16:01:23,2024-08-11,2024-08-11 23:01:23 +0200,Central Time (US & Canada),4648433,hannah_pepper,Hannah Pepper Atkinson,2024-08-12 01:55:08 +0200,2024-08-12 05:41:38 +0200,research,,https://www.inaturalist.org/observations/235235216,https://static.inaturalist.org/photos/418315195/medium.jpeg,,"",,2,0,false,2,"Somervell County, US-TX, US",32.2077587216,-97.6409610361,455,,,,455,,open,false,gps,gps,Wild Boar,Sus scrofa,Wild Boar,Mammalia,42134
235237761,48f6cc6f-a6a6-46c9-b2ba-cd442be18913,2024-08-11 18:57:56,2024-08-11,2024-08-12 01:57:56 +0200,Central Time (US & Canada),6496067,amanda121121,Amanda Webb,2024-08-12 02:11:28 +0200,2024-08-15 23:41:42 +0200,research,,https://www.inaturalist.org/observations/235237761,https://static.inaturalist.org/photos/418320300/medium.jpeg,,"",Pack of 15 with piglets at Millican Reserve ,2,0,false,2,"Texas, US",30.5895544403,-96.3124309662,,,,,29356,obscured,open,true,gps,gps,Wild Boar,Sus scrofa,Wild Boar,Mammalia,42134
235242060,095b23f5-d9e1-4d1f-b8e6-67f65b9d6492,2024/08/06 2:48 AM,2024-08-06,2024-08-06 09:48:00 +0200,Central Time (US & Canada),1595749,jcochran706,Jack Cochran,2024-08-12 02:38:43 +0200,2024-08-12 02:48:30 +0200,research,CC-BY-NC,https://www.inaturalist.org/observations/235242060,https://inaturalist-open-data.s3.amazonaws.com/photos/418328061/medium.jpeg,,crpj,Dry creek upstream from springs.,1,0,false,,"Texas, US",30.8899446897,-97.72324487,4,,,,29304,obscured,open,true,,,Wild Boar,Sus scrofa,Wild Boar,Mammalia,42134
235242061,5b2d29f1-40f1-473d-8d4b-06013e3a19f6,2024/08/06 2:51 AM,2024-08-06,2024-08-06 09:51:00 +0200,Central Time (US & Canada),1595749,jcochran706,Jack Cochran,2024-08-12 02:38:43 +0200,2024-08-12 02:48:26 +0200,research,CC-BY-NC,https://www.inaturalist.org/observations/235242061,https://inaturalist-open-data.s3.amazonaws.com/photos/418328060/medium.jpeg,,crpj,Dry creek upstream from springs.,1,0,false,,"Texas, US",30.9979685822,-97.7863636026,4,,,,29304,obscured,open,true,,,Wild Boar,Sus scrofa,Wild Boar,Mammalia,42134
235242093,f14d6c46-891f-43ae-9839-c3896569d752,2024/08/09 3:07 AM,2024-08-09,2024-08-09 10:07:00 +0200,Central Time (US & Canada),1595749,jcochran706,Jack Cochran,2024-08-12 02:38:47 +0200,2024-08-12 02:43:55 +0200,research,CC-BY-NC,https://www.inaturalist.org/observations/235242093,https://inaturalist-open-data.s3.amazonaws.com/photos/418328123/medium.jpeg,,crpj,Dry creek upstream from springs.,1,0,false,,"Texas, US",30.8316648031,-97.7497244235,4,,,,29304,obscured,open,true,,,Wild Boar,Sus scrofa,Wild Boar,Mammalia,42134
235242096,13ad2d8a-1574-46a9-8c05-7aadea6c4196,2024/08/09 5:02 AM,2024-08-09,2024-08-09 12:02:00 +0200,Central Time (US & Canada),1595749,jcochran706,Jack Cochran,2024-08-12 02:38:47 +0200,2024-08-12 02:43:54 +0200,research,CC-BY-NC,https://www.inaturalist.org/observations/235242096,https://inaturalist-open-data.s3.amazonaws.com/photos/418328128/medium.jpeg,,crpj,Dry creek upstream from springs.,1,0,false,,"Texas, US",30.8119329123,-97.7617461184,4,,,,29304,obscured,open,true,,,Wild Boar,Sus scrofa,Wild Boar,Mammalia,42134
235242112,2a0019bb-3573-44b0-b7cd-27af3ba927b9,2024/08/11 4:02 AM,2024-08-11,2024-08-11 11:02:00 +0200,Central Time (US & Canada),1595749,jcochran706,Jack Cochran,2024-08-12 02:38:49 +0200,2024-08-12 02:43:48 +0200,research,CC-BY-NC,https://www.inaturalist.org/observations/235242112,https://inaturalist-open-data.s3.amazonaws.com/photos/418328165/medium.jpeg,,crpj,Dry creek upstream from springs.,1,0,false,,"Texas, US",30.9241048723,-97.7533494479,4,,,,29304,obscured,open,true,,,Wild Boar,Sus scrofa,Wild Boar,Mammalia,42134
235242115,23742a0a-824d-40ed-9f98-e04d792d17fb,2024/08/11 4:06 AM,2024-08-11,2024-08-11 11:06:00 +0200,Central Time (US & Canada),1595749,jcochran706,Jack Cochran,2024-08-12 02:38:50 +0200,2024-08-12 02:43:46 +0200,research,CC-BY-NC,https://www.inaturalist.org/observations/235242115,https://inaturalist-open-data.s3.amazonaws.com/photos/418328189/medium.jpeg,,crpj,Dry creek upstream from springs.,1,0,false,,"Texas, US",30.832214331,-97.6676425619,4,,,,29304,obscured,open,true,,,Wild Boar,Sus scrofa,Wild Boar,Mammalia,42134
235244312,7b83f222-5a26-4f22-b86a-f38620577de4,2024/08/06 1:55 AM,2024-08-06,2024-08-06 08:55:00 +0200,Central Time (US & Canada),1595749,jcochran706,Jack Cochran,2024-08-12 02:51:44 +0200,2024-08-12 03:15:37 +0200,research,CC-BY-NC,https://www.inaturalist.org/observations/235244312,https://inaturalist-open-data.s3.amazonaws.com/photos/418332404/medium.jpeg,,crpj,"On dry creek, just upstream from wooden well.",1,0,false,,"Texas, US",30.9700791049,-97.6771721388,4,,,,29304,obscured,open,true,,,Wild Boar,Sus scrofa,Wild Boar,Mammalia,42134
235244323,6a50592d-bcd6-40b7-8685-25b4a277ac82,2024/08/07 10:26 PM,2024-08-07,2024-08-08 05:26:00 +0200,Central Time (US & Canada),1595749,jcochran706,Jack Cochran,2024-08-12 02:51:46 +0200,2024-08-12 03:13:03 +0200,research,CC-BY-NC,https://www.inaturalist.org/observations/235244323,https://inaturalist-open-data.s3.amazonaws.com/photos/418332465/medium.jpeg,,crpj,"On dry creek, just upstream from wooden well.",1,0,false,,"Texas, US",30.9135285312,-97.7216955548,4,,,,29304,obscured,open,true,,,Wild Boar,Sus scrofa,Wild Boar,Mammalia,42134
235244333,a3eb9e6b-98e3-4a7e-91e1-b3bbc4bd0518,2024/08/09 4:53 AM,2024-08-09,2024-08-09 11:53:00 +0200,Central Time (US & Canada),1595749,jcochran706,Jack Cochran,2024-08-12 02:51:48 +0200,2024-08-12 03:12:45 +0200,research,CC-BY-NC,https://www.inaturalist.org/observations/235244333,https://inaturalist-open-data.s3.amazonaws.com/photos/418332495/medium.jpeg,,crpj,"On dry creek, just upstream from wooden well.",1,0,false,,"Texas, US",30.8551099185,-97.6477015359,4,,,,29304,obscured,open,true,,,Wild Boar,Sus scrofa,Wild Boar,Mammalia,42134
235244334,230f9b83-42cc-47cb-ae6b-9d7ee09ec970,2024/08/09 5:17 AM,2024-08-09,2024-08-09 12:17:00 +0200,Central Time (US & Canada),1595749,jcochran706,Jack Cochran,2024-08-12 02:51:48 +0200,2024-08-12 03:15:34 +0200,research,CC-BY-NC,https://www.inaturalist.org/observations/235244334,https://inaturalist-open-data.s3.amazonaws.com/photos/418332499/medium.jpeg,,crpj,"On dry creek, just upstream from wooden well.",1,0,false,,"Texas, US",30.8494646951,-97.6865654937,4,,,,29304,obscured,open,true,,,Wild Boar,Sus scrofa,Wild Boar,Mammalia,42134
235244350,dc962d18-824e-414a-9a11-dc1c6041da9b,2024/08/11 6:08 AM,2024-08-11,2024-08-11 13:08:00 +0200,Central Time (US & Canada),1595749,jcochran706,Jack Cochran,2024-08-12 02:51:53 +0200,2024-08-12 03:11:47 +0200,research,CC-BY-NC,https://www.inaturalist.org/observations/235244350,https://inaturalist-open-data.s3.amazonaws.com/photos/418332567/medium.jpeg,,crpj,"On dry creek, just upstream from wooden well.",1,0,false,,"Texas, US",30.8754251772,-97.6580375342,4,,,,29304,obscured,open,true,,,Wild Boar,Sus scrofa,Wild Boar,Mammalia,42134
235248664,8f023cc0-4c66-4029-854e-9f2aae8fe16e,2024-08-11 20:05:49-05:00,2024-08-11,2024-08-12 03:05:49 +0200,Central Time (US & Canada),6799715,ma_ckdavis,Mack Davis,2024-08-12 03:18:30 +0200,2025-07-28 21:38:54 +0200,research,CC-BY-NC,https://www.inaturalist.org/observations/235248664,https://inaturalist-open-data.s3.amazonaws.com/photos/418343111/medium.jpeg,,"","",1,0,false,3,"Private Road 4718, Kempner, TX, US",31.0305166667,-97.9576416667,4,,,,4,,open,false,,,Eurasian Wild Pig,Sus scrofa,Wild Boar,Mammalia,42134
235249142,0e18dbfb-86cb-46d9-8349-07ae884f3ac9,2024/08/05 12:05 AM,2024-08-05,2024-08-05 07:05:00 +0200,Central Time (US & Canada),1595749,jcochran706,Jack Cochran,2024-08-12 03:21:39 +0200,2024-08-12 03:26:51 +0200,research,CC-BY-NC,https://www.inaturalist.org/observations/235249142,https://inaturalist-open-data.s3.amazonaws.com/photos/418341654/medium.jpeg,,crpj,Animal trail uphill from dry creek where it sometimes flows from fence-line.,1,0,false,,"Texas, US",30.8264401768,-97.7959590074,4,,,,29304,obscured,open,true,,,Wild Boar,Sus scrofa,Wild Boar,Mammalia,42134
235249154,090a1e47-429d-4ec0-828b-e141131667b8,2024/08/05 3:13 AM,2024-08-05,2024-08-05 10:13:00 +0200,Central Time (US & Canada),1595749,jcochran706,Jack Cochran,2024-08-12 03:21:42 +0200,2024-08-12 21:34:41 +0200,research,CC-BY-NC,https://www.inaturalist.org/observations/235249154,https://inaturalist-open-data.s3.amazonaws.com/photos/418341737/medium.jpeg,,crpj,Animal trail uphill from dry creek where it sometimes flows from fence-line.,1,0,false,,"Texas, US",30.9418293753,-97.7767350115,4,,,,29304,obscured,open,true,,,Wild Boar,Sus scrofa,Wild Boar,Mammalia,42134
235249156,f5017ea6-2e48-46c8-9e53-8a6494190ed3,2024/08/05 3:17 AM,2024-08-05,2024-08-05 10:17:00 +0200,Central Time (US & Canada),1595749,jcochran706,Jack Cochran,2024-08-12 03:21:42 +0200,2024-08-12 03:26:38 +0200,research,CC-BY-NC,https://www.inaturalist.org/observations/235249156,https://inaturalist-open-data.s3.amazonaws.com/photos/418341749/medium.jpeg,,crpj,Animal trail uphill from dry creek where it sometimes flows from fence-line.,1,0,false,,"Texas, US",30.9390427977,-97.7440258543,4,,,,29304,obscured,open,true,,,Wild Boar,Sus scrofa,Wild Boar,Mammalia,42134
235249158,849e9fce-baae-4020-90b2-ff3d8a981da5,2024/08/05 3:50 AM,2024-08-05,2024-08-05 10:50:00 +0200,Central Time (US & Canada),1595749,jcochran706,Jack Cochran,2024-08-12 03:21:43 +0200,2024-08-12 03:26:37 +0200,research,CC-BY-NC,https://www.inaturalist.org/observations/235249158,https://inaturalist-open-data.s3.amazonaws.com/photos/418341756/medium.jpeg,,crpj,Animal trail uphill from dry creek where it sometimes flows from fence-line.,1,0,false,,"Texas, US",30.845550992,-97.7176690186,4,,,,29304,obscured,open,true,,,Wild Boar,Sus scrofa,Wild Boar,Mammalia,42134
235249168,6a6d0cb5-4fa7-4a69-add1-e7f1a4b5fc6b,2024/08/06 12:43 AM,2024-08-06,2024-08-06 07:43:00 +0200,Central Time (US & Canada),1595749,jcochran706,Jack Cochran,2024-08-12 03:21:45 +0200,2024-08-12 03:26:17 +0200,research,CC-BY-NC,https://www.inaturalist.org/observations/235249168,https://inaturalist-open-data.s3.amazonaws.com/photos/418341769/medium.jpeg,,crpj,Animal trail uphill from dry creek where it sometimes flows from fence-line.,1,0,false,,"Texas, US",30.9891040873,-97.770364719,4,,,,29304,obscured,open,true,,,Wild Boar,Sus scrofa,Wild Boar,Mammalia,42134
235251345,58f74d1f-6087-4504-b846-4e80eab18b75,2024/08/06 2:55 AM,2024-08-06,2024-08-06 09:55:00 +0200,Central Time (US & Canada),1595749,jcochran706,Jack Cochran,2024-08-12 03:36:33 +0200,2024-08-12 03:37:04 +0200,research,CC-BY-NC,https://www.inaturalist.org/observations/235251345,https://inaturalist-open-data.s3.amazonaws.com/photos/418345956/medium.jpeg,,crpj,Animal trail uphill from dry creek where it sometimes flows from fence-line.,1,0,false,,"Texas, US",30.8472978956,-97.7211816525,4,,,,29304,obscured,open,true,,,Wild Boar,Sus scrofa,Wild Boar,Mammalia,42134
235251353,4fee3a7e-e4a9-4f11-880b-5d934f4a4e78,2024/08/07 4:14 AM,2024-08-07,2024-08-07 11:14:00 +0200,Central Time (US & Canada),1595749,jcochran706,Jack Cochran,2024-08-12 03:36:36 +0200,2024-08-12 03:36:54 +0200,research,CC-BY-NC,https://www.inaturalist.org/observations/235251353,https://inaturalist-open-data.s3.amazonaws.com/photos/418346074/medium.jpeg,,crpj,Animal trail uphill from dry creek where it sometimes flows from fence-line.,1,0,false,,"Texas, US",30.953925465,-97.7788310754,4,,,,29304,obscured,open,true,,,Wild Boar,Sus scrofa,Wild Boar,Mammalia,42134
235251354,627133dc-677f-4510-b21d-d6dcd3024db3,2024/08/07 6:34 AM,2024-08-07,2024-08-07 13:34:00 +0200,Central Time (US & Canada),1595749,jcochran706,Jack Cochran,2024-08-12 03:36:36 +0200,2025-07-28 21:39:08 +0200,research,CC-BY-NC,https://www.inaturalist.org/observations/235251354,https://inaturalist-open-data.s3.amazonaws.com/photos/418346112/medium.jpeg,,crpj,Animal trail uphill from dry creek where it sometimes flows from fence-line.,1,0,false,,"Texas, US",30.9232760778,-97.7670389986,4,,,,29304,obscured,open,true,,,Eurasian Wild Pig,Sus scrofa,Wild Boar,Mammalia,42134
235251364,60d3a88f-30e4-434f-935c-cb8ddd66006a,2024/08/09 4:50 AM,2024-08-09,2024-08-09 11:50:00 +0200,Central Time (US & Canada),1595749,jcochran706,Jack Cochran,2024-08-12 03:36:38 +0200,2024-08-13 17:11:26 +0200,research,CC-BY-NC,https://www.inaturalist.org/observations/235251364,https://inaturalist-open-data.s3.amazonaws.com/photos/418346174/medium.jpeg,,crpj,Animal trail uphill from dry creek where it sometimes flows from fence-line.,1,0,false,,"Texas, US",30.9908489835,-97.7463760314,4,,,,29304,obscured,open,true,,,Wild Boar,Sus scrofa,Wild Boar,Mammalia,42134
235251365,77b12922-5a98-46fc-bd88-bc234e862343,2024/08/09 4:50 AM,2024-08-09,2024-08-09 11:50:00 +0200,Central Time (US & Canada),1595749,jcochran706,Jack Cochran,2024-08-12 03:36:38 +0200,2024-08-12 03:36:56 +0200,research,CC-BY-NC,https://www.inaturalist.org/observations/235251365,https://inaturalist-open-data.s3.amazonaws.com/photos/418346179/medium.jpeg,,crpj,Animal trail uphill from dry creek where it sometimes flows from fence-line.,1,0,false,,"Texas, US",30.8295697131,-97.751606072,4,,,,29304,obscured,open,true,,,Wild Boar,Sus scrofa,Wild Boar,Mammalia,42134
235251366,e984de92-ab64-400a-931d-b1790f57581e,2024/08/09 4:52 AM,2024-08-09,2024-08-09 11:52:00 +0200,Central Time (US & Canada),1595749,jcochran706,Jack Cochran,2024-08-12 03:36:39 +0200,2024-08-12 03:36:57 +0200,research,CC-BY-NC,https://www.inaturalist.org/observations/235251366,https://inaturalist-open-data.s3.amazonaws.com/photos/418346187/medium.jpeg,,crpj,Animal trail uphill from dry creek where it sometimes flows from fence-line.,1,0,false,,"Texas, US",30.9105227643,-97.7350100551,4,,,,29304,obscured,open,true,,,Wild Boar,Sus scrofa,Wild Boar,Mammalia,42134
235251368,a5619272-01d9-432a-b380-3e4b5938d97b,2024/08/09 8:43 PM,2024-08-09,2024-08-10 03:43:00 +0200,Central Time (US & Canada),1595749,jcochran706,Jack Cochran,2024-08-12 03:36:40 +0200,2024-08-12 03:36:57 +0200,research,CC-BY-NC,https://www.inaturalist.org/observations/235251368,https://inaturalist-open-data.s3.amazonaws.com/photos/418346204/medium.jpeg,,crpj,Animal trail uphill from dry creek where it sometimes flows from fence-line.,1,0,false,,"Texas, US",30.935976517,-97.6660889508,4,,,,29304,obscured,open,true,,,Wild Boar,Sus scrofa,Wild Boar,Mammalia,42134
235251370,aab0cbe5-4765-4f91-a1c0-575feb2a1d63,2024/08/10 2:36 AM,2024-08-10,2024-08-10 09:36:00 +0200,Central Time (US & Canada),1595749,jcochran706,Jack Cochran,2024-08-12 03:36:41 +0200,2024-08-13 17:11:32 +0200,research,CC-BY-NC,https://www.inaturalist.org/observations/235251370,https://inaturalist-open-data.s3.amazonaws.com/photos/418346229/medium.jpeg,,crpj,Animal trail uphill from dry creek where it sometimes flows from fence-line.,1,0,false,,"Texas, US",30.9536784293,-97.630068174,4,,,,29304,obscured,open,true,,,Wild Boar,Sus scrofa,Wild Boar,Mammalia,42134
235251371,e19108b5-55f5-4a4a-9459-6f444e73512b,2024/08/10 2:38 AM,2024-08-10,2024-08-10 09:38:00 +0200,Central Time (US & Canada),1595749,jcochran706,Jack Cochran,2024-08-12 03:36:41 +0200,2024-08-13 17:11:31 +0200,research,CC-BY-NC,https://www.inaturalist.org/observations/235251371,https://inaturalist-open-data.s3.amazonaws.com/photos/418346236/medium.jpeg,,crpj,Animal trail uphill from dry creek where it sometimes flows from fence-line.,1,0,false,,"Texas, US",30.9315110283,-97.6573297017,4,,,,29304,obscured,open,true,,,Wild Boar,Sus scrofa,Wild Boar,Mammalia,42134
235251373,6bd5d8cb-7c6a-4dad-8427-af239bcf3386,2024/08/10 2:51 AM,2024-08-10,2024-08-10 09:51:00 +0200,Central Time (US & Canada),1595749,jcochran706,Jack Cochran,2024-08-12 03:36:41 +0200,2024-08-12 21:33:59 +0200,research,CC-BY-NC,https://www.inaturalist.org/observations/235251373,https://inaturalist-open-data.s3.amazonaws.com/photos/418346245/medium.jpeg,,crpj,Animal trail uphill from dry creek where it sometimes flows from fence-line.,1,0,false,,"Texas, US",30.9911031881,-97.7158127931,4,,,,29304,obscured,open,true,,,Wild Boar,Sus scrofa,Wild Boar,Mammalia,42134
235251376,533086ef-157d-473c-95ff-a30ab6cc726b,2024/08/10 3:37 AM,2024-08-10,2024-08-10 10:37:00 +0200,Central Time (US & Canada),1595749,jcochran706,Jack Cochran,2024-08-12 03:36:42 +0200,2024-08-12 05:49:27 +0200,research,CC-BY-NC,https://www.inaturalist.org/observations/235251376,https://inaturalist-open-data.s3.amazonaws.com/photos/418346282/medium.jpeg,,crpj,Animal trail uphill from dry creek where it sometimes flows from fence-line.,1,0,false,,"Texas, US",30.8212788476,-97.6607336633,4,,,,29304,obscured,open,true,,,Wild Boar,Sus scrofa,Wild Boar,Mammalia,42134
235251377,487445e9-cdfb-43b8-9791-c6afa94abce4,2024/08/10 3:37 AM,2024-08-10,2024-08-10 10:37:00 +0200,Central Time (US & Canada),1595749,jcochran706,Jack Cochran,2024-08-12 03:36:42 +0200,2024-08-12 05:49:25 +0200,research,CC-BY-NC,https://www.inaturalist.org/observations/235251377,https://inaturalist-open-data.s3.amazonaws.com/photos/418346314/medium.jpeg,,crpj,Animal trail uphill from dry creek where it sometimes flows from fence-line.,1,0,false,,"Texas, US",30.8195796182,-97.7362711139,4,,,,29304,obscured,open,true,,,Wild Boar,Sus scrofa,Wild Boar,Mammalia,42134
235251378,c5f1c03a-b202-475c-b159-679ca5e46a36,2024/08/10 3:37 AM,2024-08-10,2024-08-10 10:37:00 +0200,Central Time (US & Canada),1595749,jcochran706,Jack Cochran,2024-08-12 03:36:42 +0200,2024-08-12 05:49:23 +0200,research,CC-BY-NC,https://www.inaturalist.org/observations/235251378,https://inaturalist-open-data.s3.amazonaws.com/photos/418346291/medium.jpeg,,crpj,Animal trail uphill from dry creek where it sometimes flows from fence-line.,1,0,false,,"Texas, US",30.9273974759,-97.6065669617,4,,,,29304,obscured,open,true,,,Wild Boar,Sus scrofa,Wild Boar,Mammalia,42134
235251381,867d68b8-3c7c-4460-a2c8-134ecaf7b631,2024/08/11 3:11 AM,2024-08-11,2024-08-11 10:11:00 +0200,Central Time (US & Canada),1595749,jcochran706,Jack Cochran,2024-08-12 03:36:43 +0200,2024-08-12 21:33:03 +0200,research,CC-BY-NC,https://www.inaturalist.org/observations/235251381,https://inaturalist-open-data.s3.amazonaws.com/photos/418346321/medium.jpeg,,crpj,Animal trail uphill from dry creek where it sometimes flows from fence-line.,2,0,false,,"Texas, US",30.94178477,-97.640316899,4,,,,29304,obscured,open,true,,,Wild Boar,Sus scrofa,Wild Boar,Mammalia,42134
235337072,9c3e8ce7-0fea-4d2b-ac9c-e0532ac9ace3,2024-08-12 09:05:40-05:00,2024-08-12,2024-08-12 16:05:40 +0200,Central Time (US & Canada),8363579,kaitbeau,,2024-08-12 16:22:24 +0200,2024-08-12 16:26:25 +0200,research,,https://www.inaturalist.org/observations/235337072,https://static.inaturalist.org/photos/418517296/medium.jpeg,,"","",1,0,false,3,"Fredericksburg, TX, US",30.4205118639,-98.8186385296,208,,,,208,,open,false,,,Wild Boar,Sus scrofa,Wild Boar,Mammalia,42134
235365072,2c64b8c6-4533-48ab-84e9-0a3c25ac3189,2024-08-12 09:13:00-05:00,2024-08-12,2024-08-12 16:13:00 +0200,Central Time (US & Canada),32993,c_h_hemphill,CH Hemphill,2024-08-12 18:49:04 +0200,2024-08-16 06:29:41 +0200,research,CC-BY-NC,https://www.inaturalist.org/observations/235365072,https://inaturalist-open-data.s3.amazonaws.com/photos/418568854/medium.jpeg,,"","",1,0,false,3,"Valera, TX, US",31.6711604101,-99.5952883947,25,,,,25,,open,false,,,Wild Boar,Sus scrofa,Wild Boar,Mammalia,42134
235416506,6d12b413-ca38-4c90-ae3d-d8da01756da0,2024/08/07 9:15 AM,2024-08-07,2024-08-07 16:15:00 +0200,Central Time (US & Canada),7844411,mdraines,Mike Raines,2024-08-12 23:28:47 +0200,2024-08-13 01:03:48 +0200,research,CC-BY-NC,https://www.inaturalist.org/observations/235416506,https://inaturalist-open-data.s3.amazonaws.com/photos/418667306/medium.jpeg,,CRPG,Juniper and oak woodland,1,0,false,,"Texas, US",30.9975074332,-97.648749562,5,,,,29304,obscured,open,true,,,Wild Boar,Sus scrofa,Wild Boar,Mammalia,42134
235416507,fe6d706b-195e-47eb-ae7a-37ee07b09b50,2024/08/10 9:45 AM,2024-08-10,2024-08-10 16:45:00 +0200,Central Time (US & Canada),7844411,mdraines,Mike Raines,2024-08-12 23:28:47 +0200,2024-08-13 01:03:47 +0200,research,CC-BY-NC,https://www.inaturalist.org/observations/235416507,https://inaturalist-open-data.s3.amazonaws.com/photos/418667293/medium.jpeg,,CRPG,Juniper and oak woodland,1,0,false,,"Texas, US",30.9972533966,-97.6361331939,5,,,,29304,obscured,open,true,,,Wild Boar,Sus scrofa,Wild Boar,Mammalia,42134
235416512,a922e67c-8b5a-4594-8f62-fc6fe0eff627,2024/08/08 6:44 AM,2024-08-08,2024-08-08 13:44:00 +0200,Central Time (US & Canada),7844411,mdraines,Mike Raines,2024-08-12 23:28:48 +0200,2024-08-13 01:03:54 +0200,research,CC-BY-NC,https://www.inaturalist.org/observations/235416512,https://inaturalist-open-data.s3.amazonaws.com/photos/418667314/medium.jpeg,,CRPG,Juniper and oak woodland,1,0,false,,"Texas, US",30.9444962873,-97.7026999893,5,,,,29304,obscured,open,true,,,Wild Boar,Sus scrofa,Wild Boar,Mammalia,42134
235736530,18a1cd93-c8c7-4bf3-8143-3296088ee566,2024-08-14 10:35:20,2024-08-14,2024-08-14 17:35:20 +0200,Central Time (US & Canada),26160,sboslow,Scott Boslow,2024-08-14 17:36:13 +0200,2024-08-15 00:12:23 +0200,research,,https://www.inaturalist.org/observations/235736530,https://static.inaturalist.org/photos/419282352/medium.jpeg,,"",,1,0,false,2,"The Woodlands, TX 77386, USA",30.08756675,-95.39689879,7,,,,7,,open,false,,,Wild Boar,Sus scrofa,Wild Boar,Mammalia,42134
235837210,e886b631-ecca-4c36-9ada-1b3bbbf5feda,2024/08/13 8:00 PM,2024-08-13,2024-08-14 03:00:00 +0200,Central Time (US & Canada),38280,dominic,Dominic,2024-08-15 04:19:24 +0200,2025-03-08 02:41:27 +0100,research,CC-BY,https://www.inaturalist.org/observations/235837210,https://inaturalist-open-data.s3.amazonaws.com/photos/419479910/medium.jpeg,,"",A large one that crossed the road right in front of us. ,1,0,false,,United States,36.4468616153,-87.9748903366,1242,,,,28534,obscured,open,true,,,Eurasian Wild Pig,Sus scrofa,Wild Boar,Mammalia,42134
236069014,5179793d-8ff7-4304-ab76-6bfd9676241c,2024-03-11 08:23:05-04:00,2024-03-11,2024-03-11 13:23:05 +0100,Eastern Time (US & Canada),1848987,kaitmeadows,Kaitlyn Meadows,2024-08-16 14:11:11 +0200,2024-08-16 15:13:33 +0200,research,,https://www.inaturalist.org/observations/236069014,https://inaturalist-open-data.s3.amazonaws.com/photos/419934245/medium.jpeg,,"","",1,0,false,3,"Brookbend Rd, Central, SC, US",34.7539666667,-82.8143916667,11,,,,11,,open,false,,,Eurasian Wild Pig,Sus scrofa,Wild Boar,Mammalia,42134
236093530,a34339f3-429a-434e-8ee5-c48d0ec056e4,2024/08/07 8:56 PM,2024-08-07,2024-08-08 03:56:00 +0200,Central Time (US & Canada),268486,brooksy,Jason Brooks,2024-08-16 16:53:53 +0200,2024-08-16 18:06:37 +0200,research,,https://www.inaturalist.org/observations/236093530,https://static.inaturalist.org/photos/419978687/medium.jpeg,,"",,1,0,false,,"Upton County, TX, USA",31.4527492979,-102.2391114834,2,,,,2,,open,false,,,Eurasian Wild Pig,Sus scrofa,Wild Boar,Mammalia,42134
236149933,7f3dd26a-eab9-4ced-b545-21a147928f79,2024-07-08 00:03:51-05:00,2024-07-08,2024-07-08 07:03:51 +0200,Central Time (US & Canada),8454450,seth_robins,Seth Robins,2024-08-16 22:11:37 +0200,2024-09-03 14:14:12 +0200,research,,https://www.inaturalist.org/observations/236149933,https://static.inaturalist.org/photos/420085559/medium.jpeg,,"","",1,0,false,3,"Tree Line Dr, Pasadena, TX, US",29.642875,-95.1202305,4,,,,4,,open,false,,,Eurasian Wild Pig,Sus scrofa,Wild Boar,Mammalia,42134
236166487,a9803982-c379-42ff-99eb-905943d39a96,2024-08-01,2024-08-01,,Eastern Time (US & Canada),3195015,michaelstewart,Michael Stewart,2024-08-16 23:51:32 +0200,2024-08-26 16:38:23 +0200,research,,https://www.inaturalist.org/observations/236166487,https://static.inaturalist.org/photos/420118713/medium.jpeg,,"",Deceased.,3,0,false,2,"Garnett, SC 29922, USA",32.6040673464,-81.2905102596,13098,,,,13098,,open,false,,,Eurasian Wild Pig,Sus scrofa,Wild Boar,Mammalia,42134
236281431,5acf8504-be95-4da1-801b-fed9d5caa809,2024-08-17 08:38:39-05:00,2024-08-17,2024-08-17 15:38:39 +0200,Central Time (US & Canada),24407,mcdermottmi,,2024-08-17 16:19:51 +0200,2024-09-11 19:33:28 +0200,research,CC-BY-NC,https://www.inaturalist.org/observations/236281431,https://inaturalist-open-data.s3.amazonaws.com/photos/420340032/medium.jpeg,,"","",1,0,false,3,"Texas A&M University, College Station, TX, US",30.570555,-96.36888,4,,,,4,,open,false,,,Eurasian Wild Pig,Sus scrofa,Wild Boar,Mammalia,42134
236570107,82e0e580-4aa5-454c-9700-2ec58631bd78,2024/08/13 7:51 AM,2024-08-13,2024-08-13 14:51:00 +0200,Central Time (US & Canada),7844411,mdraines,Mike Raines,2024-08-18 21:03:17 +0200,2024-08-18 22:34:10 +0200,research,CC-BY-NC,https://www.inaturalist.org/observations/236570107,https://inaturalist-open-data.s3.amazonaws.com/photos/420884799/medium.jpeg,,CRPJ,Oak and juniper woodlands,1,0,false,,"Texas, US",30.8146084061,-97.6186070427,5,,,,29304,obscured,open,true,,,Eurasian Wild Pig,Sus scrofa,Wild Boar,Mammalia,42134
236589123,133a9e6c-b504-4d53-ad29-7e2495c4c9a4,2024-08-18 11:35:36-05:00,2024-08-18,2024-08-18 18:35:36 +0200,Central Time (US & Canada),7002234,tx_herper,Dayne Jordan,2024-08-18 22:28:32 +0200,2024-08-18 23:46:31 +0200,research,CC-BY-NC,https://www.inaturalist.org/observations/236589123,https://inaturalist-open-data.s3.amazonaws.com/photos/420922713/medium.jpeg,,"","",1,0,false,3,"Brazoria National Wildlife Refuge, Freeport, TX, US",29.0614195,-95.262405,3,,,,3,,open,false,,,Eurasian Wild Pig,Sus scrofa,Wild Boar,Mammalia,42134
236595710,62e2428b-b20f-4367-b5c9-6e2b8e569db1,2024/08/12 3:33 AM,2024-08-12,2024-08-12 10:33:00 +0200,Central Time (US & Canada),1595749,jcochran706,Jack Cochran,2024-08-18 22:59:06 +0200,2024-08-19 00:45:50 +0200,research,CC-BY-NC,https://www.inaturalist.org/observations/236595710,https://inaturalist-open-data.s3.amazonaws.com/photos/420933308/medium.jpeg,,crpj,Spring pool near wooden well.,2,0,false,,"Texas, US",30.8792705488,-97.7205451213,4,,,,29304,obscured,open,true,,,Eurasian Wild Pig,Sus scrofa,Wild Boar,Mammalia,42134
236595712,d4ed961f-a39a-4f8b-9d57-9b402772f851,2024/08/12 12:22 AM,2024-08-12,2024-08-12 07:22:00 +0200,Central Time (US & Canada),1595749,jcochran706,Jack Cochran,2024-08-18 22:59:06 +0200,2024-08-18 23:32:34 +0200,research,CC-BY-NC,https://www.inaturalist.org/observations/236595712,https://inaturalist-open-data.s3.amazonaws.com/photos/420933311/medium.jpeg,,crpj,Spring pool near wooden well.,1,0,false,,"Texas, US",30.8160878782,-97.7671411596,4,,,,29304,obscured,open,true,,,Eurasian Wild Pig,Sus scrofa,Wild Boar,Mammalia,42134
236595728,6bddd0b4-9d32-4acb-bc17-450a6d034541,2024/08/18 5:44 AM,2024-08-18,2024-08-18 12:44:00 +0200,Central Time (US & Canada),1595749,jcochran706,Jack Cochran,2024-08-18 22:59:10 +0200,2024-08-18 23:30:55 +0200,research,CC-BY-NC,https://www.inaturalist.org/observations/236595728,https://inaturalist-open-data.s3.amazonaws.com/photos/420933704/medium.jpeg,,crpj,Spring pool near wooden well.,1,0,false,,"Texas, US",30.8280604795,-97.6413762364,4,,,,29304,obscured,open,true,,,Eurasian Wild Pig,Sus scrofa,Wild Boar,Mammalia,42134
236634011,662bdda2-28ab-4344-8f16-109e270ba069,2024-08-16 19:02:03-07:00,2024-08-16,2024-08-17 04:02:03 +0200,Pacific Time (US & Canada),1509124,paulexcoff,"",2024-08-19 02:43:41 +0200,2024-08-19 18:31:37 +0200,research,CC-BY,https://www.inaturalist.org/observations/236634011,https://inaturalist-open-data.s3.amazonaws.com/photos/421009022/medium.jpeg,,"","",1,0,false,3,"Vineyard Canyon Rd, San Miguel, CA, US",35.8714333333,-120.5702216667,4,,,,4,,open,false,,,Eurasian Wild Pig,Sus scrofa,Wild Boar,Mammalia,42134
236804181,b3980b28-f0c4-41a1-8c57-c480fe763f3e,2024-08-19 12:32:33-05:00,2024-08-19,2024-08-19 19:32:33 +0200,Central Time (US & Canada),2293,jdavisz,John Davis,2024-08-20 00:10:38 +0200,2025-04-07 08:33:54 +0200,research,CC-BY-NC,https://www.inaturalist.org/observations/236804181,https://inaturalist-open-data.s3.amazonaws.com/photos/421340540/medium.jpeg,,"","",1,0,false,3,"Matthews Ln, Kyle, TX, US",29.96205,-97.8415833333,3279,,,,3279,,open,false,,,Eurasian Wild Pig,Sus scrofa,Wild Boar,Mammalia,42134
236824653,3949acd5-c3ab-41b9-b51f-4650d99aaad9,2024/08/19 9:12 AM,2024-08-19,2024-08-19 16:12:00 +0200,Central Time (US & Canada),2705652,greg369,Greg Page,2024-08-20 02:31:50 +0200,2024-08-23 06:24:44 +0200,research,,https://www.inaturalist.org/observations/236824653,https://static.inaturalist.org/photos/421381762/medium.jpg,,"",Saw about 15.,2,0,false,,"Leon Co, TX",31.2749464248,-96.0244213761,8,,,,8,,open,false,,,Eurasian Wild Pig,Sus scrofa,Wild Boar,Mammalia,42134
236836017,928281c5-056f-45b1-91a7-7006613ad957,2024-08-19 19:15:34,2024-08-19,2024-08-20 02:15:34 +0200,Central Time (US & Canada),866069,frank-g,Frank Goodavish,2024-08-20 03:56:12 +0200,2024-08-29 12:19:47 +0200,research,,https://www.inaturalist.org/observations/236836017,https://static.inaturalist.org/photos/421405452/medium.jpeg,,"",,1,0,false,2,"Arlington, TX 76006, USA",32.782530377,-97.1267775446,83,,,,83,,open,false,gps,gps,Eurasian Wild Pig,Sus scrofa,Wild Boar,Mammalia,42134
237153556,4dcba627-21bf-44ba-9358-edcba5b5f867,2024-08-21 08:08:24-07:00,2024-08-21,2024-08-21 17:08:24 +0200,Pacific Time (US & Canada),16592,dmosur,Dominik Mosur,2024-08-21 21:12:03 +0200,2025-06-20 03:04:31 +0200,research,CC-BY-NC,https://www.inaturalist.org/observations/237153556,https://inaturalist-open-data.s3.amazonaws.com/photos/422014061/medium.jpeg,,"","At Vernal pool off Remington loop trail, 3m 1f, the pair copulated at length 
 ",3,1,false,3,"Las Trampas Wilderness Regional Preserve, San Ramon, CA, US",37.80417,-122.0093833333,4,,,,4,,open,false,,,Wild Boar,Sus scrofa,Wild Boar,Mammalia,42134
237457194,705bb4f5-112f-42e0-b4ea-0543f48f2ceb,2024-08-23 07:37:18-05:00,2024-08-23,2024-08-23 14:37:18 +0200,Central Time (US & Canada),3530395,lilrose,Dana Rose,2024-08-23 15:50:12 +0200,2024-08-23 15:58:29 +0200,research,CC-BY-NC,https://www.inaturalist.org/observations/237457194,https://inaturalist-open-data.s3.amazonaws.com/photos/422605549/medium.jpeg,,"","",1,0,false,3,"Dyess Air Force Base, Abilene, TX, US",32.39832,-99.8286366667,3,,,,3,,open,false,,,Eurasian Wild Pig,Sus scrofa,Wild Boar,Mammalia,42134
237531533,2761247f-0c33-4bc8-a3f4-1f359ce6ab9e,2024-08-23 12:46:50-07:00,2024-08-23,2024-08-23 21:46:50 +0200,Pacific Time (US & Canada),5368707,moraga4monarchs,,2024-08-23 23:20:11 +0200,2025-05-23 10:52:40 +0200,research,CC-BY-NC,https://www.inaturalist.org/observations/237531533,https://inaturalist-open-data.s3.amazonaws.com/photos/422745474/medium.jpeg,,"","",1,0,false,3,"Moraga, CA, US",37.8183116667,-122.1326445,4,,,,4,,open,false,,,Wild Boar,Sus scrofa,Wild Boar,Mammalia,42134
237557296,0e6665cd-6739-4de8-a1cb-963bf782c441,2024-08-23 11:41:43-07:00,2024-08-23,2024-08-23 20:41:43 +0200,Pacific Time (US & Canada),593436,pammuick,,2024-08-24 02:36:43 +0200,2025-05-23 10:52:41 +0200,research,,https://www.inaturalist.org/observations/237557296,https://static.inaturalist.org/photos/422797995/medium.jpeg,,"",Patwino Worrtla Kodoi Dihi ,1,0,false,3,"Fairfield, CA, US",38.2557916667,-122.1398611667,3,,,,3,,open,false,,,Domestic Pig,Sus scrofa domesticus,Domestic Pig,Mammalia,324492
237568057,ec4cc11d-c0c9-49e9-a088-0089ca997036,2024/08/23 11:42 AM,2024-08-23,2024-08-23 20:42:00 +0200,Pacific Time (US & Canada),3342,hfabian,Henry Fabian,2024-08-24 04:12:43 +0200,2025-06-20 03:03:57 +0200,research,CC0,https://www.inaturalist.org/observations/237568057,https://static.inaturalist.org/photos/422820370/medium.jpg,,"","",3,1,false,,"Contra Costa County, CA, USA",37.8190843657,-122.1347318446,15,,,,15,,open,false,,,Wild Boar,Sus scrofa,Wild Boar,Mammalia,42134
237568135,8b28368b-ef13-4a3a-a2b0-711fabf2af79,2024/08/23 11:42 AM,2024-08-23,2024-08-23 20:42:00 +0200,Pacific Time (US & Canada),3342,hfabian,Henry Fabian,2024-08-24 04:13:31 +0200,2025-06-20 02:29:53 +0200,research,CC0,https://www.inaturalist.org/observations/237568135,https://static.inaturalist.org/photos/422820658/medium.jpg,,"",,4,1,false,,"Contra Costa County, CA, USA",37.8191184696,-122.1346773333,15,,,,15,,open,false,,,Wild Boar,Sus scrofa,Wild Boar,Mammalia,42134
237791316,84481c28-9747-4335-b22f-627ca12386f1,2024-08-24 12:53:20,2024-08-24,2024-08-24 18:53:20 +0200,Eastern Time (US & Canada),5825742,marsheatshamsters_28,Marsh Wraithmell,2024-08-25 06:31:09 +0200,2024-08-26 04:38:29 +0200,research,,https://www.inaturalist.org/observations/237791316,https://static.inaturalist.org/photos/423250517/medium.jpeg,,"",,1,0,false,2,"Tallahassee, FL 32303, USA",30.4861527778,-84.3044027778,,,,,,,open,false,gps,gps,Eurasian Wild Pig,Sus scrofa,Wild Boar,Mammalia,42134
237946422,e02d5172-5ac0-4e40-8fca-abb6ab2a22c6,2024/08/24 8:30 AM,2024-08-24,2024-08-24 14:30:00 +0200,Eastern Time (US & Canada),1137662,ctiemann16,Cole Tiemann,2024-08-25 23:16:04 +0200,2024-09-09 15:20:30 +0200,research,CC-BY-NC,https://www.inaturalist.org/observations/237946422,https://inaturalist-open-data.s3.amazonaws.com/photos/423542330/medium.jpeg,,"",,1,0,false,,"McIntosh County, GA, USA",31.5078917151,-81.196013385,911,,,,911,,open,false,,,Eurasian Wild Pig,Sus scrofa,Wild Boar,Mammalia,42134
237946435,7450d9e2-4529-4eab-bf77-b470eddebede,2024/08/24 8:55 AM,2024-08-24,2024-08-24 14:55:00 +0200,Eastern Time (US & Canada),1137662,ctiemann16,Cole Tiemann,2024-08-25 23:16:06 +0200,2024-09-01 21:40:33 +0200,research,CC-BY-NC,https://www.inaturalist.org/observations/237946435,https://inaturalist-open-data.s3.amazonaws.com/photos/423543306/medium.jpeg,,"",,1,0,false,,"McIntosh County, GA, USA",31.5084397275,-81.1960799283,1246,,,,1246,,open,false,,,Eurasian Wild Pig,Sus scrofa,Wild Boar,Mammalia,42134
237970595,293507ec-01e9-4824-a0fe-6cb453214e71,2024/08/25 6:27 AM,2024-08-25,2024-08-25 15:27:00 +0200,Pacific Time (US & Canada),3463300,w_fran,,2024-08-26 01:37:21 +0200,2025-06-20 03:12:13 +0200,research,CC-BY-NC,https://www.inaturalist.org/observations/237970595,https://inaturalist-open-data.s3.amazonaws.com/photos/423591689/medium.jpeg,,"","",3,1,false,,"San Simeon, CA 93452, USA",35.6440143,-121.1893211,1066,,,,1066,,open,false,,,Wild Boar,Sus scrofa,Wild Boar,Mammalia,42134
238189914,d7eddd67-19f1-41ee-8794-8a850807998d,2024-08-25 06:11:50,2024-08-25,2024-08-25 13:11:50 +0200,Central Time (US & Canada),1891837,thetexanfox,Adam J,2024-08-27 05:49:58 +0200,2024-08-27 21:43:15 +0200,research,,https://www.inaturalist.org/observations/238189914,https://static.inaturalist.org/photos/424020533/medium.jpeg,,"",,1,0,false,2,"The Woodlands, TX 77386, USA",30.1098921164,-95.3461555392,731,,,,731,,open,false,gps,gps,Eurasian Wild Pig,Sus scrofa,Wild Boar,Mammalia,42134
238297268,cf08b486-0359-45ab-957b-3a3cbb607919,2024-08-19 16:53:00-06:00,2024-08-19,2024-08-20 00:53:00 +0200,Central Time (US & Canada),8494989,kristinstaples,,2024-08-27 21:36:59 +0200,2024-08-28 03:30:42 +0200,research,CC-BY-NC,https://www.inaturalist.org/observations/238297268,https://inaturalist-open-data.s3.amazonaws.com/photos/424225306/medium.jpeg,,"","",2,0,false,3,"Merkel, TX, US",32.4029116667,-100.156075,3,,,,3,,open,false,,,Eurasian Wild Pig,Sus scrofa,Wild Boar,Mammalia,42134
238481816,1fc3b98a-a1e1-441d-bd01-f622a506c25d,2024/08/23 2:23 AM,2024-08-23,2024-08-23 09:23:00 +0200,Central Time (US & Canada),1595749,jcochran706,Jack Cochran,2024-08-28 22:37:39 +0200,2024-08-29 03:43:22 +0200,research,CC-BY-NC,https://www.inaturalist.org/observations/238481816,https://inaturalist-open-data.s3.amazonaws.com/photos/424577101/medium.jpeg,,crpj,Spring pool near wooden well.,1,0,false,,"Texas, US",30.9365641729,-97.7631130163,4,,,,29304,obscured,open,true,,,Eurasian Wild Pig,Sus scrofa,Wild Boar,Mammalia,42134
238545359,baaf427f-3767-48a0-a5aa-22201b4c30ea,2024/08/28 3:05 PM,2024-08-28,2024-08-29 00:05:00 +0200,Pacific Time (US & Canada),2873,jmaughn,James Maughn,2024-08-29 07:28:25 +0200,2024-09-01 04:19:46 +0200,research,CC-BY-NC,https://www.inaturalist.org/observations/238545359,https://inaturalist-open-data.s3.amazonaws.com/photos/424697382/medium.jpeg,,"","",3,0,false,,"Santa Clara County, CA, USA",37.330789114,-121.7214952737,31,,,,31,,open,false,,,Eurasian Wild Pig,Sus scrofa,Wild Boar,Mammalia,42134
238597320,aeaddad3-8669-4bca-9f3b-16119f79926d,2024-08-29 09:44:25-04:00,2024-08-29,2024-08-29 15:44:25 +0200,Eastern Time (US & Canada),8167319,laurenlo,,2024-08-29 16:16:49 +0200,2024-08-29 17:08:33 +0200,research,CC-BY-NC,https://www.inaturalist.org/observations/238597320,https://inaturalist-open-data.s3.amazonaws.com/photos/424804535/medium.jpeg,,"","",1,0,false,3,"Cabbage Island, Lake Placid, FL, US",27.1876416667,-81.19828,6,,,,6,,open,false,,,Eurasian Wild Pig,Sus scrofa,Wild Boar,Mammalia,42134
238651152,59daf6fe-e741-417a-8965-10944e4875e8,2024/08/24 7:22 PM,2024-08-24,2024-08-25 02:22:00 +0200,Central Time (US & Canada),1595749,jcochran706,Jack Cochran,2024-08-29 21:44:59 +0200,2024-08-31 20:05:51 +0200,research,CC-BY-NC,https://www.inaturalist.org/observations/238651152,https://inaturalist-open-data.s3.amazonaws.com/photos/424906049/medium.jpeg,,CRPR,,1,0,false,,"Williamson County, TX, USA",30.8458722222,-97.6392805556,39,,,,39,,open,false,,,Eurasian Wild Pig,Sus scrofa,Wild Boar,Mammalia,42134
238804579,78a599e7-ac4c-4040-a481-537259d31ca1,2024/08/29 7:37 PM,2024-08-29,2024-08-30 02:37:00 +0200,Central Time (US & Canada),18812,mako252,Jon McIntyre,2024-08-30 19:07:43 +0200,2024-09-02 00:15:42 +0200,research,CC-BY-NC,https://www.inaturalist.org/observations/238804579,https://inaturalist-open-data.s3.amazonaws.com/photos/425206887/medium.jpeg,,"",,3,0,false,,"Jim Wells County, TX, USA",28.0299118986,-98.2069669197,8,,,,8,,open,false,,,Eurasian Wild Pig,Sus scrofa,Wild Boar,Mammalia,42134
238852463,2e252172-c2f4-42e8-83cc-672dad59e1fa,2024-08-30 16:24:42-04:00,2024-08-30,2024-08-30 22:24:42 +0200,Eastern Time (US & Canada),98904,jimw3,James K. Wetterer,2024-08-30 23:50:58 +0200,2025-02-10 23:18:38 +0100,research,CC-BY-NC,https://www.inaturalist.org/observations/238852463,https://inaturalist-open-data.s3.amazonaws.com/photos/425299133/medium.jpeg,,"","",1,0,false,3,"Seminole Pratt Whitney Rd, West Palm Beach, FL, US",26.825575,-80.292755,4,,,,4,,open,false,,,Eurasian Wild Pig,Sus scrofa,Wild Boar,Mammalia,42134
238975248,96fe1cd1-a9a3-4105-b118-cd47302bf7d0,2024-08-31 08:43:19,2024-08-31,2024-08-31 15:43:19 +0200,Central Time (US & Canada),186400,seangolden,Sean Golden,2024-08-31 17:10:11 +0200,2025-01-24 02:57:49 +0100,research,CC-BY,https://www.inaturalist.org/observations/238975248,https://inaturalist-open-data.s3.amazonaws.com/photos/425536951/medium.jpeg,,"","DOR, think it was hit the night before",1,0,false,2,"Gardere, Baton Rouge, LA, USA",30.3728599444,-91.1382064722,,,,,,,open,false,gps,gps,Eurasian Wild Pig,Sus scrofa,Wild Boar,Mammalia,42134
238992198,5678d75b-6052-4738-bc52-1ee5317c9e26,2024-08-31 09:28:14-07:00,2024-08-31,2024-08-31 18:28:14 +0200,Eastern Time (US & Canada),1011171,davidlapins,David Lapins,2024-08-31 18:30:31 +0200,2025-09-30 13:17:32 +0200,research,,https://www.inaturalist.org/observations/238992198,https://static.inaturalist.org/photos/425568858/medium.jpeg,,"","",3,0,false,3,"Ch du Lac-Cayamant, Cayamant, QC, CA",46.116736904,-76.1990917425,439,,,,439,,open,false,,,Wild Boar,Sus scrofa,Wild Boar,Mammalia,42134
239034191,e8481976-1be3-44da-8bd9-20500aaf5bd8,2024-08-31 14:51:58,2024-08-31,2024-08-31 20:51:58 +0200,Eastern Time (US & Canada),4096413,fggibbs,Fred Gibbs,2024-08-31 21:51:34 +0200,2025-05-23 10:53:25 +0200,research,CC-BY-NC,https://www.inaturalist.org/observations/239034191,https://inaturalist-open-data.s3.amazonaws.com/photos/425649639/medium.jpeg,,"",BRP West of Pine Mt Tunnel ,1,0,false,2,"Horse Shoe, NC 28742, USA",35.4539972,-82.6776466,,,,,,,open,false,,,Domestic Pig,Sus scrofa domesticus,Domestic Pig,Mammalia,324492
239108697,8eebe6de-38e0-493d-8400-2dbfd9fcdb38,2024/08/20 11:13 PM,2024-08-20,2024-08-21 06:13:00 +0200,Central Time (US & Canada),17627,rlseman,Lynn Seman,2024-09-01 06:11:25 +0200,2024-09-01 06:21:37 +0200,research,CC-BY-NC,https://www.inaturalist.org/observations/239108697,https://inaturalist-open-data.s3.amazonaws.com/photos/425796068/medium.jpeg,,"",,1,0,false,,"Foard County, TX, USA",33.991155652,-99.958406998,238,,,,238,,open,false,,,Eurasian Wild Pig,Sus scrofa,Wild Boar,Mammalia,42134
239214331,20542262-ab51-487e-862f-2e58dc8eaecb,2024-09-01 09:48:01-05:00,2024-09-01,2024-09-01 16:48:01 +0200,Central Time (US & Canada),7002234,tx_herper,Dayne Jordan,2024-09-01 19:00:22 +0200,2024-09-24 17:27:53 +0200,research,CC-BY-NC,https://www.inaturalist.org/observations/239214331,https://inaturalist-open-data.s3.amazonaws.com/photos/426001519/medium.jpeg,,"",DOR,2,0,false,3,"Anahuac National Wildlife Refuge, Anahuac, TX, US",29.6338283333,-94.5394583333,8,,,,8,,open,false,,,Eurasian Wild Pig,Sus scrofa,Wild Boar,Mammalia,42134
239243008,5e1f1fc0-da2f-42e1-b711-1a6fe15699f3,2024/08/31 6:31 PM,2024-08-31,2024-09-01 01:31:00 +0200,Central Time (US & Canada),6128253,dccbug,Dan Carnevale,2024-09-01 21:08:50 +0200,2024-09-01 21:11:23 +0200,research,,https://www.inaturalist.org/observations/239243008,https://static.inaturalist.org/photos/426057488/medium.jpg,,"",,1,0,false,,Jsee Jones,30.0291278677,-95.2991406292,378,,,,378,,open,false,,,Eurasian Wild Pig,Sus scrofa,Wild Boar,Mammalia,42134
239338655,dbca9a01-86df-4309-b0b7-7effe0311f5c,2024-04-22 11:23:00-07:00,2024-04-22,2024-04-22 20:23:00 +0200,Pacific Time (US & Canada),7741043,lindseynmountz,,2024-09-02 07:26:31 +0200,2024-09-03 15:37:29 +0200,research,CC-BY-NC,https://www.inaturalist.org/observations/239338655,https://inaturalist-open-data.s3.amazonaws.com/photos/426250538/medium.jpeg,,"","",2,0,false,3,"Raymond, CA, US",37.2408901412,-119.9383962955,352,,,,352,,open,false,,,Eurasian Wild Pig,Sus scrofa,Wild Boar,Mammalia,42134
239712487,a2628bf8-031c-48a0-9a4b-57faf0c6edb8,2024/08/10 9:01 AM,2024-08-10,2024-08-10 16:01:00 +0200,Central Time (US & Canada),792590,ecbirdy,Elaine Cowley,2024-09-04 02:30:56 +0200,2024-09-04 17:40:21 +0200,research,,https://www.inaturalist.org/observations/239712487,https://static.inaturalist.org/photos/426972522/medium.jpeg,,"",Vultures work quickly.  This hog was not there when we went by and was 2 hours later.  Covered in vultures,1,0,false,,"Gonzales County, TX, USA",29.5875347993,-97.5917837452,31,,,,31,,open,false,,,Eurasian Wild Pig,Sus scrofa,Wild Boar,Mammalia,42134
239852809,a6a5366b-adc1-4048-95bb-6fb0038b8e45,2024-09-04 12:45:00-04:00,2024-09-04,2024-09-04 18:45:00 +0200,Eastern Time (US & Canada),2841182,zm77,,2024-09-04 22:12:02 +0200,2024-09-04 22:20:40 +0200,research,CC-BY-NC,https://www.inaturalist.org/observations/239852809,https://inaturalist-open-data.s3.amazonaws.com/photos/427240224/medium.jpeg,,"","",1,0,false,3,"N County Road 225, Gainesville, FL, US",29.7113940446,-82.2794100464,24,,,,24,,open,false,,,Eurasian Wild Pig,Sus scrofa,Wild Boar,Mammalia,42134
239872296,9fceb7e8-0b08-4d0b-bba3-f9e1f30815bf,2024-09-04 18:18:42-04:00,2024-09-04,2024-09-05 00:18:42 +0200,Eastern Time (US & Canada),7026732,mateoz96,,2024-09-05 00:24:17 +0200,2024-09-05 02:05:41 +0200,research,CC-BY-NC,https://www.inaturalist.org/observations/239872296,https://inaturalist-open-data.s3.amazonaws.com/photos/427279351/medium.jpeg,,"","",1,0,false,3,"Polaris Dr, St. Cloud, FL, US",28.3364629091,-81.1764677145,763,,,,763,,open,false,,,Jabalí europeo,Sus scrofa,Wild Boar,Mammalia,42134
239896535,48238eda-894e-4a9a-b99f-6180cf7c91da,2024-09-04 14:55:30,2024-09-04,2024-09-04 20:55:30 +0200,Eastern Time (US & Canada),1418277,alinamartin,Alina Martin,2024-09-05 03:37:05 +0200,2025-07-31 23:04:31 +0200,research,CC-BY,https://www.inaturalist.org/observations/239896535,https://inaturalist-open-data.s3.amazonaws.com/photos/427325788/medium.jpeg,,"",,1,0,false,2,"Cherokee, NC 28719, USA",35.5674583333,-83.3092388889,,,,,,,open,false,,,Eurasian Wild Pig,Sus scrofa,Wild Boar,Mammalia,42134
240006594,75c3ff77-78e9-47b1-88f5-57d7b223b28a,2024-08-27 18:25:46-07:00,2024-08-27,2024-08-28 03:25:46 +0200,Pacific Time (US & Canada),8393411,deljel,Delanie Jellison,2024-09-05 20:29:30 +0200,2024-10-03 18:03:26 +0200,research,CC-BY-NC,https://www.inaturalist.org/observations/240006594,https://inaturalist-open-data.s3.amazonaws.com/photos/427537955/medium.jpeg,,"","",1,0,false,3,"Canada Larga Rd, Ventura, CA, US",34.3624083333,-119.24478,4,,,,4,,open,false,,,Eurasian Wild Pig,Sus scrofa,Wild Boar,Mammalia,42134
240360101,c695ed5c-37f2-4906-8fd6-0d34818dbb5b,2024-09-07 11:56:49,2024-09-07,2024-09-07 18:56:49 +0200,Central Time (US & Canada),1610067,redpenny,Penny L.,2024-09-07 19:22:55 +0200,2024-09-16 22:07:10 +0200,research,CC-BY-NC,https://www.inaturalist.org/observations/240360101,https://inaturalist-open-data.s3.amazonaws.com/photos/428212811/medium.jpeg,,"",Hagerman NWR BioBlitz 2024,1,0,false,2,"Pottsboro, TX 75076, USA",33.7612439997,-96.7636052997,,,,,,,open,false,gps,gps,Eurasian Wild Pig,Sus scrofa,Wild Boar,Mammalia,42134
240360656,139c1e65-5736-4bc6-8dc8-c31b17a49c84,2024-09-07 11:57:37,2024-09-07,2024-09-07 18:57:37 +0200,Central Time (US & Canada),1610067,redpenny,Penny L.,2024-09-07 19:26:01 +0200,2024-09-16 22:06:55 +0200,research,CC-BY-NC,https://www.inaturalist.org/observations/240360656,https://inaturalist-open-data.s3.amazonaws.com/photos/428214876/medium.jpeg,,"",Big tusks! Lower jaw only.,2,0,false,2,"Pottsboro, TX 75076, USA",33.761226,-96.76375,,,,,,,open,false,,,Eurasian Wild Pig,Sus scrofa,Wild Boar,Mammalia,42134
240381903,991cf142-5d33-4640-8ddf-37bda3fa319a,2024-09-07 11:59:06,2024-09-07,2024-09-07 18:59:06 +0200,Central Time (US & Canada),1679872,tayne909,Alex M,2024-09-07 21:06:04 +0200,2024-10-04 02:46:59 +0200,research,CC-BY-NC,https://www.inaturalist.org/observations/240381903,https://inaturalist-open-data.s3.amazonaws.com/photos/428255419/medium.jpeg,,"",this whole shore of he lotuses seems like it was excavated,1,0,false,2,"Knollwood, TX 75092, USA",33.728873,-96.7772769722,,,,,,,open,false,gps,gps,Eurasian Wild Pig,Sus scrofa,Wild Boar,Mammalia,42134
240453272,febf9ecb-d362-47d1-bc43-cdfe12b24848,2024-09-07 16:43:27-04:00,2024-09-07,2024-09-07 22:43:27 +0200,Eastern Time (US & Canada),749770,ztmauldin,Zack Mauldin,2024-09-08 03:37:05 +0200,2024-11-16 14:35:18 +0100,research,,https://www.inaturalist.org/observations/240453272,https://static.inaturalist.org/photos/428393829/medium.jpeg,,"","",2,0,false,3,"Issaqueena Lake Rd, Central, SC, US",34.7563466667,-82.8608866667,4,,,,4,,open,false,,,Eurasian Wild Pig,Sus scrofa,Wild Boar,Mammalia,42134
240460800,896997a6-3c10-4277-bb75-2b8a7cb6876a,2024/09/07 9:16 AM,2024-09-07,2024-09-07 18:16:00 +0200,Pacific Time (US & Canada),74597,rkharwood,Randy,2024-09-08 04:27:20 +0200,2024-09-08 07:09:56 +0200,research,CC-BY,https://www.inaturalist.org/observations/240460800,https://inaturalist-open-data.s3.amazonaws.com/photos/428407654/medium.jpg,,"Kern County, Tejon Ranch",,1,0,false,,"Kern County, CA, USA",35.0168083333,-118.7549266667,,,,,,,open,false,,,Eurasian Wild Pig,Sus scrofa,Wild Boar,Mammalia,42134
240478261,61b01bd6-7dbb-4d9e-a02a-a0c0434d9edc,2024-09-07 11:51:50-05:00,2024-09-07,2024-09-07 18:51:50 +0200,Central Time (US & Canada),6371698,painbane69,,2024-09-08 06:49:16 +0200,2025-10-09 16:46:06 +0200,research,CC-BY-NC-SA,https://www.inaturalist.org/observations/240478261,https://inaturalist-open-data.s3.amazonaws.com/photos/428442909/medium.jpeg,,"","",2,0,false,3,"Pottsboro, TX, US",33.7612746292,-96.7635695076,4,,,,4,,open,false,,,Eurasian Wild Pig,Sus scrofa,Wild Boar,Mammalia,42134
240481509,f88e0ff7-e47a-4e91-be5f-219da7460978,2024-09-07 11:50:54,2024-09-07,2024-09-07 18:50:54 +0200,Central Time (US & Canada),6380181,theambermycophile,Amber Bee,2024-09-08 07:25:49 +0200,2024-09-12 04:30:25 +0200,research,,https://www.inaturalist.org/observations/240481509,https://static.inaturalist.org/photos/428449915/medium.jpeg,,"",,2,0,false,2,"Pottsboro, TX 75076, USA",33.7612916667,-96.7635916667,,,,,,,open,false,gps,gps,Eurasian Wild Pig,Sus scrofa,Wild Boar,Mammalia,42134
240531058,1db20ce1-5a7c-40ff-b9d5-2382f68def3b,2024/09/07 10:20 AM,2024-09-07,2024-09-07 17:20:00 +0200,Central Time (US & Canada),2094499,jim_keesling,"",2024-09-08 15:09:15 +0200,2025-09-19 08:41:36 +0200,research,CC-BY-NC,https://www.inaturalist.org/observations/240531058,https://inaturalist-open-data.s3.amazonaws.com/photos/428546057/medium.jpeg,,"","Shot from about 40 yds. out, so not great detail.  ",2,0,false,,"Union County, AR, USA",33.151675,-92.2369,5,,,,5,,open,false,,,Eurasian Wild Pig,Sus scrofa,Wild Boar,Mammalia,42134
240533329,c296cdde-de7f-438e-b7ce-18353e781c4a,2024-09-07 13:01:41,2024-09-07,2024-09-07 20:01:41 +0200,Central Time (US & Canada),447128,sandrahorton,Sandra Horton,2024-09-08 15:23:55 +0200,2024-09-12 04:15:09 +0200,research,CC-BY-NC,https://www.inaturalist.org/observations/240533329,https://inaturalist-open-data.s3.amazonaws.com/photos/428551228/medium.jpeg,,"",,3,0,false,2,"Knollwood, TX 75092, USA",33.739296,-96.752412,,,,,,,open,false,gps,gps,Eurasian Wild Pig,Sus scrofa,Wild Boar,Mammalia,42134
240537327,35ac0035-3b2b-425c-a031-287dcffbe5f6,2024-09-08 08:40:15-05:00,2024-09-08,2024-09-08 15:40:15 +0200,Central Time (US & Canada),2659463,donaldedward,,2024-09-08 15:47:28 +0200,2025-05-23 10:53:45 +0200,research,CC-BY-NC,https://www.inaturalist.org/observations/240537327,https://inaturalist-open-data.s3.amazonaws.com/photos/428559481/medium.jpeg,,"","",3,1,false,3,"E Bridge St, New Braunfels, TX, US",29.7051527722,-98.1259831616,35,,,,35,,open,false,,,Domestic Pig,Sus scrofa domesticus,Domestic Pig,Mammalia,324492
240543378,42f66cd0-b690-48cd-91de-c78e66367221,2024-09-07 10:13:29-05:00,2024-09-07,2024-09-07 17:13:29 +0200,Central Time (US & Canada),73807,butterflies4fun,Melanie Schuchart,2024-09-08 16:20:22 +0200,2024-09-08 21:14:29 +0200,research,CC-BY-NC,https://www.inaturalist.org/observations/240543378,https://inaturalist-open-data.s3.amazonaws.com/photos/428570787/medium.jpeg,,"","",1,0,false,3,"Sherman, TX, US",33.7390166667,-96.74845,4,,,,4,,open,false,,,Eurasian Wild Pig,Sus scrofa,Wild Boar,Mammalia,42134
240552277,05237eab-51b4-494c-a575-575017418c44,2024/08/28 10:07 AM,2024-08-28,2024-08-28 17:07:00 +0200,Central Time (US & Canada),91751,czktex,John Maresh,2024-09-08 17:06:20 +0200,2024-10-20 14:21:25 +0200,research,CC-BY-NC,https://www.inaturalist.org/observations/240552277,https://inaturalist-open-data.s3.amazonaws.com/photos/428586386/medium.jpeg,,"","Briscoe Co., SH 86; DOR",1,0,false,,"Briscoe County, TX, USA",34.478206,-101.427331,8,,,,8,,open,false,,,Eurasian Wild Pig,Sus scrofa,Wild Boar,Mammalia,42134
240818642,a5a87fab-8cec-4b5d-9dee-fb070b847b96,2024/08/07 3:36 PM,2024-08-07,2024-08-07 22:36:00 +0200,Central Time (US & Canada),277496,codystricker,Cody Stricker,2024-09-09 22:31:49 +0200,2024-09-09 23:16:52 +0200,research,CC-BY,https://www.inaturalist.org/observations/240818642,https://inaturalist-open-data.s3.amazonaws.com/photos/429099670/medium.jpeg,,"",,1,0,false,,"Kendall County, TX, USA",29.8889848229,-98.5193017147,4,,,,4,,open,false,,,Eurasian Wild Pig,Sus scrofa,Wild Boar,Mammalia,42134
240890745,36483a22-a433-41c5-9dff-227933c427a1,2024/08/24 7:37 PM,2024-08-24,2024-08-25 04:37:00 +0200,Pacific Time (US & Canada),3407564,ken_mateik,Ken Mateik,2024-09-10 08:26:21 +0200,2025-06-26 06:00:38 +0200,research,CC-BY-NC,https://www.inaturalist.org/observations/240890745,https://inaturalist-open-data.s3.amazonaws.com/photos/429244023/medium.jpg,,"Sus scrofa, Photo","Another non-native Wild Boar approximately 150 pounds, removed from the California environment. This looks very much like the dark-colored young Wild Pig that I photographed back in Sept 2022 (www.inaturalist.org/observations/135091065).
Harvested for Food; gonna make plenty of sausage and salami and other choice meats out of him; 
NO antibiotics and free-range mostly grain-fed (eats pretty much everything in its environment). 
A very destructive [but tasty] Introduced PEST in California and many other states.
Private Property - No Public Access. ",2,0,false,,"California, US",38.6785452924,-122.2692121353,31250,,,,31250,obscured,open,true,,,Eurasian Wild Pig,Sus scrofa,Wild Boar,Mammalia,42134
240900517,8ed6bc86-7bfc-4c67-94cd-3e89d81e3cf3,2024-09-10 00:00:21-05:00,2024-09-10,2024-09-10 07:00:21 +0200,Central Time (US & Canada),28364,dan_johnson,Dan Johnson,2024-09-10 10:51:01 +0200,2024-09-10 16:12:52 +0200,research,CC-BY,https://www.inaturalist.org/observations/240900517,https://inaturalist-open-data.s3.amazonaws.com/photos/429264254/medium.jpeg,,"",https://www.youtube.com/shorts/McJX_SJKnxI,1,0,false,3,"George Bush Park H&b Trail, Houston, TX, US",29.7783,-95.6463,4,,,,4,,open,false,,,Eurasian Wild Pig,Sus scrofa,Wild Boar,Mammalia,42134
240905502,06129868-e724-413b-abc7-de830e41c820,2024-05-25 07:03:00-05:00,2024-05-25,2024-05-25 14:03:00 +0200,Central Time (US & Canada),32993,c_h_hemphill,CH Hemphill,2024-09-10 12:05:06 +0200,2025-04-08 01:28:53 +0200,research,CC-BY-NC,https://www.inaturalist.org/observations/240905502,https://inaturalist-open-data.s3.amazonaws.com/photos/429274676/medium.jpeg,,"","",1,0,false,3,"Valera, TX, US",31.6878640555,-99.6134409528,37,,,,37,,open,false,,,Eurasian Wild Pig,Sus scrofa,Wild Boar,Mammalia,42134
240939406,9b72f9a5-074c-4bfd-8550-f4533b772af6,2024-09-09 12:49:57,2024-09-09,2024-09-09 19:49:57 +0200,Central Time (US & Canada),866069,frank-g,Frank Goodavish,2024-09-10 16:58:36 +0200,2024-09-10 17:43:24 +0200,research,,https://www.inaturalist.org/observations/240939406,https://static.inaturalist.org/photos/429337832/medium.jpeg,,"",,1,0,false,2,"Texas, US",31.4940208491,-95.3102372172,12634,,,,29226,obscured,open,true,gps,gps,Eurasian Wild Pig,Sus scrofa,Wild Boar,Mammalia,42134
240983139,b9dfead3-963e-49aa-aba9-9dc44c0934c8,2024-09-10 14:47:54-04:00,2024-09-10,2024-09-10 20:47:54 +0200,Eastern Time (US & Canada),2212957,lutes,Madison Lutes,2024-09-10 21:10:18 +0200,2025-02-03 20:56:56 +0100,research,CC-BY-NC,https://www.inaturalist.org/observations/240983139,https://inaturalist-open-data.s3.amazonaws.com/photos/429418330/medium.jpeg,,"","",1,0,false,3,"Florida, US",26.335014175,-81.4362622258,4,,,,29868,obscured,open,true,,,Eurasian Wild Pig,Sus scrofa,Wild Boar,Mammalia,42134
241000575,c735c8ca-80e0-4fa0-b927-82e7ef255228,2024-09-09 12:17:50,2024-09-09,2024-09-09 19:17:50 +0200,Central Time (US & Canada),665120,jeffwilson2,Jeff Wilson,2024-09-10 22:57:04 +0200,2024-09-11 00:20:58 +0200,research,CC-BY,https://www.inaturalist.org/observations/241000575,https://inaturalist-open-data.s3.amazonaws.com/photos/429452196/medium.jpeg,,"",,1,0,false,2,"Lafayette County, MS, USA",34.55122061,-89.48271665,3,,,,3,,open,false,,,Eurasian Wild Pig,Sus scrofa,Wild Boar,Mammalia,42134
241037214,572782d8-0f91-48a4-ad9b-7d80d86b90f6,2024-09-10 17:12:00-07:00,2024-09-10,2024-09-11 02:12:00 +0200,Pacific Time (US & Canada),4001872,jgerstenb,,2024-09-11 03:20:33 +0200,2024-09-12 04:52:01 +0200,research,CC-BY-NC,https://www.inaturalist.org/observations/241037214,https://inaturalist-open-data.s3.amazonaws.com/photos/429681508/medium.jpeg,,"","",1,0,false,3,"California, US",36.9001931083,-121.0808982861,4,,,,28476,obscured,open,true,,,Eurasian Wild Pig,Sus scrofa,Wild Boar,Mammalia,42134
241072858,3fa9bfaf-927e-4d73-9a9a-c90aa2a91d38,2024-09-10 23:44:15-05:00,2024-09-10,2024-09-11 06:44:15 +0200,Central Time (US & Canada),28364,dan_johnson,Dan Johnson,2024-09-11 10:35:45 +0200,2024-09-11 16:09:44 +0200,research,CC-BY,https://www.inaturalist.org/observations/241072858,https://inaturalist-open-data.s3.amazonaws.com/photos/429597576/medium.jpeg,,"",https://www.youtube.com/shorts/0vNHAMiU_CQ,1,0,false,3,"George Bush Park H&b Trail, Houston, TX, US",29.7803,-95.6466,4,,,,4,,open,false,,,Eurasian Wild Pig,Sus scrofa,Wild Boar,Mammalia,42134
241157482,53675df2-bbfd-4222-bbfc-ebd62ba1b3e1,2024-09-11 15:20:33-04:00,2024-09-11,2024-09-11 21:20:33 +0200,Eastern Time (US & Canada),5380585,livthewise,Olivia Bechdel,2024-09-11 21:21:22 +0200,2025-05-23 10:53:55 +0200,research,CC-BY-NC,https://www.inaturalist.org/observations/241157482,https://inaturalist-open-data.s3.amazonaws.com/photos/429756542/medium.jpeg,,"","",2,0,false,3,"Sharon Dr, North Fort Myers, FL, US",26.7532509741,-81.7753374147,4,,,,4,,open,false,,,Eurasian Wild Pig,Sus scrofa,Wild Boar,Mammalia,42134
241186301,d710f3e5-79c0-4e75-b6c2-6beee6fc2559,2024-09-11 18:03:50,2024-09-11,2024-09-12 00:03:50 +0200,America/Nipigon,4408922,ehh93,Erin H,2024-09-12 00:10:14 +0200,2025-05-23 10:53:56 +0200,research,,https://www.inaturalist.org/observations/241186301,https://static.inaturalist.org/photos/429811042/medium.jpeg,,"","Not sure if these pigs belong to this farm, but if they are fenced in, it definitely needs to be reinforced better. 

I've never seen pigs here before, only goats, ducks and geese. These ones are a little wild looking.",2,0,false,2,"Little Britain, ON K0M 2C0, Canada",44.259486,-78.8088807997,,,,,,,open,false,,,Domestic Pig,Sus scrofa domesticus,Domestic Pig,Mammalia,324492
241229193,9da721a8-4d2b-4f99-96ff-b59e9363d9d9,2024-09-07 14:04:04,2024-09-07,2024-09-07 21:04:04 +0200,Central Time (US & Canada),2581768,chandlerdavis,Chandler Davis,2024-09-12 05:56:55 +0200,2024-09-15 16:29:29 +0200,research,,https://www.inaturalist.org/observations/241229193,https://static.inaturalist.org/photos/429894809/medium.jpeg,,"",Hagerman NWR Bioblitz 2024,1,0,false,2,"Sadler, TX 76264, USA",33.72045,-96.7798222222,,,,,,,open,false,gps,gps,Eurasian Wild Pig,Sus scrofa,Wild Boar,Mammalia,42134
241294932,530a18df-7716-4983-9ad1-96ea66548f66,2024/09/12 8:28 AM,2024-09-12,2024-09-12 15:28:00 +0200,Central Time (US & Canada),1541993,r_dobbs,Robert Dobbs,2024-09-12 17:34:16 +0200,2025-05-23 10:53:57 +0200,research,CC-BY-NC,https://www.inaturalist.org/observations/241294932,https://inaturalist-open-data.s3.amazonaws.com/photos/430022090/medium.jpg,,"",mama + at least 3 kids,2,0,false,,"Lafayette, LA, USA",30.25956694,-91.9847508746,10,,,,10,,open,false,,,Domestic Pig,Sus scrofa domesticus,Domestic Pig,Mammalia,324492
241329775,ad153c21-2bb9-4a0d-8889-c63a1d1c4379,2024-09-12 08:06:48-05:00,2024-09-12,2024-09-12 15:06:48 +0200,Central Time (US & Canada),1347989,lanechaffin,"",2024-09-12 20:54:51 +0200,2024-09-13 07:47:08 +0200,research,CC0,https://www.inaturalist.org/observations/241329775,https://inaturalist-open-data.s3.amazonaws.com/photos/430088728/medium.jpeg,,"","",1,0,false,3,"The Grove Rd, Gatesville, TX, US",31.23028,-97.5324783333,4,,,,4,,open,false,,,Eurasian Wild Pig,Sus scrofa,Wild Boar,Mammalia,42134
241395126,d5114169-dc7d-434a-9383-596056f2c628,2024-09-12 19:10:58,2024-09-12,2024-09-13 04:10:58 +0200,Pacific Time (US & Canada),2572237,reconnecting22,Keshav a.k.a. Kiki Boddula,2024-09-13 04:32:31 +0200,2025-05-23 10:54:03 +0200,research,,https://www.inaturalist.org/observations/241395126,https://static.inaturalist.org/photos/430216100/medium.jpeg,,"",Mandible,3,0,false,2,"Santa Clara County, US-CA, US",37.3942704,-121.48767666,7,,,,7,,open,false,,,Domestic Pig,Sus scrofa domesticus,Domestic Pig,Mammalia,324492
241405196,fec403c0-58cc-4931-8ac6-6e31a663459c,2024-09-11 18:19:36-05:00,2024-09-11,2024-09-12 01:19:36 +0200,Central Time (US & Canada),4782934,babaganoutch,babaganoutch,2024-09-13 06:16:26 +0200,2024-09-18 07:46:58 +0200,research,CC-BY-NC,https://www.inaturalist.org/observations/241405196,https://inaturalist-open-data.s3.amazonaws.com/photos/430236625/medium.jpeg,,"","",3,0,false,3,"Mustang Island, Port Aransas, TX, US",27.8288216667,-97.0527195,3,,,,3,,open,false,,,Eurasian Wild Pig,Sus scrofa,Wild Boar,Mammalia,42134
241583296,096abcbe-a593-43d5-a129-17a41f97415c,2024-09-13 17:19:24-07:00,2024-09-13,2024-09-14 02:19:24 +0200,Pacific Time (US & Canada),3716,howardclarkjr,Howard Clark,2024-09-14 05:36:58 +0200,2024-09-14 06:08:00 +0200,research,,https://www.inaturalist.org/observations/241583296,https://static.inaturalist.org/photos/430578620/medium.jpeg,,"","",1,0,false,3,"Joseph D. Grant County Park, Mount Hamilton, CA, US",37.3449133333,-121.72493,4,,,,4,,open,false,,,Eurasian Wild Pig,Sus scrofa,Wild Boar,Mammalia,42134
241597115,7837e559-2c55-433b-ab2b-d558ce41f4cb,2024-07-13 15:08:00-05:00,2024-07-13,2024-07-13 22:08:00 +0200,Central Time (US & Canada),8549955,aracelidavalos,Araceli Davalos,2024-09-14 08:30:36 +0200,2024-09-15 04:09:54 +0200,research,,https://www.inaturalist.org/observations/241597115,https://static.inaturalist.org/photos/430607105/medium.jpeg,,"","",1,0,false,3,"Frenier Rd, La Place, LA, US",30.0931587712,-90.4339360447,164,,,,164,,open,false,,,Eurasian Wild Pig,Sus scrofa,Wild Boar,Mammalia,42134
241707646,a2150a83-f40f-44eb-ba7b-f24a1f79b25b,2024/09/14 7:20 AM,2024-09-14,2024-09-14 13:20:00 +0200,Eastern Time (US & Canada),655174,goodoldroute15,Bob Oswald,2024-09-14 21:17:17 +0200,2024-10-09 21:48:47 +0200,research,CC-BY-NC,https://www.inaturalist.org/observations/241707646,https://inaturalist-open-data.s3.amazonaws.com/photos/430810563/medium.jpg,,"",,2,0,false,,"La Chua Trail, Gainesville, FL, USA",29.605935,-82.3030157,485,,,,485,,open,false,,,Eurasian Wild Pig,Sus scrofa,Wild Boar,Mammalia,42134
241738320,664d8b98-e03c-4e77-b2f4-d926a727e346,2024-09-14 14:51:10-07:00,2024-09-14,2024-09-14 23:51:10 +0200,Pacific Time (US & Canada),213770,kdunnett,,2024-09-14 23:51:50 +0200,2025-03-13 03:10:30 +0100,research,CC-BY-NC,https://www.inaturalist.org/observations/241738320,https://inaturalist-open-data.s3.amazonaws.com/photos/430872928/medium.jpeg,,"","",1,0,false,3,"Metz Rd, King City, CA, US",36.3499466667,-121.2029883333,,,,,,,open,false,,,Eurasian Wild Pig,Sus scrofa,Wild Boar,Mammalia,42134
241768234,a31e1306-c799-4431-a4c6-a99723e83902,2024-09-14 18:11:13,2024-09-14,2024-09-15 00:11:13 +0200,Eastern Time (US & Canada),6450193,edward547,edward carter,2024-09-15 02:43:04 +0200,2025-05-21 07:02:37 +0200,research,,https://www.inaturalist.org/observations/241768234,https://static.inaturalist.org/photos/430932074/medium.jpeg,,"",,2,0,false,2,"Anson County, US-NC, US",35.0713601384,-80.0501562875,6,,,,6,,open,false,,,Eurasian Wild Pig,Sus scrofa,Wild Boar,Mammalia,42134
241980411,b8f267e2-3fdf-40b5-974b-2b8017009c5b,2024-09-12 18:37:12-05:00,2024-09-12,2024-09-13 01:37:12 +0200,Central Time (US & Canada),7551796,gdmcknight,Gina M.,2024-09-16 00:56:47 +0200,2025-05-01 01:31:31 +0200,research,CC-BY-NC,https://www.inaturalist.org/observations/241980411,https://inaturalist-open-data.s3.amazonaws.com/photos/431336773/medium.jpeg,,"","",1,0,false,3,"Colorado Bend State Park, San Saba, TX, US",31.0418672817,-98.4494723198,2345,,,,2345,,open,false,,,Eurasian Wild Pig,Sus scrofa,Wild Boar,Mammalia,42134
242087121,7489311b-611f-435a-b0ad-77fe748232d5,2024/09/15 6:53 PM,2024-09-15,2024-09-16 01:53:00 +0200,Central Time (US & Canada),7453584,texas_nature_family,Texas Bird Family,2024-09-16 15:11:03 +0200,2024-11-21 14:55:29 +0100,research,CC-BY,https://www.inaturalist.org/observations/242087121,https://inaturalist-open-data.s3.amazonaws.com/photos/431544093/medium.jpeg,,"","Lots of tracks, and ground ripped up along with tracks. ",1,0,false,,"Freedom Park, Westheimer Parkway, Houston, TX",29.7290623245,-95.7267839073,1,,,,1,,open,false,,,Eurasian Wild Pig,Sus scrofa,Wild Boar,Mammalia,42134
242205575,4754397d-bbb7-48b3-ab75-f0c392fbadb3,2024/09/15 5:16 PM,2024-09-15,2024-09-15 23:16:00 +0200,Eastern Time (US & Canada),7161220,lwridge,LW Ridge,2024-09-17 03:20:27 +0200,2025-05-21 07:02:36 +0200,research,CC-BY-NC,https://www.inaturalist.org/observations/242205575,https://inaturalist-open-data.s3.amazonaws.com/photos/431772569/medium.jpeg,,"",,1,0,false,,"Polk County, FL, USA",27.7660833333,-81.4479366667,,,,,,,open,false,,,Eurasian Wild Pig,Sus scrofa,Wild Boar,Mammalia,42134
242208759,da319d99-a8eb-4563-98c9-57c38dbd228a,2024/09/15 5:58 PM,2024-09-15,2024-09-15 23:58:00 +0200,Eastern Time (US & Canada),7161220,lwridge,LW Ridge,2024-09-17 03:47:06 +0200,2025-05-21 07:02:34 +0200,research,CC-BY-NC,https://www.inaturalist.org/observations/242208759,https://inaturalist-open-data.s3.amazonaws.com/photos/431781385/medium.jpeg,,"",,1,0,false,,"Polk County, FL, USA",27.7640516667,-81.4492866667,,,,,,,open,false,,,Eurasian Wild Pig,Sus scrofa,Wild Boar,Mammalia,42134
242382554,798cf26d-f481-4065-b17a-a889aca1e003,2024-09-17 07:24:46-07:00,2024-09-17,2024-09-17 16:24:46 +0200,Pacific Time (US & Canada),3977400,chaztaz965,Chaz,2024-09-18 01:14:09 +0200,2024-09-23 16:00:12 +0200,research,CC-BY-NC,https://www.inaturalist.org/observations/242382554,https://inaturalist-open-data.s3.amazonaws.com/photos/432123398/medium.jpeg,,"","",1,0,false,3,"Metcalf Rd, San Jose, CA, US",37.2327453678,-121.6905513659,372,,,,372,,open,false,,,Eurasian Wild Pig,Sus scrofa,Wild Boar,Mammalia,42134
242404886,745b2eaf-3d4c-4528-a615-3684406d4a94,2024/09/13 8:06 PM,2024-09-13,2024-09-14 03:06:00 +0200,Central Time (US & Canada),1595749,jcochran706,Jack Cochran,2024-09-18 04:19:21 +0200,2024-09-18 21:17:13 +0200,research,CC-BY-NC,https://www.inaturalist.org/observations/242404886,https://inaturalist-open-data.s3.amazonaws.com/photos/432160012/medium.jpeg,,crpj,Side channel of creek under cedar elms.,1,0,false,,"Texas, US",30.9345236277,-97.7202542737,4,,,,29304,obscured,open,true,,,Eurasian Wild Pig,Sus scrofa,Wild Boar,Mammalia,42134
242489419,61402d07-8f18-4697-8e19-62099bf16110,2024-08-30 17:13:33-05:00,2024-08-30,2024-08-31 00:13:33 +0200,Central Time (US & Canada),6679818,texasnative,,2024-09-18 16:01:47 +0200,2025-05-07 23:15:54 +0200,research,CC-BY-NC,https://www.inaturalist.org/observations/242489419,https://inaturalist-open-data.s3.amazonaws.com/photos/432292513/medium.jpeg,,"","",1,0,false,3,"Jones Ck Terminal Rd, Freeport, TX, US",28.953005,-95.4374383333,3,,,,3,,open,false,,,Eurasian Wild Pig,Sus scrofa,Wild Boar,Mammalia,42134
242528339,511e511b-cdaf-4edb-a13b-aac7eadde939,2024-08-12 04:16:00-05:00,2024-08-12,2024-08-12 11:16:00 +0200,Central Time (US & Canada),180249,allhatranch,Cari Weinberg,2024-09-18 19:52:39 +0200,2024-09-18 22:53:05 +0200,research,,https://www.inaturalist.org/observations/242528339,https://static.inaturalist.org/photos/432364013/medium.jpeg,,"","4 adults, 1 piglet",2,0,false,3,"FM-2190, Jacksboro, TX, US",33.327615094,-98.2477764031,25,,,,25,,open,false,,,Eurasian Wild Pig,Sus scrofa,Wild Boar,Mammalia,42134
242575600,8f1c583c-f1d3-4ecb-8a05-d043e227844c,2024/09/18 9:15 AM,2024-09-18,2024-09-18 16:15:00 +0200,Central Time (US & Canada),4052575,cindychrisler,Cindy Chrisler,2024-09-19 00:31:07 +0200,2024-09-22 11:26:53 +0200,research,CC-BY-NC,https://www.inaturalist.org/observations/242575600,https://inaturalist-open-data.s3.amazonaws.com/photos/432446675/medium.jpeg,,"",,1,0,false,,"Burnet County, TX, USA",30.6194027197,-98.0742299349,119,,,,119,,open,false,,,Eurasian Wild Pig,Sus scrofa,Wild Boar,Mammalia,42134
243023747,977c2b60-45dc-4e9b-8906-3de54aad12d3,2024-09-19 14:17:00-05:00,2024-09-19,2024-09-19 21:17:00 +0200,Central Time (US & Canada),8565624,laurenlopez28,,2024-09-21 08:29:05 +0200,2024-09-21 12:14:51 +0200,research,CC-BY-NC,https://www.inaturalist.org/observations/243023747,https://inaturalist-open-data.s3.amazonaws.com/photos/433305793/medium.jpeg,,"","",1,0,false,3,"SH-361, Port Aransas, TX, US",27.8454790436,-97.0716873435,28,,,,28,,open,false,,,Eurasian Wild Pig,Sus scrofa,Wild Boar,Mammalia,42134
243139375,be2e509a-b62a-4ada-9cc0-eacf51713f83,2024-09-21 09:24:19,2024-09-21,2024-09-21 15:24:19 +0200,Eastern Time (US & Canada),4073277,merkil,John A Kilmer,2024-09-21 19:47:51 +0200,2024-09-22 10:36:00 +0200,research,CC-BY-NC,https://www.inaturalist.org/observations/243139375,https://inaturalist-open-data.s3.amazonaws.com/photos/433514279/medium.jpeg,,"",,2,0,false,2,"Crystal River, FL, USA",28.9119436,-82.6415496997,,,,,,,open,false,gps,gps,Eurasian Wild Pig,Sus scrofa,Wild Boar,Mammalia,42134
243178603,abf5c3a0-9dd6-4ba4-adad-ed67baadd55d,2024-09-21 10:38:20-05:00,2024-09-21,2024-09-21 17:38:20 +0200,Central Time (US & Canada),88342,stephenfalick,"",2024-09-21 22:35:48 +0200,2025-05-23 10:54:33 +0200,research,,https://www.inaturalist.org/observations/243178603,https://static.inaturalist.org/photos/433588239/medium.jpeg,,"","",1,0,false,3,"Fort Davis, TX, US",30.5357466667,-103.8348466667,3,,,,3,,open,false,,,Domestic Pig,Sus scrofa domesticus,Domestic Pig,Mammalia,324492
243185786,f8796d51-f384-4cae-8647-c9b13f5e9251,2024-09-21 15:50:01,2024-09-21,2024-09-21 22:50:01 +0200,Central Time (US & Canada),1195388,coreyhusic,Corey Husic,2024-09-21 23:13:33 +0200,2024-09-22 02:14:19 +0200,research,CC-BY-NC,https://www.inaturalist.org/observations/243185786,https://inaturalist-open-data.s3.amazonaws.com/photos/433603014/medium.jpeg,,"",,1,0,false,843,"Ridge Trail, New Orleans, LA, US",30.0551221667,-89.8787783333,4,,,,4,,open,false,,,Eurasian Wild Pig,Sus scrofa,Wild Boar,Mammalia,42134
243314089,5868e131-449c-4084-9a6a-30373e8706f3,2024-09-22 05:52:00,2024-09-22,2024-09-22 11:52:00 +0200,Eastern Time (US & Canada),4073277,merkil,John A Kilmer,2024-09-22 14:00:31 +0200,2025-05-23 10:54:37 +0200,research,CC-BY-NC,https://www.inaturalist.org/observations/243314089,https://inaturalist-open-data.s3.amazonaws.com/photos/433855280/medium.jpeg,,"",,1,0,false,2,"Crystal River, FL, USA",28.9104779848,-82.618897073,25,,,,25,,open,false,gps,gps,Wild Boar,Sus scrofa,Wild Boar,Mammalia,42134
243421762,f3de5359-ef86-42dd-8dff-cb717bfc333d,2024-09-22 14:40:41-04:00,2024-09-22,2024-09-22 20:40:41 +0200,Eastern Time (US & Canada),98904,jimw3,James K. Wetterer,2024-09-22 21:42:46 +0200,2025-05-21 07:02:30 +0200,research,CC-BY-NC,https://www.inaturalist.org/observations/243421762,https://inaturalist-open-data.s3.amazonaws.com/photos/434051930/medium.jpeg,,"","",2,1,false,3,"Palm Beach Gardens, FL, US",26.8436033333,-80.1971666667,3,,,,3,,open,false,,,Eurasian Wild Pig,Sus scrofa,Wild Boar,Mammalia,42134
243440622,443b6535-eeb2-4f81-8534-fdec3165d616,2024/09/22 7:07 AM,2024-09-22,2024-09-22 14:07:00 +0200,Central Time (US & Canada),1595749,jcochran706,Jack Cochran,2024-09-22 23:02:53 +0200,2024-09-23 01:56:52 +0200,research,CC-BY-NC,https://www.inaturalist.org/observations/243440622,https://inaturalist-open-data.s3.amazonaws.com/photos/434084822/medium.jpeg,,crpj,Side trail down to dry creek.,1,0,false,,"Texas, US",30.8102830176,-97.7001822215,4,,,,29304,obscured,open,true,,,Eurasian Wild Pig,Sus scrofa,Wild Boar,Mammalia,42134
243477411,0ebe6c28-7683-477b-b66c-b3b14fe80763,2024-09-22 09:20:00-05:00,2024-09-22,2024-09-22 16:20:00 +0200,Central Time (US & Canada),19252,cbeversole,Cord Eversole,2024-09-23 02:01:28 +0200,2024-09-23 02:05:48 +0200,research,CC-BY-NC,https://www.inaturalist.org/observations/243477411,https://inaturalist-open-data.s3.amazonaws.com/photos/434160110/medium.jpeg,,"","",1,0,false,3,"FM-1878, Nacogdoches, TX, US",31.6156154496,-94.6459388591,8,,,,8,,open,false,,,Eurasian Wild Pig,Sus scrofa,Wild Boar,Mammalia,42134
243479189,3754d370-0d56-42e3-9d06-e0d75b2db5e7,2024/09/21 8:40 AM,2024-09-21,2024-09-21 15:40:00 +0200,Central Time (US & Canada),1595749,jcochran706,Jack Cochran,2024-09-23 02:11:38 +0200,2024-09-23 02:27:11 +0200,research,CC-BY-NC,https://www.inaturalist.org/observations/243479189,https://inaturalist-open-data.s3.amazonaws.com/photos/434162240/medium.jpeg,,CRPR,,1,0,false,,"Williamson County, TX, USA",30.84829,-97.6363233333,,,,,,,open,false,,,Eurasian Wild Pig,Sus scrofa,Wild Boar,Mammalia,42134
243481593,c79e5684-d01a-42da-831b-afb5c8e92c40,2024-09-22 16:33:49,2024-09-22,2024-09-23 01:33:49 +0200,Pacific Time (US & Canada),1,kueda,Ken-ichi Ueda,2024-09-23 02:24:55 +0200,2024-10-02 01:45:07 +0200,research,CC0,https://www.inaturalist.org/observations/243481593,https://inaturalist-open-data.s3.amazonaws.com/photos/434167377/medium.jpeg,,"",,2,0,false,843,"Bollinger Canyon Rd, San Ramon, CA, US",37.7861377085,-122.0046761167,4,,,,4,,open,false,,,Eurasian Wild Pig,Sus scrofa,Wild Boar,Mammalia,42134
243684238,40ba5c08-7415-41ee-848b-7470fc7482b9,2024-09-23 11:50:39-05:00,2024-09-23,2024-09-23 18:50:39 +0200,Central Time (US & Canada),2364561,boysenberrysyrup,Nick Boysen,2024-09-24 00:21:31 +0200,2024-09-24 00:33:15 +0200,research,,https://www.inaturalist.org/observations/243684238,https://static.inaturalist.org/photos/434558345/medium.jpeg,,"","",1,0,false,3,"Texas A&M University, College Station, TX, US",30.5719633333,-96.366425,2,,,,2,,open,false,,,Eurasian Wild Pig,Sus scrofa,Wild Boar,Mammalia,42134
243684572,228e3600-c85a-49e2-b78b-7a4d6c933d4a,2024-09-23 11:49:24-05:00,2024-09-23,2024-09-23 18:49:24 +0200,Central Time (US & Canada),2364561,boysenberrysyrup,Nick Boysen,2024-09-24 00:23:17 +0200,2024-09-24 02:10:38 +0200,research,,https://www.inaturalist.org/observations/243684572,https://static.inaturalist.org/photos/434559132/medium.jpeg,,"","",1,0,false,3,"Texas A&M University, College Station, TX, US",30.5720783333,-96.3663716667,2,,,,2,,open,false,,,Eurasian Wild Pig,Sus scrofa,Wild Boar,Mammalia,42134
243711795,23b12538-dbf2-4e29-a9ea-97af301f5573,2024/07/29 6:34 AM,2024-07-29,2024-07-29 13:34:00 +0200,Central Time (US & Canada),17627,rlseman,Lynn Seman,2024-09-24 03:31:16 +0200,2025-05-01 01:28:04 +0200,research,CC-BY-NC,https://www.inaturalist.org/observations/243711795,https://inaturalist-open-data.s3.amazonaws.com/photos/434606046/medium.jpeg,,"",,2,0,false,,"Foard County, TX, USA",33.9870635767,-99.9654236522,28,,,,28,,open,false,,,Eurasian Wild Pig,Sus scrofa,Wild Boar,Mammalia,42134
243895596,401aa6d6-1a32-4c58-af25-8106511f98ad,2024/09/15 7:33 AM,2024-09-15,2024-09-15 14:33:00 +0200,Central Time (US & Canada),211252,oceanicwilderness,Misti,2024-09-25 03:11:57 +0200,2024-09-25 04:46:46 +0200,research,,https://www.inaturalist.org/observations/243895596,https://static.inaturalist.org/photos/434970967/medium.jpg,,"",middle back of photo. behind tree brush.,1,0,false,,"Liberty County, TX, USA",30.3448974595,-94.8920214807,74,,,,74,,open,false,,,Eurasian Wild Pig,Sus scrofa,Wild Boar,Mammalia,42134
243901275,f6e42be4-30e5-464e-9bda-a981debbe2b9,2024-09-24 19:10:10-05:00,2024-09-24,2024-09-25 02:10:10 +0200,Central Time (US & Canada),7770161,swabbie,,2024-09-25 03:54:05 +0200,2025-04-05 05:21:15 +0200,research,CC-BY-NC,https://www.inaturalist.org/observations/243901275,https://inaturalist-open-data.s3.amazonaws.com/photos/434982627/medium.jpeg,,"","",1,0,false,3,"Bracken Cave Rd, San Antonio, TX, US",29.6871878447,-98.3524730098,96,,,,96,,open,false,,,Eurasian Wild Pig,Sus scrofa,Wild Boar,Mammalia,42134
243914952,c113dff7-6146-4ff9-ae52-698c17cfaedd,2024-08-26 08:28:00-05:00,2024-08-26,2024-08-26 15:28:00 +0200,Central Time (US & Canada),4695056,gsoechting,Grace Soechting,2024-09-25 05:52:49 +0200,2024-10-07 22:33:17 +0200,research,CC-BY-NC,https://www.inaturalist.org/observations/243914952,https://inaturalist-open-data.s3.amazonaws.com/photos/435009385/medium.jpeg,,"","",2,0,false,3,"Gonzales, TX, US",29.4870213563,-97.4224114363,19495,,,,19495,,open,false,,,Eurasian Wild Pig,Sus scrofa,Wild Boar,Mammalia,42134
244138954,0828d5d7-db48-479a-ba0c-3f6c765b3b27,2024/09/25 1:23 PM,2024-09-25,2024-09-25 19:23:00 +0200,Eastern Time (US & Canada),208854,johngrego,"",2024-09-26 16:48:19 +0200,2024-09-26 20:14:19 +0200,research,CC-BY-NC,https://www.inaturalist.org/observations/244138954,https://inaturalist-open-data.s3.amazonaws.com/photos/435449976/medium.jpeg,,"",,1,0,false,,"Richland County, SC, USA",33.7624517343,-80.6203245479,277,,,,277,,open,false,,,Eurasian Wild Pig,Sus scrofa,Wild Boar,Mammalia,42134
244375764,1f5c6631-576d-488b-b201-4a8d98cd66c4,2024-09-27 15:23:44-04:00,2024-09-27,2024-09-27 21:23:44 +0200,Eastern Time (US & Canada),1726497,luckychicken,,2024-09-27 22:37:04 +0200,2025-05-23 10:54:57 +0200,research,CC-BY-NC,https://www.inaturalist.org/observations/244375764,https://inaturalist-open-data.s3.amazonaws.com/photos/435893288/medium.jpeg,,"","",2,0,false,3,"Whitwell St, Quincy, MA, US",42.2490616667,-71.00854445,15,,,,15,,open,false,,,Domestic Pig,Sus scrofa domesticus,Domestic Pig,Mammalia,324492
244393810,42365e6a-1893-4c2f-a2b3-6dad4f0ea3c0,2024-09-27 17:48:27,2024-09-27,2024-09-27 23:48:27 +0200,Eastern Time (US & Canada),3263400,berdie,Roberta Wilson,2024-09-28 00:42:14 +0200,2024-10-02 15:30:12 +0200,research,CC-BY-NC,https://www.inaturalist.org/observations/244393810,https://inaturalist-open-data.s3.amazonaws.com/photos/435927744/medium.jpeg,,"",A group of three. Only got one in the pic.,1,0,false,2,"Georgia, US",33.7747045117,-83.7485141982,,,,,28930,obscured,open,true,gps,gps,Eurasian Wild Pig,Sus scrofa,Wild Boar,Mammalia,42134
244397891,9cdce53f-f25d-4645-b998-e2dc30cb4bff,2024-09-27 19:15:03-04:00,2024-09-27,2024-09-28 01:15:03 +0200,Eastern Time (US & Canada),7760171,malanature,,2024-09-28 01:17:19 +0200,2024-10-04 13:19:35 +0200,research,CC-BY-NC,https://www.inaturalist.org/observations/244397891,https://inaturalist-open-data.s3.amazonaws.com/photos/435936446/medium.jpeg,,"","",1,0,false,3,"Marie St, Malabar, FL, US",27.9905966667,-80.5732633333,4,,,,4,,open,false,,,Eurasian Wild Pig,Sus scrofa,Wild Boar,Mammalia,42134
244510551,70afeb33-5f91-4afd-bb79-b68b46471df3,2024-09-28 10:16:33,2024-09-28,2024-09-28 17:16:33 +0200,Central Time (US & Canada),8545961,jkv100,"",2024-09-28 17:55:06 +0200,2025-05-22 05:46:27 +0200,research,CC-BY-NC,https://www.inaturalist.org/observations/244510551,https://inaturalist-open-data.s3.amazonaws.com/photos/436156807/medium.jpeg,,"",Boar skull?,2,0,false,2,"Lawton, OK 73507, USA",34.7525730763,-98.5772853345,163,,,,163,,open,false,,,Eurasian Wild Pig,Sus scrofa,Wild Boar,Mammalia,42134
244577737,8b17e2cb-b3c6-436a-99ee-ddd541970bc0,2024-09-28 11:59:07-05:00,2024-09-28,2024-09-28 18:59:07 +0200,Central Time (US & Canada),4542286,creepycrittersftw,Sandy Milfeld,2024-09-28 23:47:42 +0200,2025-05-21 07:02:27 +0200,research,CC-BY-NC,https://www.inaturalist.org/observations/244577737,https://inaturalist-open-data.s3.amazonaws.com/photos/436285714/medium.jpeg,,"","",2,0,false,3,"Fort Worth Nature Center & Refuge, Fort Worth, TX, US",32.850045,-97.494475,4,,,,4,,open,false,,,Eurasian Wild Pig,Sus scrofa,Wild Boar,Mammalia,42134
244578132,9fdb4d0d-4a7d-4377-a7ff-edfbea36ead3,2024-09-28 11:45:34-05:00,2024-09-28,2024-09-28 18:45:34 +0200,Central Time (US & Canada),4542286,creepycrittersftw,Sandy Milfeld,2024-09-28 23:50:03 +0200,2024-10-01 04:24:43 +0200,research,CC-BY-NC,https://www.inaturalist.org/observations/244578132,https://inaturalist-open-data.s3.amazonaws.com/photos/436286392/medium.jpeg,,"","",1,0,false,3,"Fort Worth Nature Center & Refuge, Fort Worth, TX, US",32.8500283333,-97.493805,3,,,,3,,open,false,,,Eurasian Wild Pig,Sus scrofa,Wild Boar,Mammalia,42134
244607058,c295a40a-5b58-4096-bccc-7fd14a512601,2024/09/27 12:23 PM,2024-09-27,2024-09-27 19:23:00 +0200,Central Time (US & Canada),220689,jakes26,Jake Smith,2024-09-29 02:53:36 +0200,2025-05-23 10:55:10 +0200,research,CC-BY-NC,https://www.inaturalist.org/observations/244607058,https://inaturalist-open-data.s3.amazonaws.com/photos/436339861/medium.jpg,,"",,1,0,false,,"Harris County, US-TX, US",29.9907341813,-95.7845380872,14,,,,29433,obscured,open,true,,,Eurasian Wild Pig,Sus scrofa,Wild Boar,Mammalia,42134
244635283,afefc016-b3c0-4105-ad7e-18cbba97749b,2024/09/28 9:25 AM,2024-09-28,2024-09-28 18:25:00 +0200,Pacific Time (US & Canada),3211649,psychoticjester,Justin Guzman,2024-09-29 06:56:49 +0200,2025-03-13 03:09:53 +0100,research,CC-BY-SA,https://www.inaturalist.org/observations/244635283,https://inaturalist-open-data.s3.amazonaws.com/photos/436403230/medium.jpg,,"",,1,0,false,,"Contra Costa County, CA, USA",37.8864190774,-121.7227328924,69,,,,69,,open,false,,,Eurasian Wild Pig,Sus scrofa,Wild Boar,Mammalia,42134
244730949,60178b0c-8b19-424b-ba0f-978a94c641cd,2024-09-29 09:54:45,2024-09-29,2024-09-29 16:54:45 +0200,Central Time (US & Canada),3920526,bacchusrock,Jo Roberts,2024-09-29 18:51:09 +0200,2025-04-06 23:39:31 +0200,research,CC0,https://www.inaturalist.org/observations/244730949,https://inaturalist-open-data.s3.amazonaws.com/photos/436587803/medium.jpeg,,"",,1,0,false,2,"Edwards County, US-TX, US",29.86022527,-100.34430555,3,,,,3,,open,false,,,Eurasian Wild Pig,Sus scrofa,Wild Boar,Mammalia,42134
244778482,4577ba75-2060-42cb-919f-75fed4212706,2024/09/22 9:50 AM,2024-09-22,2024-09-22 16:50:00 +0200,Central Time (US & Canada),1595749,jcochran706,Jack Cochran,2024-09-29 22:50:31 +0200,2025-05-07 23:06:46 +0200,research,CC-BY-NC,https://www.inaturalist.org/observations/244778482,https://inaturalist-open-data.s3.amazonaws.com/photos/436678642/medium.jpeg,,crpj,Side trail down to dry creek.,1,0,false,,"Texas, US",30.8560532087,-97.794709003,4,,,,29304,obscured,open,true,,,Eurasian Wild Pig,Sus scrofa,Wild Boar,Mammalia,42134
244815902,a6d835eb-583d-43ea-9533-015d793c7a45,2024-09-29 11:43:24-05:00,2024-09-29,2024-09-29 18:43:24 +0200,Central Time (US & Canada),5155152,doubleee,Evan Engwall,2024-09-30 02:24:50 +0200,2024-09-30 03:44:55 +0200,research,,https://www.inaturalist.org/observations/244815902,https://static.inaturalist.org/photos/436755106/medium.jpeg,,"","",1,0,false,3,"Alba, TX, US",32.7670583333,-95.67067,4,,,,4,,open,false,,,Eurasian Wild Pig,Sus scrofa,Wild Boar,Mammalia,42134
244830235,7d521df4-902e-4f89-9b84-1527304a4e49,2024/09/29 7:16 PM,2024-09-29,2024-09-30 01:16:00 +0200,Eastern Time (US & Canada),7161220,lwridge,LW Ridge,2024-09-30 04:02:38 +0200,2024-09-30 17:03:57 +0200,research,CC-BY-NC,https://www.inaturalist.org/observations/244830235,https://inaturalist-open-data.s3.amazonaws.com/photos/436782013/medium.jpeg,,"",,2,0,false,,"Polk County, FL, USA",27.7435783333,-81.61515,,,,,,,open,false,,,Eurasian Wild Pig,Sus scrofa,Wild Boar,Mammalia,42134
244832091,b3115a91-44c0-43de-acc9-2e4a619f7d48,2024-09-29 20:27:03-05:00,2024-09-29,2024-09-30 03:27:03 +0200,Central Time (US & Canada),8401760,jmvan,,2024-09-30 04:16:32 +0200,2024-10-07 20:08:52 +0200,research,CC-BY-NC,https://www.inaturalist.org/observations/244832091,https://inaturalist-open-data.s3.amazonaws.com/photos/436788461/medium.jpeg,,"","",1,0,false,3,"Eagle Pass, TX, US",28.6522166667,-100.4644,2,,,,2,,open,false,,,Eurasian Wild Pig,Sus scrofa,Wild Boar,Mammalia,42134
244846772,de6487d9-630a-40af-9caa-d892069594e9,2024-09-29 23:19:28,2024-09-29,2024-09-30 06:19:28 +0200,Central Time (US & Canada),7734608,matthew-jewell,Matthew Jewell,2024-09-30 06:21:26 +0200,2024-10-01 04:45:38 +0200,research,CC-BY-NC,https://www.inaturalist.org/observations/244846772,https://inaturalist-open-data.s3.amazonaws.com/photos/436818466/medium.jpeg,,"",,2,0,false,2,"Lake Worth, TX 76135, USA",32.8544169313,-97.4807526916,546,,,,546,,open,false,,,Eurasian Wild Pig,Sus scrofa,Wild Boar,Mammalia,42134
244938845,16f894c2-6975-4262-af22-2f81ff8131e3,2024/09/30 11:48 AM,2024-09-30,2024-09-30 17:48:00 +0200,Eastern Time (US & Canada),371538,tpalmer,Tom Palmer,2024-09-30 20:06:10 +0200,2025-04-05 08:52:41 +0200,research,CC-BY-NC,https://www.inaturalist.org/observations/244938845,https://inaturalist-open-data.s3.amazonaws.com/photos/436997339/medium.jpeg,,"",,1,0,false,,"Bellini Preserve, Florida 34759, USA",28.0731248,-81.5160949,200,,,,200,,open,false,,,Eurasian Wild Pig,Sus scrofa,Wild Boar,Mammalia,42134
245010010,991a5419-d97f-4c61-b942-b32aa39def1e,2024-09-27 18:37:00-05:00,2024-09-27,2024-09-28 01:37:00 +0200,Central Time (US & Canada),32993,c_h_hemphill,CH Hemphill,2024-10-01 04:25:26 +0200,2024-10-01 04:29:01 +0200,research,CC-BY-NC,https://www.inaturalist.org/observations/245010010,https://inaturalist-open-data.s3.amazonaws.com/photos/437136324/medium.jpeg,,"","",1,0,false,3,"Valera, TX, US",31.6805389466,-99.6132742089,25,,,,25,,open,false,,,Eurasian Wild Pig,Sus scrofa,Wild Boar,Mammalia,42134
245067423,ae7b453d-0bbf-45e4-b914-a4dcb4ca3cef,2024/09/19 2:09 AM,2024-09-19,2024-09-19 09:09:00 +0200,Central Time (US & Canada),2352885,davidjcook,David Cook,2024-10-01 15:37:18 +0200,2024-10-04 23:03:58 +0200,research,CC-BY-NC,https://www.inaturalist.org/observations/245067423,https://inaturalist-open-data.s3.amazonaws.com/photos/437246304/medium.jpeg,,"",P00[0:3] TT[144] E[107:0681]G[108:0x21] BV[47:0] IR[L:L:25] MOE[0:3] AL:[0:0,1,0,false,,"Jollyville, Austin, TX, USA",30.3850087551,-97.7699754592,144,,,,144,,open,false,,,Eurasian Wild Pig,Sus scrofa,Wild Boar,Mammalia,42134
245129087,7147752e-09a0-4f7b-9432-d0335bac80d0,2024-09-26 14:35:59-07:00,2024-09-26,2024-09-26 23:35:59 +0200,America/Vancouver,1797783,surrey-bc_biodiversity,"Tracking Surrey's Biodiversity, BC-Canada",2024-10-01 22:21:57 +0200,2025-06-09 22:02:27 +0200,research,CC-BY-NC,https://www.inaturalist.org/observations/245129087,https://inaturalist-open-data.s3.amazonaws.com/photos/437363919/medium.jpeg,,"","Only partial skull and possibly scapula. Teeth were in great shape, looked quite human!",2,0,false,3,"168 St, Surrey, BC, CA",49.098075,-122.747245,5,,,,5,,open,false,,,Domestic Pig,Sus scrofa domesticus,Domestic Pig,Mammalia,324492
245174298,194a7a79-9a61-4667-94f4-15de431d7737,2024-09-28 08:51:15,2024-09-28,2024-09-28 15:51:15 +0200,Central Time (US & Canada),6166570,dringram,Davis,2024-10-02 04:34:12 +0200,2025-04-05 09:42:19 +0200,research,CC-BY-NC,https://www.inaturalist.org/observations/245174298,https://inaturalist-open-data.s3.amazonaws.com/photos/437457789/medium.jpeg,,"",,1,0,false,2,"Addicks Park Ten, Houston, TX, USA",29.8173166667,-95.6338305556,,,,,,,open,false,gps,gps,Eurasian Wild Pig,Sus scrofa,Wild Boar,Mammalia,42134
245334215,83048c6f-c1b0-42f6-820c-3df7638bf1c5,2024-10-02 09:35:46,2024-10-02,2024-10-02 18:35:46 +0200,Pacific Time (US & Canada),1525980,goflowers,Sarah Wang,2024-10-03 03:52:21 +0200,2025-03-13 03:09:39 +0100,research,CC-BY-NC,https://www.inaturalist.org/observations/245334215,https://inaturalist-open-data.s3.amazonaws.com/photos/437768977/medium.jpeg,,"",,1,0,false,2,"San Jose, CA 95141, USA",37.2081416667,-121.7506472222,,,,,,,open,false,gps,gps,Eurasian Wild Pig,Sus scrofa,Wild Boar,Mammalia,42134
245343575,5dbc8d69-f69e-44c3-b17b-2025fb91776d,2024-10-02 16:17:57,2024-10-02,2024-10-03 01:17:57 +0200,Pacific Time (US & Canada),6042447,thurmanjohnson,"",2024-10-03 05:15:47 +0200,2025-05-23 10:55:23 +0200,research,CC-BY-NC,https://www.inaturalist.org/observations/245343575,https://inaturalist-open-data.s3.amazonaws.com/photos/437787693/medium.jpeg,,"",Domestic animals that are either frequently escaping or nearly free-ranging. My observations of these animals foraging freely along the roadside date back at least a year.,1,0,false,2,"Stevens County, US-WA, US",48.5198927916,-117.6228489341,1000,,,,26679,obscured,open,true,gps,gps,Domestic Pig,Sus scrofa domesticus,Domestic Pig,Mammalia,324492
245352019,f6f05b4d-0360-4eb3-975b-cf5f832c0b17,2024-09-28 11:01:12-04:00,2024-09-28,2024-09-28 17:01:12 +0200,Eastern Time (US & Canada),1531195,anthonyn1,ANTHONY NESBIT,2024-10-03 07:02:12 +0200,2025-05-23 10:55:25 +0200,research,,https://www.inaturalist.org/observations/245352019,https://static.inaturalist.org/photos/437805960/medium.jpeg,,"","",1,0,false,3,"Croatan National Forest, New Bern, NC, US",34.9878116667,-76.9831166667,4,,,,4,,open,false,,,Domestic Pig,Sus scrofa domesticus,Domestic Pig,Mammalia,324492
245428306,70023a9d-a964-4558-9112-32cc3ea6a4cc,2024/10/03 10:54 AM,2024-10-03,2024-10-03 17:54:00 +0200,Central Time (US & Canada),255751,bsandifer,Ben Sandifer,2024-10-03 19:04:39 +0200,2024-10-15 23:15:47 +0200,research,,https://www.inaturalist.org/observations/245428306,https://static.inaturalist.org/photos/437953398/medium.jpg,,"",,2,0,false,,"Dallas County, TX, USA",32.6466805556,-96.6700777778,,,,,,,open,false,,,Eurasian Wild Pig,Sus scrofa,Wild Boar,Mammalia,42134
245429923,9dd7b8f6-eac7-4534-b78f-3c96f658be8e,2024-10-02 23:15:34-05:00,2024-10-02,2024-10-03 06:15:34 +0200,Central Time (US & Canada),28364,dan_johnson,Dan Johnson,2024-10-03 19:14:48 +0200,2024-10-28 16:22:08 +0100,research,CC-BY,https://www.inaturalist.org/observations/245429923,https://inaturalist-open-data.s3.amazonaws.com/photos/437956598/medium.jpeg,,"",https://www.youtube.com/shorts/o-2Z2_wW13s,1,0,false,3,"George Bush Park H&b Trail, Houston, TX, US",29.7825,-95.6721,4,,,,4,,open,false,,,Eurasian Wild Pig,Sus scrofa,Wild Boar,Mammalia,42134
245517656,4f62916f-b945-4ae5-bd22-1216db420f52,2024-10-02 15:34:16-04:00,2024-10-02,2024-10-02 21:34:16 +0200,Eastern Time (US & Canada),971085,gibbous_jedda,Jedda,2024-10-04 05:39:44 +0200,2024-10-06 00:06:32 +0200,research,CC-BY-NC,https://www.inaturalist.org/observations/245517656,https://static.inaturalist.org/photos/438133555/medium.jpeg,,"",Found in gut pile,1,0,false,3,"Southeast Hudson Trail, Inglis, FL, US",29.0724195,-82.72348,34,,,,34,,open,false,,,Eurasian Wild Pig,Sus scrofa,Wild Boar,Mammalia,42134
245649895,38fb7e26-0708-4347-bc69-5cec71124005,2024/09/30 6:32 PM,2024-09-30,2024-10-01 03:32:00 +0200,Pacific Time (US & Canada),2722892,marshallwitkowski,Marshall Witkowski,2024-10-05 01:04:24 +0200,2024-10-26 13:49:01 +0200,research,,https://www.inaturalist.org/observations/245649895,https://static.inaturalist.org/photos/438392563/medium.jpg,,"","",1,0,false,,"Monterey County, CA, USA",35.9140181465,-120.4822022402,2271,,,,2271,,open,false,,,Eurasian Wild Pig,Sus scrofa,Wild Boar,Mammalia,42134
245751195,0f587a5d-34ae-4ef7-9c6f-04593828d015,2024-10-05 08:55:24-05:00,2024-10-05,2024-10-05 15:55:24 +0200,Central Time (US & Canada),8581108,samrohrer31,,2024-10-05 16:57:24 +0200,2024-12-03 00:48:07 +0100,research,CC-BY-NC,https://www.inaturalist.org/observations/245751195,https://inaturalist-open-data.s3.amazonaws.com/photos/438595300/medium.jpeg,,"","",2,0,false,3,"Texas, US",28.7777330723,-97.1237132819,60,,,,29582,obscured,open,true,,,Eurasian Wild Pig,Sus scrofa,Wild Boar,Mammalia,42134
245794812,f2b0ac07-8f28-4732-bcfb-94f73c6ba2b4,2024-10-05 10:17:53,2024-10-05,2024-10-05 16:17:53 +0200,Eastern Time (US & Canada),6679295,mblake7,,2024-10-05 20:45:43 +0200,2024-10-05 21:19:19 +0200,research,CC-BY,https://www.inaturalist.org/observations/245794812,https://inaturalist-open-data.s3.amazonaws.com/photos/438673212/medium.jpeg,,"",,1,0,false,2,"Sanford, FL 32771, USA",28.8556519852,-81.3568104431,196,,,,196,,open,false,gps,gps,Eurasian Wild Pig,Sus scrofa,Wild Boar,Mammalia,42134
245843359,bf10b072-f24b-487f-8c47-19801e6b99a2,2024-09-08 20:03:00-04:00,2024-09-08,2024-09-09 02:03:00 +0200,Eastern Time (US & Canada),7316010,ryanlee2023,,2024-10-06 01:13:41 +0200,2024-11-16 14:34:41 +0100,research,CC-BY-NC,https://www.inaturalist.org/observations/245843359,https://inaturalist-open-data.s3.amazonaws.com/photos/438767862/medium.jpeg,,"","",1,0,false,3,"Starr, SC, US",34.3563162819,-82.6742459937,252,,,,252,,open,false,,,Eurasian Wild Pig,Sus scrofa,Wild Boar,Mammalia,42134
245859479,f9a575e1-9bbe-4866-996c-4c5401b9a5db,2024-10-04,2024-10-04,,Central Time (US & Canada),7375977,salamanderguy,bee,2024-10-06 03:09:27 +0200,2025-05-01 01:25:49 +0200,research,CC-BY-NC,https://www.inaturalist.org/observations/245859479,https://inaturalist-open-data.s3.amazonaws.com/photos/438801946/medium.jpeg,,"",,1,0,false,2,"Covington, LA 70435, USA",30.5132934043,-90.1653226465,143,,,,143,,open,false,gps,gps,Eurasian Wild Pig,Sus scrofa,Wild Boar,Mammalia,42134
245923141,291a433d-0d79-4f26-884b-702249bf4614,2024/10/03 11:21 PM,2024-10-03,2024-10-04 06:21:00 +0200,Central Time (US & Canada),131068,mikef451,Mike Farley,2024-10-06 13:13:49 +0200,2024-10-06 19:13:52 +0200,research,CC-BY-NC,https://www.inaturalist.org/observations/245923141,https://inaturalist-open-data.s3.amazonaws.com/photos/438926889/medium.jpeg,,fpsm,"Wild boar
Navasota river trail area
Fort Parker State Park",1,0,false,,"Limestone County, TX, USA",31.607835,-96.549518,5,,,,5,,open,false,,,Eurasian Wild Pig,Sus scrofa,Wild Boar,Mammalia,42134
245923151,773c2f8f-deff-4d51-bb1c-b62d550f08ac,2024/09/21 8:02 PM,2024-09-21,2024-09-22 03:02:00 +0200,Central Time (US & Canada),131068,mikef451,Mike Farley,2024-10-06 13:13:51 +0200,2024-10-06 19:14:44 +0200,research,CC-BY-NC,https://www.inaturalist.org/observations/245923151,https://inaturalist-open-data.s3.amazonaws.com/photos/438926909/medium.jpeg,,fpsm,"Wild Boar
Navasota river trail area
Fort Parker State Park",1,0,false,,"Limestone County, TX, USA",31.607835,-96.549518,5,,,,5,,open,false,,,Eurasian Wild Pig,Sus scrofa,Wild Boar,Mammalia,42134
246018368,eb9fbe46-aba4-4702-9e26-c6c8457531ff,2024-10-06 15:58:48,2024-10-06,2024-10-06 21:58:48 +0200,Eastern Time (US & Canada),8522784,justin82556,Justin Becotte,2024-10-06 21:59:18 +0200,2024-10-07 15:20:48 +0200,research,,https://www.inaturalist.org/observations/246018368,https://static.inaturalist.org/photos/439111910/medium.jpeg,,"",,1,0,false,2,"Sanford, FL 32771, USA",28.85236281,-81.35874297,3,,,,3,,open,false,,,Eurasian Wild Pig,Sus scrofa,Wild Boar,Mammalia,42134
246035529,500f4c41-c36d-4d76-b30d-289b8d5df64a,2024/10/05 7:59 AM,2024-10-05,2024-10-05 14:59:00 +0200,Central Time (US & Canada),63375,rkostecke,Rich Kostecke,2024-10-06 23:27:11 +0200,2024-10-06 23:50:00 +0200,research,CC-BY-NC,https://www.inaturalist.org/observations/246035529,https://inaturalist-open-data.s3.amazonaws.com/photos/439144443/medium.jpg,,"",,1,0,false,,"Williamson County, TX, USA",30.8672783333,-97.648285,,,,,,,open,false,,,Eurasian Wild Pig,Sus scrofa,Wild Boar,Mammalia,42134
246035532,9e73eb58-22b3-4cb8-80a0-4e5968656a71,2024/10/05 9:16 AM,2024-10-05,2024-10-05 16:16:00 +0200,Central Time (US & Canada),63375,rkostecke,Rich Kostecke,2024-10-06 23:27:12 +0200,2024-10-06 23:49:54 +0200,research,CC-BY-NC,https://www.inaturalist.org/observations/246035532,https://inaturalist-open-data.s3.amazonaws.com/photos/439144926/medium.jpg,,"",,1,0,false,,"Williamson County, TX, USA",30.8675683333,-97.647805,,,,,,,open,false,,,Eurasian Wild Pig,Sus scrofa,Wild Boar,Mammalia,42134
246050846,1ed47445-a476-42fc-b496-9630194c8311,2024-09-21 18:20:00-05:00,2024-09-21,2024-09-22 01:20:00 +0200,Central Time (US & Canada),8414266,marcshark83,,2024-10-07 00:55:13 +0200,2024-10-11 14:48:09 +0200,research,CC-BY-NC,https://www.inaturalist.org/observations/246050846,https://inaturalist-open-data.s3.amazonaws.com/photos/439175944/medium.jpeg,,"","",1,0,false,3,"Colorado Bend State Park, San Saba, TX, US",31.0388614914,-98.4847037051,617,,,,617,,open,false,,,Eurasian Wild Pig,Sus scrofa,Wild Boar,Mammalia,42134
246171414,7b6d9e35-45f8-4415-8dde-84faeeebf49d,2024-07-01 14:27:05-04:00,2024-07-01,2024-07-01 20:27:05 +0200,America/Nassau,8640933,jordenstreis,,2024-10-07 17:35:49 +0200,2025-05-23 10:55:45 +0200,research,CC-BY-NC,https://www.inaturalist.org/observations/246171414,https://inaturalist-open-data.s3.amazonaws.com/photos/439415320/medium.jpeg,,"","",2,0,false,3,"Rose Island, BS",25.1064333333,-77.1538083333,3,,,,3,,open,false,,,Domestic Pig,Sus scrofa domesticus,Domestic Pig,Mammalia,324492
246258799,d7687fd0-2203-4299-bc14-d692d79e390f,2024/10/05 10:42 AM,2024-10-05,2024-10-05 17:42:00 +0200,Central Time (US & Canada),115786,oddfitz,Todd Fitzgerald,2024-10-08 03:53:35 +0200,2024-10-11 03:15:05 +0200,research,CC-BY-NC,https://www.inaturalist.org/observations/246258799,https://inaturalist-open-data.s3.amazonaws.com/photos/439590458/medium.jpeg,,"",,1,0,false,,"Fort Worth, TX, USA",32.7934083718,-97.1963737357,61,,,,61,,open,false,,,Eurasian Wild Pig,Sus scrofa,Wild Boar,Mammalia,42134
246274034,2c9ee2d8-e08a-491d-a5fd-95643a86d80a,2024-10-06 18:07:18-05:00,2024-10-06,2024-10-07 01:07:18 +0200,Central Time (US & Canada),1452615,caleborear,,2024-10-08 06:13:08 +0200,2024-10-11 03:14:45 +0200,research,CC-BY-NC,https://www.inaturalist.org/observations/246274034,https://inaturalist-open-data.s3.amazonaws.com/photos/439619646/medium.jpeg,,"","",1,0,false,3,"Colorado Bend State Park, San Saba, TX, US",31.0225305,-98.44268,4,,,,4,,open,false,,,Eurasian Wild Pig,Sus scrofa,Wild Boar,Mammalia,42134
246420710,3a915c56-c8a5-484a-a622-639caa0338e5,2024/10/08 2:34 PM,2024-10-08,2024-10-08 21:34:00 +0200,Central Time (US & Canada),643751,jeffgarner,Jeff Garner,2024-10-09 05:26:23 +0200,2024-12-07 06:23:04 +0100,research,CC-BY-NC,https://www.inaturalist.org/observations/246420710,https://inaturalist-open-data.s3.amazonaws.com/photos/439914553/medium.jpeg,,"",,1,0,false,,"Along Alabama River, downstream of Benton boat ramp, Autauga County, AL, USA",32.3330270273,-86.8200938908,94,,,,94,,open,false,,,Eurasian Wild Pig,Sus scrofa,Wild Boar,Mammalia,42134
246421164,ef83c348-b1c8-4ab9-8dcc-1ee96ebe940c,2024/10/08 2:35 PM,2024-10-08,2024-10-08 21:35:00 +0200,Central Time (US & Canada),643751,jeffgarner,Jeff Garner,2024-10-09 05:31:18 +0200,2024-10-09 11:08:10 +0200,research,CC-BY-NC,https://www.inaturalist.org/observations/246421164,https://inaturalist-open-data.s3.amazonaws.com/photos/439915901/medium.jpeg,,"",,1,0,false,,"Along Alabama River, downstream of Benton boat ramp, Autauga County, AL, USA",32.3330270273,-86.8200938908,94,,,,94,,open,false,,,Eurasian Wild Pig,Sus scrofa,Wild Boar,Mammalia,42134
246421535,585a05fa-9638-4364-8393-ea84bc55316e,2024/10/08 2:38 PM,2024-10-08,2024-10-08 21:38:00 +0200,Central Time (US & Canada),643751,jeffgarner,Jeff Garner,2024-10-09 05:36:09 +0200,2024-12-07 06:24:37 +0100,research,CC-BY-NC,https://www.inaturalist.org/observations/246421535,https://inaturalist-open-data.s3.amazonaws.com/photos/439916739/medium.jpeg,,"",,1,0,false,,"Along Alabama River, downstream of Benton boat ramp, Autauga County, AL, USA",32.3330270273,-86.8200938908,94,,,,94,,open,false,,,Eurasian Wild Pig,Sus scrofa,Wild Boar,Mammalia,42134
246421918,42c5c8f2-1b60-4026-bf28-a23c692cdccd,2024/10/08 2:38 PM,2024-10-08,2024-10-08 21:38:00 +0200,Central Time (US & Canada),643751,jeffgarner,Jeff Garner,2024-10-09 05:41:26 +0200,2024-10-09 11:07:59 +0200,research,CC-BY-NC,https://www.inaturalist.org/observations/246421918,https://inaturalist-open-data.s3.amazonaws.com/photos/439917627/medium.jpeg,,"",,1,0,false,,"Along Alabama River, downstream of Benton boat ramp, Autauga County, AL, USA",32.3330270273,-86.8200938908,94,,,,94,,open,false,,,Eurasian Wild Pig,Sus scrofa,Wild Boar,Mammalia,42134
246462186,65535812-3cbc-4773-b145-6f0f496cb371,2024/09/15 3:38 AM,2024-09-15,2024-09-15 10:38:00 +0200,Central Time (US & Canada),1138432,patti_edens,Patti A. Edens,2024-10-09 14:40:21 +0200,2024-10-09 14:43:13 +0200,research,CC-BY-NC-ND,https://www.inaturalist.org/observations/246462186,https://inaturalist-open-data.s3.amazonaws.com/photos/439997909/medium.jpg,,"",,1,0,false,,"Montgomery County, TX, USA",30.4504928134,-95.4426405118,7,,,,7,,open,false,,,Eurasian Wild Pig,Sus scrofa,Wild Boar,Mammalia,42134
246476915,2c12a8c9-2df3-4a62-b92a-eece9ed5b6d4,2024-10-09 07:51:00-05:00,2024-10-09,2024-10-09 14:51:00 +0200,Central Time (US & Canada),32993,c_h_hemphill,CH Hemphill,2024-10-09 16:37:16 +0200,2024-10-09 16:39:17 +0200,research,CC-BY-NC,https://www.inaturalist.org/observations/246476915,https://inaturalist-open-data.s3.amazonaws.com/photos/440027123/medium.jpeg,,"","",1,0,false,3,"Valera, TX, US",31.6884454721,-99.5959491808,122,,,,122,,open,false,,,Eurasian Wild Pig,Sus scrofa,Wild Boar,Mammalia,42134
246504149,4df95ed5-7436-45d7-ab6f-9ce4f46f3b86,2024-09-02 10:07:28-05:00,2024-09-02,2024-09-02 17:07:28 +0200,Central Time (US & Canada),5538471,etamu-fish,ETAMU-fish,2024-10-09 19:52:04 +0200,2024-10-09 19:52:53 +0200,research,CC-BY-NC,https://www.inaturalist.org/observations/246504149,https://inaturalist-open-data.s3.amazonaws.com/photos/440079429/medium.jpeg,,"","",1,0,false,3,"Lake Creek, TX, US",33.3860133333,-95.4394533333,4,,,,4,,open,false,,,Eurasian Wild Pig,Sus scrofa,Wild Boar,Mammalia,42134
246564429,6bc5c3b3-6d72-4593-a923-fefb4e148d18,2024-10-08 18:50:49-05:00,2024-10-08,2024-10-09 01:50:49 +0200,Central Time (US & Canada),8667444,brenton_wilson,Brenton Wilson,2024-10-10 03:44:39 +0200,2024-10-10 08:28:44 +0200,research,,https://www.inaturalist.org/observations/246564429,https://static.inaturalist.org/photos/440201734/medium.jpeg,,"","",1,0,false,3,"Atlanta, TX, US",33.0864916641,-94.096825,500,,,,500,,open,false,,,Eurasian Wild Pig,Sus scrofa,Wild Boar,Mammalia,42134
246609469,d9f1d009-c060-4fad-836e-0341c157620f,2024/10/08 3:01 PM,2024-10-08,2024-10-08 22:01:00 +0200,Central Time (US & Canada),2328821,jesseholifield,Jesse Holifield,2024-10-10 13:53:59 +0200,2024-10-10 14:07:20 +0200,research,CC-BY-NC,https://www.inaturalist.org/observations/246609469,https://inaturalist-open-data.s3.amazonaws.com/photos/440288910/medium.jpeg,,"",,1,0,false,,"Autauga County, AL, USA",32.3297253934,-86.8201765698,61,,,,61,,open,false,,,Eurasian Wild Pig,Sus scrofa,Wild Boar,Mammalia,42134
246609471,483199c5-58d4-4713-9f95-d9afee3f6621,2024/10/08 3:01 PM,2024-10-08,2024-10-08 22:01:00 +0200,Central Time (US & Canada),2328821,jesseholifield,Jesse Holifield,2024-10-10 13:53:59 +0200,2024-10-10 14:07:21 +0200,research,CC-BY-NC,https://www.inaturalist.org/observations/246609471,https://inaturalist-open-data.s3.amazonaws.com/photos/440288913/medium.jpeg,,"",,1,0,false,,"Autauga County, AL, USA",32.3314587329,-86.8200049084,122,,,,122,,open,false,,,Eurasian Wild Pig,Sus scrofa,Wild Boar,Mammalia,42134
246609472,93efe5bc-d9eb-41ee-88ea-ac9b835a80b5,2024/10/08 2:56 PM,2024-10-08,2024-10-08 21:56:00 +0200,Central Time (US & Canada),2328821,jesseholifield,Jesse Holifield,2024-10-10 13:54:00 +0200,2024-10-10 14:07:17 +0200,research,CC-BY-NC,https://www.inaturalist.org/observations/246609472,https://inaturalist-open-data.s3.amazonaws.com/photos/440288924/medium.jpeg,,"",,1,0,false,,"Autauga County, AL, USA",32.331076379,-86.8197431069,122,,,,122,,open,false,,,Eurasian Wild Pig,Sus scrofa,Wild Boar,Mammalia,42134
246609473,9b24d083-d8c7-4334-a734-e367014f3998,2024/10/08 2:51 PM,2024-10-08,2024-10-08 21:51:00 +0200,Central Time (US & Canada),2328821,jesseholifield,Jesse Holifield,2024-10-10 13:54:00 +0200,2024-10-10 14:07:24 +0200,research,CC-BY-NC,https://www.inaturalist.org/observations/246609473,https://inaturalist-open-data.s3.amazonaws.com/photos/440288920/medium.jpeg,,"",,1,0,false,,"Autauga County, AL, USA",32.330423656,-86.8201765698,122,,,,122,,open,false,,,Eurasian Wild Pig,Sus scrofa,Wild Boar,Mammalia,42134
246715225,46159a34-c264-49cf-a2c9-80dd7a99e1be,2024/10/10 7:00 PM,2024-10-10,2024-10-11 02:00:00 +0200,Central Time (US & Canada),4409523,noniss88,NoNiSs,2024-10-11 04:25:31 +0200,2024-10-11 04:42:43 +0200,research,CC-BY-NC,https://www.inaturalist.org/observations/246715225,https://inaturalist-open-data.s3.amazonaws.com/photos/440495994/medium.jpg,,"",,2,0,false,,"South Side, San Antonio, TX, USA",29.3013852312,-98.4554435713,277,,,,277,,open,false,,,Eurasian Wild Pig,Sus scrofa,Wild Boar,Mammalia,42134
246717348,cf32e3f6-2473-48d6-a5fb-fbccaa25e5ec,2024-10-07 19:00:15-05:00,2024-10-07,2024-10-08 02:00:15 +0200,Central Time (US & Canada),8520389,abaeza12,,2024-10-11 04:45:19 +0200,2024-10-22 03:32:22 +0200,research,CC-BY-NC,https://www.inaturalist.org/observations/246717348,https://inaturalist-open-data.s3.amazonaws.com/photos/440500525/medium.jpeg,,"","",2,0,false,3,"Hamilton, TX, US",31.5490015839,-98.2341952885,2418,,,,2418,,open,false,,,Eurasian Wild Pig,Sus scrofa,Wild Boar,Mammalia,42134
246940200,8ef07d5e-9c40-4ef7-9020-d0594550147e,2024/10/12 12:39 AM,2024-10-12,2024-10-12 07:39:00 +0200,Central Time (US & Canada),5312666,aoshea3,,2024-10-12 17:18:02 +0200,2024-10-29 01:13:19 +0100,research,CC-BY-NC,https://www.inaturalist.org/observations/246940200,https://inaturalist-open-data.s3.amazonaws.com/photos/440937957/medium.jpeg,,"",P00[0:0] TT[612] E[107:0681]G[120:0x25] BV[37:7] IR[L:L:25] MOE[0:3] AL:[0:0,1,0,false,,"Spicewood, Austin, TX, USA",30.3896350688,-97.7777409599,244,,,,244,,open,false,,,Eurasian Wild Pig,Sus scrofa,Wild Boar,Mammalia,42134
246962722,644e20fc-aa3e-4361-b703-df0b98a47ab0,2024-10-12 08:36:56-06:00,2024-10-12,2024-10-12 16:36:56 +0200,Central Time (US & Canada),6846505,frankiedoodledandy,Frankie Simmons,2024-10-12 19:30:43 +0200,2024-10-14 02:39:54 +0200,research,CC-BY-NC,https://www.inaturalist.org/observations/246962722,https://inaturalist-open-data.s3.amazonaws.com/photos/440981379/medium.jpeg,,"","",2,0,false,3,"River Legacy Park, Arlington, TX, US",32.7851545,-97.1156367,33,,,,33,,open,false,,,Eurasian Wild Pig,Sus scrofa,Wild Boar,Mammalia,42134
246969384,e253373f-fccb-4745-bf57-41d63d53f81e,2024-10-06 21:01:15-04:00,2024-10-06,2024-10-07 03:01:15 +0200,Eastern Time (US & Canada),2525355,tedruff,Ted ruffner,2024-10-12 20:10:04 +0200,2024-10-12 20:14:06 +0200,research,CC-BY-NC,https://www.inaturalist.org/observations/246969384,https://inaturalist-open-data.s3.amazonaws.com/photos/440995186/medium.jpeg,,"","",1,0,false,3,"Gramercy Plantation Blvd, Eastpoint, FL, US",29.76007,-84.8265533333,4,,,,4,,open,false,,,Eurasian Wild Pig,Sus scrofa,Wild Boar,Mammalia,42134
247014353,fd0995f7-d7ee-4be5-a931-5dfcc676cde7,2024/10/11 8:18 AM,2024-10-11,2024-10-11 15:18:00 +0200,Central Time (US & Canada),72880,charley,"",2024-10-13 00:34:02 +0200,2025-05-23 10:56:13 +0200,research,CC-BY-NC,https://www.inaturalist.org/observations/247014353,https://inaturalist-open-data.s3.amazonaws.com/photos/441078551/medium.jpeg,,"","",1,0,false,,"Fort Worth, TX, USA",32.7873368642,-97.1232926008,31,,,,31,,open,false,,,Domestic Pig,Sus scrofa domesticus,Domestic Pig,Mammalia,324492
247186616,016a2d4a-b79c-40b7-942a-84aa5570fa1b,2024/10/12 6:00 AM,2024-10-12,2024-10-12 13:00:00 +0200,Central Time (US & Canada),1595749,jcochran706,Jack Cochran,2024-10-13 22:17:19 +0200,2025-04-05 19:46:07 +0200,research,CC-BY-NC,https://www.inaturalist.org/observations/247186616,https://inaturalist-open-data.s3.amazonaws.com/photos/441423524/medium.jpeg,,crpj,Side channel of creek under cedar elms.,1,0,false,,"Texas, US",30.9347552577,-97.6900750996,4,,,,29304,obscured,open,true,,,Hog,Sus scrofa,Wild Boar,Mammalia,42134
247199139,54290d28-2209-4ad2-b3af-ecd21c629002,2024/10/13 10:33 AM,2024-10-13,2024-10-13 19:33:00 +0200,Pacific Time (US & Canada),209572,truthseqr,Anne Parsons,2024-10-13 23:21:42 +0200,2025-10-02 18:03:50 +0200,research,CC-BY-NC,https://www.inaturalist.org/observations/247199139,https://inaturalist-open-data.s3.amazonaws.com/photos/441446899/medium.jpeg,,boars,I've often wondered why the folks at this golf course have had this big trap set up for over a year. Now I know... they're trapping the wild boars who are tearing up the green.,1,0,false,,"Ed R. Levin County Park, CA, USA",37.45774321,-121.8700524,,,,,,,open,false,,,Eurasian Wild Pig,Sus scrofa,Wild Boar,Mammalia,42134
247203509,4faef533-1414-4673-8999-0fe2025ac518,2024-10-13 11:16:07-05:00,2024-10-13,2024-10-13 18:16:07 +0200,Central Time (US & Canada),22589,sambiology,Sam Kieschnick,2024-10-13 23:46:05 +0200,2025-04-05 19:53:32 +0200,research,CC-BY,https://www.inaturalist.org/observations/247203509,https://inaturalist-open-data.s3.amazonaws.com/photos/441457922/medium.jpeg,,"","",1,0,false,3,"SH-92, Rotan, TX, US",32.8673047999,-100.3915350086,4,,,,4,,open,false,,,Eurasian Wild Pig,Sus scrofa,Wild Boar,Mammalia,42134
247207291,b90c71ef-a8c9-4e48-8ee6-3a0a92ff4a45,2024-10-13 13:38:22-05:00,2024-10-13,2024-10-13 20:38:22 +0200,Central Time (US & Canada),22589,sambiology,Sam Kieschnick,2024-10-14 00:06:42 +0200,2025-04-05 19:57:06 +0200,research,CC-BY,https://www.inaturalist.org/observations/247207291,https://inaturalist-open-data.s3.amazonaws.com/photos/441465389/medium.jpeg,,"","",1,0,false,3,"FM-1286, Seymour, TX, US",33.5806263076,-99.2430040279,16,,,,16,,open,false,,,Eurasian Wild Pig,Sus scrofa,Wild Boar,Mammalia,42134
247212004,c7ba4766-d450-4376-98cb-2cbf4ef1bb6f,2024/10/09 8:45 AM,2024-10-09,2024-10-09 15:45:00 +0200,Central Time (US & Canada),115786,oddfitz,Todd Fitzgerald,2024-10-14 00:36:41 +0200,2024-10-14 02:13:10 +0200,research,CC-BY-NC,https://www.inaturalist.org/observations/247212004,https://inaturalist-open-data.s3.amazonaws.com/photos/441473658/medium.jpeg,,"","",1,0,false,,"Fort Worth, TX, USA",32.795068,-97.197677,27,,,,27,,open,false,,,Eurasian Wild Pig,Sus scrofa,Wild Boar,Mammalia,42134
247243751,9b867f8c-9dfe-4285-a2cf-aa65fba5280d,2024-10-13 11:29:28-05:00,2024-10-13,2024-10-13 18:29:28 +0200,Central Time (US & Canada),1424273,paulswitzer,"",2024-10-14 04:24:51 +0200,2024-10-14 05:33:07 +0200,research,CC-BY-NC,https://www.inaturalist.org/observations/247243751,https://inaturalist-open-data.s3.amazonaws.com/photos/441542365/medium.jpeg,,"",Roadkill ,1,0,false,3,"Land Between the Lakes National Recreation Area, Dover, TN, US",36.51497,-87.9167333333,4,,,,4,,open,false,,,Eurasian Wild Pig,Sus scrofa,Wild Boar,Mammalia,42134
247274357,f3a15f42-2708-4b58-93ae-5bd23dcdc10b,2024-10-10 09:27:00-05:00,2024-10-10,2024-10-10 16:27:00 +0200,Central Time (US & Canada),32993,c_h_hemphill,CH Hemphill,2024-10-14 10:02:16 +0200,2025-04-05 20:28:45 +0200,research,CC-BY-NC,https://www.inaturalist.org/observations/247274357,https://inaturalist-open-data.s3.amazonaws.com/photos/441605934/medium.jpeg,,"","",1,0,false,3,"Valera, TX, US",31.6880475243,-99.5978404988,179,,,,179,,open,false,,,Eurasian Wild Pig,Sus scrofa,Wild Boar,Mammalia,42134
247388782,656c1b0d-53d2-44b4-abf7-16ecb1d519ca,2024/08/14 6:29 AM,2024-08-14,2024-08-14 13:29:00 +0200,Central Time (US & Canada),131068,mikef451,Mike Farley,2024-10-15 00:54:40 +0200,2025-07-26 23:27:46 +0200,research,CC-BY-NC,https://www.inaturalist.org/observations/247388782,https://inaturalist-open-data.s3.amazonaws.com/photos/441829475/medium.jpeg,,pspo,"Wild Boar
Palmetto State Park  Cameras placed with permission

https://www.flickr.com/photos/141384407@N03/54067715968/in/dateposted-public/",1,0,false,,"Gonzales County, TX, USA",29.5863935462,-97.5832312013,2,,,,2,,open,false,,,Eurasian Wild Pig,Sus scrofa,Wild Boar,Mammalia,42134
247544940,34e5b901-2869-4c56-9374-9216375473fd,2024/10/13 3:11 PM,2024-10-13,2024-10-13 21:11:00 +0200,Eastern Time (US & Canada),8610221,hmorgan32,,2024-10-16 01:10:43 +0200,2025-05-23 10:56:25 +0200,research,CC-BY-NC,https://www.inaturalist.org/observations/247544940,https://inaturalist-open-data.s3.amazonaws.com/photos/442138047/medium.jpeg,,"","",2,0,false,,"Fort White, FL 32038, USA",29.9232908,-82.7137327,2042,,,,2042,,open,false,,,Domestic Pig,Sus scrofa domesticus,Domestic Pig,Mammalia,324492
247572821,b9a491d7-e9e2-41a9-a804-fd5c9abbb974,2024-10-15 11:12:05-07:00,2024-10-15,2024-10-15 20:12:05 +0200,Pacific Time (US & Canada),44783,hkibak,Henrik Kibak,2024-10-16 05:17:34 +0200,2025-05-23 10:56:27 +0200,research,CC-BY-NC,https://www.inaturalist.org/observations/247572821,https://inaturalist-open-data.s3.amazonaws.com/photos/442195489/medium.jpeg,,"","",2,0,false,3,"Paris Valley Rd, San Lucas, CA, US",36.0853166667,-121.0064083333,2,,,,2,,open,false,,,Wild Boar,Sus scrofa,Wild Boar,Mammalia,42134
247589389,a4db0e91-85f9-4f5d-8394-b95e0afcff15,2024-10-15 09:16:25,2024-10-15,2024-10-15 16:16:25 +0200,Central Time (US & Canada),1176309,chrisss,"",2024-10-16 09:13:38 +0200,2025-09-02 22:17:08 +0200,research,CC-BY-NC,https://www.inaturalist.org/observations/247589389,https://inaturalist-open-data.s3.amazonaws.com/photos/442230345/medium.jpeg,,"",Scat,1,0,false,2,"Atascosa County, US-TX, US",29.1909063129,-98.682847023,4919,,,,4919,,open,false,gps,gps,Domestic Pig,Sus scrofa domesticus,Domestic Pig,Mammalia,324492
247608591,a20550a2-cf3c-48d6-bd60-46bc52f8094d,2024/09/27 5:22 AM,2024-09-27,2024-09-27 12:22:00 +0200,Central Time (US & Canada),643440,georgeafghan,George Afghan,2024-10-16 13:54:05 +0200,2025-04-05 23:49:51 +0200,research,CC-BY-NC,https://www.inaturalist.org/observations/247608591,https://inaturalist-open-data.s3.amazonaws.com/photos/442270378/medium.jpeg,,"","",1,0,false,,"Mason County, TX, USA",30.6556091,-99.2785583,43740,,,,43740,,open,false,,,Eurasian Wild Pig,Sus scrofa,Wild Boar,Mammalia,42134
247618153,a9538b4e-ba4d-4a15-b634-56ca62395eb9,2024-10-11 12:39:04-04:00,2024-10-11,2024-10-11 18:39:04 +0200,Eastern Time (US & Canada),6118929,ocohen,,2024-10-16 15:28:44 +0200,2025-04-06 00:00:18 +0200,research,CC-BY-NC,https://www.inaturalist.org/observations/247618153,https://inaturalist-open-data.s3.amazonaws.com/photos/442288404/medium.jpeg,,"","",1,0,false,3,"SR-70, Myakka City, FL, US",27.327755,-82.1294695,6705,,,,6705,,open,false,,,Eurasian Wild Pig,Sus scrofa,Wild Boar,Mammalia,42134
247671083,3a7bf9d2-8a49-43b8-8a34-85babbd998be,2024-10-16 09:45:43,2024-10-16,2024-10-16 16:45:43 +0200,Central Time (US & Canada),2564555,citizenscintist,KristieH,2024-10-16 22:19:30 +0200,2025-04-06 01:20:53 +0200,research,CC-BY-NC,https://www.inaturalist.org/observations/247671083,https://inaturalist-open-data.s3.amazonaws.com/photos/442390599/medium.jpeg,,"",,1,0,false,2,"Nassau Bay, TX, USA",29.5423965725,-95.0817313045,519,,,,519,,open,false,gps,gps,Eurasian Wild Pig,Sus scrofa,Wild Boar,Mammalia,42134
247697825,b23576c8-a2e6-4ea9-8d29-66210c82cc86,2024/10/16 7:36 AM,2024-10-16,2024-10-16 14:36:00 +0200,Central Time (US & Canada),900990,cdsmith,Chris Smith,2024-10-17 02:15:12 +0200,2024-10-20 00:48:31 +0200,research,CC-BY-NC-ND,https://www.inaturalist.org/observations/247697825,https://inaturalist-open-data.s3.amazonaws.com/photos/442445701/medium.jpeg,,"",,1,0,false,,"Houston Farms, TX, USA",29.8357916667,-95.1182777778,5,,,,5,,open,false,,,Eurasian Wild Pig,Sus scrofa,Wild Boar,Mammalia,42134
247698988,428bc10f-9152-497d-b897-402cb67aee9c,2024/10/16 1:54 PM,2024-10-16,2024-10-16 20:54:00 +0200,Central Time (US & Canada),26296,connlindajo,Linda Jo Conn,2024-10-17 02:26:56 +0200,2025-04-06 02:07:21 +0200,research,CC-BY,https://www.inaturalist.org/observations/247698988,https://inaturalist-open-data.s3.amazonaws.com/photos/442444943/medium.jpeg,,"",Young hog DOR (Dead on Road) and being actively visited by vultures. ,1,0,false,,"CR 326, Lexington, Lee County, TX, USA",30.3849641958,-97.0242329381,5,,,,5,,open,false,,,Eurasian Wild Pig,Sus scrofa,Wild Boar,Mammalia,42134
247745093,a2e452f7-1b4b-4287-bee4-77d4a23d3d96,2024-10-16 22:11:00-05:00,2024-10-16,2024-10-17 05:11:00 +0200,Central Time (US & Canada),32993,c_h_hemphill,CH Hemphill,2024-10-17 12:38:49 +0200,2025-04-06 03:22:35 +0200,research,CC-BY-NC,https://www.inaturalist.org/observations/247745093,https://inaturalist-open-data.s3.amazonaws.com/photos/442546027/medium.jpeg,,"","",1,0,false,3,"Valera, TX, US",31.6882593861,-99.5957001174,128,,,,128,,open,false,,,Eurasian Wild Pig,Sus scrofa,Wild Boar,Mammalia,42134
247859115,9082a7ec-61ed-4080-befb-f440827f4d38,2024-10-17 20:32:00-05:00,2024-10-17,2024-10-18 03:32:00 +0200,Central Time (US & Canada),6815175,jhearn,,2024-10-18 05:25:11 +0200,2025-04-06 06:11:28 +0200,research,CC-BY-NC,https://www.inaturalist.org/observations/247859115,https://inaturalist-open-data.s3.amazonaws.com/photos/442764596/medium.jpeg,,"","",1,0,false,3,"Burton St, Eden, TX, US",31.2180855,-99.84654895,1060,,,,1060,,open,false,,,Eurasian Wild Pig,Sus scrofa,Wild Boar,Mammalia,42134
247921085,5f3fced4-9751-4a96-ab58-dbd09b7a73f7,2024/10/16 6:39 AM,2024-10-16,2024-10-16 13:39:00 +0200,Central Time (US & Canada),1138432,patti_edens,Patti A. Edens,2024-10-18 17:32:11 +0200,2025-04-06 07:32:12 +0200,research,CC-BY-NC-ND,https://www.inaturalist.org/observations/247921085,https://inaturalist-open-data.s3.amazonaws.com/photos/442880372/medium.jpg,,"",Adult Female and 2 young ,1,0,false,,"Montgomery County, TX, USA",30.4482024858,-95.4403274676,6,,,,6,,open,false,,,Eurasian Wild Pig,Sus scrofa,Wild Boar,Mammalia,42134
247967597,3afeddfc-53fb-4584-92c3-86dc1c7ecf48,2024-10-16 17:44:39,2024-10-16,2024-10-16 23:44:39 +0200,Eastern Time (US & Canada),5294247,flashberry,Flashberry,2024-10-18 22:55:04 +0200,2024-10-19 05:43:22 +0200,research,CC-BY-NC,https://www.inaturalist.org/observations/247967597,https://inaturalist-open-data.s3.amazonaws.com/photos/442974639/medium.jpeg,,"",,1,0,false,2,"Palm Coast, FL, USA",29.5022619,-81.1839226,,,,,,,open,false,gps,gps,Eurasian Wild Pig,Sus scrofa,Wild Boar,Mammalia,42134
247979855,05b082a9-dd8a-4396-99c3-e7e6c4d2ec3a,2024/10/18 8:43 AM,2024-10-18,2024-10-18 14:43:00 +0200,Eastern Time (US & Canada),767309,sj7,"",2024-10-19 00:39:30 +0200,2025-04-06 09:02:19 +0200,research,CC-BY-NC,https://www.inaturalist.org/observations/247979855,https://inaturalist-open-data.s3.amazonaws.com/photos/442998377/medium.jpg,,"",spotted during a field trip,1,0,false,,"Seven Wetlands (Se7en Wetlands), 500 W Carter Rd, Lakeland, FL 33813, USA",27.9237724,-81.9573121,317,,,,317,,open,false,,,Eurasian Wild Pig,Sus scrofa,Wild Boar,Mammalia,42134
247987634,13f98644-5a2d-4206-bba9-b4854dbd7e06,2024/10/17 5:31 PM,2024-10-17,2024-10-18 00:31:00 +0200,Central Time (US & Canada),26296,connlindajo,Linda Jo Conn,2024-10-19 01:55:24 +0200,2025-04-06 09:16:28 +0200,research,CC-BY,https://www.inaturalist.org/observations/247987634,https://inaturalist-open-data.s3.amazonaws.com/photos/443009400/medium.jpeg,,"","After a failed start earlier in the afternoon, I ventured outside again. This time with the purpose of inventorying plants in the area behind the house and near the stock tank.
Tank level is low. 
Day 7 of the 2024 Texas Pollinator BioBlitz.",1,0,false,,"5365 CR 326, Lexington, Lee Co., TX, USA",30.3832723881,-97.0270076834,10,,,,10,,open,false,,,Eurasian Wild Pig,Sus scrofa,Wild Boar,Mammalia,42134
248005831,10c89af6-3c79-4fe1-b23c-d30a93bfd7ea,2024/10/17 5:36 PM,2024-10-17,2024-10-18 00:36:00 +0200,Central Time (US & Canada),26296,connlindajo,Linda Jo Conn,2024-10-19 04:57:24 +0200,2025-04-06 09:42:27 +0200,research,CC-BY,https://www.inaturalist.org/observations/248005831,https://inaturalist-open-data.s3.amazonaws.com/photos/443049071/medium.jpeg,,"","After a failed start earlier in the afternoon, I ventured outside again. This time with the purpose of inventorying plants in the area behind the house and near the stock tank. Tank level is low.
Sign of hog: rooting
Day 7 of the 2024 Texas Pollinator BioBlitz.",1,0,false,,"5365 CR 326, Lexington, Lee Co., TX, USA",30.383386688,-97.0265141569,10,,,,10,,open,false,,,Eurasian Wild Pig,Sus scrofa,Wild Boar,Mammalia,42134
248101535,5d9397d1-e3ed-4cdb-9d84-903e547f82ab,2024-10-19 10:06:43-07:00,2024-10-19,2024-10-19 19:06:43 +0200,Pacific Time (US & Canada),8439949,carolinelouise,Caroline Singleton,2024-10-19 19:07:33 +0200,2025-05-23 10:56:45 +0200,research,,https://www.inaturalist.org/observations/248101535,https://static.inaturalist.org/photos/443353964/medium.jpeg,,"","",1,0,false,3,"Salinas, CA, US",36.746746914,-121.5976703626,13566,,,,13566,,open,false,,,Domestic Pig,Sus scrofa domesticus,Domestic Pig,Mammalia,324492
248145488,e4be3356-07fc-44cc-9b41-9fdc99df14e4,2024-10-19 15:38:32-05:00,2024-10-19,2024-10-19 22:38:32 +0200,Central Time (US & Canada),1019332,dunawayb96,Brady S. Dunaway,2024-10-19 23:05:52 +0200,2024-10-21 17:26:06 +0200,research,,https://www.inaturalist.org/observations/248145488,https://static.inaturalist.org/photos/443319918/medium.jpeg,,"","",1,0,false,3,"MS-569, Smithdale, MS, US",31.3392283333,-90.6330116667,11,,,,11,,open,false,,,Eurasian Wild Pig,Sus scrofa,Wild Boar,Mammalia,42134
248164842,028626e7-b8e8-454f-87d9-e8bbcf695373,2024-10-19 08:12:41-05:00,2024-10-19,2024-10-19 15:12:41 +0200,Central Time (US & Canada),1019332,dunawayb96,Brady S. Dunaway,2024-10-20 01:14:57 +0200,2025-04-06 13:37:01 +0200,research,,https://www.inaturalist.org/observations/248164842,https://static.inaturalist.org/photos/443359804/medium.jpeg,,"","",1,0,false,3,"MS-24, Liberty, MS, US",31.1635445,-90.8432216667,16,,,,16,,open,false,,,Eurasian Wild Pig,Sus scrofa,Wild Boar,Mammalia,42134
248178297,0c1911f8-aa47-4846-8a81-4dc651ee04fc,2024/10/16 3:30 PM,2024-10-16,2024-10-16 22:30:00 +0200,Central Time (US & Canada),13104,txherpbird,Craig McIntyre,2024-10-20 02:53:39 +0200,2024-10-28 20:18:35 +0100,research,CC-BY-NC,https://www.inaturalist.org/observations/248178297,https://inaturalist-open-data.s3.amazonaws.com/photos/443384938/medium.jpeg,,"",with cattle egrets,1,0,false,,"Calhoun County, TX, USA",28.2569300349,-96.7985506473,488,,,,488,,open,false,,,Eurasian Wild Pig,Sus scrofa,Wild Boar,Mammalia,42134
248181418,42ef3ef3-e607-4061-83de-6eeb20cdea62,2024-10-19 12:28:27-07:00,2024-10-19,2024-10-19 21:28:27 +0200,Pacific Time (US & Canada),4058962,bafflingnewt,Ben DeDominic,2024-10-20 03:15:31 +0200,2025-07-28 07:55:20 +0200,research,,https://www.inaturalist.org/observations/248181418,https://static.inaturalist.org/photos/443661519/medium.jpeg,,"","",2,0,false,3,"California, US",39.0927650972,-122.0098432583,4,,,,28151,obscured,open,true,,,Eurasian Wild Pig,Sus scrofa,Wild Boar,Mammalia,42134
248182991,53911a3e-f96e-4a52-ac87-38264bff1891,2024-10-19 11:17:26-07:00,2024-10-19,2024-10-19 20:17:26 +0200,Pacific Time (US & Canada),6566185,califorag3r,,2024-10-20 03:29:10 +0200,2025-05-23 10:56:48 +0200,research,CC-BY-NC,https://www.inaturalist.org/observations/248182991,https://inaturalist-open-data.s3.amazonaws.com/photos/443397387/medium.jpeg,,"","Wild pig most likely, found on side of road. Approx 10” by 8” tall, massive! Tusks 2-3”. ",2,0,false,3,"Soledad, CA, US",36.441103349,-121.3356885328,15257,,,,15257,,open,false,,,Domestic Pig,Sus scrofa domesticus,Domestic Pig,Mammalia,324492
248208719,1b4be7dc-6f4a-4539-a57d-75fbbb147d5c,2024/09/20 2:05 PM,2024-09-20,2024-09-20 23:05:00 +0200,Pacific Time (US & Canada),3407564,ken_mateik,Ken Mateik,2024-10-20 06:59:51 +0200,2025-04-06 14:52:23 +0200,research,CC-BY-NC,https://www.inaturalist.org/observations/248208719,https://inaturalist-open-data.s3.amazonaws.com/photos/443447125/medium.jpeg,,Photo,Eurasian Wild Pig / Feral Pig sow munching on acorns in a grassy field. There were about 7 or 8 piglets resting in the tree shadows in the right rear of the photos. Private Property - No Public Access. ,1,0,false,,"California, US",38.7169405207,-122.2677439422,31250,,,,31250,obscured,open,true,,,Eurasian Wild Pig,Sus scrofa,Wild Boar,Mammalia,42134
248210235,c0a61f4b-25c4-476e-ade5-e3471c0d4204,2024/09/22 9:18 AM,2024-09-22,2024-09-22 18:18:00 +0200,Pacific Time (US & Canada),3407564,ken_mateik,Ken Mateik,2024-10-20 07:18:05 +0200,2024-10-20 08:24:16 +0200,research,CC-BY-NC,https://www.inaturalist.org/observations/248210235,https://inaturalist-open-data.s3.amazonaws.com/photos/443450575/medium.jpeg,,Photo,"Eurasian Wild Pig / Feral Pig sow returning to her 7 or 8 piglets resting in the brush to the 
right of the photos. Private Property - No Public Access. ",1,0,false,,"California, US",38.6060482842,-122.2738750239,31250,,,,31250,obscured,open,true,,,Eurasian Wild Pig,Sus scrofa,Wild Boar,Mammalia,42134
248315620,47c4f771-b6d8-43fd-9b89-98d7590140ca,2024-10-20 14:24:47-04:00,2024-10-20,2024-10-20 20:24:47 +0200,Eastern Time (US & Canada),8704600,andrewhester22,,2024-10-20 20:27:16 +0200,2025-05-07 22:58:17 +0200,research,CC-BY-NC,https://www.inaturalist.org/observations/248315620,https://inaturalist-open-data.s3.amazonaws.com/photos/443658336/medium.jpeg,,"","",2,0,false,3,"Cooper Hill Rd, Windsor, NC, US",35.9372292237,-76.8503840131,23,,,,23,,open,false,,,Wild Boar,Sus scrofa,Wild Boar,Mammalia,42134
248336371,ff1af499-78a6-42bc-8e4f-d04881575eb0,2024/09/28 6:02 PM,2024-09-28,2024-09-29 03:02:00 +0200,Pacific Time (US & Canada),3407564,ken_mateik,Ken Mateik,2024-10-20 22:16:56 +0200,2024-11-12 17:13:56 +0100,research,CC-BY-NC,https://www.inaturalist.org/observations/248336371,https://inaturalist-open-data.s3.amazonaws.com/photos/443694624/medium.jpg,,Photo,"Eurasian Wild Pig encountered in an entirely new area where we have not seen any before. 
This appears to be a roaming Boar that I have not seen before this encounter. 
Private Property - No Public Access. ",1,0,false,,"California, US",38.7199372709,-122.2413994424,31250,,,,31250,obscured,open,true,,,Eurasian Wild Pig,Sus scrofa,Wild Boar,Mammalia,42134
248342245,c2e5e9ff-7fdd-43a5-87e8-fa8a6960fc68,2024-02-05 15:18:03-07:00,2024-02-05,2024-02-05 23:18:03 +0100,Eastern Time (US & Canada),4312507,leahdkrieger,Leah Krieger,2024-10-20 22:52:15 +0200,2024-10-21 00:00:21 +0200,research,CC-BY-NC,https://www.inaturalist.org/observations/248342245,https://inaturalist-open-data.s3.amazonaws.com/photos/443708960/medium.jpeg,,"","",1,0,false,3,"Paynes Prairie Preserve State Park, Micanopy, FL, US",29.6028479632,-82.3029472884,29,,,,29,,open,false,,,Eurasian Wild Pig,Sus scrofa,Wild Boar,Mammalia,42134
248344840,dff82f2b-2fef-46f8-9b3d-c9b2d229c407,2024/09/28 6:46 PM,2024-09-28,2024-09-29 03:46:00 +0200,Pacific Time (US & Canada),3407564,ken_mateik,Ken Mateik,2024-10-20 23:09:00 +0200,2025-04-25 10:00:23 +0200,research,CC-BY-NC,https://www.inaturalist.org/observations/248344840,https://inaturalist-open-data.s3.amazonaws.com/photos/443710062/medium.jpeg,,Photo,"Eurasian Wild Pig / Feral Pig sow (on the right in photos) with a group of fairly large juveniles behind her. They were feeding on acorns that had fallen from the Oak trees, and were about 200 yards away from me. The weird thing here was that ALL the spotted juveniles were sows, while ALL the brown juveniles were boars.  A very destructive Introduced PEST in California and many other states. Private Property - No Public Access. ",1,0,false,,"California, US",38.7277851617,-122.3929249922,31250,,,,31250,obscured,open,true,,,Wild Boar,Sus scrofa,Wild Boar,Mammalia,42134
248347434,e6091dcc-785f-47ed-b77b-8e64402f33c7,2024-10-20 10:37:00-05:00,2024-10-20,2024-10-20 17:37:00 +0200,Central Time (US & Canada),32993,c_h_hemphill,CH Hemphill,2024-10-20 23:24:02 +0200,2025-04-06 19:40:18 +0200,research,CC-BY-NC,https://www.inaturalist.org/observations/248347434,https://inaturalist-open-data.s3.amazonaws.com/photos/443719145/medium.jpeg,,"","",1,0,false,3,"Texas, US",31.708632658,-99.4571281089,94,,,,29199,obscured,open,true,,,Eurasian Wild Pig,Sus scrofa,Wild Boar,Mammalia,42134
248347623,45d80309-d864-42ca-a89b-0f99f410be73,2024/10/18 8:47 AM,2024-10-18,2024-10-18 15:47:00 +0200,Central Time (US & Canada),2204579,crystalj_at_uab,"",2024-10-20 23:25:08 +0200,2025-04-06 19:40:35 +0200,research,CC-BY-NC,https://www.inaturalist.org/observations/248347623,https://inaturalist-open-data.s3.amazonaws.com/photos/443719435/medium.jpg,,"",,1,0,false,,"Jefferson County, TX, USA",29.674554,-94.0512849722,,,,,,,open,false,,,Eurasian Wild Pig,Sus scrofa,Wild Boar,Mammalia,42134
248347986,c432ac58-fc28-442e-999e-a255efd8bd94,2024/09/28 6:44 PM,2024-09-28,2024-09-29 03:44:00 +0200,Pacific Time (US & Canada),3407564,ken_mateik,Ken Mateik,2024-10-20 23:27:11 +0200,2025-04-25 10:02:37 +0200,research,CC-BY-NC,https://www.inaturalist.org/observations/248347986,https://inaturalist-open-data.s3.amazonaws.com/photos/443717990/medium.jpeg,,Photo,"Eurasian Wild Pig / Feral Pig  juveniles walking in a line beneath some Oak trees  about 200 yards away from me. The weird thing here was that ALL the spotted juveniles were sows, while ALL the brown juveniles were boars. At the request of others, I culled two 50-pound juvenile sows from the group. Harvested for Food; a very destructive [but tasty] Introduced PEST in California. 
Private Property - No Public Access. ",1,0,false,,"California, US",38.68151159,-122.2104119204,31250,,,,31250,obscured,open,true,,,Wild Boar,Sus scrofa,Wild Boar,Mammalia,42134
248365075,f35b1177-79c5-49db-9dc6-c853609d545f,2024/10/20 8:24 AM,2024-10-20,2024-10-20 17:24:00 +0200,Pacific Time (US & Canada),201832,conormcmahon,Conor McMahon,2024-10-21 01:19:13 +0200,2025-04-06 20:27:12 +0200,research,CC-BY-NC,https://www.inaturalist.org/observations/248365075,https://inaturalist-open-data.s3.amazonaws.com/photos/443753664/medium.jpg,,"",,1,0,false,,"Santa Barbara County, CA, USA",34.4529466351,-120.445876423,555,,,,555,,open,false,,,Eurasian Wild Pig,Sus scrofa,Wild Boar,Mammalia,42134
248446622,e8436749-1d1f-44ee-9869-3ecf1fc982f1,2024/10/20 2:06 PM,2024-10-20,2024-10-20 21:06:00 +0200,Central Time (US & Canada),680691,jonathanclark,,2024-10-21 15:42:42 +0200,2025-01-24 02:57:29 +0100,research,CC-BY-NC,https://www.inaturalist.org/observations/248446622,https://inaturalist-open-data.s3.amazonaws.com/photos/443923701/medium.jpeg,,"",Dead hog. Kisatchie NF Catahoula Ranger District. Habitat: upland - roadside in pine forest/mixed pine hardwoods.,1,0,false,,"Grant Parish, LA, USA - Kisatchie National Forest Catahoula Ranger District - corner of FS Rds. 120 and 172",31.6604762367,-92.4872356653,8,,,,8,,open,false,,,Wild Boar,Sus scrofa,Wild Boar,Mammalia,42134
248478876,1d744344-7ff2-4df1-ad4c-e3d798c9eddc,2024/10/17 12:42 AM,2024-10-17,2024-10-17 07:42:00 +0200,Central Time (US & Canada),3920526,bacchusrock,Jo Roberts,2024-10-21 19:35:13 +0200,2025-04-08 14:21:09 +0200,research,CC0,https://www.inaturalist.org/observations/248478876,https://inaturalist-open-data.s3.amazonaws.com/photos/443987007/medium.jpeg,,"","",1,0,false,,"Edwards County, TX, USA",29.8623079324,-100.3428109559,31,,,,31,,open,false,,,Hog,Sus scrofa,Wild Boar,Mammalia,42134
248509930,d0b9b516-1695-42c2-bac5-951a5c25032d,2024/10/18 9:22 AM,2024-10-18,2024-10-18 16:22:00 +0200,Central Time (US & Canada),25394,markg,"",2024-10-21 23:08:59 +0200,2024-10-28 21:31:42 +0100,research,CC-BY-NC,https://www.inaturalist.org/observations/248509930,https://static.inaturalist.org/photos/444046083/medium.jpeg,,"",,1,0,false,,"Bandera County, TX, USA",29.8137044284,-99.5769396765,238,,,,238,,open,false,,,Hog,Sus scrofa,Wild Boar,Mammalia,42134
248538272,7d0dcd29-2042-4ae7-9ed4-53796bd79612,2024/10/12 8:11 PM,2024-10-12,2024-10-13 03:11:00 +0200,Central Time (US & Canada),5312666,aoshea3,,2024-10-22 03:23:13 +0200,2024-10-23 00:39:52 +0200,research,CC-BY-NC,https://www.inaturalist.org/observations/248538272,https://inaturalist-open-data.s3.amazonaws.com/photos/444107235/medium.jpeg,,"",P00[0:3] TT[2573] E[096:1136]G[192:0x3c] BV[15:0] IR[L:L:25] MOE[0:3] AL:[0:0,1,0,false,,"Spicewood, Austin, TX, USA",30.3897276163,-97.7767324493,244,,,,244,,open,false,,,Eurasian Wild Pig,Sus scrofa,Wild Boar,Mammalia,42134
248538907,9ea1e9ea-1c8d-452d-ab4b-a163b220cac8,2024/08/05 7:56 PM,2024-08-05,2024-08-06 02:56:00 +0200,Central Time (US & Canada),111241,lovebirder,Missy McAllister-Kerr,2024-10-22 03:27:05 +0200,2025-04-07 02:24:18 +0200,research,CC-BY-NC,https://www.inaturalist.org/observations/248538907,https://inaturalist-open-data.s3.amazonaws.com/photos/444097237/medium.jpeg,,"",,1,0,false,,"Private FM2005, Hamilton, TX, USA",31.6338372117,-98.2483995998,499,,,,499,,open,false,,,Eurasian Wild Pig,Sus scrofa,Wild Boar,Mammalia,42134
248538921,e9ddb6f4-b689-4e80-a852-0f2f33d3eb2c,2024/06/16 6:38 PM,2024-06-16,2024-06-17 01:38:00 +0200,Central Time (US & Canada),111241,lovebirder,Missy McAllister-Kerr,2024-10-22 03:27:08 +0200,2024-10-30 20:23:26 +0100,research,CC-BY-NC,https://www.inaturalist.org/observations/248538921,https://inaturalist-open-data.s3.amazonaws.com/photos/444097381/medium.jpeg,,"",,1,0,false,,"Private FM2005, Hamilton, TX, USA",31.6338372117,-98.2483995998,499,,,,499,,open,false,,,Hog,Sus scrofa,Wild Boar,Mammalia,42134
248554532,bbdb9d11-15f3-45c3-af14-2f0aa88ffc79,2024/09/02 4:59 PM,2024-09-02,2024-09-03 01:59:00 +0200,Pacific Time (US & Canada),1644409,columbidaeperson,Benji,2024-10-22 06:16:29 +0200,2025-04-07 02:52:40 +0200,research,CC-BY-NC,https://www.inaturalist.org/observations/248554532,https://inaturalist-open-data.s3.amazonaws.com/photos/444139645/medium.jpeg,,"",,1,0,false,,"Santa Clara County, CA, USA",37.3484871967,-121.7209922031,21,,,,21,,open,false,,,Eurasian Wild Pig,Sus scrofa,Wild Boar,Mammalia,42134
248681261,e61365ca-e032-4e0a-9ee9-d54407b59b00,2024-10-22,2024-10-22,,Central Time (US & Canada),4058142,christopherbentley04,Chris Bentley,2024-10-23 03:22:54 +0200,2025-04-07 06:05:57 +0200,research,CC-BY-NC,https://www.inaturalist.org/observations/248681261,https://inaturalist-open-data.s3.amazonaws.com/photos/444393232/medium.jpeg,,"",,1,0,false,2,"San Antonio, TX 78221, USA",29.3109559588,-98.4998549893,188,,,,188,,open,false,gps,gps,Eurasian Wild Pig,Sus scrofa,Wild Boar,Mammalia,42134
248749721,354cb77b-7040-4068-a549-57052c6ce175,2024/09/17 6:50 AM,2024-09-17,2024-09-17 13:50:00 +0200,Central Time (US & Canada),7844411,mdraines,Mike Raines,2024-10-23 17:15:05 +0200,2024-10-28 21:28:14 +0100,research,CC-BY-NC,https://www.inaturalist.org/observations/248749721,https://inaturalist-open-data.s3.amazonaws.com/photos/444533432/medium.jpeg,,CRPJ,Juniper and oak woodland near stream,1,0,false,,"Texas, US",30.9628362228,-97.712589319,5,,,,29304,obscured,open,true,,,Hog,Sus scrofa,Wild Boar,Mammalia,42134
248800437,a40a4ab2-dc43-497d-9b31-49acddecb8a6,2024-10-23 16:40:00-04:00,2024-10-23,2024-10-23 22:40:00 +0200,Eastern Time (US & Canada),8691131,jenna_hilliard,,2024-10-23 23:09:57 +0200,2025-05-23 10:57:08 +0200,research,CC-BY-NC,https://www.inaturalist.org/observations/248800437,https://inaturalist-open-data.s3.amazonaws.com/photos/444632065/medium.jpeg,,"","",1,0,false,3,"N South St, Farmville, VA, US",37.3046199195,-78.3887041829,72,,,,72,,open,false,,,Domestic Pig,Sus scrofa domesticus,Domestic Pig,Mammalia,324492
248828973,0cf12f10-315d-49c7-816f-39ab5f0690f7,2024-10-22 17:52:25-04:00,2024-10-22,2024-10-22 23:52:25 +0200,Eastern Time (US & Canada),6118929,ocohen,,2024-10-24 03:48:52 +0200,2025-04-07 09:23:06 +0200,research,CC-BY-NC,https://www.inaturalist.org/observations/248828973,https://inaturalist-open-data.s3.amazonaws.com/photos/444690355/medium.jpeg,,"","",1,0,false,3,"73rd Ave E, Myakka City, FL, US",27.40638,-82.1085888333,4,,,,4,,open,false,,,Eurasian Wild Pig,Sus scrofa,Wild Boar,Mammalia,42134
248831857,30dd5289-50a3-474e-8c1c-1924516d9840,2024-10-23,2024-10-23,,Central Time (US & Canada),8680523,kadengoodrum,,2024-10-24 04:18:08 +0200,2024-11-03 23:48:37 +0100,research,CC-BY-NC,https://www.inaturalist.org/observations/248831857,https://inaturalist-open-data.s3.amazonaws.com/photos/444695620/medium.jpeg,,"",,1,0,false,2,"Brazoria, TX 77422, USA",28.9974605908,-95.6429000571,584,,,,584,,open,false,gps,gps,Eurasian Wild Pig,Sus scrofa,Wild Boar,Mammalia,42134
248834378,7b271d9d-d1b7-4937-a67d-216f3fc54f3b,2024-09-24 14:14:38-05:00,2024-09-24,2024-09-24 21:14:38 +0200,Central Time (US & Canada),8715178,tyla93291,tyla colebrooke,2024-10-24 04:46:34 +0200,2025-04-07 09:31:23 +0200,research,,https://www.inaturalist.org/observations/248834378,https://static.inaturalist.org/photos/444701069/medium.jpeg,,"","",1,0,false,3,"Lebanon Pike, Murfreesboro, TN, US",35.9275094,-86.37697915,265,,,,265,,open,false,,,Eurasian Wild Pig,Sus scrofa,Wild Boar,Mammalia,42134
248840016,980666c8-4d18-4737-90ca-e5fa05e4786d,2024-10-12 20:29:59-07:00,2024-10-12,2024-10-13 05:29:59 +0200,Pacific Time (US & Canada),8229773,imnat,Natalia Valdes,2024-10-24 05:59:35 +0200,2025-02-03 03:45:04 +0100,research,,https://www.inaturalist.org/observations/248840016,https://static.inaturalist.org/photos/444712371/medium.jpeg,,"","",2,0,false,3,"Hastings Natural History Reservation, Carmel Valley, CA, US",36.3824643899,-121.5467706643,112,,,,112,,open,false,,,Wild Boar,Sus scrofa,Wild Boar,Mammalia,42134
248843695,5fff5dc8-e308-43ba-9197-7ff5971708f7,2024/10/05 10:09 AM,2024-10-05,2024-10-05 19:09:00 +0200,Pacific Time (US & Canada),3407564,ken_mateik,Ken Mateik,2024-10-24 06:50:56 +0200,2025-04-07 09:41:29 +0200,research,CC-BY-NC,https://www.inaturalist.org/observations/248843695,https://inaturalist-open-data.s3.amazonaws.com/photos/444718867/medium.jpeg,,Photo,"Looks like the group of Wild Pigs seen in Observation #248347986   have returned and torn up 
the ground while foraging. Might have to cull a few more. Private Property - No Public Access. ",1,0,false,,"California, US",38.6861547984,-122.3335249403,15,,,,28210,obscured,open,true,,,Wild Boar,Sus scrofa,Wild Boar,Mammalia,42134
248895694,7e6e0ee5-ef69-4371-96e0-fa8a64d6cac5,2024-10-24 10:49:20-05:00,2024-10-24,2024-10-24 17:49:20 +0200,Central Time (US & Canada),2136160,jpwb2023,,2024-10-24 17:51:38 +0200,2025-04-07 10:48:24 +0200,research,,https://www.inaturalist.org/observations/248895694,https://inaturalist-open-data.s3.amazonaws.com/photos/444818949/medium.jpeg,,"","",1,0,false,3,"SH-17, Balmorhea, TX, US",30.9782428346,-103.7568766273,4,,,,4,,open,false,,,Eurasian Wild Pig,Sus scrofa,Wild Boar,Mammalia,42134
249037142,94b70232-4ffc-405a-95c1-048cb3fa3cae,2024-10-25 08:48:25,2024-10-25,2024-10-25 15:48:25 +0200,Central Time (US & Canada),3420025,cpersia,Kay Persia,2024-10-25 18:10:49 +0200,2025-01-24 02:57:18 +0100,research,CC-BY-NC,https://www.inaturalist.org/observations/249037142,https://inaturalist-open-data.s3.amazonaws.com/photos/445096759/medium.jpeg,,"",,3,0,false,2,"Mansfield, LA 71052, USA",32.128170395,-93.4697528556,180,,,,180,,open,false,gps,gps,Eurasian Wild Pig,Sus scrofa,Wild Boar,Mammalia,42134
249089564,45b33668-ddc2-473e-9c07-a1146d532344,2024-10-17 22:54:00-05:00,2024-10-17,2024-10-18 05:54:00 +0200,Central Time (US & Canada),540918,sandyleau,Sandy Underwood,2024-10-26 01:48:25 +0200,2025-04-07 15:19:23 +0200,research,CC-BY-NC-ND,https://www.inaturalist.org/observations/249089564,https://inaturalist-open-data.s3.amazonaws.com/photos/445203345/medium.jpeg,,"","",1,0,false,3,"Wichita Falls, TX, US",33.8565277225,-98.4781989693,61,,,,61,,open,false,,,Eurasian Wild Pig,Sus scrofa,Wild Boar,Mammalia,42134
249089754,c8f113b0-b0c1-4dc9-beae-3d7d793dcd6f,2024-10-18 01:28:00-05:00,2024-10-18,2024-10-18 08:28:00 +0200,Central Time (US & Canada),540918,sandyleau,Sandy Underwood,2024-10-26 01:50:49 +0200,2025-04-07 15:19:34 +0200,research,CC-BY-NC-ND,https://www.inaturalist.org/observations/249089754,https://inaturalist-open-data.s3.amazonaws.com/photos/445203774/medium.jpeg,,"","",1,0,false,3,"Wichita Falls, TX, US",33.8565723986,-98.4781622903,66,,,,66,,open,false,,,Eurasian Wild Pig,Sus scrofa,Wild Boar,Mammalia,42134
249089916,fdfcbcf6-9c43-4426-9b5d-a8bcac4e9661,2024-10-19 22:30:00-05:00,2024-10-19,2024-10-20 05:30:00 +0200,Central Time (US & Canada),540918,sandyleau,Sandy Underwood,2024-10-26 01:52:31 +0200,2025-04-07 15:19:42 +0200,research,CC-BY-NC-ND,https://www.inaturalist.org/observations/249089916,https://inaturalist-open-data.s3.amazonaws.com/photos/445204034/medium.jpeg,,"","",1,0,false,3,"Wichita Falls, TX, US",33.8565411829,-98.4782049347,70,,,,70,,open,false,,,Eurasian Wild Pig,Sus scrofa,Wild Boar,Mammalia,42134
249090101,2996ce90-9664-4830-ac84-c83a83d33a7f,2024-10-21 12:35:45-05:00,2024-10-21,2024-10-21 19:35:45 +0200,Central Time (US & Canada),540918,sandyleau,Sandy Underwood,2024-10-26 01:55:01 +0200,2025-04-07 15:19:53 +0200,research,CC-BY-NC-ND,https://www.inaturalist.org/observations/249090101,https://inaturalist-open-data.s3.amazonaws.com/photos/445204440/medium.jpeg,,"","",1,0,false,3,"Wichita Falls, TX, US",33.8565475552,-98.4782014182,55,,,,55,,open,false,,,Eurasian Wild Pig,Sus scrofa,Wild Boar,Mammalia,42134
249090134,b3276072-fdaf-4e95-a772-7572f8b4d805,2024-10-22 19:35:00-05:00,2024-10-22,2024-10-23 02:35:00 +0200,Central Time (US & Canada),540918,sandyleau,Sandy Underwood,2024-10-26 01:55:31 +0200,2025-04-07 15:23:02 +0200,research,CC-BY-NC-ND,https://www.inaturalist.org/observations/249090134,https://inaturalist-open-data.s3.amazonaws.com/photos/445204489/medium.jpeg,,"","",1,0,false,3,"Wichita Falls, TX, US",33.8564693288,-98.4782141173,61,,,,61,,open,false,,,Eurasian Wild Pig,Sus scrofa,Wild Boar,Mammalia,42134
249090189,bd8be3bf-e143-4ca2-8b19-613b1d98ce58,2024-10-24 23:38:00-05:00,2024-10-24,2024-10-25 06:38:00 +0200,Central Time (US & Canada),540918,sandyleau,Sandy Underwood,2024-10-26 01:56:05 +0200,2025-04-07 15:23:06 +0200,research,CC-BY-NC-ND,https://www.inaturalist.org/observations/249090189,https://inaturalist-open-data.s3.amazonaws.com/photos/445204583/medium.jpeg,,"","",1,0,false,3,"Wichita Falls, TX, US",33.8565260107,-98.4782055295,56,,,,56,,open,false,,,Eurasian Wild Pig,Sus scrofa,Wild Boar,Mammalia,42134
249098111,a76ae253-f36f-4483-94f7-0d9fb8aaa7cc,2024-10-25 18:37:06-04:00,2024-10-25,2024-10-26 00:37:06 +0200,Eastern Time (US & Canada),1331555,virginialouise,Virginia Hamilton,2024-10-26 03:15:47 +0200,2025-04-07 15:37:25 +0200,research,CC-BY-NC,https://www.inaturalist.org/observations/249098111,https://inaturalist-open-data.s3.amazonaws.com/photos/445220421/medium.jpeg,,"","",1,0,false,3,"North Carolina, US",35.5243735493,-82.2964901848,158,,,,28677,obscured,open,true,,,Eurasian Wild Pig,Sus scrofa,Wild Boar,Mammalia,42134
249195515,1d5a503a-5287-45a6-8770-c5a82e9df1a8,2024/10/21 2:01 AM,2024-10-21,2024-10-21 09:01:00 +0200,Central Time (US & Canada),421178,tcollins,"",2024-10-26 19:48:02 +0200,2024-11-04 18:53:23 +0100,research,CC-BY-NC,https://www.inaturalist.org/observations/249195515,https://inaturalist-open-data.s3.amazonaws.com/photos/445408958/medium.jpeg,,"","",1,0,false,,"Texas, US",29.8597130635,-99.1097526358,7,,,,29433,obscured,open,true,,,Hog,Sus scrofa,Wild Boar,Mammalia,42134
249255010,4003d6d8-e468-4a9f-ac9f-18af681466c8,2024-10-26 16:36:08-07:00,2024-10-26,2024-10-27 01:36:08 +0200,Pacific Time (US & Canada),1405780,heyfrench,,2024-10-27 02:44:12 +0100,2025-05-01 01:18:59 +0200,research,,https://www.inaturalist.org/observations/249255010,https://static.inaturalist.org/photos/445529158/medium.jpeg,,"","",1,0,false,3,"California, US",37.9344360815,-121.9349222213,9,,,,28329,obscured,open,true,,,Eurasian Wild Pig,Sus scrofa,Wild Boar,Mammalia,42134
249259928,5cc7bf60-e951-4ec0-ae0e-f35047121da8,2024-10-26 11:20:10-07:00,2024-10-26,2024-10-26 20:20:10 +0200,Pacific Time (US & Canada),1827834,efrenibarreta,Efren Ibarreta,2024-10-27 03:31:06 +0100,2025-04-07 22:53:00 +0200,research,,https://www.inaturalist.org/observations/249259928,https://static.inaturalist.org/photos/445539738/medium.jpeg,,"","",1,0,false,3,"Coyote, San Jose, CA, US",37.207405,-121.751205,8,,,,8,,open,false,,,Eurasian Wild Pig,Sus scrofa,Wild Boar,Mammalia,42134
249389160,04cf239f-f735-414d-8759-09d6743db1fe,2024/10/26 11:46 AM,2024-10-26,2024-10-26 18:46:00 +0200,Central Time (US & Canada),1576433,mary4mac,Mary,2024-10-27 21:28:25 +0100,2024-10-28 03:58:52 +0100,research,CC-BY-NC,https://www.inaturalist.org/observations/249389160,https://inaturalist-open-data.s3.amazonaws.com/photos/445793940/medium.jpg,,"",Taken on the willow trail. I saw the face but wasn't fast enough to get photo of whole pig.,1,0,false,,"Chambers County, TX, USA",29.6576206,-94.5466046,199,,,,199,,open,false,,,Eurasian Wild Pig,Sus scrofa,Wild Boar,Mammalia,42134
249399597,7f7c5b34-7b06-441d-972d-0ae2857be887,2024/10/24 8:32 AM,2024-10-24,2024-10-24 15:32:00 +0200,Central Time (US & Canada),91751,czktex,John Maresh,2024-10-27 22:34:11 +0100,2025-04-08 03:08:19 +0200,research,CC-BY-NC,https://www.inaturalist.org/observations/249399597,https://inaturalist-open-data.s3.amazonaws.com/photos/445814685/medium.jpeg,,"","Nacogdoches Co., SH 103; DOR",1,0,false,,"Nacogdoches County, TX, USA",31.3757444167,-94.4052916111,,,,,,,open,false,,,Eurasian Wild Pig,Sus scrofa,Wild Boar,Mammalia,42134
249404185,a28832ce-6cd9-483f-9779-84c307c43458,2024-10-27 13:04:43-05:00,2024-10-27,2024-10-27 19:04:43 +0100,Central Time (US & Canada),2703723,danthenoviceobserver,Daniel Lemons,2024-10-27 23:05:35 +0100,2025-04-08 03:18:56 +0200,research,CC-BY-NC,https://www.inaturalist.org/observations/249404185,https://inaturalist-open-data.s3.amazonaws.com/photos/445824134/medium.jpeg,,"",No living ,1,0,false,3,"E Lone Oak Rd, Valley View, TX, US",33.4384166667,-97.1243971667,4,,,,4,,open,false,,,Eurasian Wild Pig,Sus scrofa,Wild Boar,Mammalia,42134
249407436,15a0ba91-3960-44c1-a7ab-dbbcf073a9ec,2024-10-27 18:13:05-04:00,2024-10-27,2024-10-27 23:13:05 +0100,Eastern Time (US & Canada),5505439,aranamor,aranamor,2024-10-27 23:26:47 +0100,2025-09-30 13:14:40 +0200,research,CC-BY-NC,https://www.inaturalist.org/observations/249407436,https://inaturalist-open-data.s3.amazonaws.com/photos/445830963/medium.jpeg,,"","",2,0,false,3,"Sweet Hill Rd, Richmond Hill, GA, US",31.8374966667,-81.2540883333,4,,,,4,,open,false,,,Eurasian Wild Pig,Sus scrofa,Wild Boar,Mammalia,42134
249419956,ed543682-f242-4209-a875-d1dcbb1ef498,2024-10-25 18:56:42,2024-10-25,2024-10-26 03:56:42 +0200,Pacific Time (US & Canada),1426876,shehyphae,lynn,2024-10-28 00:56:48 +0100,2025-03-26 10:33:45 +0100,research,,https://www.inaturalist.org/observations/249419956,https://static.inaturalist.org/photos/445856286/medium.jpeg,,"",,1,0,false,2,"Mt Hamilton, CA 95140, USA",37.3371805556,-121.7172305556,,,,,,,open,false,gps,gps,Eurasian Wild Pig,Sus scrofa,Wild Boar,Mammalia,42134
249432328,00c83d44-ee9b-4e46-b3c5-ec4fd4b14e32,2024-10-27 20:31:50-05:00,2024-10-27,2024-10-28 02:31:50 +0100,Central Time (US & Canada),8723192,hunterkight,,2024-10-28 02:37:09 +0100,2024-10-28 06:16:36 +0100,research,CC-BY-NC,https://www.inaturalist.org/observations/249432328,https://inaturalist-open-data.s3.amazonaws.com/photos/445881521/medium.jpeg,,"","",1,0,false,3,"Gatesville, TX, US",31.4808991904,-97.7620660514,38170,,,,38170,,open,false,,,Eurasian Wild Pig,Sus scrofa,Wild Boar,Mammalia,42134
249433703,19f7e759-2db1-4540-a046-b31fd31eca2a,2024/10/26 10:39 AM,2024-10-26,2024-10-26 17:39:00 +0200,Central Time (US & Canada),9531,kucycads,Kenneth Bader,2024-10-28 02:49:34 +0100,2025-05-23 10:57:59 +0200,research,CC-BY-NC,https://www.inaturalist.org/observations/249433703,https://inaturalist-open-data.s3.amazonaws.com/photos/445881876/medium.jpeg,,"",,2,0,false,,"South Side, San Antonio, TX, USA",29.2951054929,-98.4961721417,31,,,,31,,open,false,,,Domestic Pig,Sus scrofa domesticus,Domestic Pig,Mammalia,324492
249491025,7907cf28-7813-42fc-ab96-11632d725e6a,2024-10-27 16:05:00-04:00,2024-10-27,2024-10-27 21:05:00 +0100,Eastern Time (US & Canada),7760171,malanature,,2024-10-28 14:11:04 +0100,2025-01-05 19:46:33 +0100,research,CC-BY-NC,https://www.inaturalist.org/observations/249491025,https://inaturalist-open-data.s3.amazonaws.com/photos/445998857/medium.jpeg,,"",Hurricane Refugees from Environmentally Endangered Land across the street,1,0,false,3,"Hall Rd, Malabar, FL, US",27.990245,-80.573595,21,,,,21,,open,false,,,Eurasian Wild Pig,Sus scrofa,Wild Boar,Mammalia,42134
249528091,45bba891-f4b8-4eb1-997f-cb60bf8b96bd,2024/10/27 5:08 PM,2024-10-27,2024-10-27 22:08:00 +0100,Eastern Time (US & Canada),5690872,zlang8,Zachary Lang,2024-10-28 19:27:48 +0100,2025-04-08 06:32:14 +0200,research,CC-BY-NC,https://www.inaturalist.org/observations/249528091,https://inaturalist-open-data.s3.amazonaws.com/photos/446069028/medium.jpeg,,"",,1,0,false,,"Rural Estates, FL, USA",26.3079835329,-81.6293632074,22,,,,22,,open,false,,,Eurasian Wild Pig,Sus scrofa,Wild Boar,Mammalia,42134
249531823,d34e11ad-b540-417e-a27b-b745fcd3fb1e,2024/10/26 4:08 PM,2024-10-26,2024-10-26 23:08:00 +0200,Central Time (US & Canada),363321,pufferchung,Michelle W. （鍾偉瑋）,2024-10-28 19:54:31 +0100,2024-11-20 21:10:57 +0100,research,CC-BY,https://www.inaturalist.org/observations/249531823,https://inaturalist-open-data.s3.amazonaws.com/photos/446069609/medium.jpeg,,"",,1,0,false,,"Menard County, TX, USA",30.8424033333,-100.068475,,,,,,,open,false,,,Eurasian Wild Pig,Sus scrofa,Wild Boar,Mammalia,42134
249534735,7108e3a5-6569-41de-952f-6f9de16c8c0c,2024-10-26 19:52:36-05:00,2024-10-26,2024-10-27 02:52:36 +0200,Central Time (US & Canada),2507897,cactuscreekranch,,2024-10-28 20:18:00 +0100,2025-05-25 13:00:20 +0200,research,CC-BY-NC,https://www.inaturalist.org/observations/249534735,https://inaturalist-open-data.s3.amazonaws.com/photos/446083621/medium.jpeg,,"","",2,0,false,3,"Laguna Atascosa National Wildlife Refuge, Rio Hondo, TX, US",26.2196866667,-97.4265133333,5,,,,5,,open,false,,,Eurasian Wild Pig,Sus scrofa,Wild Boar,Mammalia,42134
249620272,239df958-6542-481a-b71a-736493a70ca0,2024-10-29 08:08:37-04:00,2024-10-29,2024-10-29 13:08:37 +0100,Eastern Time (US & Canada),2733548,kguin,Karen Guin,2024-10-29 13:15:22 +0100,2025-04-08 08:48:58 +0200,research,CC-BY,https://www.inaturalist.org/observations/249620272,https://inaturalist-open-data.s3.amazonaws.com/photos/446257581/medium.jpeg,,"",In my backyard; has a bum rear right leg,1,0,false,3,"Florida, US",28.7428873661,-81.0589546492,14,,,,29582,obscured,open,true,,,Sus scrofa,Sus scrofa,Wild Boar,Mammalia,42134
249678291,e3ddcf19-20bf-4835-aed0-bc6f46d90d2a,2024-10-29 06:52:00-05:00,2024-10-29,2024-10-29 12:52:00 +0100,Central Time (US & Canada),32993,c_h_hemphill,CH Hemphill,2024-10-29 21:57:43 +0100,2024-11-06 19:54:19 +0100,research,CC-BY-NC,https://www.inaturalist.org/observations/249678291,https://inaturalist-open-data.s3.amazonaws.com/photos/446369367/medium.jpeg,,"","",3,0,false,3,"Texas, US",31.7259577145,-99.528175738,152,,,,29199,obscured,open,true,,,Hog,Sus scrofa,Wild Boar,Mammalia,42134
249710761,30a52552-3844-4568-b8e3-572ddbd4c75b,2024-10-29 17:56:18-05:00,2024-10-29,2024-10-29 23:56:18 +0100,Central Time (US & Canada),5322651,joshuavbailey,,2024-10-30 03:31:42 +0100,2025-04-08 10:59:33 +0200,research,CC-BY-NC,https://www.inaturalist.org/observations/249710761,https://inaturalist-open-data.s3.amazonaws.com/photos/446439236/medium.jpeg,,"","",1,0,false,3,"SR-26, Hatchechubbee, AL, US",32.2585666667,-85.3478466667,4,,,,4,,open,false,,,Eurasian Wild Pig,Sus scrofa,Wild Boar,Mammalia,42134
249805586,9a7da9bf-fafe-48c8-86ce-2401179c347c,2024-10-30 16:04:16,2024-10-30,2024-10-30 22:04:16 +0100,Central Time (US & Canada),6851257,sean1265,Sean Rooney,2024-10-30 22:09:07 +0100,2024-10-31 17:11:26 +0100,research,,https://www.inaturalist.org/observations/249805586,https://static.inaturalist.org/photos/446631079/medium.jpeg,,"",,1,0,false,2,"Slidell, LA 70461, USA",30.24155704,-89.67733344,7,,,,7,,open,false,,,Eurasian Wild Pig,Sus scrofa,Wild Boar,Mammalia,42134
250003051,107bb821-af11-4c12-8ba8-6cbedd6bbe80,2024-10-31 10:03:51,2024-10-31,2024-10-31 16:03:51 +0100,Central Time (US & Canada),525351,akbirder,Aaron Kreisberg,2024-11-01 14:43:58 +0100,2025-04-08 21:09:53 +0200,research,CC-BY,https://www.inaturalist.org/observations/250003051,https://inaturalist-open-data.s3.amazonaws.com/photos/447019480/medium.jpeg,,"",,1,0,false,2,"Laplace, LA 70068, USA",30.0930083333,-90.4334944444,,,,,,,open,false,gps,gps,Hog,Sus scrofa,Wild Boar,Mammalia,42134
250027144,741746c3-7d68-4224-8877-20eb07b9524e,2024/04/17 1:04 AM,2024-04-17,2024-04-17 10:04:00 +0200,Pacific Time (US & Canada),1431820,dyecreekscott,Scott Hardage,2024-11-01 18:30:30 +0100,2025-04-08 22:20:51 +0200,research,CC-BY-NC,https://www.inaturalist.org/observations/250027144,https://inaturalist-open-data.s3.amazonaws.com/photos/447065577/medium.jpeg,,"",,1,0,false,,W6,40.1372255644,-122.0097946013,71,,,,71,,open,false,,,Hog,Sus scrofa,Wild Boar,Mammalia,42134
250032371,838dc093-4182-4762-80f3-525f4e490fd4,2024/10/22 3:18 PM,2024-10-22,2024-10-22 22:18:00 +0200,Central Time (US & Canada),13104,txherpbird,Craig McIntyre,2024-11-01 19:14:49 +0100,2024-11-11 05:46:28 +0100,research,CC-BY-NC,https://www.inaturalist.org/observations/250032371,https://inaturalist-open-data.s3.amazonaws.com/photos/447074576/medium.jpeg,,"",,1,0,false,,"Calhoun County, TX, USA",28.2557390727,-96.7958051032,15,,,,15,,open,false,,,Hog,Sus scrofa,Wild Boar,Mammalia,42134
250084576,556a2fcf-4c98-4895-ad53-3941cc371fa8,2024-11-01 17:34:32-04:00,2024-11-01,2024-11-01 22:34:32 +0100,Eastern Time (US & Canada),764155,whatch11,Wes Hatch,2024-11-02 03:16:04 +0100,2025-04-09 00:31:30 +0200,research,,https://www.inaturalist.org/observations/250084576,https://static.inaturalist.org/photos/448220215/medium.jpeg,,"","",1,0,false,3,"Deer Creek Rd, Ellaville, GA, US",32.2890879633,-84.2756884453,4,,,,4,,open,false,,,Hog,Sus scrofa,Wild Boar,Mammalia,42134
250126094,9d658db4-658e-4af1-8f44-4745ad91ac49,2024/10/11 10:35 PM,2024-10-11,2024-10-12 05:35:00 +0200,Central Time (US & Canada),2352885,davidjcook,David Cook,2024-11-02 12:49:30 +0100,2025-04-09 01:46:45 +0200,research,CC-BY-NC,https://www.inaturalist.org/observations/250126094,https://inaturalist-open-data.s3.amazonaws.com/photos/447266850/medium.jpeg,,"",P00[0:2] TT[144] E[107:0681]G[120:0x25] BV[45:-1] IR[L:L:25] MOE[0:3] AL:[0:0,1,0,false,,"Jollyville, Austin, TX, USA",30.385212369,-97.7707264777,49,,,,49,,open,false,,,Hog,Sus scrofa,Wild Boar,Mammalia,42134
250175854,1a8fa3a3-9bd8-4e57-bca4-8ffade1b7fbb,2024/11/02 9:26 AM,2024-11-02,2024-11-02 15:26:00 +0100,Central Time (US & Canada),72880,charley,"",2024-11-02 19:46:36 +0100,2025-04-09 03:09:37 +0200,research,CC-BY-NC,https://www.inaturalist.org/observations/250175854,https://inaturalist-open-data.s3.amazonaws.com/photos/447363945/medium.jpeg,,"","",1,0,false,,"Fort Worth, TX, USA",32.7851611527,-97.1172812215,61,,,,61,,open,false,,,Hog,Sus scrofa,Wild Boar,Mammalia,42134
250218469,bfe54100-3d47-43bd-b39d-80c60e59241a,2024-11-02 15:18:24-05:00,2024-11-02,2024-11-02 21:18:24 +0100,Central Time (US & Canada),1081562,shanlogg,Shannon,2024-11-03 01:08:48 +0100,2025-05-21 07:02:12 +0200,research,,https://www.inaturalist.org/observations/250218469,https://static.inaturalist.org/photos/447453597/medium.jpeg,,"","",1,0,false,3,"County Road 2440, Hico, TX, US",32.0148682133,-97.9368138749,651,,,,651,,open,false,,,Hog,Sus scrofa,Wild Boar,Mammalia,42134
250226364,ca8d642a-6392-4128-95c0-62787eddb049,2024-11-01 12:28:50-07:00,2024-11-01,2024-11-01 20:28:50 +0100,Pacific Time (US & Canada),497289,natleecrockett,,2024-11-03 02:24:24 +0100,2025-04-09 04:42:10 +0200,research,CC-BY-NC,https://www.inaturalist.org/observations/250226364,https://inaturalist-open-data.s3.amazonaws.com/photos/447469753/medium.jpeg,,"","",1,0,false,3,"Castro Valley, CA, US",37.6566383333,-121.9619366667,98,,,,98,,open,false,,,Hog,Sus scrofa,Wild Boar,Mammalia,42134
250336684,175d9119-2560-4247-a2ec-a63906ac9187,2024-11-03 10:25:32-06:00,2024-11-03,2024-11-03 17:25:32 +0100,Central Time (US & Canada),5648621,enicospilus,Moony,2024-11-03 20:55:02 +0100,2025-04-09 07:50:05 +0200,research,CC-BY-NC,https://www.inaturalist.org/observations/250336684,https://inaturalist-open-data.s3.amazonaws.com/photos/447693581/medium.jpeg,,"","",1,0,false,3,"US-90, Slidell, LA, US",30.2314251371,-89.6699077443,209,,,,209,,open,false,,,Hog,Sus scrofa,Wild Boar,Mammalia,42134
250375959,a5e3dfda-d998-4533-a354-232e6f288bb9,2024-11-03 16:50:17-05:00,2024-11-03,2024-11-03 22:50:17 +0100,Eastern Time (US & Canada),8167319,laurenlo,,2024-11-04 01:57:45 +0100,2025-04-09 08:55:25 +0200,research,CC-BY-NC,https://www.inaturalist.org/observations/250375959,https://inaturalist-open-data.s3.amazonaws.com/photos/447773072/medium.jpeg,,"","",1,0,false,3,"Cabbage Island, Lake Placid, FL, US",27.1465333333,-81.203125,4,,,,4,,open,false,,,Eurasian Wild Pig,Sus scrofa,Wild Boar,Mammalia,42134
250438431,0d29f0af-0b38-49f2-8ea8-b192e253742d,2024-11-04 08:53:04-05:00,2024-11-04,2024-11-04 14:53:04 +0100,Eastern Time (US & Canada),1668849,ncanino_1932,Nicholas Canino,2024-11-04 14:54:48 +0100,2025-04-09 10:29:57 +0200,research,CC-BY-NC,https://www.inaturalist.org/observations/250438431,https://inaturalist-open-data.s3.amazonaws.com/photos/447942305/medium.jpeg,,"",Hog carcasses nearby. Maybe where trappers drop their kills ,1,0,false,3,"Florida, US",29.4010454151,-82.3712154291,3,,,,29483,obscured,open,true,,,Hog,Sus scrofa,Wild Boar,Mammalia,42134
250529025,09fdbe15-34ba-4607-b902-755c60e9813f,2024-11-03 17:04:00-06:00,2024-11-03,2024-11-04 00:04:00 +0100,Central Time (US & Canada),8646279,brennan_cieslar,Brennan Cieslar,2024-11-05 06:41:08 +0100,2024-11-05 19:05:35 +0100,research,,https://www.inaturalist.org/observations/250529025,https://static.inaturalist.org/photos/448083929/medium.jpeg,,"","",1,0,false,3,"Shepard Ln, Loving, TX, US",33.2526916667,-98.4573916667,1,,,,1,,open,false,,,Eurasian Wild Pig,Sus scrofa,Wild Boar,Mammalia,42134
250537665,c0feba75-03fb-4b19-ba66-b09f8a830a9b,2024-11-04,2024-11-04,,Pacific Time (US & Canada),1477370,kdff,Karlyn H. Lewis,2024-11-05 09:24:48 +0100,2025-04-09 13:17:26 +0200,research,CC-BY-NC,https://www.inaturalist.org/observations/250537665,https://inaturalist-open-data.s3.amazonaws.com/photos/448102256/medium.jpg,,"","",1,0,false,,"Rush Ranch Open Space, Solano County, California",38.206989,-122.029873,35,,,,35,,open,false,,,Hog,Sus scrofa,Wild Boar,Mammalia,42134
250606137,0d4429a4-b27d-481e-9d52-fc2192bed24b,2024/11/05 8:20 AM,2024-11-05,2024-11-05 15:20:00 +0100,Central Time (US & Canada),4504258,dontfencemein,,2024-11-05 21:58:58 +0100,2025-04-09 15:10:42 +0200,research,CC-BY-NC,https://www.inaturalist.org/observations/250606137,https://inaturalist-open-data.s3.amazonaws.com/photos/448234913/medium.jpg,,"",Group of 6 were rooting around in the reed marsh at dawn.,1,0,false,,Terra Oak Trailhead,29.5003333828,-98.6959213513,880,,,,880,,open,false,,,Hog,Sus scrofa,Wild Boar,Mammalia,42134
250614982,426be1e2-e509-4972-bbde-628baf0ed7f1,2024-11-05 16:21:07-06:00,2024-11-05,2024-11-05 23:21:07 +0100,Central Time (US & Canada),2546960,davidw5,David W,2024-11-05 23:23:06 +0100,2025-01-21 03:52:47 +0100,research,,https://www.inaturalist.org/observations/250614982,https://static.inaturalist.org/photos/448252945/medium.jpeg,,"","",1,0,false,3,"San Jacinto Battleground State Historic Site, La Porte, TX, US",29.7459473349,-95.082182598,4,,,,4,,open,false,,,Wild Boar,Sus scrofa,Wild Boar,Mammalia,42134
250766381,308b63ae-113d-4bba-915c-e9606f3522bf,2024-10-30 18:48:00-07:00,2024-10-30,2024-10-31 02:48:00 +0100,Pacific Time (US & Canada),8500435,stevenlinbiol211l,,2024-11-07 08:34:38 +0100,2024-12-18 06:31:11 +0100,research,CC-BY-NC,https://www.inaturalist.org/observations/250766381,https://inaturalist-open-data.s3.amazonaws.com/photos/448562438/medium.jpeg,,"",I believe it is a wild pig due to its tusks and it being rampant in the area,2,0,false,3,"McKean Rd, San Jose, CA, US",37.1626171001,-121.7501873061,1820,,,,1820,,open,false,,,Eurasian Wild Pig,Sus scrofa,Wild Boar,Mammalia,42134
250795302,272ed408-8a67-4de7-8178-d9132f738cb8,2024-11-05 10:47:40-05:00,2024-11-05,2024-11-05 16:47:40 +0100,Eastern Time (US & Canada),7034469,lil_lisafl,Lisa Senters,2024-11-07 15:59:22 +0100,2024-11-08 18:22:56 +0100,research,CC0,https://www.inaturalist.org/observations/250795302,https://inaturalist-open-data.s3.amazonaws.com/photos/448619594/medium.jpeg,,"","",1,0,false,3,"S Orange Ave, Green Cove Springs, FL, US",29.9800966667,-81.675125,4,,,,4,,open,false,,,Hog,Sus scrofa,Wild Boar,Mammalia,42134
250805085,f46d0b92-4c05-46a7-bcc1-0d725b160324,2024-11-02 13:35:00-05:00,2024-11-02,2024-11-02 19:35:00 +0100,Central Time (US & Canada),8753122,jacksonb03,,2024-11-07 17:45:09 +0100,2025-05-21 07:02:07 +0200,research,CC-BY-NC,https://www.inaturalist.org/observations/250805085,https://inaturalist-open-data.s3.amazonaws.com/photos/448637576/medium.jpeg,,"","",1,0,false,3,"Ouachita National Forest, Broken Bow, OK, US",34.1623432092,-94.7421614133,422,,,,422,,open,false,,,Eurasian Wild Pig,Sus scrofa,Wild Boar,Mammalia,42134
250823167,aeca0188-ad5c-40b8-a080-b3e62ca0df61,2024/08/22 10:29 AM,2024-08-22,2024-08-22 17:29:00 +0200,Central Time (US & Canada),3252226,kowalske-ecology,Nick Kowalske,2024-11-07 20:43:04 +0100,2025-04-11 00:21:55 +0200,research,CC-BY-NC,https://www.inaturalist.org/observations/250823167,https://inaturalist-open-data.s3.amazonaws.com/photos/448672037/medium.jpeg,,"",,1,0,false,,"Kaufman County, TX, USA",32.6101384131,-96.5017807432,419,,,,419,,open,false,,,Eurasian Wild Pig,Sus scrofa,Wild Boar,Mammalia,42134
250826001,6f120d13-ee76-48ff-9bb5-1e423e74bab6,2024-11-07 14:05:55-06:00,2024-11-07,2024-11-07 21:05:55 +0100,Central Time (US & Canada),8470198,tatman1313,,2024-11-07 21:07:12 +0100,2024-11-21 07:17:45 +0100,research,CC-BY-NC,https://www.inaturalist.org/observations/250826001,https://inaturalist-open-data.s3.amazonaws.com/photos/448677953/medium.jpeg,,"","",1,0,false,3,"FM-696, Elgin, TX, US",30.3483122729,-97.276086927,23,,,,23,,open,false,,,Eurasian Wild Pig,Sus scrofa,Wild Boar,Mammalia,42134
250835238,4fb125dc-ed0b-40fe-874b-686c657b0aff,2024/11/07 10:05 AM,2024-11-07,2024-11-07 17:05:00 +0100,Central Time (US & Canada),2614858,brookso,Brooks Oakley,2024-11-07 22:29:12 +0100,2024-11-21 07:17:43 +0100,research,CC-BY-NC,https://www.inaturalist.org/observations/250835238,https://inaturalist-open-data.s3.amazonaws.com/photos/448694627/medium.jpg,,"",,1,0,false,,"Arlington, TX 76006, USA",32.7828007,-97.1266937,196,,,,196,,open,false,,,Eurasian Wild Pig,Sus scrofa,Wild Boar,Mammalia,42134
250837057,b9ecfb78-79ca-4f30-ba63-b384deda338c,Thu Nov 07 2024 15:47:14 GMT-0600 (CST),2024-11-07,2024-11-07 22:47:14 +0100,Central Time (US & Canada),1132847,northcut1,Northcut,2024-11-07 22:47:45 +0100,2024-11-21 07:17:42 +0100,research,CC-BY,https://www.inaturalist.org/observations/250837057,https://inaturalist-open-data.s3.amazonaws.com/photos/448698717/medium.jpeg,,"",,2,0,false,3,"Emory, TX, US",32.8539813733,-95.8093127209,95,,,,95,,open,false,,,Eurasian Wild Pig,Sus scrofa,Wild Boar,Mammalia,42134
250845791,882e907a-0b72-4e8e-90e6-0cca612f343e,2024-11-01 03:25:00-05:00,2024-11-01,2024-11-01 09:25:00 +0100,Central Time (US & Canada),540918,sandyleau,Sandy Underwood,2024-11-08 00:16:28 +0100,2024-11-17 18:44:21 +0100,research,CC-BY-NC-ND,https://www.inaturalist.org/observations/250845791,https://inaturalist-open-data.s3.amazonaws.com/photos/448716056/medium.jpeg,,"","",1,0,false,3,"Wichita Falls, TX, US",33.8562138112,-98.4755214012,372,,,,372,,open,false,,,Hog,Sus scrofa,Wild Boar,Mammalia,42134
250845929,365b13ff-59ea-43aa-88b9-99782a948506,2024-11-04 01:48:00-06:00,2024-11-04,2024-11-04 08:48:00 +0100,Central Time (US & Canada),540918,sandyleau,Sandy Underwood,2024-11-08 00:17:41 +0100,2025-04-11 00:54:20 +0200,research,CC-BY-NC-ND,https://www.inaturalist.org/observations/250845929,https://inaturalist-open-data.s3.amazonaws.com/photos/448716299/medium.jpeg,,"","",1,0,false,3,"Wichita Falls, TX, US",33.8559110765,-98.4756462457,372,,,,372,,open,false,,,Hog,Sus scrofa,Wild Boar,Mammalia,42134
250845979,24c33ada-e451-493c-bddb-3802b798ad23,2024-11-05 04:14:00-06:00,2024-11-05,2024-11-05 11:14:00 +0100,Central Time (US & Canada),540918,sandyleau,Sandy Underwood,2024-11-08 00:18:14 +0100,2025-04-11 00:54:22 +0200,research,CC-BY-NC-ND,https://www.inaturalist.org/observations/250845979,https://inaturalist-open-data.s3.amazonaws.com/photos/448716457/medium.jpeg,,"","",1,0,false,3,"Wichita Falls, TX, US",33.8558555432,-98.4756702807,372,,,,372,,open,false,,,Hog,Sus scrofa,Wild Boar,Mammalia,42134
250945174,b953890c-8026-421c-8e4d-13d303e09d24,2024-11-07 10:10:31-05:00,2024-11-07,2024-11-07 16:10:31 +0100,Eastern Time (US & Canada),1034608,saradrake,,2024-11-08 21:19:50 +0100,2025-04-30 23:07:37 +0200,research,,https://www.inaturalist.org/observations/250945174,https://static.inaturalist.org/photos/448978078/medium.jpeg,,"","",1,0,false,3,"Florida, US",27.6302062868,-81.0026222183,3,,,,29704,obscured,open,true,,,Wild Boar,Sus scrofa,Wild Boar,Mammalia,42134
250960836,64a6e122-2dae-44d1-886c-89b4e7d61814,2024/11/07 10:35 PM,2024-11-07,2024-11-08 05:35:00 +0100,Central Time (US & Canada),5795114,sswegwu,Sylvia W,2024-11-08 23:56:35 +0100,2025-05-26 19:15:31 +0200,research,CC-BY-NC-ND,https://www.inaturalist.org/observations/250960836,https://inaturalist-open-data.s3.amazonaws.com/photos/448944028/medium.jpeg,,"",,1,0,false,,"Cullinan Park, 12414 Hwy 6, Sugar Land, TX 77498, USA",29.6351668,-95.6605289,195,,,,195,,open,false,,,Hog,Sus scrofa,Wild Boar,Mammalia,42134
251023010,80cd6d76-0344-49d4-8c5f-4fd4451cf03f,2024-11-05 07:03:02-05:00,2024-11-05,2024-11-05 13:03:02 +0100,Eastern Time (US & Canada),21860,trryan,TR,2024-11-09 14:00:47 +0100,2025-04-11 05:06:18 +0200,research,CC-BY-NC,https://www.inaturalist.org/observations/251023010,https://inaturalist-open-data.s3.amazonaws.com/photos/449070821/medium.jpeg,,"","",1,0,false,3,"Paynes Prairie Preserve State Park, Micanopy, FL, US",29.5584966667,-82.3217083333,4,,,,4,,open,false,,,Eurasian Wild Pig,Sus scrofa,Wild Boar,Mammalia,42134
251033034,3d5ac81f-fe56-4885-bc90-edb9ab577a58,Sat Nov 09 2024 08:41:05 GMT -0600 (CST),2024-11-09,2024-11-09 15:41:05 +0100,Central Time (US & Canada),7060421,valecicheese,,2024-11-09 15:42:24 +0100,2025-05-23 10:58:39 +0200,research,CC-BY-NC,https://www.inaturalist.org/observations/251033034,https://inaturalist-open-data.s3.amazonaws.com/photos/449091745/medium.jpeg,,"",,2,0,false,333,Wilmer,30.7811470032,-88.3692245483,4,,,,4,,open,false,,,Wild Boar,Sus scrofa,Wild Boar,Mammalia,42134
251043932,b759cf37-0818-4f1c-9b0a-cbf16f96ee7d,2024/11/05 9:00 AM,2024-11-05,2024-11-05 16:00:00 +0100,Central Time (US & Canada),969390,sheilabean,,2024-11-09 17:19:30 +0100,2025-04-11 05:33:46 +0200,research,,https://www.inaturalist.org/observations/251043932,https://static.inaturalist.org/photos/449111050/medium.jpeg,,"",1437,1,0,false,,"Arlington, TX 76006, USA",32.7828007,-97.1266937,196,,,,196,,open,false,,,Hog,Sus scrofa,Wild Boar,Mammalia,42134
251066213,62c55dda-c67a-4a38-b99a-f9612a33cc03,2024/11/09 9:29 AM,2024-11-09,2024-11-09 15:29:00 +0100,Eastern Time (US & Canada),7739167,rscharf,Ryan Scharf,2024-11-09 20:26:49 +0100,2025-04-11 06:02:45 +0200,research,CC-BY-NC,https://www.inaturalist.org/observations/251066213,https://inaturalist-open-data.s3.amazonaws.com/photos/449151661/medium.jpeg,,"",,1,0,false,,"Polk County, FL, USA",27.9676466667,-81.4843383333,,,,,,,open,false,,,Hog,Sus scrofa,Wild Boar,Mammalia,42134
251068098,d3b376b7-624f-43bf-af44-378cde267d02,2024-11-09 13:40:05-06:00,2024-11-09,2024-11-09 20:40:05 +0100,Central Time (US & Canada),5664553,ecologiststeve,Ecologist Steve,2024-11-09 20:41:22 +0100,2025-04-11 06:06:14 +0200,research,CC-BY-NC,https://www.inaturalist.org/observations/251068098,https://inaturalist-open-data.s3.amazonaws.com/photos/449158380/medium.jpeg,,"","",1,0,false,3,"Texas Ave, La Marque, TX, US",29.3766076584,-95.0365769026,4,,,,4,,open,false,,,Hog,Sus scrofa,Wild Boar,Mammalia,42134
251092836,2395eb3a-6a0d-4739-b62b-c50bc3d20819,2024/11/09 8:23 AM,2024-11-09,2024-11-09 15:23:00 +0100,Central Time (US & Canada),131068,mikef451,Mike Farley,2024-11-09 23:58:08 +0100,2024-11-12 04:47:03 +0100,research,CC-BY-NC,https://www.inaturalist.org/observations/251092836,https://inaturalist-open-data.s3.amazonaws.com/photos/449205165/medium.jpeg,,"","Wild Boar roadkill
Hwy 236
Coryell County",1,0,false,,"Coryell County, TX, USA",31.2890209897,-97.5194926806,61,,,,61,,open,false,,,Eurasian Wild Pig,Sus scrofa,Wild Boar,Mammalia,42134
251094657,b6798734-e4b9-4589-89b3-1cf64ed1e6ba,2024-11-09 13:44:49,2024-11-09,2024-11-09 20:44:49 +0100,Central Time (US & Canada),3003602,birdingtexan,Chet Burrier,2024-11-10 00:13:37 +0100,2025-04-11 06:41:56 +0200,research,CC-BY,https://www.inaturalist.org/observations/251094657,https://inaturalist-open-data.s3.amazonaws.com/photos/449211102/medium.jpeg,,"",,1,0,false,843,"Rail Trail, Rockport, TX, US",28.30473,-96.80555,4,,,,4,,open,false,,,Eurasian Wild Pig,Sus scrofa,Wild Boar,Mammalia,42134
251112373,998ee4b5-9913-4207-a47c-911fcb6b6080,2024/11/09 9:52 PM,2024-11-09,2024-11-10 06:52:00 +0100,Pacific Time (US & Canada),526329,su9000,A Humble Thing,2024-11-10 03:11:41 +0100,2025-04-11 07:07:08 +0200,research,CC-BY-NC,https://www.inaturalist.org/observations/251112373,https://inaturalist-open-data.s3.amazonaws.com/photos/449240090/medium.jpeg,,"",,1,0,false,,"Sonoma County, CA, USA",38.3637199049,-122.6014749047,17,,,,17,,open,false,,,Eurasian Wild Pig,Sus scrofa,Wild Boar,Mammalia,42134
251194349,c08d1ede-4d52-416d-885e-2ea1e82fa16f,2024-11-10 09:33:30,2024-11-10,2024-11-10 15:33:30 +0100,Eastern Time (US & Canada),5408708,fungiofflorida,fungiofflorida,2024-11-10 18:21:19 +0100,2024-11-10 21:18:00 +0100,research,,https://www.inaturalist.org/observations/251194349,https://static.inaturalist.org/photos/449412224/medium.jpeg,,"",,1,0,false,2,"Osteen, FL 32764, USA",28.8047007,-81.2121209,,,,,,,open,false,gps,gps,Hog,Sus scrofa,Wild Boar,Mammalia,42134
251194350,fe09c171-51f0-4bcb-9437-734fbf91e133,2024-11-10 11:19:04-06:00,2024-11-10,2024-11-10 18:19:04 +0100,Central Time (US & Canada),6478573,lafonlabs,Ethan Lafon,2024-11-10 18:21:20 +0100,2025-04-11 08:54:12 +0200,research,CC-BY-NC,https://www.inaturalist.org/observations/251194350,https://inaturalist-open-data.s3.amazonaws.com/photos/449743012/medium.jpeg,,"","",1,0,false,3,"Green Valley Dr, Bryan, TX, US",30.6657716667,-96.3174133333,3,,,,3,,open,false,,,Eurasian Wild Pig,Sus scrofa,Wild Boar,Mammalia,42134
251234454,158b779f-4eff-4177-8300-0293921edc2b,2024-03-27 14:47:01,2024-03-27,2024-03-27 20:47:01 +0100,Central Time (US & Canada),8760666,touchgrassnerd,Tym,2024-11-10 23:24:41 +0100,2025-05-23 10:58:44 +0200,research,CC-BY-NC,https://www.inaturalist.org/observations/251234454,https://inaturalist-open-data.s3.amazonaws.com/photos/449492877/medium.jpeg,,"",,3,0,false,2,"San Saba, TX 76877, USA",31.0140416667,-98.4569777778,,,,,,,open,false,gps,gps,Domestic Pig,Sus scrofa domesticus,Domestic Pig,Mammalia,324492
251238946,a4a2ace6-121b-453e-b769-15332222294c,2024-11-10 14:56:04,2024-11-10,2024-11-10 21:56:04 +0100,Central Time (US & Canada),1679872,tayne909,Alex M,2024-11-11 00:00:04 +0100,2024-11-12 21:43:06 +0100,research,CC-BY-NC,https://www.inaturalist.org/observations/251238946,https://inaturalist-open-data.s3.amazonaws.com/photos/449501680/medium.jpeg,,"",,1,0,false,2,"Nemo, TX 76070, USA",32.207987,-97.649994,,,,,,,open,false,gps,gps,Hog,Sus scrofa,Wild Boar,Mammalia,42134
251250169,c4ac453e-aa35-474c-bb2e-8df6b58171b9,2024-11-10 14:57:40,2024-11-10,2024-11-10 21:57:40 +0100,Central Time (US & Canada),1907481,tabbybrobston,Tabby Brobston,2024-11-11 01:41:33 +0100,2025-04-11 10:10:44 +0200,research,CC-BY-NC,https://www.inaturalist.org/observations/251250169,https://inaturalist-open-data.s3.amazonaws.com/photos/449525509/medium.jpeg,,"",,1,0,false,2,"Nemo, TX 76070, USA",32.2080111111,-97.6498416667,,,,,,,open,false,gps,gps,Hog,Sus scrofa,Wild Boar,Mammalia,42134
251276745,84b748aa-16db-4cd2-b7f1-f1e516efe257,2024-11-10 23:16:46-06:00,2024-11-10,2024-11-11 06:16:46 +0100,Central Time (US & Canada),6088173,skyelynn223,,2024-11-11 06:19:55 +0100,2024-12-08 17:16:38 +0100,research,CC-BY-NC,https://www.inaturalist.org/observations/251276745,https://inaturalist-open-data.s3.amazonaws.com/photos/449580256/medium.jpeg,,"","",1,0,false,3,"Eighth St, Natalia, TX, US",29.1901645,-98.853546,1069,,,,1069,,open,false,,,Eurasian Wild Pig,Sus scrofa,Wild Boar,Mammalia,42134
251303933,c470c487-6293-4066-ade2-af967c318a7c,2024-10-21 06:27:51-04:00,2024-10-21,2024-10-21 12:27:51 +0200,America/Nipigon,4780324,japerr,,2024-11-11 13:23:53 +0100,2025-04-11 11:18:50 +0200,research,CC-BY-NC,https://www.inaturalist.org/observations/251303933,https://inaturalist-open-data.s3.amazonaws.com/photos/449634805/medium.jpeg,,"",I believe this is a wild boar ,1,0,false,3,"Prince Edward, Prince Edward County, ON, CA",43.9714683499,-77.540075867,27,,,,27,,open,false,,,Eurasian Wild Pig,Sus scrofa,Wild Boar,Mammalia,42134
251334368,38c49ceb-2520-4028-9059-a88a654986f4,2024-11-11 11:38:16,2024-11-11,2024-11-11 17:38:16 +0100,Eastern Time (US & Canada),7654255,trashrat,Zack,2024-11-11 18:32:04 +0100,2025-05-23 10:58:46 +0200,research,CC-BY-NC,https://www.inaturalist.org/observations/251334368,https://inaturalist-open-data.s3.amazonaws.com/photos/449691107/medium.jpeg,,"",unfortunately didn't get a photo of it when i found it out in the woods but i did bring it home with me,1,0,false,2,"Jefferson, GA, USA",34.1187071076,-83.603076674,48,,,,48,,open,false,gps,gps,Wild Boar,Sus scrofa,Wild Boar,Mammalia,42134
251372211,f47fac0a-e6fd-435f-8535-5bfd05120649,2024/11/09 1:39 PM,2024-11-09,2024-11-09 20:39:00 +0100,Central Time (US & Canada),7736473,julia_dilley,,2024-11-11 23:53:30 +0100,2024-11-21 07:14:55 +0100,research,CC-BY-NC,https://www.inaturalist.org/observations/251372211,https://inaturalist-open-data.s3.amazonaws.com/photos/449765094/medium.jpeg,,"","",1,0,false,,"La Marque, TX, USA",29.3764666667,-95.0366277778,5,,,,5,,open,false,,,Eurasian Wild Pig,Sus scrofa,Wild Boar,Mammalia,42134
251382102,0981b567-d136-48fd-a50a-333e150a2195,2024/11/04 11:42 AM,2024-11-04,2024-11-04 20:42:00 +0100,Pacific Time (US & Canada),5285030,mlmeadowlark,Moses Lopez,2024-11-12 01:44:32 +0100,2025-04-04 01:21:21 +0200,research,CC-BY-NC,https://www.inaturalist.org/observations/251382102,https://inaturalist-open-data.s3.amazonaws.com/photos/449786242/medium.jpg,,"",,1,0,false,,"Merced County, CA, USA",37.3967655114,-120.3559320924,15,,,,15,,open,false,,,Eurasian Wild Pig,Sus scrofa,Wild Boar,Mammalia,42134
251384731,1f426f9d-0a8f-4239-b2e9-575b8de9d8dd,2024-11-05 00:07:54-06:00,2024-11-05,2024-11-05 07:07:54 +0100,Central Time (US & Canada),8066103,jeniferkey,,2024-11-12 02:09:51 +0100,2025-04-11 12:59:44 +0200,research,CC-BY-NC,https://www.inaturalist.org/observations/251384731,https://inaturalist-open-data.s3.amazonaws.com/photos/449793233/medium.jpeg,,"","",1,0,false,3,"Cement Mountain Rd, Graham, TX, US",33.1131712645,-98.4570132716,44,,,,44,,open,false,,,Common Wild Hog,Sus scrofa,Wild Boar,Mammalia,42134
251394137,28dc815c-8082-4dd9-86ed-0e1663c92d13,2024-11-11 04:35:00-06:00,2024-11-11,2024-11-11 11:35:00 +0100,Central Time (US & Canada),32993,c_h_hemphill,CH Hemphill,2024-11-12 03:50:43 +0100,2025-05-16 23:40:27 +0200,research,CC-BY-NC,https://www.inaturalist.org/observations/251394137,https://inaturalist-open-data.s3.amazonaws.com/photos/449812533/medium.jpeg,,"","",1,0,false,3,"Valera, TX, US",31.687940631,-99.5967528293,162,,,,162,,open,false,,,Eurasian Wild Pig,Sus scrofa,Wild Boar,Mammalia,42134
251406571,f14ad2cb-181f-4888-958e-d631cf7de780,2024-11-11 13:44:00-08:00,2024-11-11,2024-11-11 22:44:00 +0100,Pacific Time (US & Canada),7052965,brettpants,Brett Pants,2024-11-12 06:37:04 +0100,2025-04-11 13:29:09 +0200,research,,https://www.inaturalist.org/observations/251406571,https://static.inaturalist.org/photos/449838410/medium.jpeg,,"","",1,0,false,3,"Mattole Rd, Petrolia, CA, US",40.326225,-124.2938916667,3,,,,3,,open,false,,,Eurasian Wild Pig,Sus scrofa,Wild Boar,Mammalia,42134
251556271,37223db3-dbfb-45b8-872a-df791da4590b,2024-11-13 09:19:38,2024-11-13,2024-11-13 15:19:38 +0100,Eastern Time (US & Canada),1837022,carlyguido,Carly M. Guido,2024-11-13 15:21:01 +0100,2025-04-11 17:27:55 +0200,research,CC-BY-NC,https://www.inaturalist.org/observations/251556271,https://inaturalist-open-data.s3.amazonaws.com/photos/450133252/medium.jpeg,,"",,1,0,false,2,"Naples, FL 34120, USA",26.402775,-81.5846388889,,,,,,,open,false,gps,gps,Hog,Sus scrofa,Wild Boar,Mammalia,42134
251597645,8448c149-8615-4718-bd10-f760ac7c7b22,2024-11-13 12:35:13-06:00,2024-11-13,2024-11-13 19:35:13 +0100,Central Time (US & Canada),1339187,anniefinneran,Annie,2024-11-13 22:40:18 +0100,2025-04-25 19:29:15 +0200,research,,https://www.inaturalist.org/observations/251597645,https://static.inaturalist.org/photos/450210297/medium.jpeg,,"","",2,0,false,3,"Austin, TX, US",30.33127,-97.5733333333,4,,,,4,,open,false,,,Wild Boar,Sus scrofa,Wild Boar,Mammalia,42134
251621680,806771f3-a197-4772-af07-81eda08edd77,2024-11-12 03:39:55-05:00,2024-11-12,2024-11-12 09:39:55 +0100,Eastern Time (US & Canada),8499179,alexhundemer,,2024-11-14 03:24:58 +0100,2024-12-07 02:00:27 +0100,research,CC-BY-NC,https://www.inaturalist.org/observations/251621680,https://inaturalist-open-data.s3.amazonaws.com/photos/450259701/medium.jpeg,,"","",4,0,false,3,"Anderson, SC, US",34.6073736051,-82.8022854737,273,,,,273,,open,false,,,Eurasian Wild Pig,Sus scrofa,Wild Boar,Mammalia,42134
251721642,ae9847d9-ddb8-43a2-b0f1-4bc93e9d31e7,2024-11-09 13:39:43-06:00,2024-11-09,2024-11-09 20:39:43 +0100,Central Time (US & Canada),6799715,ma_ckdavis,Mack Davis,2024-11-15 02:05:47 +0100,2024-11-21 07:14:10 +0100,research,CC-BY-NC,https://www.inaturalist.org/observations/251721642,https://inaturalist-open-data.s3.amazonaws.com/photos/450461408/medium.jpeg,,"","",1,0,false,3,"La Marque, TX, US",29.37643,-95.0366138333,4,,,,4,,open,false,,,Eurasian Wild Pig,Sus scrofa,Wild Boar,Mammalia,42134
251730313,fbb92cef-5b48-4c9c-8489-703e84d231ed,2024/11/14 8:35 AM,2024-11-14,2024-11-14 15:35:00 +0100,Central Time (US & Canada),72880,charley,"",2024-11-15 03:59:38 +0100,2025-09-07 18:38:48 +0200,research,CC-BY-NC,https://www.inaturalist.org/observations/251730313,https://inaturalist-open-data.s3.amazonaws.com/photos/450475766/medium.jpeg,,"","",4,1,false,,"Fort Worth, TX, USA",32.7901552131,-97.1240751871,15,,,,15,,open,false,,,Eurasian Wild Pig,Sus scrofa,Wild Boar,Mammalia,42134
251787780,feedc13f-fb33-4c6d-9491-f9b887efbeff,2024-07-17 11:12:38,2024-07-17,2024-07-17 17:12:38 +0200,Eastern Time (US & Canada),563128,austinrkelly,Austin R. Kelly,2024-11-15 18:17:47 +0100,2025-04-12 00:06:33 +0200,research,CC-BY-NC,https://www.inaturalist.org/observations/251787780,https://inaturalist-open-data.s3.amazonaws.com/photos/450593808/medium.jpeg,,"",,1,0,false,2,"Jackson, SC 29831, USA",33.2452527778,-81.7756,,,,,,,open,false,gps,gps,Hog,Sus scrofa,Wild Boar,Mammalia,42134
251805886,f1c2f9fb-16b8-4324-bae5-d4f666f19dc2,2024/11/15 12:21 PM,2024-11-15,2024-11-15 19:21:00 +0100,Central Time (US & Canada),8460097,nheilman,Nathan Heilman,2024-11-15 21:24:03 +0100,2024-11-21 07:12:12 +0100,research,CC-BY-NC,https://www.inaturalist.org/observations/251805886,https://inaturalist-open-data.s3.amazonaws.com/photos/450627025/medium.jpg,,cullinan,,1,0,false,,"Sugar Land, TX, USA",29.6284641667,-95.6685691667,,,,,,,open,false,,,Eurasian Wild Pig,Sus scrofa,Wild Boar,Mammalia,42134
251832845,158b07c0-764c-4b86-bf0a-3b5e257374bb,2024-10-17 16:11:28,2024-10-17,2024-10-17 23:11:28 +0200,Central Time (US & Canada),8364738,cheri75742,Cheri Brisendine,2024-11-16 02:38:43 +0100,2024-11-21 07:12:09 +0100,research,,https://www.inaturalist.org/observations/251832845,https://static.inaturalist.org/photos/450683705/medium.jpeg,,"",,1,0,false,2,"Slidell, LA 70461, USA",30.2415055556,-89.6773611111,,,,,,,open,false,gps,gps,Eurasian Wild Pig,Sus scrofa,Wild Boar,Mammalia,42134
251900527,79c01216-d355-4725-ba49-01cb62324460,2024-11-15 12:18:49-05:00,2024-11-15,2024-11-15 18:18:49 +0100,Eastern Time (US & Canada),2212957,lutes,Madison Lutes,2024-11-16 17:45:17 +0100,2025-04-12 02:46:38 +0200,research,CC-BY-NC,https://www.inaturalist.org/observations/251900527,https://inaturalist-open-data.s3.amazonaws.com/photos/450819138/medium.jpeg,,"","",1,0,false,3,"Florida, US",26.283843428,-81.546748795,4,,,,29868,obscured,open,true,,,Hog,Sus scrofa,Wild Boar,Mammalia,42134
251902653,c1dce102-75b8-4caf-b62c-553025e76ad6,2024/11/16 9:05 AM,2024-11-16,2024-11-16 16:05:00 +0100,Central Time (US & Canada),2614858,brookso,Brooks Oakley,2024-11-16 18:06:27 +0100,2024-11-21 07:11:56 +0100,research,CC-BY-NC,https://www.inaturalist.org/observations/251902653,https://inaturalist-open-data.s3.amazonaws.com/photos/450822198/medium.jpg,,"",,3,0,false,,"Fort Worth, TX, USA",32.7860810078,-97.1260915371,31,,,,31,,open,false,,,Eurasian Wild Pig,Sus scrofa,Wild Boar,Mammalia,42134
251905762,97712015-01ce-449f-b027-d543fbbd7942,2024-11-16 09:32:43-08:00,2024-11-16,2024-11-16 18:32:43 +0100,Pacific Time (US & Canada),8638522,tyma,Tyler Magtoto,2024-11-16 18:32:55 +0100,2024-12-18 06:30:35 +0100,research,,https://www.inaturalist.org/observations/251905762,https://static.inaturalist.org/photos/450829862/medium.jpeg,,"","",1,0,false,3,"Cottonwood Turf Loop Trail, San Jose, CA, US",37.2812303489,-121.8125388729,2,,,,2,,open,false,,,Eurasian Wild Pig,Sus scrofa,Wild Boar,Mammalia,42134
251910068,af3155ad-2d65-4ac5-9af6-7630943e4544,2024-11-16 10:06:29-08:00,2024-11-16,2024-11-16 19:06:29 +0100,Pacific Time (US & Canada),7738707,howard24274,Howard Yan,2024-11-16 19:07:41 +0100,2024-12-18 06:30:22 +0100,research,,https://www.inaturalist.org/observations/251910068,https://static.inaturalist.org/photos/450844917/medium.jpeg,,"","",3,0,false,3,"Coyote Creek Trail, San Jose, CA, US",37.2793533333,-121.808005,4,,,,4,,open,false,,,Eurasian Wild Pig,Sus scrofa,Wild Boar,Mammalia,42134
251910871,44299668-3feb-4aa8-84e3-bcf5364ca85a,2024-11-16 10:06:20-08:00,2024-11-16,2024-11-16 19:06:20 +0100,Pacific Time (US & Canada),7735906,cheeho,Cheeho Yan,2024-11-16 19:14:25 +0100,2024-12-18 06:30:08 +0100,research,,https://www.inaturalist.org/observations/251910871,https://static.inaturalist.org/photos/450839875/medium.jpeg,,"","",3,0,false,3,"Coyote Creek Trail, San Jose, CA, US",37.2788988402,-121.8048490198,3,,,,3,,open,false,,,Eurasian Wild Pig,Sus scrofa,Wild Boar,Mammalia,42134
251911051,7d2def45-fb62-451c-9896-d5b53f8786ae,2024-11-16 10:06:12-08:00,2024-11-16,2024-11-16 19:06:12 +0100,Pacific Time (US & Canada),6804091,rhogarcia,,2024-11-16 19:15:14 +0100,2024-12-18 06:28:13 +0100,research,CC-BY-NC,https://www.inaturalist.org/observations/251911051,https://inaturalist-open-data.s3.amazonaws.com/photos/450840070/medium.jpeg,,"","",3,0,false,3,"Coyote Creek Trail, San Jose, CA, US",37.2794533333,-121.8080366667,4,,,,4,,open,false,,,Eurasian Wild Pig,Sus scrofa,Wild Boar,Mammalia,42134
251916061,c16ebcd2-9291-41a0-9ee3-75832c5949bd,Sat Nov 16 2024 13:56:48 GMT -0500 (EST),2024-11-16,2024-11-16 19:56:48 +0100,Eastern Time (US & Canada),8316861,gvdv76,,2024-11-16 19:57:07 +0100,2025-05-23 10:59:10 +0200,research,CC-BY-NC,https://www.inaturalist.org/observations/251916061,https://inaturalist-open-data.s3.amazonaws.com/photos/451590963/medium.jpeg,,"",,2,0,false,333,Perrysville,40.6957511902,-82.3154602051,4,,,,4,,open,false,,,Domestic Pig,Sus scrofa domesticus,Domestic Pig,Mammalia,324492
251942032,d82ffc2b-55e1-4b2f-9da0-56d00cc2ea6f,2024/11/16 8:50 AM,2024-11-16,2024-11-16 15:50:00 +0100,Central Time (US & Canada),26296,connlindajo,Linda Jo Conn,2024-11-16 23:33:16 +0100,2025-04-12 03:56:43 +0200,research,CC-BY,https://www.inaturalist.org/observations/251942032,https://inaturalist-open-data.s3.amazonaws.com/photos/450897759/medium.jpeg,,"","My dog must have drug this prize up to the house last night.  A few weeks ago, there was a DOR young hog a little ways up the county road. Probably that carcass. ",1,0,false,,"5365 CR 326, Lexington, Lee Co, TX, USA",30.3837210334,-97.0255918179,4,,,,4,,open,false,,,Hog,Sus scrofa,Wild Boar,Mammalia,42134
251961682,6d602998-39a6-487c-bf13-672ed85446a5,2024-11-07 09:50:56-08:00,2024-11-07,2024-11-07 18:50:56 +0100,Pacific Time (US & Canada),231709,thunefeld,W. Terry Hunefeld,2024-11-17 02:50:28 +0100,2025-04-12 04:27:25 +0200,research,CC-BY-NC,https://www.inaturalist.org/observations/251961682,https://inaturalist-open-data.s3.amazonaws.com/photos/450942954/medium.jpeg,,"","",1,0,false,3,"Wilder Ranch State Park, Santa Cruz, CA, US",36.9632533333,-122.0822221667,4,,,,4,,open,false,,,Eurasian Wild Pig,Sus scrofa,Wild Boar,Mammalia,42134
251978156,99475a01-2b04-487e-b2c3-1d90a7579344,2024/11/16 6:24 PM,2024-11-16,2024-11-17 00:24:00 +0100,Eastern Time (US & Canada),7161220,lwridge,LW Ridge,2024-11-17 06:00:41 +0100,2025-04-12 04:56:24 +0200,research,CC-BY-NC,https://www.inaturalist.org/observations/251978156,https://inaturalist-open-data.s3.amazonaws.com/photos/450975251/medium.jpeg,,"",,1,0,false,,"Polk County, FL, USA",27.6966783333,-81.4329216111,,,,,,,open,false,,,Eurasian Wild Pig,Sus scrofa,Wild Boar,Mammalia,42134
251984231,4ef48cba-6f07-4a97-b186-466a6087ed99,2024-11-16 23:20:10,2024-11-16,2024-11-17 05:20:10 +0100,Eastern Time (US & Canada),3643094,wabbster,James Lamb,2024-11-17 07:20:51 +0100,2024-11-20 15:19:49 +0100,research,,https://www.inaturalist.org/observations/251984231,https://static.inaturalist.org/photos/450987163/medium.jpeg,,"",,1,0,false,2,"South Miami Heights, FL, USA",25.5876361111,-80.4055111111,,,,,,,open,false,gps,gps,Eurasian Wild Pig,Sus scrofa,Wild Boar,Mammalia,42134
252070779,e9c1ba75-76c7-47b5-b40d-5a6b070e7499,2024-11-17 11:53:01-05:00,2024-11-17,2024-11-17 17:53:01 +0100,Eastern Time (US & Canada),98904,jimw3,James K. Wetterer,2024-11-17 22:11:05 +0100,2025-04-12 06:57:19 +0200,research,CC-BY-NC,https://www.inaturalist.org/observations/252070779,https://inaturalist-open-data.s3.amazonaws.com/photos/451159507/medium.jpeg,,"","",1,0,false,3,"Savannas Preserve State Park, Port Saint Lucie, FL, US",27.3409466667,-80.3053133333,3,,,,3,,open,false,,,Wild Boar,Sus scrofa,Wild Boar,Mammalia,42134
252073263,0ef949de-5a08-41be-b583-7282845de070,2024/11/11 7:33 AM,2024-11-11,2024-11-11 14:33:00 +0100,Central Time (US & Canada),712166,rtwhitson3,Ray Whitson,2024-11-17 22:30:07 +0100,2024-11-18 02:02:48 +0100,research,CC-BY-NC,https://www.inaturalist.org/observations/252073263,https://inaturalist-open-data.s3.amazonaws.com/photos/451164064/medium.jpeg,,"","Feral swine, pretty common here.",2,0,false,,"Bexar County, TX, USA",29.3094116388,-98.3163919847,15,,,,15,,open,false,,,Eurasian Wild Pig,Sus scrofa,Wild Boar,Mammalia,42134
252083739,9866b693-ae4d-40cd-b9c8-ef1781174787,2024/11/03 10:15 PM,2024-11-03,2024-11-04 05:15:00 +0100,Central Time (US & Canada),7914878,mdemartino,,2024-11-17 23:59:37 +0100,2025-04-12 07:14:17 +0200,research,CC-BY-NC,https://www.inaturalist.org/observations/252083739,https://inaturalist-open-data.s3.amazonaws.com/photos/451181933/medium.jpeg,,"",P00[0:0] TT[565] E[107:0681]G[168:0x34] BV[32:0] IR[L:L:25] MOE[0:3] AL:[0:0,1,0,false,,"Jollyville, Austin, TX, USA",30.3899553319,-97.772007474,8,,,,8,,open,false,,,Eurasian Wild Pig,Sus scrofa,Wild Boar,Mammalia,42134
252204370,3fd02097-6ce7-4c70-88ab-60aca64d22af,2024-11-17,2024-11-17,,Central Time (US & Canada),4058142,christopherbentley04,Chris Bentley,2024-11-18 23:16:46 +0100,2025-04-12 09:32:59 +0200,research,CC-BY-NC,https://www.inaturalist.org/observations/252204370,https://inaturalist-open-data.s3.amazonaws.com/photos/451430909/medium.jpeg,,"",,1,0,false,2,"St Hedwig, TX 78152, USA",29.4480930513,-98.235796541,199,,,,199,,open,false,gps,gps,Eurasian Wild Pig,Sus scrofa,Wild Boar,Mammalia,42134
252205041,0ee3b28a-ca50-471d-8df4-8166605de8f7,2024/11/05 6:18 PM,2024-11-05,2024-11-06 01:18:00 +0100,Central Time (US & Canada),1138432,patti_edens,Patti A. Edens,2024-11-18 23:21:53 +0100,2025-04-12 09:33:22 +0200,research,CC-BY-NC-ND,https://www.inaturalist.org/observations/252205041,https://inaturalist-open-data.s3.amazonaws.com/photos/451429979/medium.jpg,,"",These two were trapped inside my high fence when rain washed out a breach under the fence. We fixed the breach before we knew the hogs were inside.,1,0,false,,"Montgomery County, TX, USA",30.4483943314,-95.4426647263,8,,,,8,,open,false,,,Common Wild Hog,Sus scrofa,Wild Boar,Mammalia,42134
252205042,acd3e909-37b2-4e75-92c7-ddc06f9fe8b6,2024/11/13 9:23 PM,2024-11-13,2024-11-14 04:23:00 +0100,Central Time (US & Canada),1138432,patti_edens,Patti A. Edens,2024-11-18 23:21:53 +0100,2025-04-12 09:33:22 +0200,research,CC-BY-NC-ND,https://www.inaturalist.org/observations/252205042,https://inaturalist-open-data.s3.amazonaws.com/photos/451429982/medium.jpg,,"",These two were trapped inside my high fence when rain washed out a breach under the fence in this area. We fixed the breach with bags of concrete before we knew the hogs were inside.,1,0,false,,"Montgomery County, TX, USA",30.4483514905,-95.440388891,8,,,,8,,open,false,,,Common Wild Hog,Sus scrofa,Wild Boar,Mammalia,42134
252205043,5e9dff6d-d49f-49de-977a-67b15a28365a,2024/11/01 10:07 PM,2024-11-01,2024-11-02 04:07:00 +0100,Central Time (US & Canada),1138432,patti_edens,Patti A. Edens,2024-11-18 23:21:54 +0100,2025-04-12 09:33:22 +0200,research,CC-BY-NC-ND,https://www.inaturalist.org/observations/252205043,https://inaturalist-open-data.s3.amazonaws.com/photos/451429995/medium.jpg,,"",Got inside my high fence when rain washed out a gap under the fence.,1,0,false,,"Montgomery County, TX, USA",30.4483420652,-95.4392903218,15,,,,15,,open,false,,,Common Wild Hog,Sus scrofa,Wild Boar,Mammalia,42134
252215282,15f430f4-e496-43ed-9b89-9a1af8df3c35,2024-05-28 15:58:29-05:00,2024-05-28,2024-05-28 22:58:29 +0200,Central Time (US & Canada),8779236,muddysalsa,Preston J. Carter,2024-11-19 01:14:29 +0100,2025-04-12 09:45:38 +0200,research,,https://www.inaturalist.org/observations/252215282,https://static.inaturalist.org/photos/451454480/medium.jpeg,,"","",1,0,false,3,"Boerne, TX, US",29.8863333333,-98.6625966667,5,,,,5,,open,false,,,Eurasian Wild Pig,Sus scrofa,Wild Boar,Mammalia,42134
252324871,6fc46134-2a70-4e49-a631-32989e56ce0b,2024-11-19 09:00:00,2024-11-19,2024-11-19 16:00:00 +0100,Central Time (US & Canada),73661,jameswbeck,James W. Beck,2024-11-19 23:16:31 +0100,2025-01-24 02:57:11 +0100,research,,https://www.inaturalist.org/observations/252324871,https://static.inaturalist.org/photos/451670139/medium.jpeg,,"",Photo by Andra McClue,2,0,false,2,"Venetian Isles, New Orleans, LA, USA",30.0183766355,-89.9281100929,17,,,,17,,open,false,,,Wild Boar,Sus scrofa,Wild Boar,Mammalia,42134
252347597,9f0ebd33-e478-4fdd-9eb3-9c78194ed5f1,2024-11-14,2024-11-14,,Central Time (US & Canada),5643318,irinzler,Dustin S,2024-11-20 03:58:46 +0100,2024-11-21 07:08:24 +0100,research,CC-BY-NC,https://www.inaturalist.org/observations/252347597,https://inaturalist-open-data.s3.amazonaws.com/photos/451718253/medium.jpeg,,"",,1,0,false,2,"Huntsville, TX 77340, USA",30.6701798781,-95.4663999751,4,,,,4,,open,false,gps,gps,Eurasian Wild Pig,Sus scrofa,Wild Boar,Mammalia,42134
252395583,d1301e2c-1a6c-40de-bda3-ed908f63aee2,2024-11-19 17:35:21,2024-11-19,2024-11-19 23:35:21 +0100,Eastern Time (US & Canada),577059,oridgen10,Owen Ridgen,2024-11-20 16:26:46 +0100,2024-11-21 07:07:50 +0100,research,,https://www.inaturalist.org/observations/252395583,https://static.inaturalist.org/photos/451815313/medium.jpeg,,"",,1,0,false,2,"JUPITER INLET, FL 33469, USA",26.9935116997,-80.1415192997,,,,,,,open,false,gps,gps,Eurasian Wild Pig,Sus scrofa,Wild Boar,Mammalia,42134
252423678,5688d6d3-0421-4821-a1a3-35ef8c962d29,2024-11-20 15:21:09-05:00,2024-11-20,2024-11-20 21:21:09 +0100,Eastern Time (US & Canada),2554196,yukonfl,Ryan Callahan,2024-11-20 21:23:03 +0100,2024-11-21 07:07:36 +0100,research,,https://www.inaturalist.org/observations/252423678,https://static.inaturalist.org/photos/451868694/medium.jpeg,,"","",1,0,false,3,"US-98, Lamont, FL, US",30.1411888333,-83.8978416667,8,,,,8,,open,false,,,Eurasian Wild Pig,Sus scrofa,Wild Boar,Mammalia,42134
252454942,c712fadf-871b-413a-bc58-380785461037,2024-11-17 19:17:00-06:00,2024-11-17,2024-11-18 02:17:00 +0100,Central Time (US & Canada),32993,c_h_hemphill,CH Hemphill,2024-11-21 03:19:38 +0100,2025-04-12 14:30:20 +0200,research,CC-BY-NC,https://www.inaturalist.org/observations/252454942,https://inaturalist-open-data.s3.amazonaws.com/photos/451930639/medium.jpeg,,"","",1,0,false,3,"Valera, TX, US",31.6880516356,-99.5965113076,179,,,,179,,open,false,,,Eurasian Wild Pig,Sus scrofa,Wild Boar,Mammalia,42134
252510130,b9619dbc-3d41-4b02-a5af-7fee432c17fa,2024-11-19 19:06:37-08:00,2024-11-19,2024-11-20 04:06:37 +0100,Pacific Time (US & Canada),4055505,plittleton,,2024-11-21 18:01:08 +0100,2024-12-18 06:27:51 +0100,research,CC-BY-NC,https://www.inaturalist.org/observations/252510130,https://inaturalist-open-data.s3.amazonaws.com/photos/452039401/medium.jpeg,,"","",1,0,false,3,"Hollister Hills State Vehicular Recreation Area, Hollister, CA, US",36.8007065908,-121.4203837475,105,,,,105,,open,false,,,Eurasian Wild Pig,Sus scrofa,Wild Boar,Mammalia,42134
252544340,81dae796-13d7-4a5b-b7d4-fa9ec4e8a7ed,2024-11-16 17:47:55,2024-11-16,2024-11-16 23:47:55 +0100,Eastern Time (US & Canada),1677488,coreytcallaghan,Corey Callaghan,2024-11-22 00:36:49 +0100,2025-04-12 16:25:35 +0200,research,CC-BY-NC,https://www.inaturalist.org/observations/252544340,https://inaturalist-open-data.s3.amazonaws.com/photos/452104562/medium.jpeg,,"",,1,0,false,2,"Indiantown, FL 34956, USA",27.0808722222,-80.5634611111,,,,,,,open,false,gps,gps,Eurasian Wild Pig,Sus scrofa,Wild Boar,Mammalia,42134
252557511,685cab83-3377-4c69-ba9d-97a9d275b7a9,2024/11/16 10:01 AM,2024-11-16,2024-11-16 19:01:00 +0100,Pacific Time (US & Canada),34038,merav,Merav Vonshak,2024-11-22 03:43:18 +0100,2024-12-18 06:27:41 +0100,research,CC-BY-NC,https://www.inaturalist.org/observations/252557511,https://inaturalist-open-data.s3.amazonaws.com/photos/452120637/medium.jpeg,,"",,1,0,false,,"Hellyer, San Jose, CA 95111, USA",37.2795305556,-121.8083027778,5,,,,5,,open,false,,,Eurasian Wild Pig,Sus scrofa,Wild Boar,Mammalia,42134
252557515,1a8ce324-5b94-4b3b-bd42-9e3621deca84,2024/11/16 10:06 AM,2024-11-16,2024-11-16 19:06:00 +0100,Pacific Time (US & Canada),34038,merav,Merav Vonshak,2024-11-22 03:43:20 +0100,2024-12-18 06:27:28 +0100,research,CC-BY-NC,https://www.inaturalist.org/observations/252557515,https://inaturalist-open-data.s3.amazonaws.com/photos/452122927/medium.jpg,,"",,3,0,false,,"Hellyer, San Jose, CA 95111, USA",37.2792732221,-121.808537267,19,,,,19,,open,false,,,Eurasian Wild Pig,Sus scrofa,Wild Boar,Mammalia,42134
252656051,d7777760-387d-4f55-a7c7-c3cdb8c1f87f,2024-08-06,2024-08-06,,Central Time (US & Canada),3892825,ewiediger,ewiediger,2024-11-23 00:54:45 +0100,2024-11-23 15:25:42 +0100,research,,https://www.inaturalist.org/observations/252656051,https://static.inaturalist.org/photos/452318102/medium.jpeg,,"",,1,0,false,2,"College Station, TX 77840, USA",30.6279384167,-96.3344067335,13641,,,,13641,,open,false,gps,gps,Eurasian Wild Pig,Sus scrofa,Wild Boar,Mammalia,42134
252660130,2497c750-ab19-4aa3-b016-1121acff5fc8,2024-06-01 09:47:00,2024-06-01,2024-06-01 16:47:00 +0200,Central Time (US & Canada),3892825,ewiediger,ewiediger,2024-11-23 01:40:53 +0100,2024-11-23 15:28:14 +0100,research,,https://www.inaturalist.org/observations/252660130,https://static.inaturalist.org/photos/452325689/medium.jpeg,,"",,1,0,false,2,"College Station, TX 77840, USA",30.6279384167,-96.3344067335,13641,,,,13641,,open,false,,,Eurasian Wild Pig,Sus scrofa,Wild Boar,Mammalia,42134
252669720,97432ecd-8f0d-4170-9e33-1fc67acc8670,2024-11-03 17:43:09,2024-11-03,2024-11-04 00:43:09 +0100,Central Time (US & Canada),1431830,cwolfemerritt,Caroline Wolfe-Merritt,2024-11-23 03:30:24 +0100,2024-11-23 18:29:53 +0100,research,CC-BY-NC,https://www.inaturalist.org/observations/252669720,https://inaturalist-open-data.s3.amazonaws.com/photos/452343220/medium.jpeg,,"","5 feral hogs present, 2 large 3 small. Curly tails and pig ears unlike javelinas",1,0,false,2,"Calallen, Corpus Christi, TX, USA",27.8628908682,-97.6105199754,25,,,,25,,open,false,gps,gps,Boar,Sus scrofa,Wild Boar,Mammalia,42134
252705526,9aa7a107-833f-408b-afa6-ff5c98b692b8,2024-11-23 01:33:00-06:00,2024-11-23,2024-11-23 08:33:00 +0100,Central Time (US & Canada),32993,c_h_hemphill,CH Hemphill,2024-11-23 13:14:55 +0100,2024-11-23 17:11:20 +0100,research,CC-BY-NC,https://www.inaturalist.org/observations/252705526,https://inaturalist-open-data.s3.amazonaws.com/photos/452415582/medium.jpeg,,"","",1,0,false,3,"Valera, TX, US",31.6881405683,-99.5973858558,122,,,,122,,open,false,,,Eurasian Wild Pig,Sus scrofa,Wild Boar,Mammalia,42134
252756773,87d3c625-4f50-4ac5-bc33-cdd3fe611c13,2024/11/22 9:32 AM,2024-11-22,2024-11-22 16:32:00 +0100,Central Time (US & Canada),4504258,dontfencemein,,2024-11-23 20:28:43 +0100,2025-02-23 04:24:22 +0100,research,CC-BY-NC,https://www.inaturalist.org/observations/252756773,https://inaturalist-open-data.s3.amazonaws.com/photos/452504493/medium.jpg,,"",,1,0,false,,"6JW6+Q6 Braunig Lake Park, 17500 Donop Rd, Elmendorf, TX 78112, USA",29.2491465,-98.3938477,206,,,,206,,open,false,,,Eurasian Wild Pig,Sus scrofa,Wild Boar,Mammalia,42134
252947574,a07ce15f-8800-4d4a-8a2c-ea5bda558b00,2024/11/23 11:16 AM,2024-11-23,2024-11-23 18:16:00 +0100,Central Time (US & Canada),1952402,wonderbird22,Ari Rice,2024-11-24 23:24:11 +0100,2025-04-13 01:29:10 +0200,research,CC-BY-NC,https://www.inaturalist.org/observations/252947574,https://inaturalist-open-data.s3.amazonaws.com/photos/452842804/medium.jpeg,,"",,1,0,false,,"Floyd County, TX, USA",34.2366641392,-101.2320398156,52,,,,52,,open,false,,,Eurasian Wild Pig,Sus scrofa,Wild Boar,Mammalia,42134
253072091,d356df59-522e-42bc-8710-f2d9681a701e,2024/11/24 10:09 AM,2024-11-24,2024-11-24 17:09:00 +0100,Central Time (US & Canada),301957,baxter-slye,Jaime Baxter-Slye,2024-11-25 19:34:11 +0100,2025-04-13 03:44:03 +0200,research,CC-BY-NC,https://www.inaturalist.org/observations/253072091,https://inaturalist-open-data.s3.amazonaws.com/photos/453073438/medium.jpeg,,"","Reinart, Nering, Belcher, and Baxter-Slye AM Fungi sampling at Clymer Meadow with help from Dilley and Baxter",1,0,false,,"Hunt County, TX, USA",33.310172392,-96.2312064744,122,,,,122,,open,false,,,Eurasian Wild Pig,Sus scrofa,Wild Boar,Mammalia,42134
253092253,82914dd5-3a09-4a5a-8333-a785cb8ab94b,2024-11-25 15:47:22-05:00,2024-11-25,2024-11-25 21:47:22 +0100,Eastern Time (US & Canada),8595340,devin_mc,Devin McCarty,2024-11-25 22:47:45 +0100,2025-04-13 04:10:34 +0200,research,,https://www.inaturalist.org/observations/253092253,https://static.inaturalist.org/photos/453113642/medium.jpeg,,"","",1,0,false,3,"E SR-46, Sanford, FL, US",28.7869466667,-81.1950383333,3,,,,3,,open,false,,,Eurasian Wild Pig,Sus scrofa,Wild Boar,Mammalia,42134
253096185,b1126a1c-5e0b-406f-b9a0-61aa72fc4224,2024-11-25 11:08:49-05:00,2024-11-25,2024-11-25 17:08:49 +0100,Eastern Time (US & Canada),7034469,lil_lisafl,Lisa Senters,2024-11-25 23:26:06 +0100,2025-04-25 19:24:20 +0200,research,CC0,https://www.inaturalist.org/observations/253096185,https://inaturalist-open-data.s3.amazonaws.com/photos/453122260/medium.jpeg,,"","",1,0,false,3,"US-17 S, Green Cove Springs, FL, US",29.9562,-81.671975,5,,,,5,,open,false,,,Eurasian Wild Pig,Sus scrofa,Wild Boar,Mammalia,42134
253123988,c87d15ce-4e85-49bc-9912-6945eacf937b,2024-11-24 16:06:48-05:00,2024-11-24,2024-11-24 22:06:48 +0100,Eastern Time (US & Canada),3753558,jewel_2177,Julie,2024-11-26 03:58:00 +0100,2025-04-13 04:51:27 +0200,research,CC-BY-NC,https://www.inaturalist.org/observations/253123988,https://inaturalist-open-data.s3.amazonaws.com/photos/453176720/medium.jpeg,,"",Two deceased young pigs. ,1,0,false,3,"Palm Bay, FL, US",27.9611866667,-80.7134166667,4,,,,4,,open,false,,,Eurasian Wild Pig,Sus scrofa,Wild Boar,Mammalia,42134
253230228,8210f2b6-40af-4928-823d-6b96c34cad00,2024-11-09 14:51:28-06:00,2024-11-09,2024-11-09 21:51:28 +0100,Central Time (US & Canada),301957,baxter-slye,Jaime Baxter-Slye,2024-11-27 01:17:53 +0100,2025-04-13 06:51:19 +0200,research,CC-BY-NC,https://www.inaturalist.org/observations/253230228,https://inaturalist-open-data.s3.amazonaws.com/photos/453378186/medium.jpeg,,"","",1,0,false,3,"La Marque, TX, US",29.3768120837,-95.0374120578,720,,,,720,,open,false,,,Eurasian Wild Pig,Sus scrofa,Wild Boar,Mammalia,42134
253249756,61155ef5-0992-45a8-8b9f-bd274c505dc9,2024-11-26 10:04:17-05:00,2024-11-26,2024-11-26 16:04:17 +0100,America/Nassau,8746601,cassidyy26,,2024-11-27 04:59:30 +0100,2025-05-23 11:03:15 +0200,research,CC-BY-NC,https://www.inaturalist.org/observations/253249756,https://inaturalist-open-data.s3.amazonaws.com/photos/453418307/medium.jpeg,,"","",2,0,false,3,"Athol Island, BS",25.0754163,-77.2707993,758,,,,758,,open,false,,,Domestic Pig,Sus scrofa domesticus,Domestic Pig,Mammalia,324492
253277469,1378f7b2-5f2e-4002-a9ce-d1fe4b661311,2024-11-23 00:57:00-06:00,2024-11-23,2024-11-23 07:57:00 +0100,Central Time (US & Canada),32993,c_h_hemphill,CH Hemphill,2024-11-27 12:37:25 +0100,2025-04-13 07:48:00 +0200,research,CC-BY-NC,https://www.inaturalist.org/observations/253277469,https://inaturalist-open-data.s3.amazonaws.com/photos/453472812/medium.jpeg,,"","",1,0,false,3,"Valera, TX, US",31.6882466188,-99.5973947868,123,,,,123,,open,false,,,Eurasian Wild Pig,Sus scrofa,Wild Boar,Mammalia,42134
253278170,3f08ea72-ad77-4be8-bda4-55cecec9348a,2024-11-25 03:09:00-06:00,2024-11-25,2024-11-25 10:09:00 +0100,Central Time (US & Canada),32993,c_h_hemphill,CH Hemphill,2024-11-27 12:48:03 +0100,2025-04-13 07:48:21 +0200,research,CC-BY-NC,https://www.inaturalist.org/observations/253278170,https://inaturalist-open-data.s3.amazonaws.com/photos/453474159/medium.jpeg,,"","",1,0,false,3,"Texas, US",31.6531523112,-99.4940613765,161,,,,29199,obscured,open,true,,,Eurasian Wild Pig,Sus scrofa,Wild Boar,Mammalia,42134
253278718,2d001772-e39b-4485-9e47-dd1356066a4f,2024-11-26 23:19:00-06:00,2024-11-26,2024-11-27 06:19:00 +0100,Central Time (US & Canada),32993,c_h_hemphill,CH Hemphill,2024-11-27 12:55:18 +0100,2025-04-13 07:48:35 +0200,research,CC-BY-NC,https://www.inaturalist.org/observations/253278718,https://inaturalist-open-data.s3.amazonaws.com/photos/453475089/medium.jpeg,,"","",1,0,false,3,"Texas, US",31.6352505715,-99.4235335301,102,,,,29199,obscured,open,true,,,Eurasian Wild Pig,Sus scrofa,Wild Boar,Mammalia,42134
253278801,1274a9b6-9983-4f32-84d4-7fd06d4ac772,2024-11-27 00:40:00-06:00,2024-11-27,2024-11-27 07:40:00 +0100,Central Time (US & Canada),32993,c_h_hemphill,CH Hemphill,2024-11-27 12:56:51 +0100,2025-04-13 07:48:39 +0200,research,CC-BY-NC,https://www.inaturalist.org/observations/253278801,https://inaturalist-open-data.s3.amazonaws.com/photos/453475333/medium.jpeg,,"","",1,0,false,3,"Texas, US",31.6631974566,-99.5544083847,134,,,,29199,obscured,open,true,,,Eurasian Wild Pig,Sus scrofa,Wild Boar,Mammalia,42134
253283610,6e333110-6494-4202-b1c9-e39276633057,2024-11-27 07:30:34,2024-11-27,2024-11-27 13:30:34 +0100,Eastern Time (US & Canada),8172566,dempsey_paul,"",2024-11-27 14:09:09 +0100,2025-04-23 00:47:03 +0200,research,CC-BY-NC,https://www.inaturalist.org/observations/253283610,https://inaturalist-open-data.s3.amazonaws.com/photos/453505106/medium.jpeg,,"",,1,0,false,2,"NEW PRT RCHY, FL 34654, USA",28.2559438969,-82.5942204148,758,,,,758,,open,false,gps,gps,Eurasian Wild Pig,Sus scrofa,Wild Boar,Mammalia,42134
253309084,2b060791-e179-43b4-b64e-30c4afc4c4bc,2024-11-27 10:43:08-05:00,2024-11-27,2024-11-27 16:43:08 +0100,Eastern Time (US & Canada),8771270,kawhitne,Katie Whitney,2024-11-27 19:01:23 +0100,2025-04-13 08:26:41 +0200,research,CC-BY-NC,https://www.inaturalist.org/observations/253309084,https://inaturalist-open-data.s3.amazonaws.com/photos/453535144/medium.jpeg,,"","",1,0,false,3,"SR-31, Punta Gorda, FL, US",26.8570114792,-81.7213160063,623,,,,623,,open,false,,,Eurasian Wild Pig,Sus scrofa,Wild Boar,Mammalia,42134
253331951,dba98561-2226-4280-8c65-0ab8f334fa9e,2024/11/24 1:12 PM,2024-11-24,2024-11-24 20:12:00 +0100,Central Time (US & Canada),211888,fdmolly,Lisa Edwards,2024-11-27 22:53:28 +0100,2025-04-13 08:55:28 +0200,research,CC-BY-NC,https://www.inaturalist.org/observations/253331951,https://inaturalist-open-data.s3.amazonaws.com/photos/453578408/medium.jpeg,,"",,1,0,false,,"Harrison County, TX, USA",32.4721333333,-94.4768611111,5,,,,5,,open,false,,,Eurasian Wild Pig,Sus scrofa,Wild Boar,Mammalia,42134
253336861,35e4f91a-e689-4ceb-96d3-985285cc22a0,2024-11-27 16:40:51,2024-11-27,2024-11-27 23:40:51 +0100,Central Time (US & Canada),7764727,zachfree,Zach Freeland,2024-11-27 23:46:08 +0100,2025-04-13 09:03:37 +0200,research,,https://www.inaturalist.org/observations/253336861,https://static.inaturalist.org/photos/453854768/medium.jpeg,,"",,1,0,false,2,"Hico, TX 76457, USA",31.9551091922,-97.9710929508,7,,,,7,,open,false,,,Eurasian Wild Pig,Sus scrofa,Wild Boar,Mammalia,42134
253337495,f7b1fe64-1d49-415f-8d7b-1bd79b216252,2024-11-27 16:34:33-06:00,2024-11-27,2024-11-27 23:34:33 +0100,Central Time (US & Canada),22589,sambiology,Sam Kieschnick,2024-11-27 23:52:24 +0100,2025-04-13 09:04:06 +0200,research,CC-BY,https://www.inaturalist.org/observations/253337495,https://inaturalist-open-data.s3.amazonaws.com/photos/453590592/medium.jpeg,,"","",1,0,false,3,"John T White, Fort Worth, TX, US",32.7882693169,-97.1990851401,6,,,,6,,open,false,,,Eurasian Wild Pig,Sus scrofa,Wild Boar,Mammalia,42134
253340672,782b2a50-a73d-4321-9d7c-ca94b2ea6bc7,2024-11-27 13:58:38,2024-11-27,2024-11-27 20:58:38 +0100,Central Time (US & Canada),218014,conhawn,Conway Hawn,2024-11-28 00:19:21 +0100,2025-04-13 09:08:54 +0200,research,CC-BY,https://www.inaturalist.org/observations/253340672,https://inaturalist-open-data.s3.amazonaws.com/photos/453596074/medium.jpeg,,"",Saw with at least a dozen piglets.,1,0,false,2,"Jacksonville, TX 75766, USA",31.8818583333,-95.4169861111,,,,,,,open,false,gps,gps,Eurasian Wild Pig,Sus scrofa,Wild Boar,Mammalia,42134
253341350,820e8b07-72e2-4468-9130-a3b877f262f7,2024-11-27 15:22:24-08:00,2024-11-27,2024-11-28 00:22:24 +0100,Pacific Time (US & Canada),2748140,nicole-and-kevin,Kevin and Nicole,2024-11-28 00:26:59 +0100,2025-04-13 09:09:19 +0200,research,,https://www.inaturalist.org/observations/253341350,https://static.inaturalist.org/photos/453597606/medium.jpeg,,"","",1,0,false,3,"Santa Barbara Channel, CA, US",34.4649116667,-120.2323916667,4765,,,,4765,,open,false,,,Eurasian Wild Pig,Sus scrofa,Wild Boar,Mammalia,42134
253342329,994cb776-c126-4706-a37e-40f6d8480a02,2024-11-27 13:32:59,2024-11-27,2024-11-27 20:32:59 +0100,Central Time (US & Canada),218014,conhawn,Conway Hawn,2024-11-28 00:37:10 +0100,2025-04-13 09:10:02 +0200,research,CC-BY,https://www.inaturalist.org/observations/253342329,https://inaturalist-open-data.s3.amazonaws.com/photos/453599694/medium.jpeg,,"",,1,0,false,2,"Jacksonville, TX 75766, USA",31.8885194444,-95.4168861111,,,,,,,open,false,gps,gps,Eurasian Wild Pig,Sus scrofa,Wild Boar,Mammalia,42134
253397478,2cc9771f-1abe-4fe0-ac91-86b449164175,2024-11-26 15:23:13,2024-11-26,2024-11-26 21:23:13 +0100,Eastern Time (US & Canada),8006048,jwendi4,Wink,2024-11-28 14:13:23 +0100,2025-04-13 10:19:01 +0200,research,CC-BY-NC,https://www.inaturalist.org/observations/253397478,https://inaturalist-open-data.s3.amazonaws.com/photos/453709881/medium.jpeg,,"",,1,0,false,2,"Brevard County, FL, USA",28.668769,-80.6793923,,,,,,,open,false,gps,gps,Eurasian Wild Pig,Sus scrofa,Wild Boar,Mammalia,42134
253414674,28fafc28-d558-4d12-a75e-358fa28e6ee6,2024-07-17 11:34:35-04:00,2024-07-17,2024-07-17 17:34:35 +0200,Central Time (US & Canada),1134985,aprilannwp,April Molitor,2024-11-28 17:54:07 +0100,2025-04-13 10:42:20 +0200,research,,https://www.inaturalist.org/observations/253414674,https://static.inaturalist.org/photos/453744473/medium.jpeg,,"",At Brushy Creek Outdoors #noeastloop,1,0,false,3,"SH-30, College Station, TX, US",30.6336916667,-96.21798,10,,,,10,,open,false,,,Eurasian Wild Pig,Sus scrofa,Wild Boar,Mammalia,42134
253423124,b1efa41a-b2ad-4f0a-8229-691e3e9774f8,2024-10-18 15:53:04,2024-10-18,2024-10-18 22:53:04 +0200,Central Time (US & Canada),5800056,smccann17,,2024-11-28 19:21:53 +0100,2024-11-30 09:13:13 +0100,research,CC-BY-NC,https://www.inaturalist.org/observations/253423124,https://inaturalist-open-data.s3.amazonaws.com/photos/453760618/medium.jpeg,,"",,1,0,false,2,"Slidell, LA, USA",30.2751706441,-89.7811746597,10788,,,,10788,,open,false,gps,gps,Eurasian Wild Pig,Sus scrofa,Wild Boar,Mammalia,42134
253459030,32c4ed76-a347-4ce9-ba1f-7aff2bcacb3b,2024/08/24 2:49 PM,2024-08-24,2024-08-24 21:49:00 +0200,Central Time (US & Canada),1378080,brianwilliams1,Brian Williams,2024-11-29 01:32:52 +0100,2025-04-13 11:41:52 +0200,research,CC-BY-NC,https://www.inaturalist.org/observations/253459030,https://inaturalist-open-data.s3.amazonaws.com/photos/453831030/medium.jpg,,"",,1,0,false,,"Cedar Grove Road, Oktibbeha County, MS, USA",33.3130899747,-88.8611876923,2000,,,,2000,,open,false,,,Eurasian Wild Pig,Sus scrofa,Wild Boar,Mammalia,42134
253579443,859a21ac-5b30-419e-a671-e183353c68de,2024-11-28 15:30:00,2024-11-28,2024-11-28 22:30:00 +0100,Central Time (US & Canada),613577,schylerbrown,Schyler Brown,2024-11-30 03:09:23 +0100,2025-05-21 07:01:58 +0200,research,CC0,https://www.inaturalist.org/observations/253579443,https://inaturalist-open-data.s3.amazonaws.com/photos/454072741/medium.jpeg,,"",,1,0,false,2,"Todd Mission, TX 77363, USA",30.3981668808,-95.8598656207,1704,,,,1704,,open,false,gps,gps,Eurasian Wild Pig,Sus scrofa,Wild Boar,Mammalia,42134
253593991,23a9a50d-3eef-4f89-b687-a58831a19b04,2024/11/29 11:26 PM,2024-11-29,2024-11-30 06:26:00 +0100,Central Time (US & Canada),8700032,calvarezrtr,,2024-11-30 06:27:29 +0100,2025-04-13 14:39:34 +0200,research,CC-BY-NC,https://www.inaturalist.org/observations/253593991,https://inaturalist-open-data.s3.amazonaws.com/photos/454103996/medium.jpg,,"",,1,0,false,,"Escambia County, AL, USA",31.0513650403,-87.1524914933,5102,,,,5102,,open,false,,,Eurasian Wild Pig,Sus scrofa,Wild Boar,Mammalia,42134
253656109,623498c0-8605-4b2f-a38d-12603f3f746c,2024-11-30 14:11:03-05:00,2024-11-30,2024-11-30 20:11:03 +0100,Eastern Time (US & Canada),1632858,swagner23,Steven Wagner,2024-11-30 20:12:37 +0100,2025-04-13 16:14:51 +0200,research,,https://www.inaturalist.org/observations/253656109,https://static.inaturalist.org/photos/454226238/medium.jpeg,,"","",1,0,false,3,"Cabbage Island, Lake Placid, FL, US",27.1459166667,-81.21392,4,,,,4,,open,false,,,Sus scrofa,Sus scrofa,Wild Boar,Mammalia,42134
253726990,5bac2f65-fd35-4a69-ab71-6e8b6ceec541,2024/11/28 5:12 PM,2024-11-28,2024-11-29 02:12:00 +0100,Pacific Time (US & Canada),4072918,hawkparty,Hawk T.,2024-12-01 09:14:25 +0100,2025-07-25 19:39:07 +0200,research,CC-BY,https://www.inaturalist.org/observations/253726990,https://inaturalist-open-data.s3.amazonaws.com/photos/454361080/medium.jpeg,,"",,3,0,false,,"Penryn, CA, USA",38.8519794,-121.1692868,1987,,,,1987,,open,false,,,Wild Boar,Sus scrofa,Wild Boar,Mammalia,42134
253771368,31e95831-e7aa-430b-a5d9-fd5d066cf55b,2024-09-05 06:33:07,2024-09-05,2024-09-05 15:33:07 +0200,America/Hermosillo,8792134,rolando_altamirano,Altamirano Quezada Enrique Rolando,2024-12-01 18:10:16 +0100,2025-05-23 11:03:33 +0200,research,,https://www.inaturalist.org/observations/253771368,https://static.inaturalist.org/photos/454453835/medium.jpeg,,"",,2,0,false,2,"Nogales, MX-SO, MX",31.3303276,-110.9304551997,,,,,,,open,false,gps,gps,Cerdo doméstico,Sus scrofa domesticus,Domestic Pig,Mammalia,324492
253801408,c78b36da-3419-432f-95d2-ad8d90f17a1f,2024-09-27 18:41:03,2024-09-27,2024-09-28 03:41:03 +0200,Pacific Time (US & Canada),2520786,kmarie86,Kelly Wyzykowski,2024-12-01 22:48:07 +0100,2024-12-18 06:26:52 +0100,research,,https://www.inaturalist.org/observations/253801408,https://inaturalist-open-data.s3.amazonaws.com/photos/454512480/medium.jpeg,,"",,1,0,false,2,"Tres Pinos, CA 95075, USA",36.8114630094,-121.2426629663,192,,,,192,,open,false,gps,gps,Eurasian Wild Pig,Sus scrofa,Wild Boar,Mammalia,42134
253801838,244c41f8-83a0-4e7d-9ba5-61f771efe213,2024-10-12 18:32:29,2024-10-12,2024-10-13 03:32:29 +0200,Pacific Time (US & Canada),2520786,kmarie86,Kelly Wyzykowski,2024-12-01 22:52:15 +0100,2025-03-13 03:05:03 +0100,research,,https://www.inaturalist.org/observations/253801838,https://inaturalist-open-data.s3.amazonaws.com/photos/454513377/medium.jpeg,,"",,1,0,false,2,"Tres Pinos, CA 95075, USA",36.8114630094,-121.2426629663,192,,,,192,,open,false,gps,gps,Eurasian Wild Pig,Sus scrofa,Wild Boar,Mammalia,42134
253818827,ad1a4bc2-d2e9-44a5-b35e-9f2707d0e891,2024/12/01 3:07 PM,2024-12-01,2024-12-01 22:07:00 +0100,Central Time (US & Canada),26296,connlindajo,Linda Jo Conn,2024-12-02 01:36:01 +0100,2025-04-13 21:47:23 +0200,research,CC-BY,https://www.inaturalist.org/observations/253818827,https://inaturalist-open-data.s3.amazonaws.com/photos/454538420/medium.jpeg,,"","Took a stroll out back since it was warmer today to see what there was to see.
Way too many signs of these animals visible in the area. ",1,0,false,,"5365 CR 326, Lexington, Lee Co., TX, USA",30.3837210366,-97.0271873914,10,,,,10,,open,false,,,Eurasian Wild Pig,Sus scrofa,Wild Boar,Mammalia,42134
253825572,caf3bd46-82ea-4a45-a013-b0324fb8b768,2024/11/22 7:41 PM,2024-11-22,2024-11-23 02:41:00 +0100,Central Time (US & Canada),8665394,thompsonryan,,2024-12-02 02:53:01 +0100,2024-12-04 08:41:29 +0100,research,CC-BY-NC,https://www.inaturalist.org/observations/253825572,https://inaturalist-open-data.s3.amazonaws.com/photos/454558279/medium.jpeg,,"",,1,0,false,,"Coker, AL 35452, USA",33.2459512,-87.6877882,3271,,,,3271,,open,false,,,Eurasian Wild Pig,Sus scrofa,Wild Boar,Mammalia,42134
253826913,ab6f9672-8696-4920-a79d-67bb4408da2d,2024-11-04 22:05:00-06:00,2024-11-04,2024-11-05 05:05:00 +0100,Central Time (US & Canada),8807524,brookie77,,2024-12-02 03:07:50 +0100,2025-04-13 22:04:05 +0200,research,CC-BY-NC,https://www.inaturalist.org/observations/253826913,https://inaturalist-open-data.s3.amazonaws.com/photos/454561825/medium.jpeg,,"","",1,0,false,3,"FM-1953, Mexia, TX, US",31.5810038,-96.4063657,33,,,,33,,open,false,,,Eurasian Wild Pig,Sus scrofa,Wild Boar,Mammalia,42134
253828566,79ab61e3-9bd7-4531-b4e5-ea478689ac1b,2024-12-01 01:53:00-06:00,2024-12-01,2024-12-01 08:53:00 +0100,Central Time (US & Canada),32993,c_h_hemphill,CH Hemphill,2024-12-02 03:25:30 +0100,2025-04-13 22:06:25 +0200,research,CC-BY-NC,https://www.inaturalist.org/observations/253828566,https://inaturalist-open-data.s3.amazonaws.com/photos/454565577/medium.jpeg,,"","",1,0,false,3,"Valera, TX, US",31.674593261,-99.5929245304,12,,,,12,,open,false,,,Eurasian Wild Pig,Sus scrofa,Wild Boar,Mammalia,42134
253898131,9a9e6fcb-6427-4f1b-a6ec-3f70706335dc,2024/11/27 7:00 AM,2024-11-27,2024-11-27 16:00:00 +0100,Pacific Time (US & Canada),2060368,zona_peligrosa,KC Taylor,2024-12-02 17:15:39 +0100,2024-12-18 06:26:32 +0100,research,CC-BY-NC,https://www.inaturalist.org/observations/253898131,https://inaturalist-open-data.s3.amazonaws.com/photos/454851907/medium.jpeg,,"",Please check annotations. I think a young male in his first year?,2,0,false,,"San Luis Obispo County, CA, USA",35.3421477305,-120.8409035843,335,,,,335,,open,false,,,Eurasian Wild Pig,Sus scrofa,Wild Boar,Mammalia,42134
253898133,260b1883-5448-4307-901c-7f8f0d31a408,2024/11/27 07:00 AM,2024-11-27,2024-11-27 16:00:00 +0100,Pacific Time (US & Canada),2060368,zona_peligrosa,KC Taylor,2024-12-02 17:15:39 +0100,2025-07-21 08:30:55 +0200,research,CC-BY-NC,https://www.inaturalist.org/observations/253898133,https://inaturalist-open-data.s3.amazonaws.com/photos/454679657/medium.jpg,,"",Group of first-year boys?,2,0,false,,"San Luis Obispo County, CA, USA",35.3421967411,-120.8409464996,966,,,,966,,open,false,,,Eurasian Wild Pig,Sus scrofa,Wild Boar,Mammalia,42134
253923559,8eb1f140-49c9-4ae6-82f9-11f96db5fdc6,2024-11-30 14:36:00-05:00,2024-11-30,2024-11-30 20:36:00 +0100,Eastern Time (US & Canada),3340532,plawrynpx,,2024-12-02 21:22:07 +0100,2025-04-14 00:23:43 +0200,research,CC-BY-NC,https://www.inaturalist.org/observations/253923559,https://inaturalist-open-data.s3.amazonaws.com/photos/454725191/medium.jpeg,,"","",1,0,false,3,"Turtle Island, Naples, FL, US",26.0486238196,-81.70092214,6,,,,6,,open,false,,,Eurasian Wild Pig,Sus scrofa,Wild Boar,Mammalia,42134
253926960,884960bb-0e0c-4de5-b7fe-37972cd72752,2024-11-16 18:02:41-05:00,2024-11-16,2024-11-17 00:02:41 +0100,Eastern Time (US & Canada),8497863,ethanaackerman,,2024-12-02 21:52:53 +0100,2025-04-14 00:29:03 +0200,research,CC-BY-NC,https://www.inaturalist.org/observations/253926960,https://inaturalist-open-data.s3.amazonaws.com/photos/454731024/medium.jpeg,,"","",1,0,false,3,"Brian Rd, Norris, SC, US",34.7582157001,-82.7551653403,24,,,,24,,open,false,,,Eurasian Wild Pig,Sus scrofa,Wild Boar,Mammalia,42134
253954091,3315afc3-b881-442f-bdc6-10e06975d9c6,2024/12/02 10:03 AM,2024-12-02,2024-12-02 17:03:00 +0100,Central Time (US & Canada),26296,connlindajo,Linda Jo Conn,2024-12-03 02:56:16 +0100,2025-04-14 01:10:04 +0200,research,CC-BY,https://www.inaturalist.org/observations/253954091,https://inaturalist-open-data.s3.amazonaws.com/photos/454783104/medium.jpeg,,"","Wild hogs are back in the lawn area outside the herbarium and near the BRTC garden.
Sign of wild pig: Rooting",1,0,false,,"S M Tracy Herbarium, College Station, Brazos Co., TX, USA",30.6455908709,-96.2957441734,20,,,,20,,open,false,,,Eurasian Wild Pig,Sus scrofa,Wild Boar,Mammalia,42134
253972684,3f69e72a-ba79-4436-b190-6afcc1f26320,2024/12/01 1:56 PM,2024-12-01,2024-12-01 20:56:00 +0100,Central Time (US & Canada),8682872,tonygallucci,Tony Gallucci,2024-12-03 07:11:11 +0100,2025-04-14 01:39:45 +0200,research,,https://www.inaturalist.org/observations/253972684,https://static.inaturalist.org/photos/454818557/medium.jpeg,,"",feral,1,0,false,,"Kerr County, TX, USA",30.168835,-99.66276,,,,,,,open,false,,,Eurasian Wild Pig,Sus scrofa,Wild Boar,Mammalia,42134
253972783,07ddba2d-2c9f-4069-a0c2-53f245ea9521,2024/12/01 5:32 PM,2024-12-01,2024-12-02 00:32:00 +0100,Central Time (US & Canada),8682872,tonygallucci,Tony Gallucci,2024-12-03 07:11:47 +0100,2025-04-14 01:39:48 +0200,research,,https://www.inaturalist.org/observations/253972783,https://static.inaturalist.org/photos/454818979/medium.jpeg,,"",feral,1,0,false,,"Kerr County, TX, USA",30.156125,-99.5206216667,,,,,,,open,false,,,Eurasian Wild Pig,Sus scrofa,Wild Boar,Mammalia,42134
254008246,57a71c7b-a400-4e23-8d71-baba819c8a31,2024-12-01 10:20:58-05:00,2024-12-01,2024-12-01 16:20:58 +0100,Eastern Time (US & Canada),3575110,erricane,Erick Magyar,2024-12-03 16:53:17 +0100,2024-12-15 18:24:41 +0100,research,,https://www.inaturalist.org/observations/254008246,https://static.inaturalist.org/photos/454891280/medium.jpeg,,"",Roadkill,1,0,false,3,"Sam Jones Trail, Clewiston, FL, US",26.553055,-81.1267,2,,,,2,,open,false,,,Eurasian Wild Pig,Sus scrofa,Wild Boar,Mammalia,42134
254022697,dddcbbfa-a877-479f-b42a-3f828bcb42ee,2024-12-01 11:43:06-06:00,2024-12-01,2024-12-01 18:43:06 +0100,Central Time (US & Canada),6812408,paloduro,Susan Rogers,2024-12-03 19:47:56 +0100,2025-04-14 02:46:53 +0200,research,CC-BY-NC,https://www.inaturalist.org/observations/254022697,https://inaturalist-open-data.s3.amazonaws.com/photos/454918841/medium.jpeg,,"",Invasive and destructive ,1,0,false,3,"Texas, US",35.1162041919,-101.7420581382,139,,,,28734,obscured,open,true,,,Eurasian Wild Pig,Sus scrofa,Wild Boar,Mammalia,42134
254025744,16e9bbd3-0f05-4914-b243-2b567c02105a,2024-12-03 14:18:18-05:00,2024-12-03,2024-12-03 20:18:18 +0100,Eastern Time (US & Canada),2212957,lutes,Madison Lutes,2024-12-03 20:20:02 +0100,2025-02-03 20:38:57 +0100,research,CC-BY-NC,https://www.inaturalist.org/observations/254025744,https://inaturalist-open-data.s3.amazonaws.com/photos/454924607/medium.jpeg,,"","",1,0,false,3,"Florida, US",26.2275063037,-81.5957748938,4,,,,29868,obscured,open,true,,,Eurasian Wild Pig,Sus scrofa,Wild Boar,Mammalia,42134
254028981,5c03f3f6-6da6-4c89-b1e0-933a4415ed6f,2024-12-03 10:06:41-05:00,2024-12-03,2024-12-03 16:06:41 +0100,Eastern Time (US & Canada),300677,austinb,Austin Broadwater,2024-12-03 20:53:28 +0100,2025-04-14 02:56:17 +0200,research,,https://www.inaturalist.org/observations/254028981,https://static.inaturalist.org/photos/454930969/medium.jpeg,,"","",1,0,false,3,"W Chata Pl, Crystal River, FL, US",28.9428283333,-82.5855633333,5,,,,5,,open,false,,,Eurasian Wild Pig,Sus scrofa,Wild Boar,Mammalia,42134
254038668,8473a541-d7f1-4ff6-a3b8-747b0b262321,2024-10-20 18:57:23,2024-10-20,2024-10-21 03:57:23 +0200,Pacific Time (US & Canada),3185559,smcameron,Sophie Cameron,2024-12-03 22:25:48 +0100,2024-12-12 02:37:41 +0100,research,CC-BY-NC-SA,https://www.inaturalist.org/observations/254038668,https://inaturalist-open-data.s3.amazonaws.com/photos/454949819/medium.jpeg,,"",,1,0,false,2,"Isla Vista, CA 93117, USA",34.4615444444,-120.33685,,,,,,,open,false,gps,gps,Eurasian Wild Pig,Sus scrofa,Wild Boar,Mammalia,42134
254056019,33a55530-02dc-4b71-9166-82def4a2ab92,2024-11-28 16:20:26-06:00,2024-11-28,2024-11-28 23:20:26 +0100,Central Time (US & Canada),8764622,marissa_current,,2024-12-04 01:35:36 +0100,2024-12-15 21:41:38 +0100,research,CC-BY-NC,https://www.inaturalist.org/observations/254056019,https://inaturalist-open-data.s3.amazonaws.com/photos/454983400/medium.jpeg,,"",Found on the side of the road,1,0,false,3,"Dunbarton Oak Dr, Corpus Christi, TX, US",27.6790166667,-97.377045,8,,,,8,,open,false,,,Eurasian Wild Pig,Sus scrofa,Wild Boar,Mammalia,42134
254061945,c626efa9-c8ab-45c8-a4b5-9886d943a88a,2024-12-01 16:30:13,2024-12-01,2024-12-01 22:30:13 +0100,Eastern Time (US & Canada),2577237,tedweber1,Ted Weber,2024-12-04 02:52:19 +0100,2024-12-04 04:14:52 +0100,research,CC-BY-NC,https://www.inaturalist.org/observations/254061945,https://inaturalist-open-data.s3.amazonaws.com/photos/454995104/medium.jpeg,,"",,1,0,false,2,"Halifax, FL 32174, USA",29.405118,-81.1303769722,,,,,,,open,false,gps,gps,Eurasian Wild Pig,Sus scrofa,Wild Boar,Mammalia,42134
254068655,4e84a02c-3097-4487-badd-eed50eb098e8,2024-11-11 22:33:18-06:00,2024-11-11,2024-11-12 05:33:18 +0100,Central Time (US & Canada),4164501,tanman9921,Tanner9921,2024-12-04 04:24:15 +0100,2025-04-14 03:59:43 +0200,research,CC-BY-NC,https://www.inaturalist.org/observations/254068655,https://inaturalist-open-data.s3.amazonaws.com/photos/455008084/medium.jpeg,,"","",1,0,false,3,"Bull Creek, Austin, TX, US",30.4094091908,-97.7934421379,23,,,,23,,open,false,,,Eurasian Wild Pig,Sus scrofa,Wild Boar,Mammalia,42134
254110844,b6845217-540e-4302-ae89-85cd07b9a2d0,2024-12-04 10:25:00-05:00,2024-12-04,2024-12-04 16:25:00 +0100,Eastern Time (US & Canada),8504053,alstond,,2024-12-04 16:25:22 +0100,2025-04-14 04:55:38 +0200,research,CC-BY-NC,https://www.inaturalist.org/observations/254110844,https://inaturalist-open-data.s3.amazonaws.com/photos/455092433/medium.jpeg,,"","",1,0,false,3,"Jacobs Chapel Rd, Calhoun Falls, SC, US",34.1476790471,-82.5414334061,29,,,,29,,open,false,,,Eurasian Wild Pig,Sus scrofa,Wild Boar,Mammalia,42134
254122399,962ecbec-f077-4fc5-b1ec-8082738ea0c1,2024/12/03 11:45 PM,2024-12-03,2024-12-04 06:45:00 +0100,Central Time (US & Canada),8785455,fuzzia_chagles,Mr. Spot Your Bird,2024-12-04 18:47:09 +0100,2025-04-14 05:10:53 +0200,research,CC-BY-NC,https://www.inaturalist.org/observations/254122399,https://inaturalist-open-data.s3.amazonaws.com/photos/455115547/medium.png,,"",,1,0,false,,"Liberty, TX, USA",30.0823654178,-94.7867997674,24,,,,24,,open,false,,,Eurasian Wild Pig,Sus scrofa,Wild Boar,Mammalia,42134
254124953,463dc2d4-8b2e-496e-a3d4-81f8bd462969,Wed Dec 04 2024 13:09:04 GMT -0500 (EST),2024-12-04,2024-12-04 19:09:04 +0100,Eastern Time (US & Canada),4402746,d_hellinger,,2024-12-04 19:11:40 +0100,2024-12-14 12:47:15 +0100,research,CC-BY-NC,https://www.inaturalist.org/observations/254124953,https://inaturalist-open-data.s3.amazonaws.com/photos/455287599/medium.jpeg,,"",,1,0,false,333,Dallas,35.3682250977,-81.1524581909,4,,,,4,,open,false,,,Eurasian Wild Pig,Sus scrofa,Wild Boar,Mammalia,42134
254132197,ea7a7a3a-7ff7-47db-ae98-7894dc7c9a37,2024/12/03 9:41 AM,2024-12-03,2024-12-03 18:41:00 +0100,Pacific Time (US & Canada),209572,truthseqr,Anne Parsons,2024-12-04 20:28:36 +0100,2024-12-18 06:26:01 +0100,research,CC-BY-NC,https://www.inaturalist.org/observations/254132197,https://inaturalist-open-data.s3.amazonaws.com/photos/455131321/medium.jpeg,,"",Big male,1,0,false,,"Joseph D. Grant County Park, CA, USA",37.33397026,-121.71023648,,,,,,,open,false,,"",Eurasian Wild Pig,Sus scrofa,Wild Boar,Mammalia,42134
254132203,8286d88a-29ea-42f9-8814-0136d6d62d82,2024/12/03 9:43 AM,2024-12-03,2024-12-03 18:43:00 +0100,Pacific Time (US & Canada),209572,truthseqr,Anne Parsons,2024-12-04 20:28:37 +0100,2024-12-18 06:25:37 +0100,research,CC-BY-NC,https://www.inaturalist.org/observations/254132203,https://inaturalist-open-data.s3.amazonaws.com/photos/455131425/medium.jpeg,,"","Females
There were also a couple of piglets, but they ran into the brush before I could get a picture.",1,0,false,,"Joseph D. Grant County Park, CA, USA",37.33371445,-121.71007355,,,,,,,open,false,,"",Eurasian Wild Pig,Sus scrofa,Wild Boar,Mammalia,42134
254132214,21b44d19-a23e-46cf-ad00-6cfbe5b6aef3,2024/12/03 10:32 AM,2024-12-03,2024-12-03 19:32:00 +0100,Pacific Time (US & Canada),209572,truthseqr,Anne Parsons,2024-12-04 20:28:41 +0100,2025-04-14 05:25:14 +0200,research,CC-BY-NC,https://www.inaturalist.org/observations/254132214,https://inaturalist-open-data.s3.amazonaws.com/photos/455131840/medium.jpeg,,"","A boar ""bathtub"".",1,0,false,,"Joseph D. Grant County Park, CA, USA",37.32119401,-121.70447762,,,,,,,open,false,,"",Eurasian Wild Pig,Sus scrofa,Wild Boar,Mammalia,42134
254146228,82228fb8-f703-4364-a038-ae1e6f86503a,2024-12-04 15:40:57-06:00,2024-12-04,2024-12-04 22:40:57 +0100,Central Time (US & Canada),8815162,lauren_terbush05,,2024-12-04 22:50:45 +0100,2024-12-07 00:53:03 +0100,research,CC-BY-NC,https://www.inaturalist.org/observations/254146228,https://inaturalist-open-data.s3.amazonaws.com/photos/455161502/medium.jpeg,,"","",1,0,false,3,"Kent Ave, Tuscola, TX, US",32.2115555,-99.7962925,629,,,,629,,open,false,,,Eurasian Wild Pig,Sus scrofa,Wild Boar,Mammalia,42134
254150765,7598eebf-dba0-4ef2-b319-d8ff741484da,2024-12-03 13:04:52-05:00,2024-12-03,2024-12-03 19:04:52 +0100,Eastern Time (US & Canada),5477334,dan_linn,,2024-12-04 23:40:40 +0100,2024-12-06 04:09:31 +0100,research,CC-BY-NC,https://www.inaturalist.org/observations/254150765,https://inaturalist-open-data.s3.amazonaws.com/photos/455169338/medium.jpeg,,"","",1,0,false,3,"Avon Park, FL, US",27.6531509228,-81.3653846849,387,,,,387,,open,false,,,Eurasian Wild Pig,Sus scrofa,Wild Boar,Mammalia,42134
254225595,04d7360c-dec8-41bf-a968-86f7023857dd,2024-11-16 20:36:00-06:00,2024-11-16,2024-11-17 03:36:00 +0100,Central Time (US & Canada),8659613,b_watkins,,2024-12-05 19:29:10 +0100,2024-12-05 19:54:07 +0100,research,CC-BY-NC,https://www.inaturalist.org/observations/254225595,https://inaturalist-open-data.s3.amazonaws.com/photos/455318325/medium.jpg,,"","",1,0,false,3,"Mulberry St, Sulphur Springs, TX, US",33.1432518631,-95.6041408812,3566,,,,3566,,open,false,,,Eurasian Wild Pig,Sus scrofa,Wild Boar,Mammalia,42134
254231089,b8dc49b7-2d11-4367-9dde-f7400e5ed1a9,2024-12-05 12:02:27-05:00,2024-12-05,2024-12-05 18:02:27 +0100,Eastern Time (US & Canada),8785381,nastynagasaki,,2024-12-05 20:32:39 +0100,2025-04-14 07:29:29 +0200,research,CC-BY-NC,https://www.inaturalist.org/observations/254231089,https://inaturalist-open-data.s3.amazonaws.com/photos/455329102/medium.jpg,,"","",1,0,false,3,"Black Bear Wilderness Area, Sanford, FL, US",28.85402,-81.3560466667,4,,,,4,,open,false,,,Eurasian Wild Pig,Sus scrofa,Wild Boar,Mammalia,42134
254233150,c32ed8b8-c5b5-45c0-8224-2d20f248f75c,2024/12/05 9:29 AM,2024-12-05,2024-12-05 16:29:00 +0100,Central Time (US & Canada),8815203,annabeltran,,2024-12-05 20:52:16 +0100,2025-05-23 11:03:51 +0200,research,CC-BY-NC,https://www.inaturalist.org/observations/254233150,https://inaturalist-open-data.s3.amazonaws.com/photos/455332305/medium.jpeg,,"",,1,0,false,,"Abilene, TX, USA",32.4487364,-99.7331439,22098,,,,22098,,open,false,,,Domestic Pig,Sus scrofa domesticus,Domestic Pig,Mammalia,324492
254261215,d1ff3d1e-ea45-42db-ae29-692fe29a3ea6,2024-10-30 19:34:00-05:00,2024-10-30,2024-10-31 01:34:00 +0100,Central Time (US & Canada),8773190,joshua_ramon,Joshua Ramon,2024-12-06 02:34:41 +0100,2025-05-23 11:03:53 +0200,research,,https://www.inaturalist.org/observations/254261215,https://static.inaturalist.org/photos/455390104/medium.jpg,,"","",1,0,false,3,"Yorktown Blvd, Corpus Christi, TX, US",27.6429028518,-97.3475463424,95,,,,95,,open,false,,,Domestic Pig,Sus scrofa domesticus,Domestic Pig,Mammalia,324492
254313834,a1619b0a-f969-40d2-8b1e-4f40db348fdf,2024/11/05 2:24 PM CST,2024-11-05,2024-11-05 21:24:00 +0100,Central Time (US & Canada),3563772,sam-darmstadt,Sam Darmstadt,2024-12-06 17:51:47 +0100,2025-04-14 09:12:06 +0200,research,CC-BY-NC,https://www.inaturalist.org/observations/254313834,https://inaturalist-open-data.s3.amazonaws.com/photos/455495578/medium.jpeg,,"",,1,0,false,,"Starr County, TX, USA",26.5751903899,-99.1519546827,654,,,,654,,open,false,,,Eurasian Wild Pig,Sus scrofa,Wild Boar,Mammalia,42134
254326511,0798d05c-1d0b-40da-9bbd-fb9516421311,2024-11-07 11:29:00-05:00,2024-11-07,2024-11-07 17:29:00 +0100,Eastern Time (US & Canada),8497849,lmsouth,,2024-12-06 20:36:41 +0100,2024-12-06 21:38:34 +0100,research,CC-BY-NC,https://www.inaturalist.org/observations/254326511,https://inaturalist-open-data.s3.amazonaws.com/photos/455521921/medium.jpg,,"","",1,0,false,3,"Central, SC, US",34.7563441921,-82.8556209163,169,,,,169,,open,false,,,Eurasian Wild Pig,Sus scrofa,Wild Boar,Mammalia,42134
254364227,5539a593-c66e-4e72-9132-818e778f4ba5,2024-11-30 15:43:00-06:00,2024-11-30,2024-11-30 22:43:00 +0100,Central Time (US & Canada),8508737,phibbs24,,2024-12-07 04:44:00 +0100,2025-09-19 08:41:34 +0200,research,CC-BY-NC,https://www.inaturalist.org/observations/254364227,https://inaturalist-open-data.s3.amazonaws.com/photos/455597912/medium.jpg,,"","",3,0,false,3,"De Queen, AR, US",34.0878853722,-94.461371065,633,,,,633,,open,false,,,Wild Boar,Sus scrofa,Wild Boar,Mammalia,42134
254480730,b93927b9-0cb2-4952-950a-8f9635bdfe60,2024-11-30 09:08:10-08:00,2024-11-30,2024-11-30 18:08:10 +0100,Pacific Time (US & Canada),7407630,rjramirezhsu,,2024-12-08 07:15:23 +0100,2025-04-14 12:53:44 +0200,research,CC-BY-NC,https://www.inaturalist.org/observations/254480730,https://inaturalist-open-data.s3.amazonaws.com/photos/455833311/medium.jpg,,"","",1,0,false,3,"Red Bluff, CA, US",40.3575019867,-122.1670623902,835,,,,835,,open,false,,,Eurasian Wild Pig,Sus scrofa,Wild Boar,Mammalia,42134
254533154,83cca21b-6d3b-47d0-b58d-690f03c62107,2024-12-08 10:15:32-08:00,2024-12-08,2024-12-08 19:15:32 +0100,Pacific Time (US & Canada),8821805,olivia68172,Olivia Lucio,2024-12-08 19:15:38 +0100,2024-12-18 06:25:13 +0100,research,,https://www.inaturalist.org/observations/254533154,https://static.inaturalist.org/photos/455941002/medium.jpg,,"","",1,0,false,3,"Coyote, San Jose, CA, US",37.1970156606,-121.7393657001,3,,,,3,,open,false,,,Eurasian Wild Pig,Sus scrofa,Wild Boar,Mammalia,42134
254533408,ff9078e4-8646-48a6-b4a3-f7a4ca0313fb,2024-12-08 10:16:49-08:00,2024-12-08,2024-12-08 19:16:49 +0100,Pacific Time (US & Canada),158791,andreareid,,2024-12-08 19:18:08 +0100,2024-12-18 06:25:01 +0100,research,CC-BY-NC,https://www.inaturalist.org/observations/254533408,https://inaturalist-open-data.s3.amazonaws.com/photos/455935544/medium.jpg,,"","",1,0,false,3,"Coyote, San Jose, CA, US",37.1971133333,-121.7393716667,45,,,,45,,open,false,,,Eurasian Wild Pig,Sus scrofa,Wild Boar,Mammalia,42134
254533748,96418cdc-871f-4abd-a6b1-9ec34b83c535,2024-12-08 10:20:28-08:00,2024-12-08,2024-12-08 19:20:28 +0100,Pacific Time (US & Canada),8541603,ashad2024,,2024-12-08 19:21:58 +0100,2024-12-18 06:24:42 +0100,research,CC-BY-NC,https://www.inaturalist.org/observations/254533748,https://inaturalist-open-data.s3.amazonaws.com/photos/455935918/medium.jpg,,"","",1,0,false,3,"Coyote, San Jose, CA, US",37.1970916887,-121.739945793,15,,,,15,,open,false,,,Eurasian Wild Pig,Sus scrofa,Wild Boar,Mammalia,42134
254536705,314b5f44-423e-43a2-980a-7b337229a86a,2024-12-08 10:51:18-08:00,2024-12-08,2024-12-08 19:51:18 +0100,Pacific Time (US & Canada),8821742,nik_f,Nik F,2024-12-08 19:51:34 +0100,2024-12-18 06:24:29 +0100,research,,https://www.inaturalist.org/observations/254536705,https://static.inaturalist.org/photos/455942273/medium.jpg,,"","",1,0,false,3,"Coyote, San Jose, CA, US",37.1971812602,-121.7393438346,2,,,,2,,open,false,,,Eurasian Wild Pig,Sus scrofa,Wild Boar,Mammalia,42134
254536743,f9dfdc3c-5dd7-4fc4-b291-f08e2d075d5a,2024-12-08 10:51:39-08:00,2024-12-08,2024-12-08 19:51:39 +0100,Pacific Time (US & Canada),8821800,charlottehs999,,2024-12-08 19:52:18 +0100,2024-12-18 06:24:19 +0100,research,CC-BY-NC,https://www.inaturalist.org/observations/254536743,https://inaturalist-open-data.s3.amazonaws.com/photos/455942432/medium.jpg,,"","",1,0,false,3,"Coyote, San Jose, CA, US",37.1974221274,-121.7393516801,101,,,,101,,open,false,,,Eurasian Wild Pig,Sus scrofa,Wild Boar,Mammalia,42134
254536836,0d4f132b-0d24-45de-ae6d-87b154294ec5,2024-12-08 10:51:07-08:00,2024-12-08,2024-12-08 19:51:07 +0100,Pacific Time (US & Canada),8821758,linksol,,2024-12-08 19:53:05 +0100,2024-12-18 06:23:57 +0100,research,CC-BY-NC,https://www.inaturalist.org/observations/254536836,https://inaturalist-open-data.s3.amazonaws.com/photos/455942611/medium.jpg,,"","",1,0,false,3,"Coyote, San Jose, CA, US",37.1971764946,-121.7394847364,5,,,,5,,open,false,,,Eurasian Wild Pig,Sus scrofa,Wild Boar,Mammalia,42134
254538486,c4070e89-79a4-406c-b17b-88ceef1c639b,2024-12-08 11:06:45,2024-12-08,2024-12-08 20:06:45 +0100,Pacific Time (US & Canada),660212,redcheetah2,"",2024-12-08 20:08:45 +0100,2025-09-02 22:19:44 +0200,research,CC-BY-NC,https://www.inaturalist.org/observations/254538486,https://inaturalist-open-data.s3.amazonaws.com/photos/455946016/medium.jpeg,,"",Scat,3,0,false,2,"Coyote Creek, CA, USA",37.1971646,-121.7393873997,,,,,,,open,false,gps,gps,Wild Boar,Sus scrofa,Wild Boar,Mammalia,42134
254560580,abf7afab-65d1-42f8-ace2-57304ac6320f,2024/12/08 10:06 AM,2024-12-08,2024-12-08 19:06:00 +0100,Pacific Time (US & Canada),209572,truthseqr,Anne Parsons,2024-12-08 23:40:07 +0100,2025-09-02 22:19:51 +0200,research,CC-BY-NC,https://www.inaturalist.org/observations/254560580,https://inaturalist-open-data.s3.amazonaws.com/photos/455987804/medium.jpeg,,"scat, boar",Wild boar scat.,2,0,false,,"Coyote Creek, CA, USA",37.1971784,-121.73937012,,,,,,,open,false,,,Wild Boar,Sus scrofa,Wild Boar,Mammalia,42134
254563744,8f21f0e5-24f6-40d3-8832-164c5d74eb78,2024-12-08 10:59:36-08:00,2024-12-08,2024-12-08 19:59:36 +0100,Pacific Time (US & Canada),1827834,efrenibarreta,Efren Ibarreta,2024-12-09 00:13:23 +0100,2025-03-13 03:03:37 +0100,research,,https://www.inaturalist.org/observations/254563744,https://static.inaturalist.org/photos/455995683/medium.jpg,,"","",2,0,false,3,"Coyote, San Jose, CA, US",37.197175,-121.7393583333,3,,,,3,,open,false,,,Eurasian Wild Pig,Sus scrofa,Wild Boar,Mammalia,42134
254573486,5bfa787e-1208-4ca2-8fc2-616b0382cf2b,2024/12/08 10:17 AM,2024-12-08,2024-12-08 19:17:00 +0100,Pacific Time (US & Canada),209572,truthseqr,Anne Parsons,2024-12-09 02:11:10 +0100,2025-09-02 22:19:21 +0200,research,CC-BY-NC,https://www.inaturalist.org/observations/254573486,https://inaturalist-open-data.s3.amazonaws.com/photos/456014166/medium.jpeg,,scat,"Wild boar scat under a valley oak tree. Boars forage for acorns, mushrooms, and grubs under oak trees.",2,0,false,,"Coyote Creek, CA, USA",37.19812452,-121.73901664,,,,,,,open,false,,,Wild Boar,Sus scrofa,Wild Boar,Mammalia,42134
254576483,97d71672-1ba8-4159-82f3-8964e62aa11c,2024/12/08 11:19 AM,2024-12-08,2024-12-08 20:19:00 +0100,Pacific Time (US & Canada),209572,truthseqr,Anne Parsons,2024-12-09 02:45:02 +0100,2024-12-18 06:22:45 +0100,research,CC-BY-NC,https://www.inaturalist.org/observations/254576483,https://inaturalist-open-data.s3.amazonaws.com/photos/456021951/medium.jpeg,,"wild boar, feeding",Wild boars have dug up the earth under these willow trees near the stream.,1,0,false,,"Coyote Creek, CA, USA",37.19467065,-121.73662991,,,,,,,open,false,,,Eurasian Wild Pig,Sus scrofa,Wild Boar,Mammalia,42134
254581460,d9b9f153-5189-430f-bf57-938f563e7a31,2024-12-03 04:30:00-06:00,2024-12-03,2024-12-03 11:30:00 +0100,Central Time (US & Canada),32993,c_h_hemphill,CH Hemphill,2024-12-09 03:38:04 +0100,2024-12-09 06:26:33 +0100,research,CC-BY-NC,https://www.inaturalist.org/observations/254581460,https://inaturalist-open-data.s3.amazonaws.com/photos/456033403/medium.jpg,,"","",1,0,false,3,"Texas, US",31.6196714331,-99.4729600562,127,,,,29199,obscured,open,true,,,Eurasian Wild Pig,Sus scrofa,Wild Boar,Mammalia,42134
254584768,c736d0e6-149a-4696-8bf9-6278ee2f0989,2024-12-08 11:06:53-08:00,2024-12-08,2024-12-08 20:06:53 +0100,Pacific Time (US & Canada),1931269,wallisong,"",2024-12-09 04:15:15 +0100,2024-12-18 06:22:29 +0100,research,CC-BY-NC,https://www.inaturalist.org/observations/254584768,https://inaturalist-open-data.s3.amazonaws.com/photos/456039035/medium.jpg,,"","",1,0,false,3,"Coyote, San Jose, CA, US",37.1971712122,-121.7393833493,3,,,,3,,open,false,,,Eurasian Wild Pig,Sus scrofa,Wild Boar,Mammalia,42134
254586901,fa9f92f9-a28a-46ca-bc07-6c9d3962ce24,2024/11/27 11:55 AM,2024-11-27,2024-11-27 18:55:00 +0100,Central Time (US & Canada),8463900,destinymassey,,2024-12-09 04:39:50 +0100,2025-05-23 11:04:11 +0200,research,CC-BY-NC,https://www.inaturalist.org/observations/254586901,https://inaturalist-open-data.s3.amazonaws.com/photos/456044442/medium.jpeg,,"",,1,0,false,,"Pin Oak Acres, OK 74337, USA",36.1405205467,-95.3034934055,6647,,,,6647,,open,false,,,Domestic Pig,Sus scrofa domesticus,Domestic Pig,Mammalia,324492
254633872,6e9168aa-3822-4b96-9221-9e4a1f82f7ee,2024-12-09 11:19:16,2024-12-09,2024-12-09 17:19:16 +0100,Eastern Time (US & Canada),7864206,s_s_farnsworth,"",2024-12-09 17:20:30 +0100,2025-05-23 11:04:13 +0200,research,CC-BY-NC,https://www.inaturalist.org/observations/254633872,https://inaturalist-open-data.s3.amazonaws.com/photos/456137894/medium.jpeg,,"",,1,0,false,2,"Crystal River, FL 34428, USA",28.94560089,-82.63236962,9,,,,9,,open,false,,,Domestic Pig,Sus scrofa domesticus,Domestic Pig,Mammalia,324492
254636159,0c24ef4b-23fe-4042-b605-14171a07c9de,2024-12-08 10:02:09,2024-12-08,2024-12-08 19:02:09 +0100,Pacific Time (US & Canada),796455,lizzybeth5,Liz,2024-12-09 17:50:01 +0100,2024-12-18 06:22:16 +0100,research,CC-BY-NC,https://www.inaturalist.org/observations/254636159,https://inaturalist-open-data.s3.amazonaws.com/photos/456142429/medium.jpeg,,"",,1,0,false,2,"Coyote Creek, CA, USA",37.1944664997,-121.7365321,,,,,,,open,false,gps,gps,Eurasian Wild Pig,Sus scrofa,Wild Boar,Mammalia,42134
254644039,b2d364e7-29d0-46a9-a947-64f92def1880,2024/12/08 8:20 AM,2024-12-08,2024-12-08 17:20:00 +0100,Pacific Time (US & Canada),34038,merav,Merav Vonshak,2024-12-09 19:35:32 +0100,2024-12-18 06:22:02 +0100,research,CC-BY-NC,https://www.inaturalist.org/observations/254644039,https://inaturalist-open-data.s3.amazonaws.com/photos/456155550/medium.jpeg,,"",,1,0,false,,"Coyote Creek, CA, USA",37.1980388889,-121.7397138889,5,,,,5,,open,false,,,Eurasian Wild Pig,Sus scrofa,Wild Boar,Mammalia,42134
254674741,83932dad-9e5f-497f-b0ee-86847fe1202a,2024-12-09 12:44:08-06:00,2024-12-09,2024-12-09 19:44:08 +0100,Central Time (US & Canada),282010,dyllac,,2024-12-10 01:59:34 +0100,2025-01-11 00:54:26 +0100,research,CC-BY-NC,https://www.inaturalist.org/observations/254674741,https://inaturalist-open-data.s3.amazonaws.com/photos/456221452/medium.jpg,,"","",1,0,false,3,"County Road 221, Schulenburg, TX, US",29.5978166667,-96.8574533333,29,,,,29,,open,false,,,Eurasian Wild Pig,Sus scrofa,Wild Boar,Mammalia,42134
254675051,70b1b67e-15e1-42b8-ab23-6cdca4f0ef8c,2024-12-09 12:44:17-06:00,2024-12-09,2024-12-09 19:44:17 +0100,Central Time (US & Canada),282010,dyllac,,2024-12-10 02:02:26 +0100,2024-12-14 17:40:04 +0100,research,CC-BY-NC,https://www.inaturalist.org/observations/254675051,https://inaturalist-open-data.s3.amazonaws.com/photos/456221846/medium.jpg,,"","",1,0,false,3,"County Road 221, Schulenburg, TX, US",29.597745,-96.8574,3,,,,3,,open,false,,,Eurasian Wild Pig,Sus scrofa,Wild Boar,Mammalia,42134
254677243,b9981d6b-c55b-4b6d-ba45-5ddb40590ade,2024-11-22 09:57:31-06:00,2024-11-22,2024-11-22 16:57:31 +0100,Central Time (US & Canada),454238,holly4557,,2024-12-10 02:36:23 +0100,2024-12-14 19:23:41 +0100,research,CC-BY-NC,https://www.inaturalist.org/observations/254677243,https://inaturalist-open-data.s3.amazonaws.com/photos/456226654/medium.jpg,,"","",1,0,false,3,"Refugio, TX, US",28.2668633333,-97.4182883333,3,,,,3,,open,false,,,Eurasian Wild Pig,Sus scrofa,Wild Boar,Mammalia,42134
254689318,34098cd1-878e-4e7c-9183-4fc556dce2d0,2024/12/09 10:09 PM,2024-12-09,2024-12-10 05:09:00 +0100,Central Time (US & Canada),8551187,purplewasp,,2024-12-10 05:11:15 +0100,2025-05-23 11:04:16 +0200,research,CC-BY-NC,https://www.inaturalist.org/observations/254689318,https://inaturalist-open-data.s3.amazonaws.com/photos/456250843/medium.jpeg,,"",,2,0,false,,"Downtown, San Antonio, TX, USA",29.4244135575,-98.501162092,488,,,,488,,open,false,,,Domestic Pig,Sus scrofa domesticus,Domestic Pig,Mammalia,324492
254728831,eb45daa7-560c-43f6-adc7-385475ec51c0,2024/12/09 11:00 AM,2024-12-09,2024-12-09 17:00:00 +0100,Eastern Time (US & Canada),208854,johngrego,"",2024-12-10 17:23:33 +0100,2025-04-14 23:02:04 +0200,research,CC-BY-NC,https://www.inaturalist.org/observations/254728831,https://inaturalist-open-data.s3.amazonaws.com/photos/456333001/medium.jpeg,,"",,1,0,false,,"Richland County, SC, USA",33.8155269667,-80.8277582713,84,,,,84,,open,false,,,Eurasian Wild Pig,Sus scrofa,Wild Boar,Mammalia,42134
254753611,8401b53b-f496-44aa-8deb-0dd5b3542b92,2024-12-10 14:40:00-05:00,2024-12-10,2024-12-10 20:40:00 +0100,Eastern Time (US & Canada),8478921,doodlesoup72,,2024-12-10 23:00:17 +0100,2024-12-11 01:39:36 +0100,research,CC-BY-NC,https://www.inaturalist.org/observations/254753611,https://inaturalist-open-data.s3.amazonaws.com/photos/456384029/medium.jpg,,"","",1,0,false,3,"Myakka River State Park, Sarasota, FL, US",27.2465937499,-82.3039942113,602,,,,602,,open,false,,,Eurasian Wild Pig,Sus scrofa,Wild Boar,Mammalia,42134
254757770,f3c94273-21f4-4344-9996-c0989251e611,2024-12-02,2024-12-02,,Pacific Time (US & Canada),1669633,sarahsolis,heffa,2024-12-10 23:58:37 +0100,2025-05-23 11:04:24 +0200,research,CC-BY-NC,https://www.inaturalist.org/observations/254757770,https://inaturalist-open-data.s3.amazonaws.com/photos/456392705/medium.jpeg,,"",She ded RIP,2,0,false,2,"San Diego County, US-CA, US",33.0921766485,-117.0944521185,100,,,,29012,obscured,open,true,,,Eurasian Wild Pig,Sus scrofa,Wild Boar,Mammalia,42134
254757928,814bbc13-d89c-4c32-baf2-06a94044ab1e,2024-12-02,2024-12-02,,Pacific Time (US & Canada),1669633,sarahsolis,heffa,2024-12-11 00:00:37 +0100,2025-05-23 11:04:24 +0200,research,CC-BY-NC,https://www.inaturalist.org/observations/254757928,https://inaturalist-open-data.s3.amazonaws.com/photos/456393001/medium.jpeg,,"",My jaw dropped........badum tsss,2,0,false,2,"Hwy 78 & San Pasqual Rd, San Diego, CA 92027, USA",33.0967348465,-117.0202923194,58,,,,58,,open,false,,,Eurasian Wild Pig,Sus scrofa,Wild Boar,Mammalia,42134
254758265,da034628-b6f1-4eeb-b561-305d8bda359d,2024-12-02,2024-12-02,,Pacific Time (US & Canada),1669633,sarahsolis,heffa,2024-12-11 00:03:56 +0100,2025-04-26 17:51:26 +0200,research,CC-BY-NC,https://www.inaturalist.org/observations/254758265,https://inaturalist-open-data.s3.amazonaws.com/photos/456393468/medium.jpeg,,"",RIP,1,0,false,2,"Hwy 78 & San Pasqual Rd, San Diego, CA 92027, USA",33.0966368202,-117.0196050033,90,,,,90,,open,false,gps,gps,Eurasian Wild Pig,Sus scrofa,Wild Boar,Mammalia,42134
254758506,f9f882fc-500f-4bf5-a066-abdd40101405,2024-12-02,2024-12-02,,Pacific Time (US & Canada),1669633,sarahsolis,heffa,2024-12-11 00:07:00 +0100,2025-05-23 11:04:25 +0200,research,CC-BY-NC,https://www.inaturalist.org/observations/254758506,https://inaturalist-open-data.s3.amazonaws.com/photos/456394063/medium.jpeg,,"",She ded,4,0,false,2,"Hwy 78 & San Pasqual Rd, San Diego, CA 92027, USA",33.0967477669,-117.0192727447,52,,,,52,,open,false,gps,gps,Eurasian Wild Pig,Sus scrofa,Wild Boar,Mammalia,42134
254768243,b49edbc1-2189-435c-8060-b72b81d63935,2024-12-10 20:19:53-05:00,2024-12-10,2024-12-11 02:19:53 +0100,Eastern Time (US & Canada),7811496,katiet5,,2024-12-11 02:25:31 +0100,2025-04-15 00:25:55 +0200,research,CC-BY-NC,https://www.inaturalist.org/observations/254768243,https://inaturalist-open-data.s3.amazonaws.com/photos/456414121/medium.jpg,,"","",1,0,false,3,"Paynes Prairie Preserve State Park, Micanopy, FL, US",29.5203391154,-82.2949122223,159,,,,159,,open,false,,,Eurasian Wild Pig,Sus scrofa,Wild Boar,Mammalia,42134
254772842,c671d63f-cd6b-4715-8a40-e1449036f2c1,2024-12-09 08:26:00-06:00,2024-12-09,2024-12-09 15:26:00 +0100,Central Time (US & Canada),32993,c_h_hemphill,CH Hemphill,2024-12-11 03:28:35 +0100,2025-04-15 00:33:10 +0200,research,CC-BY-NC,https://www.inaturalist.org/observations/254772842,https://inaturalist-open-data.s3.amazonaws.com/photos/456422849/medium.jpg,,"","",1,0,false,3,"Texas, US",31.7302466134,-99.5980902026,95,,,,29199,obscured,open,true,,,Eurasian Wild Pig,Sus scrofa,Wild Boar,Mammalia,42134
254786626,7f6d4283-eccf-4d2f-879a-281b068c78c9,2024/12/10 8:06 PM,2024-12-10,2024-12-11 03:06:00 +0100,Central Time (US & Canada),6991807,txnaturewatch,,2024-12-11 07:09:46 +0100,2025-07-10 20:27:51 +0200,research,CC-BY-NC,https://www.inaturalist.org/observations/254786626,https://inaturalist-open-data.s3.amazonaws.com/photos/456450185/medium.jpeg,,"",Dead at the side of a residential road :(,1,0,false,,"Texas, US",30.7913972737,-97.6482223517,54303,,,,54303,obscured,open,true,,,Eurasian Wild Pig,Sus scrofa,Wild Boar,Mammalia,42134
254787282,f10689bd-9989-4bb7-8cb3-ad872284440f,2024/12/08 10:21 AM,2024-12-08,2024-12-08 19:21:00 +0100,Pacific Time (US & Canada),34038,merav,Merav Vonshak,2024-12-11 07:23:39 +0100,2025-04-15 00:56:19 +0200,research,CC-BY-NC,https://www.inaturalist.org/observations/254787282,https://inaturalist-open-data.s3.amazonaws.com/photos/456449754/medium.jpeg,,"",,1,0,false,,"Coyote Creek, CA, USA",37.1972,-121.7393555556,5,,,,5,,open,false,,,Eurasian Wild Pig,Sus scrofa,Wild Boar,Mammalia,42134
254811018,d2d22e91-7c5f-4630-9844-a9bd1129243f,2024-12-10 10:47:02,2024-12-10,2024-12-10 17:47:02 +0100,Central Time (US & Canada),4648433,hannah_pepper,Hannah Pepper Atkinson,2024-12-11 15:13:21 +0100,2025-04-15 01:32:32 +0200,research,,https://www.inaturalist.org/observations/254811018,https://static.inaturalist.org/photos/456500242/medium.jpeg,,"",,1,0,false,2,"Nemo, TX 76070, USA",32.2062833333,-97.6342555556,4,,,,4,,open,false,gps,gps,Eurasian Wild Pig,Sus scrofa,Wild Boar,Mammalia,42134
254819038,b66050a9-197e-4997-81df-5370846d3fbc,2024-12-09 20:46:40-05:00,2024-12-09,2024-12-10 02:46:40 +0100,Eastern Time (US & Canada),4003014,xavierhoppy8,,2024-12-11 17:12:19 +0100,2025-04-15 01:43:38 +0200,research,CC-BY-NC,https://www.inaturalist.org/observations/254819038,https://inaturalist-open-data.s3.amazonaws.com/photos/456516520/medium.jpg,,"","",1,0,false,3,"Lake Hart, Orlando, FL, US",28.3744365041,-81.2012014328,4507,,,,4507,,open,false,,,Eurasian Wild Pig,Sus scrofa,Wild Boar,Mammalia,42134
254827579,44e91960-e8ab-4554-a4bb-f9289f0fa95f,2024/12/08 12:12 PM,2024-12-08,2024-12-08 19:12:00 +0100,Central Time (US & Canada),7844411,mdraines,Mike Raines,2024-12-11 19:18:25 +0100,2024-12-11 22:59:50 +0100,research,CC-BY-NC,https://www.inaturalist.org/observations/254827579,https://inaturalist-open-data.s3.amazonaws.com/photos/456533063/medium.png,,CRPJ,juniper and oak woodland near stream,1,0,false,,"Texas, US",30.8687793226,-97.6829776581,5,,,,29304,obscured,open,true,,,Eurasian Wild Pig,Sus scrofa,Wild Boar,Mammalia,42134
254827580,2d3c7d4c-4aff-4926-8cce-a57520bbb45d,2024/12/08 12:12 PM,2024-12-08,2024-12-08 19:12:00 +0100,Central Time (US & Canada),7844411,mdraines,Mike Raines,2024-12-11 19:18:25 +0100,2024-12-11 22:59:52 +0100,research,CC-BY-NC,https://www.inaturalist.org/observations/254827580,https://inaturalist-open-data.s3.amazonaws.com/photos/456533065/medium.png,,CRPJ,juniper and oak woodland near stream,1,0,false,,"Texas, US",30.9910951006,-97.6930775003,5,,,,29304,obscured,open,true,,,Eurasian Wild Pig,Sus scrofa,Wild Boar,Mammalia,42134
254864421,c4223f54-e890-4855-9001-f10fc6bed4a2,2024-12-04 19:36:23-06:00,2024-12-04,2024-12-05 02:36:23 +0100,Central Time (US & Canada),8762223,eric_lopez10,,2024-12-12 03:33:07 +0100,2024-12-12 03:49:57 +0100,research,CC-BY-NC,https://www.inaturalist.org/observations/254864421,https://inaturalist-open-data.s3.amazonaws.com/photos/456608782/medium.jpg,,"","",2,0,false,3,"Realitos, TX, US",27.3320451262,-98.4662303366,532,,,,532,,open,false,,,Eurasian Wild Pig,Sus scrofa,Wild Boar,Mammalia,42134
254869679,9efa61f5-8912-455f-983e-caab95af1f52,2024-12-08 15:52:00-06:00,2024-12-08,2024-12-08 22:52:00 +0100,Central Time (US & Canada),8762481,dash36248,Dash,2024-12-12 04:50:52 +0100,2024-12-12 07:13:07 +0100,research,,https://www.inaturalist.org/observations/254869679,https://static.inaturalist.org/photos/456618599/medium.jpg,,"","",1,0,false,3,"Alice, TX, US",27.9472113536,-98.2284022551,20834,,,,20834,,open,false,,,Eurasian Wild Pig,Sus scrofa,Wild Boar,Mammalia,42134
254872745,5a31563a-39fa-405a-8469-700b8e55dd78,2024-12-11 22:36:30,2024-12-11,2024-12-12 05:36:30 +0100,Central Time (US & Canada),3962104,amunoz27,,2024-12-12 05:37:36 +0100,2025-01-08 02:32:24 +0100,research,CC-BY-NC,https://www.inaturalist.org/observations/254872745,https://inaturalist-open-data.s3.amazonaws.com/photos/456624312/medium.jpeg,,"",,1,0,false,2,"Laredo, TX 78041, USA",27.57326745,-99.43260385,3,,,,3,,open,false,,,Eurasian Wild Pig,Sus scrofa,Wild Boar,Mammalia,42134
254944470,14307824-6016-4118-b78b-ec024c0db640,2024-12-12 13:36:56-06:00,2024-12-12,2024-12-12 20:36:56 +0100,Central Time (US & Canada),277496,codystricker,Cody Stricker,2024-12-13 01:44:27 +0100,2024-12-13 10:17:02 +0100,research,CC-BY,https://www.inaturalist.org/observations/254944470,https://inaturalist-open-data.s3.amazonaws.com/photos/456770516/medium.jpg,,"","",1,0,false,3,"RM-1631, Fredericksburg, TX, US",30.362495,-98.6746216667,4,,,,4,,open,false,,,Eurasian Wild Pig,Sus scrofa,Wild Boar,Mammalia,42134
254949507,436a426a-5c9d-44cf-9156-23a3aa7c254a,2024-12-08 19:58:00-06:00,2024-12-08,2024-12-09 02:58:00 +0100,Central Time (US & Canada),8809771,roadiedavis,,2024-12-13 02:58:53 +0100,2024-12-13 07:42:52 +0100,research,CC-BY-NC,https://www.inaturalist.org/observations/254949507,https://inaturalist-open-data.s3.amazonaws.com/photos/456781219/medium.jpg,,"","",1,0,false,3,"Beeville, TX, US",28.5204333146,-97.6033004589,292,,,,292,,open,false,,,Eurasian Wild Pig,Sus scrofa,Wild Boar,Mammalia,42134
254950355,b9d10f07-9f2c-4fc6-bf85-137cafd2ccd7,2024/12/12 8:10 AM,2024-12-12,2024-12-12 15:10:00 +0100,Central Time (US & Canada),18812,mako252,Jon McIntyre,2024-12-13 03:12:38 +0100,2024-12-14 03:31:43 +0100,research,CC-BY-NC,https://www.inaturalist.org/observations/254950355,https://inaturalist-open-data.s3.amazonaws.com/photos/456782911/medium.jpeg,,"",,2,0,false,,"Refugio County, TX, USA",28.4365360161,-96.8200926525,8,,,,8,,open,false,,,Eurasian Wild Pig,Sus scrofa,Wild Boar,Mammalia,42134
255020907,8459d2ef-516e-4b83-8b4b-62026e3472ca,2024/12/11 2:37 PM,2024-12-11,2024-12-11 21:37:00 +0100,Central Time (US & Canada),3716041,jim668,Jim Dobbins,2024-12-13 23:34:27 +0100,2025-04-15 06:56:49 +0200,research,,https://www.inaturalist.org/observations/255020907,https://static.inaturalist.org/photos/456923647/medium.jpeg,,"","Seen from the Observation Tower - perhaps a half mile or more, away. ",1,0,false,,"Calhoun County, TX, USA",28.2474191038,-96.7906552992,41,,,,41,,open,false,,,Eurasian Wild Pig,Sus scrofa,Wild Boar,Mammalia,42134
255085189,d33d4266-7c7b-4b9d-9030-fff44e7e4cf1,2024-12-14 11:19:36-05:00,2024-12-14,2024-12-14 17:19:36 +0100,Eastern Time (US & Canada),6592598,kellyobear,Kelly Bearhs,2024-12-14 17:22:53 +0100,2025-04-15 08:33:33 +0200,research,CC-BY-NC,https://www.inaturalist.org/observations/255085189,https://inaturalist-open-data.s3.amazonaws.com/photos/457054392/medium.jpg,,"",second group along i-95 N in short distance. had at least 4 piglets from what i could see. ,1,0,false,3,"I-95 N, Woodbine, GA, US",31.0228861667,-81.6570133333,4,,,,4,,open,false,,,Eurasian Wild Pig,Sus scrofa,Wild Boar,Mammalia,42134
255109291,f89e4bdd-5265-42c8-ad1d-529955b8d77e,2024-12-14 09:53:16-05:00,2024-12-14,2024-12-14 15:53:16 +0100,Eastern Time (US & Canada),3312888,ingolfaskevold,Ingolf Askevold,2024-12-14 22:13:02 +0100,2024-12-18 18:44:37 +0100,research,CC-BY-NC,https://www.inaturalist.org/observations/255109291,https://inaturalist-open-data.s3.amazonaws.com/photos/457102213/medium.jpg,,"","",1,0,false,3,"St. Marks National Wildlife Refuge, Crawfordville, FL, US",30.0929583333,-84.1598278333,4,,,,4,,open,false,,,Eurasian Wild Pig,Sus scrofa,Wild Boar,Mammalia,42134
255113845,35de1c73-c787-4253-807b-d7f7328f09ed,2024-12-13 15:51:22,2024-12-13,2024-12-13 22:51:22 +0100,Central Time (US & Canada),811871,ecashel,,2024-12-14 23:02:06 +0100,2025-04-15 09:19:32 +0200,research,,https://www.inaturalist.org/observations/255113845,https://static.inaturalist.org/photos/457111213/medium.jpeg,,"",,1,0,false,2,"Niederwald, TX 78640, USA",29.9415232018,-97.8767724708,219,,,,219,,open,false,gps,gps,Eurasian Wild Pig,Sus scrofa,Wild Boar,Mammalia,42134
255119451,3cdf87a6-246c-4483-b573-aba8ee938064,2024-12-14 11:37,2024-12-14,2024-12-14 18:37:00 +0100,Central Time (US & Canada),126079,k_mccormack,,2024-12-15 00:08:38 +0100,2025-07-10 20:25:11 +0200,research,CC-BY-NC,https://www.inaturalist.org/observations/255119451,https://inaturalist-open-data.s3.amazonaws.com/photos/457122063/medium.jpg,,"","road kill

same individuals as https://www.inaturalist.org/observations/255337284",1,0,false,,"shallow ford road, temple, texas",31.048807,-97.414168,10,,,,10,,open,false,,,Eurasian Wild Pig,Sus scrofa,Wild Boar,Mammalia,42134
255122829,45f9799a-1c22-412e-bc24-b1c32da783da,2024-12-14 17:45:05-06:00,2024-12-14,2024-12-15 00:45:05 +0100,Central Time (US & Canada),19104,cesmith,Christopher E. Smith,2024-12-15 00:45:54 +0100,2025-04-15 09:33:54 +0200,research,CC-BY-NC,https://www.inaturalist.org/observations/255122829,https://static.inaturalist.org/photos/457154662/medium.jpg,,"","",1,0,false,3,"Texas, US",29.9424735006,-94.610939168,2,,,,29433,obscured,open,true,,,Eurasian Wild Pig,Sus scrofa,Wild Boar,Mammalia,42134
255203343,a3230769-04f4-40e2-8a2e-83a004405c4e,2024/12/14 8:36 AM,2024-12-14,2024-12-14 14:36:00 +0100,Eastern Time (US & Canada),1163555,j_albright,,2024-12-15 19:32:35 +0100,2025-04-15 11:33:39 +0200,research,,https://www.inaturalist.org/observations/255203343,https://static.inaturalist.org/photos/457294361/medium.jpg,,"",,1,0,false,,"Wakulla County, FL, USA",30.1306155397,-84.1452667028,4,,,,4,,open,false,,,Eurasian Wild Pig,Sus scrofa,Wild Boar,Mammalia,42134
255205802,0a0eefdb-00a7-43d4-ace6-ad5578255fd4,2024/12/14 12:05 PM,2024-12-14,2024-12-14 19:05:00 +0100,Central Time (US & Canada),143067,philipwoodscc,Philip Woods,2024-12-15 19:57:45 +0100,2025-04-15 11:37:54 +0200,research,CC-BY-NC,https://www.inaturalist.org/observations/255205802,https://inaturalist-open-data.s3.amazonaws.com/photos/457294357/medium.jpeg,,"",coming out of the brush in the dry lake bed,1,0,false,,"Calhoun County, TX, USA",28.2554459546,-96.7968296174,31,,,,31,,open,false,,,Eurasian Wild Pig,Sus scrofa,Wild Boar,Mammalia,42134
255219015,798c8055-f6e8-4661-a28a-91ab11501abb,2024-12-08 14:15:00-06:00,2024-12-08,2024-12-08 21:15:00 +0100,Central Time (US & Canada),8762238,jaiya_huerta,,2024-12-15 22:16:39 +0100,2024-12-16 06:26:35 +0100,research,CC-BY-NC,https://www.inaturalist.org/observations/255219015,https://inaturalist-open-data.s3.amazonaws.com/photos/457326096/medium.jpg,,"","",1,0,false,3,"Alice, TX, US",27.8752735,-97.9809635,749,,,,749,,open,false,,,Eurasian Wild Pig,Sus scrofa,Wild Boar,Mammalia,42134
255234934,af9e1405-ae57-49c0-b374-4102de5248ac,2024-12-15 16:22:16,2024-12-15,2024-12-15 23:22:16 +0100,Central Time (US & Canada),1195388,coreyhusic,Corey Husic,2024-12-16 00:53:50 +0100,2024-12-16 03:06:54 +0100,research,CC-BY-NC,https://www.inaturalist.org/observations/255234934,https://inaturalist-open-data.s3.amazonaws.com/photos/457358848/medium.jpg,,"",,1,0,false,843,"Mesquite Trail, Brownsville, TX, US",25.9957416667,-97.5660383333,2,,,,2,,open,false,,,Eurasian Wild Pig,Sus scrofa,Wild Boar,Mammalia,42134
255260741,de148541-100c-499d-9269-64d59db3ba7a,2024/11/18 12:22 AM,2024-11-18,2024-11-18 07:22:00 +0100,Central Time (US & Canada),7914878,mdemartino,,2024-12-16 05:43:38 +0100,2025-04-15 12:59:48 +0200,research,CC-BY-NC,https://www.inaturalist.org/observations/255260741,https://inaturalist-open-data.s3.amazonaws.com/photos/457405933/medium.jpeg,,"",P00[0:0] TT[152] E[102:0857]G[192:0x3c] BV[19:2] IR[L:L:25] MOE[0:3] AL:[0:0,1,0,false,,"Jollyville, Austin, TX, USA",30.3900230849,-97.7722936669,66,,,,66,,open,false,,,Eurasian Wild Pig,Sus scrofa,Wild Boar,Mammalia,42134
255260742,4560cca7-3b8f-49fe-b43d-a6e49c60c15e,2024/11/18 1:34 AM,2024-11-18,2024-11-18 08:34:00 +0100,Central Time (US & Canada),7914878,mdemartino,,2024-12-16 05:43:38 +0100,2025-04-15 12:59:48 +0200,research,CC-BY-NC,https://www.inaturalist.org/observations/255260742,https://inaturalist-open-data.s3.amazonaws.com/photos/457405967/medium.jpeg,,"",P00[0:0] TT[2566] E[102:0857]G[192:0x3c] BV[21:0] IR[L:L:25] MOE[0:3] AL:[0:0,1,0,false,,"Jollyville, Austin, TX, USA",30.3900230849,-97.7722936669,66,,,,66,,open,false,,,Eurasian Wild Pig,Sus scrofa,Wild Boar,Mammalia,42134
255260757,28f07269-197c-418e-a18d-56958ced46ac,2024/11/28 11:37 PM,2024-11-28,2024-11-29 06:37:00 +0100,Central Time (US & Canada),7914878,mdemartino,,2024-12-16 05:43:42 +0100,2025-04-15 12:59:50 +0200,research,CC-BY-NC,https://www.inaturalist.org/observations/255260757,https://inaturalist-open-data.s3.amazonaws.com/photos/457406208/medium.jpeg,,"",P00[0:3] TT[2656] E[103:0821]G[192:0x3c] BV[23:-1] IR[L:L:25] MOE[0:3] AL:[0:0,1,0,false,,"Jollyville, Austin, TX, USA",30.3900230849,-97.7722936669,66,,,,66,,open,false,,,Eurasian Wild Pig,Sus scrofa,Wild Boar,Mammalia,42134
255260758,88a465c3-9ecf-4060-9d21-a6f1e98f5683,2024/11/28 11:51 PM,2024-11-28,2024-11-29 06:51:00 +0100,Central Time (US & Canada),7914878,mdemartino,,2024-12-16 05:43:43 +0100,2025-04-15 12:59:50 +0200,research,CC-BY-NC,https://www.inaturalist.org/observations/255260758,https://inaturalist-open-data.s3.amazonaws.com/photos/457406225/medium.jpeg,,"",P00[0:1] TT[149] E[103:0821]G[192:0x3c] BV[22:0] IR[L:L:25] MOE[0:3] AL:[0:0,1,0,false,,"Jollyville, Austin, TX, USA",30.3900230849,-97.7722936669,66,,,,66,,open,false,,,Eurasian Wild Pig,Sus scrofa,Wild Boar,Mammalia,42134
255260760,bd198064-c5bd-4d5c-96fc-062144308c42,2024/11/29 12:08 AM,2024-11-29,2024-11-29 07:08:00 +0100,Central Time (US & Canada),7914878,mdemartino,,2024-12-16 05:43:43 +0100,2025-04-15 12:59:50 +0200,research,CC-BY-NC,https://www.inaturalist.org/observations/255260760,https://inaturalist-open-data.s3.amazonaws.com/photos/457406244/medium.jpeg,,"",P00[0:3] TT[2595] E[103:0821]G[192:0x3c] BV[22:0] IR[L:L:25] MOE[0:3] AL:[0:0,1,0,false,,"Jollyville, Austin, TX, USA",30.3900230849,-97.7722936669,66,,,,66,,open,false,,,Eurasian Wild Pig,Sus scrofa,Wild Boar,Mammalia,42134
255260761,39647019-b554-40c1-9385-8aaf359b58ef,2024/11/29 12:09 AM,2024-11-29,2024-11-29 07:09:00 +0100,Central Time (US & Canada),7914878,mdemartino,,2024-12-16 05:43:44 +0100,2025-04-15 12:59:50 +0200,research,CC-BY-NC,https://www.inaturalist.org/observations/255260761,https://inaturalist-open-data.s3.amazonaws.com/photos/457406256/medium.jpeg,,"",P00[0:3] TT[2595] E[103:0821]G[192:0x3c] BV[22:0] IR[L:L:25] MOE[0:3] AL:[0:0,1,0,false,,"Jollyville, Austin, TX, USA",30.3900230849,-97.7722936669,66,,,,66,,open,false,,,Eurasian Wild Pig,Sus scrofa,Wild Boar,Mammalia,42134
255260767,ba699d1e-014a-4f53-89b3-d650c7a3453d,2024/11/29 12:10 AM,2024-11-29,2024-11-29 07:10:00 +0100,Central Time (US & Canada),7914878,mdemartino,,2024-12-16 05:43:44 +0100,2025-04-15 12:59:50 +0200,research,CC-BY-NC,https://www.inaturalist.org/observations/255260767,https://inaturalist-open-data.s3.amazonaws.com/photos/457406258/medium.jpeg,,"",P00[0:7] TT[2595] E[103:0821]G[192:0x3c] BV[22:0] IR[L:L:25] MOE[0:3] AL:[0:0,1,0,false,,"Jollyville, Austin, TX, USA",30.3900230849,-97.7722936669,66,,,,66,,open,false,,,Eurasian Wild Pig,Sus scrofa,Wild Boar,Mammalia,42134
255260770,9d109ca9-611d-4804-bb66-e664e8e0b62f,2024/11/29 12:13 AM,2024-11-29,2024-11-29 07:13:00 +0100,Central Time (US & Canada),7914878,mdemartino,,2024-12-16 05:43:45 +0100,2025-04-15 12:59:51 +0200,research,CC-BY-NC,https://www.inaturalist.org/observations/255260770,https://inaturalist-open-data.s3.amazonaws.com/photos/457406288/medium.jpeg,,"",P00[0:0] TT[149] E[103:0821]G[192:0x3c] BV[22:0] IR[L:L:25] MOE[0:3] AL:[0:0,1,0,false,,"Jollyville, Austin, TX, USA",30.3900230849,-97.7722936669,66,,,,66,,open,false,,,Eurasian Wild Pig,Sus scrofa,Wild Boar,Mammalia,42134
255260789,00969359-b832-499b-8d50-5abb234024cc,2024/12/02 1:25 AM,2024-12-02,2024-12-02 08:25:00 +0100,Central Time (US & Canada),7914878,mdemartino,,2024-12-16 05:43:46 +0100,2025-04-15 12:59:52 +0200,research,CC-BY-NC,https://www.inaturalist.org/observations/255260789,https://inaturalist-open-data.s3.amazonaws.com/photos/457406346/medium.jpeg,,"",P00[0:0] TT[149] E[103:0821]G[192:0x3c] BV[22:0] IR[L:L:25] MOE[0:3] AL:[0:0,1,0,false,,"Jollyville, Austin, TX, USA",30.3900230849,-97.7722936669,66,,,,66,,open,false,,,Eurasian Wild Pig,Sus scrofa,Wild Boar,Mammalia,42134
255260796,bc2b6f5e-5831-42e1-92c1-4c5f8457eea7,2024/12/02 10:40 PM,2024-12-02,2024-12-03 05:40:00 +0100,Central Time (US & Canada),7914878,mdemartino,,2024-12-16 05:43:47 +0100,2025-04-15 12:59:52 +0200,research,CC-BY-NC,https://www.inaturalist.org/observations/255260796,https://inaturalist-open-data.s3.amazonaws.com/photos/457406401/medium.jpeg,,"",P00[0:2] TT[148] E[103:0821]G[192:0x3c] BV[22:0] IR[L:L:25] MOE[0:3] AL:[0:0,1,0,false,,"Jollyville, Austin, TX, USA",30.3900230849,-97.7722936669,66,,,,66,,open,false,,,Eurasian Wild Pig,Sus scrofa,Wild Boar,Mammalia,42134
255260797,b9832ffd-c743-4fac-8df4-f6473e51c8de,2024/12/02 10:44 PM,2024-12-02,2024-12-03 05:44:00 +0100,Central Time (US & Canada),7914878,mdemartino,,2024-12-16 05:43:48 +0100,2025-04-15 12:59:52 +0200,research,CC-BY-NC,https://www.inaturalist.org/observations/255260797,https://inaturalist-open-data.s3.amazonaws.com/photos/457406435/medium.jpeg,,"",P00[0:0] TT[152] E[101:0895]G[192:0x3c] BV[19:1] IR[L:L:25] MOE[0:3] AL:[0:0,1,0,false,,"Jollyville, Austin, TX, USA",30.3900230849,-97.7722936669,66,,,,66,,open,false,,,Eurasian Wild Pig,Sus scrofa,Wild Boar,Mammalia,42134
255260798,4b257281-0cd5-4974-aaa8-b061a79edc4d,2024/12/02 10:47 PM,2024-12-02,2024-12-03 05:47:00 +0100,Central Time (US & Canada),7914878,mdemartino,,2024-12-16 05:43:48 +0100,2025-04-15 12:59:52 +0200,research,CC-BY-NC,https://www.inaturalist.org/observations/255260798,https://inaturalist-open-data.s3.amazonaws.com/photos/457406448/medium.jpeg,,"",P00[0:2] TT[2582] E[102:0857]G[192:0x3c] BV[21:0] IR[L:L:25] MOE[0:3] AL:[0:0,1,0,false,,"Jollyville, Austin, TX, USA",30.3900230849,-97.7722936669,66,,,,66,,open,false,,,Eurasian Wild Pig,Sus scrofa,Wild Boar,Mammalia,42134
255260799,61c75910-8659-4dcf-b0da-0a563d44e7b4,2024/12/02 10:48 PM,2024-12-02,2024-12-03 05:48:00 +0100,Central Time (US & Canada),7914878,mdemartino,,2024-12-16 05:43:48 +0100,2025-04-15 12:59:53 +0200,research,CC-BY-NC,https://www.inaturalist.org/observations/255260799,https://inaturalist-open-data.s3.amazonaws.com/photos/457406494/medium.jpeg,,"",P00[0:0] TT[2602] E[099:0976]G[192:0x3c] BV[19:-1] IR[L:L:25] MOE[0:3] AL:[0:0,1,0,false,,"Jollyville, Austin, TX, USA",30.3900230849,-97.7722936669,66,,,,66,,open,false,,,Eurasian Wild Pig,Sus scrofa,Wild Boar,Mammalia,42134
255260800,b492160b-e0ec-400a-8cf4-8ebef352af53,2024/12/02 10:49 PM,2024-12-02,2024-12-03 05:49:00 +0100,Central Time (US & Canada),7914878,mdemartino,,2024-12-16 05:43:49 +0100,2025-04-15 12:59:53 +0200,research,CC-BY-NC,https://www.inaturalist.org/observations/255260800,https://inaturalist-open-data.s3.amazonaws.com/photos/457406535/medium.jpeg,,"",P00[0:1] TT[150] E[102:0857]G[192:0x3c] BV[21:0] IR[L:L:25] MOE[0:3] AL:[0:0,1,0,false,,"Jollyville, Austin, TX, USA",30.3900230849,-97.7722936669,66,,,,66,,open,false,,,Eurasian Wild Pig,Sus scrofa,Wild Boar,Mammalia,42134
255260804,f7f758f6-f1ac-4fe9-8a53-ce2c75082078,2024/12/04 6:33 PM,2024-12-04,2024-12-05 01:33:00 +0100,Central Time (US & Canada),7914878,mdemartino,,2024-12-16 05:43:50 +0100,2025-04-15 12:59:53 +0200,research,CC-BY-NC,https://www.inaturalist.org/observations/255260804,https://inaturalist-open-data.s3.amazonaws.com/photos/457406547/medium.jpeg,,"",P00[2:1] TT[523] E[101:0895]G[192:0x3c] BV[21:-1] IR[L:L:25] MOE[0:3] AL:[0:0,1,0,false,,"Jollyville, Austin, TX, USA",30.3900230849,-97.7722936669,66,,,,66,,open,false,,,Eurasian Wild Pig,Sus scrofa,Wild Boar,Mammalia,42134
255260817,4107fc43-b668-494e-ba0f-80c5b8fe834d,2024/12/07 5:41 PM,2024-12-07,2024-12-08 00:41:00 +0100,Central Time (US & Canada),7914878,mdemartino,,2024-12-16 05:43:54 +0100,2025-04-15 12:59:55 +0200,research,CC-BY-NC,https://www.inaturalist.org/observations/255260817,https://inaturalist-open-data.s3.amazonaws.com/photos/457406732/medium.jpeg,,"",P00[59:60] TT[2501] E[107:0681]G[164:0x33] BV[33:0] IR[L:F:60] MOE[0:3] AL:[0:0,1,0,false,,"Jollyville, Austin, TX, USA",30.3900230849,-97.7722936669,66,,,,66,,open,false,,,Eurasian Wild Pig,Sus scrofa,Wild Boar,Mammalia,42134
255260820,9dd4be51-eb43-4e54-9e06-c7daf037905f,2024/12/08 8:34 PM,2024-12-08,2024-12-09 03:34:00 +0100,Central Time (US & Canada),7914878,mdemartino,,2024-12-16 05:43:54 +0100,2025-04-15 12:59:55 +0200,research,CC-BY-NC,https://www.inaturalist.org/observations/255260820,https://inaturalist-open-data.s3.amazonaws.com/photos/457406764/medium.jpeg,,"",P00[0:4] TT[162] E[093:1266]G[192:0x3c] BV[12:0] IR[L:L:25] MOE[0:3] AL:[0:0,1,0,false,,"Jollyville, Austin, TX, USA",30.3900230849,-97.7722936669,66,,,,66,,open,false,,,Eurasian Wild Pig,Sus scrofa,Wild Boar,Mammalia,42134
255260822,86ed1ce1-5882-4bee-a86d-5ccbe6fc2251,2024/12/08 11:19 PM,2024-12-08,2024-12-09 06:19:00 +0100,Central Time (US & Canada),7914878,mdemartino,,2024-12-16 05:43:55 +0100,2025-04-15 12:59:55 +0200,research,CC-BY-NC,https://www.inaturalist.org/observations/255260822,https://inaturalist-open-data.s3.amazonaws.com/photos/457406836/medium.jpeg,,"",P00[0:0] TT[158] E[094:1213]G[192:0x3c] BV[14:-1] IR[L:L:25] MOE[0:3] AL:[0:0,1,0,false,,"Jollyville, Austin, TX, USA",30.3900230849,-97.7722936669,66,,,,66,,open,false,,,Eurasian Wild Pig,Sus scrofa,Wild Boar,Mammalia,42134
255293484,7d3ab2de-e7d0-48f1-985e-e9d98d873e40,2024-12-12 09:28:57-06:00,2024-12-12,2024-12-12 16:28:57 +0100,Central Time (US & Canada),8827896,gage_hall,Gage Hall,2024-12-16 15:22:31 +0100,2025-04-15 13:49:22 +0200,research,,https://www.inaturalist.org/observations/255293484,https://static.inaturalist.org/photos/457482222/medium.jpg,,"","",1,0,false,3,"S Post Rd, Guthrie, OK, US",35.844232425,-97.3541041501,15612,,,,15612,,open,false,,,Eurasian Wild Pig,Sus scrofa,Wild Boar,Mammalia,42134
255320925,82eb1bf1-c7d0-4a95-9593-5c1888651d04,2024-12-14 12:45:37-06:00,2024-12-14,2024-12-14 19:45:37 +0100,Central Time (US & Canada),2193368,jimenavivanco,Jimena Vivanco,2024-12-16 21:14:15 +0100,2024-12-16 22:48:08 +0100,research,,https://www.inaturalist.org/observations/255320925,https://static.inaturalist.org/photos/457536176/medium.jpg,,"","",1,0,false,3,"N Dallas Ave, Lancaster, TX, US",32.6289966667,-96.7727133333,4,,,,4,,open,false,,,Eurasian Wild Pig,Sus scrofa,Wild Boar,Mammalia,42134
255337284,62e5c1c7-b02e-4bcd-9217-70119aaa0b6b,2024-12-14 11:36:33-06:00,2024-12-14,2024-12-14 18:36:33 +0100,Central Time (US & Canada),353582,alflinn329,A. Flinn (and M. Finn),2024-12-17 00:12:56 +0100,2024-12-17 19:52:45 +0100,research,CC-BY-NC,https://www.inaturalist.org/observations/255337284,https://inaturalist-open-data.s3.amazonaws.com/photos/457587752/medium.jpg,,"","",1,0,false,3,"Shallow Ford Rd, Temple, TX, US",31.0488055,-97.41417,4,,,,4,,open,false,,,Eurasian Wild Pig,Sus scrofa,Wild Boar,Mammalia,42134
255351159,8b3bad17-5f52-4648-978b-77b49699cad0,2024-12-16 11:42:25-05:00,2024-12-16,2024-12-16 17:42:25 +0100,Eastern Time (US & Canada),6754012,lucky_1660,Chloe Ream,2024-12-17 03:05:52 +0100,2025-04-15 15:19:44 +0200,research,CC-BY-NC,https://www.inaturalist.org/observations/255351159,https://inaturalist-open-data.s3.amazonaws.com/photos/457593228/medium.jpg,,"","",1,0,false,3,"Kennedy Space Center Visitor Complex, Merritt Island, FL, US",28.6228474089,-80.7210174248,74,,,,74,,open,false,,,Eurasian Wild Pig,Sus scrofa,Wild Boar,Mammalia,42134
255404492,b49e75b6-143b-4c88-9f45-686389227bd8,2024/12/15 7:23 AM,2024-12-15,2024-12-15 13:23:00 +0100,Eastern Time (US & Canada),6682641,jferrari444,Jim Ferrari,2024-12-17 17:48:51 +0100,2024-12-17 18:27:41 +0100,research,CC-BY-NC,https://www.inaturalist.org/observations/255404492,https://inaturalist-open-data.s3.amazonaws.com/photos/457707079/medium.jpg,,"",,1,0,false,,"Camden County, GA, USA",30.744521448,-81.4620383172,4,,,,4,,open,false,,,Eurasian Wild Pig,Sus scrofa,Wild Boar,Mammalia,42134
255430538,4e17af66-29c9-4be4-9fbf-ceb1880870a5,2024-12-16 22:33:53-06:00,2024-12-16,2024-12-17 05:33:53 +0100,Central Time (US & Canada),6448981,hbas95,,2024-12-17 22:58:41 +0100,2024-12-18 20:47:02 +0100,research,CC-BY-NC,https://www.inaturalist.org/observations/255430538,https://inaturalist-open-data.s3.amazonaws.com/photos/457755083/medium.jpg,,"","",2,0,false,3,"Colorado Bend State Park, San Saba, TX, US",31.04025795,-98.4821409,2215,,,,2215,,open,false,,,Eurasian Wild Pig,Sus scrofa,Wild Boar,Mammalia,42134
255441531,95d27632-ebce-42b6-b25c-09a1534bd07b,2024-12-17 12:36:00,2024-12-17,2024-12-17 18:36:00 +0100,America/Nipigon,8835525,normmartin,,2024-12-17 23:32:21 +0100,2025-05-23 11:04:40 +0200,research,CC-BY-NC,https://www.inaturalist.org/observations/255441531,https://static.inaturalist.org/photos/457761158/medium.jpeg,,"","There were 4 small pigs 3 were black and one was black and white
I believe the black and white one is Male as it was trying the breed with one of the other black ones. These are small ones not a year old ",2,0,false,2,"Canfield, ON N0A 1C0, Canada",43.0245038105,-79.7891568393,17,,,,17,,open,false,gps,gps,Domestic Pig,Sus scrofa domesticus,Domestic Pig,Mammalia,324492
255453706,c4ac04ab-d3e6-43d6-b253-a11063c53086,2024/12/15 4:46 PM,2024-12-15,2024-12-15 22:46:00 +0100,Eastern Time (US & Canada),586546,stevecollins,Steve Collins,2024-12-18 01:55:43 +0100,2025-05-23 11:04:40 +0200,research,CC-BY,https://www.inaturalist.org/observations/255453706,https://static.inaturalist.org/photos/457780535/medium.jpeg,,"",,2,0,false,,"Alachua County, FL, USA",29.5693116667,-82.3105366667,,,,,,,open,false,,,Domestic Pig,Sus scrofa domesticus,Domestic Pig,Mammalia,324492
255454441,11fd4121-7a41-48dd-a0ca-65af565777de,2024-02-19 13:46:45,2024-02-19,2024-02-19 21:46:45 +0100,Arizona,1022003,austindude,"",2024-12-18 02:09:14 +0100,2025-05-23 11:04:41 +0200,research,,https://www.inaturalist.org/observations/255454441,https://static.inaturalist.org/photos/457782949/medium.jpeg,,"",,2,0,false,2,"Tucson Estates, AZ, USA",32.1725430148,-111.1762138456,4,,,,4,,open,false,,,Domestic Pig,Sus scrofa domesticus,Domestic Pig,Mammalia,324492
255455487,52a80e4b-8315-4f22-ae54-e1ba792710fb,2024/12/17 10:22 AM,2024-12-17,2024-12-17 17:22:00 +0100,Central Time (US & Canada),26669,timbir5,Tim Guida,2024-12-18 02:23:34 +0100,2025-04-11 14:53:49 +0200,research,CC-BY-NC,https://www.inaturalist.org/observations/255455487,https://inaturalist-open-data.s3.amazonaws.com/photos/457784911/medium.jpeg,,"","",1,0,false,,"Hancock County, MS, USA",30.3886516667,-89.5181,,,,,,,open,false,,,Eurasian Wild Pig,Sus scrofa,Wild Boar,Mammalia,42134
255455814,6d9a64e2-38e2-43d7-821e-20fb34e4c4f7,2024/12/17 10:05 AM,2024-12-17,2024-12-17 19:05:00 +0100,Pacific Time (US & Canada),209572,truthseqr,Anne Parsons,2024-12-18 02:29:12 +0100,2025-01-15 00:54:00 +0100,research,CC-BY-NC,https://www.inaturalist.org/observations/255455814,https://inaturalist-open-data.s3.amazonaws.com/photos/457784722/medium.jpeg,,"boar, herd, adults, Babies","This was a huge herd of wild boars (~50) with dozens of babies. When they heard us, they ran for cover in the trees by the creek.",1,0,false,,"Joseph D. Grant County Park, CA, USA",37.32188758,-121.70272078,,,,,,,open,false,,"",Eurasian Wild Pig,Sus scrofa,Wild Boar,Mammalia,42134
255455815,8e30ad82-aa0e-4eb8-832a-64732b10ad3f,2024/12/17 10:06 AM,2024-12-17,2024-12-17 19:06:00 +0100,Pacific Time (US & Canada),209572,truthseqr,Anne Parsons,2024-12-18 02:29:12 +0100,2024-12-31 22:54:41 +0100,research,CC-BY-NC,https://www.inaturalist.org/observations/255455815,https://inaturalist-open-data.s3.amazonaws.com/photos/457784790/medium.jpeg,,"",This big guy got separated from the large herd.,1,0,false,,"Joseph D. Grant County Park, CA, USA",37.32176688,-121.70300545,,,,,,,open,false,,"",Eurasian Wild Pig,Sus scrofa,Wild Boar,Mammalia,42134
255456501,7e06d3a6-022a-486c-b87a-f480c2ee613a,2024-12-10 17:18:00-06:00,2024-12-10,2024-12-11 00:18:00 +0100,Central Time (US & Canada),32993,c_h_hemphill,CH Hemphill,2024-12-18 02:39:01 +0100,2024-12-18 12:36:02 +0100,research,CC-BY-NC,https://www.inaturalist.org/observations/255456501,https://inaturalist-open-data.s3.amazonaws.com/photos/457787154/medium.jpg,,"","",1,0,false,3,"Texas, US",31.6195614746,-99.5758448685,131,,,,29199,obscured,open,true,,,Eurasian Wild Pig,Sus scrofa,Wild Boar,Mammalia,42134
255456908,683be921-699b-4afc-970e-96c7b89b23dc,2024-12-11 10:18:00-06:00,2024-12-11,2024-12-11 17:18:00 +0100,Central Time (US & Canada),32993,c_h_hemphill,CH Hemphill,2024-12-18 02:44:42 +0100,2024-12-18 12:35:50 +0100,research,CC-BY-NC,https://www.inaturalist.org/observations/255456908,https://inaturalist-open-data.s3.amazonaws.com/photos/457788739/medium.jpg,,"","",1,0,false,3,"Texas, US",31.7584899527,-99.4585808588,119,,,,29199,obscured,open,true,,,Eurasian Wild Pig,Sus scrofa,Wild Boar,Mammalia,42134
255457573,4f4da64f-7a30-4bc2-bbe8-023cf551b3c7,2024-12-12 07:14:00-06:00,2024-12-12,2024-12-12 14:14:00 +0100,Central Time (US & Canada),32993,c_h_hemphill,CH Hemphill,2024-12-18 02:55:54 +0100,2024-12-18 12:35:29 +0100,research,CC-BY-NC,https://www.inaturalist.org/observations/255457573,https://inaturalist-open-data.s3.amazonaws.com/photos/457789822/medium.jpg,,"","",1,0,false,3,"Texas, US",31.7082107712,-99.4674887654,126,,,,29199,obscured,open,true,,,Eurasian Wild Pig,Sus scrofa,Wild Boar,Mammalia,42134
255459354,27d7af39-c0e3-4ef5-9bd6-58e8ed63eb4d,2024-12-14 18:53:00-06:00,2024-12-14,2024-12-15 01:53:00 +0100,Central Time (US & Canada),32993,c_h_hemphill,CH Hemphill,2024-12-18 03:15:05 +0100,2024-12-19 00:17:21 +0100,research,CC-BY-NC,https://www.inaturalist.org/observations/255459354,https://inaturalist-open-data.s3.amazonaws.com/photos/457793004/medium.jpg,,"","",2,0,false,3,"Texas, US",31.6184118546,-99.4155750196,120,,,,29199,obscured,open,true,,,Eurasian Wild Pig,Sus scrofa,Wild Boar,Mammalia,42134
255459573,3e80b027-6eee-4ac6-bfa5-51044d9206f6,2024-12-15 02:45:00-06:00,2024-12-15,2024-12-15 09:45:00 +0100,Central Time (US & Canada),32993,c_h_hemphill,CH Hemphill,2024-12-18 03:18:44 +0100,2024-12-18 12:33:44 +0100,research,CC-BY-NC,https://www.inaturalist.org/observations/255459573,https://inaturalist-open-data.s3.amazonaws.com/photos/457793565/medium.jpg,,"","",1,0,false,3,"Texas, US",31.6787642576,-99.4792868667,131,,,,29199,obscured,open,true,,,Eurasian Wild Pig,Sus scrofa,Wild Boar,Mammalia,42134
255493783,597e0da9-960f-4069-8f74-23a8ec865865,2024-12-16 05:16:00-06:00,2024-12-16,2024-12-16 12:16:00 +0100,Central Time (US & Canada),32993,c_h_hemphill,CH Hemphill,2024-12-18 14:05:36 +0100,2024-12-18 14:07:40 +0100,research,CC-BY-NC,https://www.inaturalist.org/observations/255493783,https://inaturalist-open-data.s3.amazonaws.com/photos/457866960/medium.jpg,,"","",1,0,false,3,"Texas, US",31.7516853998,-99.5690323295,139,,,,29199,obscured,open,true,,,Eurasian Wild Pig,Sus scrofa,Wild Boar,Mammalia,42134
255528199,77a10f83-6688-49e6-bdaa-59d6ee1ea3bd,2024-12-17 10:54:38-08:00,2024-12-17,2024-12-17 19:54:38 +0100,Pacific Time (US & Canada),758510,mccreedy,Chris McCreedy,2024-12-18 21:47:19 +0100,2025-05-23 11:04:47 +0200,research,,https://www.inaturalist.org/observations/255528199,https://static.inaturalist.org/photos/457934669/medium.jpg,,"","",2,0,false,3,"Luna Rd, Niland, CA, US",33.2320116667,-115.5231383333,5,,,,5,,open,false,,,Domestic Pig,Sus scrofa domesticus,Domestic Pig,Mammalia,324492
255534263,fcd69066-b479-400f-81c0-6ba791c71f7d,2024-09-10 10:22:54-05:00,2024-09-10,2024-09-10 17:22:54 +0200,Central Time (US & Canada),5713315,thesnakefromthelemma,,2024-12-18 23:16:57 +0100,2025-04-15 23:39:26 +0200,research,CC-BY-NC,https://www.inaturalist.org/observations/255534263,https://inaturalist-open-data.s3.amazonaws.com/photos/457948135/medium.jpg,,"",Surprisingly oblivious to my presence,1,0,false,3,"Texas, US",29.2415718774,-95.9319392242,4,,,,29508,obscured,open,true,,,Sus scrofa,Sus scrofa,Wild Boar,Mammalia,42134
255545994,d0f58107-d274-49f3-8df8-f11a66ded01c,2024/12/17 11:14 AM,2024-12-17,2024-12-17 18:14:00 +0100,Central Time (US & Canada),115786,oddfitz,Todd Fitzgerald,2024-12-19 02:07:31 +0100,2024-12-21 21:12:34 +0100,research,CC-BY-NC,https://www.inaturalist.org/observations/255545994,https://inaturalist-open-data.s3.amazonaws.com/photos/457971456/medium.jpeg,,"",,1,0,false,,"Cottle County, TX, USA",34.163225,-100.3569082778,,,,,,,open,false,,,Eurasian Wild Pig,Sus scrofa,Wild Boar,Mammalia,42134
255546970,4650e7e1-925f-4d07-8c1d-927d22b1fc52,2024-12-17 07:49:00-06:00,2024-12-17,2024-12-17 14:49:00 +0100,Central Time (US & Canada),32993,c_h_hemphill,CH Hemphill,2024-12-19 02:22:54 +0100,2024-12-21 21:12:34 +0100,research,CC-BY-NC,https://www.inaturalist.org/observations/255546970,https://inaturalist-open-data.s3.amazonaws.com/photos/457975394/medium.jpg,,"","",1,0,false,3,"Texas, US",31.6585433402,-99.5842184452,88,,,,29199,obscured,open,true,,,Eurasian Wild Pig,Sus scrofa,Wild Boar,Mammalia,42134
255591936,780e1330-7974-4ce1-8abf-5a1dd9e0b07e,2024/12/18 7:03 AM,2024-12-18,2024-12-18 13:03:00 +0100,Eastern Time (US & Canada),6232758,roboticsasquatch,Donovan Snell,2024-12-19 16:12:08 +0100,2025-05-23 11:04:49 +0200,research,CC-BY-NC,https://www.inaturalist.org/observations/255591936,https://inaturalist-open-data.s3.amazonaws.com/photos/458067294/medium.jpeg,,"",,2,0,false,,"Concerned Citizens of Gibsonton Area, Gibsonton, FL, USA",27.8109504548,-82.3911996428,15,,,,15,,open,false,,,Domestic Pig,Sus scrofa domesticus,Domestic Pig,Mammalia,324492
255621959,31a5bc99-8f18-4413-bc76-9a2102c1927f,2024-12-19 13:22:55-06:00,2024-12-19,2024-12-19 20:22:55 +0100,Central Time (US & Canada),185548,patsyr,,2024-12-19 23:02:14 +0100,2025-04-16 02:30:08 +0200,research,CC-BY-NC,https://www.inaturalist.org/observations/255621959,https://inaturalist-open-data.s3.amazonaws.com/photos/458129203/medium.jpg,,"","",1,0,false,3,"Old Rock Rd, Coden, AL, US",30.3986752809,-88.1650859145,163,,,,163,,open,false,,,Eurasian Wild Pig,Sus scrofa,Wild Boar,Mammalia,42134
255635380,f0dd6b02-731f-4c58-b5e2-e181854d6bfc,2024/12/19 5:00 PM,2024-12-19,2024-12-20 00:00:00 +0100,Central Time (US & Canada),4060861,jellyfishmambo,🐦‍⬛ Randolph (Randy) King 🐦‍⬛,2024-12-20 02:17:17 +0100,2025-04-16 02:57:28 +0200,research,CC-BY-NC,https://www.inaturalist.org/observations/255635380,https://inaturalist-open-data.s3.amazonaws.com/photos/458156765/medium.jpeg,,"",,1,0,false,,"McLennan County, TX, USA",31.5823572279,-96.9184416349,326,,,,326,,open,false,,,Eurasian Wild Pig,Sus scrofa,Wild Boar,Mammalia,42134
255645871,accce456-54f4-4584-b6ed-fbf696ce369d,2024-12-10 01:39:39-06:00,2024-12-10,2024-12-10 08:39:39 +0100,Central Time (US & Canada),159415,jen242,"",2024-12-20 04:52:50 +0100,2025-04-15 14:06:03 +0200,research,CC-BY-NC,https://www.inaturalist.org/observations/255645871,https://inaturalist-open-data.s3.amazonaws.com/photos/458180906/medium.jpg,,"","",2,0,false,3,"Hornsby St, Austin, TX, US",30.3853640486,-97.6809429333,13,,,,13,,open,false,,,Eurasian Wild Pig,Sus scrofa,Wild Boar,Mammalia,42134
255650028,f5e63137-8a2f-4550-8591-de62095da1cf,2024/03/22 2:31 PM,2024-03-22,2024-03-22 20:31:00 +0100,Central Time (US & Canada),2773613,whlewis,William Lewis,2024-12-20 06:06:02 +0100,2024-12-23 04:28:22 +0100,research,,https://www.inaturalist.org/observations/255650028,https://static.inaturalist.org/photos/458170900/medium.jpg,,"","",1,0,false,,"Aransas County, TX, USA",28.248274094,-96.8201389861,61,,,,61,,open,false,,,Eurasian Wild Pig,Sus scrofa,Wild Boar,Mammalia,42134
255691287,10a23609-4568-4098-b77c-cb2ba84f1f58,2024-12-09 13:48:08-05:00,2024-12-09,2024-12-09 19:48:08 +0100,Eastern Time (US & Canada),2334821,toadwarrior,Bryce Silver-Bates,2024-12-20 18:18:32 +0100,2024-12-21 21:12:05 +0100,research,CC-BY-NC,https://www.inaturalist.org/observations/255691287,https://inaturalist-open-data.s3.amazonaws.com/photos/458272166/medium.jpg,,"","",1,0,false,3,"North Atlantic Ocean, FL, US",25.823205,-81.3997366667,3,,,,3,,open,false,,,Eurasian Wild Pig,Sus scrofa,Wild Boar,Mammalia,42134
255693778,72f09068-5d42-4a16-9f3e-4a2c19164225,2024-09-30 20:43:12-05:00,2024-09-30,2024-10-01 03:43:12 +0200,Central Time (US & Canada),5713315,thesnakefromthelemma,,2024-12-20 18:51:01 +0100,2024-12-23 03:55:37 +0100,research,CC-BY-NC,https://www.inaturalist.org/observations/255693778,https://inaturalist-open-data.s3.amazonaws.com/photos/458277581/medium.jpg,,"",Juvenile spotted walking in the high grass adjacent the road; managed to catch it…,3,0,false,3,"Sugar Land, TX, US",29.5663083333,-95.6485133333,4,,,,4,,open,false,,,Sus scrofa,Sus scrofa,Wild Boar,Mammalia,42134
255723433,327176b8-97d8-418b-8661-1c2069661540,2024-12-20 12:51:53,2024-12-20,2024-12-20 21:51:53 +0100,Pacific Time (US & Canada),6369408,gordon174,Gordon Stitt,2024-12-21 01:26:19 +0100,2025-05-24 07:52:58 +0200,research,,https://www.inaturalist.org/observations/255723433,https://static.inaturalist.org/photos/458338204/medium.jpeg,,"",,3,0,false,2,"Diablo Grande, CA 95363, USA",37.4608438304,-121.2308300659,1026,,,,1026,,open,false,gps,gps,Wild Boar,Sus scrofa,Wild Boar,Mammalia,42134
255731005,ed23554c-b365-4746-959c-76213032f153,2024-12-20 07:54:00-06:00,2024-12-20,2024-12-20 14:54:00 +0100,Central Time (US & Canada),32993,c_h_hemphill,CH Hemphill,2024-12-21 03:16:58 +0100,2024-12-21 21:12:14 +0100,research,CC-BY-NC,https://www.inaturalist.org/observations/255731005,https://inaturalist-open-data.s3.amazonaws.com/photos/458354352/medium.jpg,,"","",1,0,false,3,"Texas, US",31.7403461265,-99.4967068715,129,,,,29199,obscured,open,true,,,Eurasian Wild Pig,Sus scrofa,Wild Boar,Mammalia,42134
255781505,fa71b59b-16df-430a-b830-71ca6e88e95e,2024-12-21 09:01:51-06:00,2024-12-21,2024-12-21 16:01:51 +0100,Central Time (US & Canada),430949,rendition56,"",2024-12-21 17:44:51 +0100,2025-04-16 07:14:14 +0200,research,,https://www.inaturalist.org/observations/255781505,https://static.inaturalist.org/photos/458457366/medium.jpg,,"","",1,0,false,3,"Conroe, TX, US",30.225595,-95.495155,5,,,,5,,open,false,,,Eurasian Wild Pig,Sus scrofa,Wild Boar,Mammalia,42134
255792397,a27c2fd1-68d5-452c-9a57-fd4ff0d5ff59,2024-12-21 13:56:29,2024-12-21,2024-12-21 19:56:29 +0100,Eastern Time (US & Canada),5037326,jtorres250,Jose Alberto Torres,2024-12-21 19:57:51 +0100,2024-12-21 21:10:25 +0100,research,CC-BY-NC,https://www.inaturalist.org/observations/255792397,https://inaturalist-open-data.s3.amazonaws.com/photos/458478857/medium.jpeg,,"",,2,0,false,2,"Alachua County, US-FL, US",29.5580201753,-82.3167257756,5,,,,5,,open,false,gps,gps,Eurasian Wild Pig,Sus scrofa,Wild Boar,Mammalia,42134
255801133,799ddd85-02af-4ce2-b543-d301a4431f74,2024/12/21 10:38 AM,2024-12-21,2024-12-21 17:38:00 +0100,Central Time (US & Canada),26296,connlindajo,Linda Jo Conn,2024-12-21 21:34:09 +0100,2025-04-16 07:46:30 +0200,research,CC-BY,https://www.inaturalist.org/observations/255801133,https://inaturalist-open-data.s3.amazonaws.com/photos/458494849/medium.jpeg,,"",One of many DOR wild hogs observed along the highway today. ,1,0,false,,"Hwy 77, Milam County, TX, USA",30.5944592353,-97.0070185423,8,,,,8,,open,false,,,Eurasian Wild Pig,Sus scrofa,Wild Boar,Mammalia,42134
255807905,03f4ffdf-a0b6-49e1-aadc-54ec7729cdd4,2024/12/21 11:05 AM,2024-12-21,2024-12-21 18:05:00 +0100,Central Time (US & Canada),26296,connlindajo,Linda Jo Conn,2024-12-21 23:00:27 +0100,2025-04-16 07:57:03 +0200,research,CC-BY,https://www.inaturalist.org/observations/255807905,https://inaturalist-open-data.s3.amazonaws.com/photos/458505195/medium.jpeg,,"","When I stopped to document another DOR wild hog on the highway, I ended up observing 3 dead adults, 3 apparently newborn dead piglets, and the hide and bones of an adult. 
Female with one of the young that may have starved to death. ",1,0,false,,"Hwy 77, Lee County, TX, USA",30.520121842,-96.9890487755,8,,,,8,,open,false,,,Eurasian Wild Pig,Sus scrofa,Wild Boar,Mammalia,42134
255807908,a6ce5d86-a0f6-48fa-b834-58058a35287c,2024/12/21 11:06 AM,2024-12-21,2024-12-21 18:06:00 +0100,Central Time (US & Canada),26296,connlindajo,Linda Jo Conn,2024-12-21 23:00:28 +0100,2025-04-16 07:57:03 +0200,research,CC-BY,https://www.inaturalist.org/observations/255807908,https://inaturalist-open-data.s3.amazonaws.com/photos/458504894/medium.jpeg,,"","When I stopped to document another DOR wild hog on the highway, I ended up observing 3 dead adults, 3 apparently newborn dead piglets, and the hide and bones of an adult. 
Carcasses of young found in the area. Probably more I did not see. ",1,0,false,,"Hwy 77, Lee County, TX, USA",30.5199816898,-96.9890062084,20,,,,20,,open,false,,,Eurasian Wild Pig,Sus scrofa,Wild Boar,Mammalia,42134
255807909,a8b5fe47-086b-4c47-9583-7909b7f0e0c1,2024/12/21 11:07 AM,2024-12-21,2024-12-21 18:07:00 +0100,Central Time (US & Canada),26296,connlindajo,Linda Jo Conn,2024-12-21 23:00:28 +0100,2025-04-16 07:57:03 +0200,research,CC-BY,https://www.inaturalist.org/observations/255807909,https://inaturalist-open-data.s3.amazonaws.com/photos/458506779/medium.jpeg,,"","When I stopped to document another DOR wild hog on the highway, I ended up observing 3 dead adults, 3 apparently newborn dead piglets, and the hide and bones of an adult in the area. ",1,0,false,,"Hwy 77, Lee County, TX, USA",30.5199150439,-96.9889924491,8,,,,8,,open,false,,,Eurasian Wild Pig,Sus scrofa,Wild Boar,Mammalia,42134
255807913,e97c84be-c1c0-497b-94c8-06eed8d38574,2024/12/21 11:09 AM,2024-12-21,2024-12-21 18:09:00 +0100,Central Time (US & Canada),26296,connlindajo,Linda Jo Conn,2024-12-21 23:00:29 +0100,2025-04-16 07:57:04 +0200,research,CC-BY,https://www.inaturalist.org/observations/255807913,https://inaturalist-open-data.s3.amazonaws.com/photos/458505750/medium.jpeg,,"","When I stopped to document another DOR wild hog on the highway, I ended up observing 3 dead adults, 3 apparently newborn dead piglets, and the hide and bones of an adult. 
The male dead hog on the bridge I stopped to document. ",1,0,false,,"Hwy 77, Lee County, TX, USA",30.5200236418,-96.9889388049,8,,,,8,,open,false,,,Eurasian Wild Pig,Sus scrofa,Wild Boar,Mammalia,42134
255807915,e7b4e4bf-e0f3-4617-9a49-56ee4c305564,2024/12/21 11:10 AM,2024-12-21,2024-12-21 18:10:00 +0100,Central Time (US & Canada),26296,connlindajo,Linda Jo Conn,2024-12-21 23:00:29 +0100,2025-04-16 07:57:04 +0200,research,CC-BY,https://www.inaturalist.org/observations/255807915,https://inaturalist-open-data.s3.amazonaws.com/photos/458506634/medium.jpeg,,"","When I stopped to document another DOR wild hog on the highway, I ended up observing 3 dead adults, 3 apparently newborn dead piglets, and the hide and bones of an adult. ",1,0,false,,"Hwy 77, Lee County, TX, USA",30.5200583007,-96.9889696503,8,,,,8,,open,false,,,Eurasian Wild Pig,Sus scrofa,Wild Boar,Mammalia,42134
255815565,26f4ea88-c143-4d9c-862a-8de70226a7ce,2024-12-19 17:03:09-04:00,2024-12-19,2024-12-19 22:03:09 +0100,Eastern Time (US & Canada),897381,thebusybeaver,,2024-12-22 00:29:58 +0100,2025-04-16 08:08:43 +0200,research,CC-BY-NC,https://www.inaturalist.org/observations/255815565,https://inaturalist-open-data.s3.amazonaws.com/photos/458525090/medium.jpg,,"","",1,0,false,3,"Flatwoods Park Trail, Tampa, FL, US",28.1204195,-82.3117666667,4006,,,,4006,,open,false,,,Eurasian Wild Pig,Sus scrofa,Wild Boar,Mammalia,42134
255827577,5f1a5b2c-ae4d-4cf8-8bac-1d579f27ab70,2024/12/21 2:20 PM,2024-12-21,2024-12-21 20:20:00 +0100,Eastern Time (US & Canada),7161220,lwridge,LW Ridge,2024-12-22 02:57:49 +0100,2025-04-16 08:29:35 +0200,research,CC-BY-NC,https://www.inaturalist.org/observations/255827577,https://inaturalist-open-data.s3.amazonaws.com/photos/458547906/medium.jpeg,,"",This photo was taken at a long distance.  We thought it was a bear at first.,1,0,false,,"Polk County, FL, USA",27.83,-81.3670966667,,,,,,,open,false,,,Eurasian Wild Pig,Sus scrofa,Wild Boar,Mammalia,42134
255843764,12de0630-7e2c-403d-af4c-851f111f9348,2024/10/23 11:13 AM,2024-10-23,2024-10-23 20:13:00 +0200,Pacific Time (US & Canada),8706,howardfriedman1,Howard Friedman,2024-12-22 06:54:56 +0100,2025-03-13 03:01:50 +0100,research,CC-BY-NC,https://www.inaturalist.org/observations/255843764,https://inaturalist-open-data.s3.amazonaws.com/photos/458581309/medium.jpeg,,"","",1,0,false,,"Santa Clara County, CA, USA",37.3365220797,-121.7178158412,36,,,,36,,open,false,,,Eurasian Wild Pig,Sus scrofa,Wild Boar,Mammalia,42134
255857204,345b784a-67ff-4c48-a88f-d801e3351c78,2024-12-20 21:51:04-05:00,2024-12-20,2024-12-21 03:51:04 +0100,Eastern Time (US & Canada),6195494,gagecaro2,,2024-12-22 10:45:01 +0100,2025-04-16 09:20:05 +0200,research,CC-BY-NC,https://www.inaturalist.org/observations/255857204,https://inaturalist-open-data.s3.amazonaws.com/photos/458608941/medium.jpg,,"","",1,0,false,3,"Florida National Scenic Trail, River Ranch, FL, US",27.7360583333,-81.1794583333,10,,,,10,,open,false,,,Eurasian Wild Pig,Sus scrofa,Wild Boar,Mammalia,42134
255902627,ca626f7e-a6f7-4ce3-a6ef-b4a3349bf008,2024-12-20 14:57:47-06:00,2024-12-20,2024-12-20 21:57:47 +0100,Central Time (US & Canada),277496,codystricker,Cody Stricker,2024-12-22 19:30:00 +0100,2025-07-29 21:12:53 +0200,research,CC-BY,https://www.inaturalist.org/observations/255902627,https://inaturalist-open-data.s3.amazonaws.com/photos/459168446/medium.jpeg,,TW,"",1,0,false,3,"US-70, Crowell, TX, US",34.0800983492,-100.0245577034,4,,,,4,,open,false,,,Eurasian Wild Pig,Sus scrofa,Wild Boar,Mammalia,42134
255915506,32f96a33-c930-44ca-a721-42f8f0f45170,2024/10/20 1:36 AM,2024-10-20,2024-10-20 08:36:00 +0200,Central Time (US & Canada),1595749,jcochran706,Jack Cochran,2024-12-22 21:55:14 +0100,2025-04-16 10:43:47 +0200,research,CC-BY-NC,https://www.inaturalist.org/observations/255915506,https://inaturalist-open-data.s3.amazonaws.com/photos/458712145/medium.jpeg,,crpj,Side trail down to dry creek.,1,0,false,,"Texas, US",30.9502165689,-97.6621713298,4,,,,29304,obscured,open,true,,,Eurasian Wild Pig,Sus scrofa,Wild Boar,Mammalia,42134
255915507,52bd9e2b-2706-4c88-a839-244b42699360,2024/10/20 9:11 AM,2024-10-20,2024-10-20 16:11:00 +0200,Central Time (US & Canada),1595749,jcochran706,Jack Cochran,2024-12-22 21:55:15 +0100,2025-04-16 10:43:47 +0200,research,CC-BY-NC,https://www.inaturalist.org/observations/255915507,https://inaturalist-open-data.s3.amazonaws.com/photos/458712156/medium.jpeg,,crpj,Side trail down to dry creek.,1,0,false,,"Texas, US",30.904752245,-97.6539540955,4,,,,29304,obscured,open,true,,,Eurasian Wild Pig,Sus scrofa,Wild Boar,Mammalia,42134
255918014,e259a7c1-13bc-4197-8d92-490300ad3297,2024/10/29 6:48 PM,2024-10-29,2024-10-30 00:48:00 +0100,Central Time (US & Canada),1595749,jcochran706,Jack Cochran,2024-12-22 22:25:16 +0100,2025-04-16 10:48:34 +0200,research,CC-BY-NC,https://www.inaturalist.org/observations/255918014,https://inaturalist-open-data.s3.amazonaws.com/photos/458717423/medium.jpeg,,crpj,Side trail down to dry creek.,1,0,false,,"Texas, US",30.9693862541,-97.678145407,4,,,,29304,obscured,open,true,,,Eurasian Wild Pig,Sus scrofa,Wild Boar,Mammalia,42134
255918038,84ebd7b8-50d5-4f5d-a50e-d5359672c268,2024/11/02 7:47 AM,2024-11-02,2024-11-02 13:47:00 +0100,Central Time (US & Canada),1595749,jcochran706,Jack Cochran,2024-12-22 22:25:24 +0100,2025-04-16 10:48:36 +0200,research,CC-BY-NC,https://www.inaturalist.org/observations/255918038,https://inaturalist-open-data.s3.amazonaws.com/photos/458717537/medium.jpeg,,crpj,Side trail down to dry creek.,1,0,false,,"Texas, US",30.8239149079,-97.7009674843,4,,,,29304,obscured,open,true,,,Eurasian Wild Pig,Sus scrofa,Wild Boar,Mammalia,42134
255920221,72806d3e-97a3-466f-8f8d-317504262b2e,2024/11/04 9:42 AM,2024-11-04,2024-11-04 16:42:00 +0100,Central Time (US & Canada),1595749,jcochran706,Jack Cochran,2024-12-22 22:46:40 +0100,2025-04-16 10:53:11 +0200,research,CC-BY-NC,https://www.inaturalist.org/observations/255920221,https://inaturalist-open-data.s3.amazonaws.com/photos/458722722/medium.jpeg,,crpj,Side trail down to dry creek.,1,0,false,,"Texas, US",30.8945495574,-97.7127124244,4,,,,29304,obscured,open,true,,,Eurasian Wild Pig,Sus scrofa,Wild Boar,Mammalia,42134
255920229,6b3cecd7-318b-45b4-8468-811d1c251cf1,2024/11/04 4:22 PM,2024-11-04,2024-11-04 23:22:00 +0100,Central Time (US & Canada),1595749,jcochran706,Jack Cochran,2024-12-22 22:46:41 +0100,2025-04-16 10:53:12 +0200,research,CC-BY-NC,https://www.inaturalist.org/observations/255920229,https://inaturalist-open-data.s3.amazonaws.com/photos/458722759/medium.jpeg,,crpj,Side trail down to dry creek.,1,0,false,,"Texas, US",30.8979837625,-97.6802271185,4,,,,29304,obscured,open,true,,,Eurasian Wild Pig,Sus scrofa,Wild Boar,Mammalia,42134
255920262,38735fad-fa76-42cd-88c4-c9a697a847f4,2024/11/09 6:29 AM,2024-11-09,2024-11-09 13:29:00 +0100,Central Time (US & Canada),1595749,jcochran706,Jack Cochran,2024-12-22 22:46:49 +0100,2025-04-16 10:53:14 +0200,research,CC-BY-NC,https://www.inaturalist.org/observations/255920262,https://inaturalist-open-data.s3.amazonaws.com/photos/458722984/medium.jpeg,,crpj,Side trail down to dry creek.,1,0,false,,"Texas, US",30.8341696637,-97.6112914587,4,,,,29304,obscured,open,true,,,Eurasian Wild Pig,Sus scrofa,Wild Boar,Mammalia,42134
255920263,90a831d3-58e9-4cd5-9565-135202bcdcfb,2024/11/09 7:49 AM,2024-11-09,2024-11-09 14:49:00 +0100,Central Time (US & Canada),1595749,jcochran706,Jack Cochran,2024-12-22 22:46:50 +0100,2025-04-16 10:53:14 +0200,research,CC-BY-NC,https://www.inaturalist.org/observations/255920263,https://inaturalist-open-data.s3.amazonaws.com/photos/458722995/medium.jpeg,,crpj,Side trail down to dry creek.,1,0,false,,"Texas, US",30.9930283637,-97.6495058387,4,,,,29304,obscured,open,true,,,Eurasian Wild Pig,Sus scrofa,Wild Boar,Mammalia,42134
255921870,15c963da-f217-41c0-8ec1-f2539707509e,2024/11/16 6:48 PM,2024-11-16,2024-11-17 01:48:00 +0100,Central Time (US & Canada),1595749,jcochran706,Jack Cochran,2024-12-22 22:59:30 +0100,2025-04-16 10:54:27 +0200,research,CC-BY-NC,https://www.inaturalist.org/observations/255921870,https://inaturalist-open-data.s3.amazonaws.com/photos/458725450/medium.jpeg,,crpj,Side trail down to dry creek.,1,0,false,,"Texas, US",30.8960942295,-97.7481846505,4,,,,29304,obscured,open,true,,,Eurasian Wild Pig,Sus scrofa,Wild Boar,Mammalia,42134
255926554,5f62a4a0-1256-418f-91d4-fb0a0bf2f512,2024-12-22 11:56:24-06:00,2024-12-22,2024-12-22 18:56:24 +0100,Central Time (US & Canada),211252,oceanicwilderness,Misti,2024-12-22 23:42:25 +0100,2025-08-05 21:30:01 +0200,research,,https://www.inaturalist.org/observations/255926554,https://static.inaturalist.org/photos/458736498/medium.jpg,,"","",1,0,false,3,"Trinity River National Wildlife Refuge, Liberty, TX, US",30.222875,-94.7883133333,6,,,,6,,open,false,,,Eurasian Wild Pig,Sus scrofa,Wild Boar,Mammalia,42134
255928331,9d569220-5ebd-4f79-8447-25725c7fcf9a,2024/12/17 6:13 PM,2024-12-17,2024-12-18 01:13:00 +0100,Central Time (US & Canada),1595749,jcochran706,Jack Cochran,2024-12-22 23:59:30 +0100,2025-04-16 11:04:44 +0200,research,CC-BY-NC,https://www.inaturalist.org/observations/255928331,https://inaturalist-open-data.s3.amazonaws.com/photos/458738145/medium.jpeg,,crpj,Side trail down to dry creek.,1,0,false,,"Texas, US",30.8140557175,-97.6792153237,4,,,,29304,obscured,open,true,,,Eurasian Wild Pig,Sus scrofa,Wild Boar,Mammalia,42134
255935032,eff33d1b-ded6-44b8-ae3e-f3337686d576,2024/12/22 3:18 PM,2024-12-22,2024-12-22 22:18:00 +0100,Central Time (US & Canada),34728,cosmiccat,Cosmic Cat,2024-12-23 01:18:33 +0100,2025-04-16 11:15:42 +0200,research,CC-BY-NC,https://www.inaturalist.org/observations/255935032,https://inaturalist-open-data.s3.amazonaws.com/photos/458754189/medium.jpeg,,"","Lake Gilmer Park

Dead pigs on the side of the road.",1,0,false,,"Upshur County, TX, USA",32.769703,-94.982201,,,,,,,open,false,,,Eurasian Wild Pig,Sus scrofa,Wild Boar,Mammalia,42134
255939617,34a7dc71-8184-457d-825f-3a3d6de038ce,2024-12-22 10:55:52-06:00,2024-12-22,2024-12-22 17:55:52 +0100,Central Time (US & Canada),277496,codystricker,Cody Stricker,2024-12-23 02:17:15 +0100,2025-04-16 11:24:59 +0200,research,CC-BY,https://www.inaturalist.org/observations/255939617,https://inaturalist-open-data.s3.amazonaws.com/photos/458765096/medium.jpg,,"","",1,0,false,3,"Caprock Canyons State Park & Trailway, Silverton, TX, US",34.44953,-101.1086666667,4,,,,4,,open,false,,,Eurasian Wild Pig,Sus scrofa,Wild Boar,Mammalia,42134
255952694,d05f53f1-9d0e-48ac-866f-2d6dc8257014,2024-12-22 13:34:33-06:00,2024-12-22,2024-12-22 20:34:33 +0100,Central Time (US & Canada),277496,codystricker,Cody Stricker,2024-12-23 05:08:45 +0100,2024-12-28 23:29:20 +0100,research,CC-BY,https://www.inaturalist.org/observations/255952694,https://inaturalist-open-data.s3.amazonaws.com/photos/458790731/medium.jpg,,"","",1,0,false,3,"SH-86, Turkey, TX, US",34.3794633333,-100.9415283333,3,,,,3,,open,false,,,Eurasian Wild Pig,Sus scrofa,Wild Boar,Mammalia,42134
256004031,94521287-7e06-47fc-a4b3-20605b7d0361,2024-10-17 10:03:23-05:00,2024-10-17,2024-10-17 17:03:23 +0200,Central Time (US & Canada),5713315,thesnakefromthelemma,,2024-12-23 19:15:52 +0100,2025-04-16 13:06:21 +0200,research,CC-BY-NC,https://www.inaturalist.org/observations/256004031,https://inaturalist-open-data.s3.amazonaws.com/photos/458895643/medium.jpg,,"","",1,0,false,3,"SH-332, Lake Jackson, TX, US",29.0455305,-95.47747,3,,,,3,,open,false,,,Sus scrofa,Sus scrofa,Wild Boar,Mammalia,42134
256004741,fde6d130-a84d-4ff3-804a-8899cab62a5d,2024-10-22 09:41:37-05:00,2024-10-22,2024-10-22 16:41:37 +0200,Central Time (US & Canada),5713315,thesnakefromthelemma,,2024-12-23 19:23:28 +0100,2025-04-16 13:06:56 +0200,research,CC-BY-NC,https://www.inaturalist.org/observations/256004741,https://inaturalist-open-data.s3.amazonaws.com/photos/458897001/medium.jpg,,"","",1,0,false,3,"Brazoria National Wildlife Refuge, Freeport, TX, US",29.0611028333,-95.241525,4,,,,4,,open,false,,,Sus scrofa,Sus scrofa,Wild Boar,Mammalia,42134
256004783,28109353-6603-4c8f-b949-ea73e40ca921,2024-10-22 09:44:15-05:00,2024-10-22,2024-10-22 16:44:15 +0200,Central Time (US & Canada),5713315,thesnakefromthelemma,,2024-12-23 19:24:05 +0100,2025-04-16 13:06:58 +0200,research,CC-BY-NC,https://www.inaturalist.org/observations/256004783,https://inaturalist-open-data.s3.amazonaws.com/photos/458897085/medium.jpg,,"",AOR,1,0,false,3,"Texas, US",29.1103887951,-95.3000595362,3,,,,29533,obscured,open,true,,,Sus scrofa,Sus scrofa,Wild Boar,Mammalia,42134
256017147,a80d38f8-57c5-4b91-9848-c6cc9a3aef54,2024-12-23 14:37:40-06:00,2024-12-23,2024-12-23 21:37:40 +0100,Central Time (US & Canada),7344395,puckfinn23,,2024-12-23 21:41:49 +0100,2025-07-11 20:19:19 +0200,research,CC-BY-NC,https://www.inaturalist.org/observations/256017147,https://inaturalist-open-data.s3.amazonaws.com/photos/458921708/medium.jpg,,"","",2,0,false,3,"Bear Creek Pioneers Park, Houston, TX, US",29.8359557335,-95.6227283367,4,,,,4,,open,false,,,Eurasian Wild Pig,Sus scrofa,Wild Boar,Mammalia,42134
256062972,0c20b895-ac37-4c54-ae75-a011585ec14c,2024/09/08 8:34 AM,2024-09-08,2024-09-08 17:34:00 +0200,Pacific Time (US & Canada),8706,howardfriedman1,Howard Friedman,2024-12-24 09:00:41 +0100,2025-04-16 14:51:41 +0200,research,CC-BY-NC,https://www.inaturalist.org/observations/256062972,https://inaturalist-open-data.s3.amazonaws.com/photos/459003635/medium.jpeg,,"","",1,0,false,,"Santa Clara County, CA, USA",37.3340000172,-121.7155605984,4,,,,4,,open,false,,,Eurasian Wild Pig,Sus scrofa,Wild Boar,Mammalia,42134
256119130,7614bd0f-8ed9-486a-b9db-b1e9033756aa,2024-10-23 20:44:00-07:00,2024-10-23,2024-10-24 05:44:00 +0200,Pacific Time (US & Canada),8500435,stevenlinbiol211l,,2024-12-24 23:04:24 +0100,2025-04-16 17:19:32 +0200,research,CC-BY-NC,https://www.inaturalist.org/observations/256119130,https://inaturalist-open-data.s3.amazonaws.com/photos/460111877/medium.jpg,,"",I believe it’s a wild pig due to its coloration and body shape,1,0,false,3,"Joseph D. Grant County Park, San Jose, CA, US",37.3406366667,-121.720405,5,,,,5,,open,false,,,Eurasian Wild Pig,Sus scrofa,Wild Boar,Mammalia,42134
256187422,b758f47d-516d-471a-962e-df96146709e1,2024-12-25 11:39:41-05:00,2024-12-25,2024-12-25 17:39:41 +0100,Eastern Time (US & Canada),8189876,thereneejane,,2024-12-25 18:42:02 +0100,2025-05-21 07:01:46 +0200,research,CC-BY-NC,https://www.inaturalist.org/observations/256187422,https://inaturalist-open-data.s3.amazonaws.com/photos/459266482/medium.jpg,,"","",1,0,false,3,"Placida, FL, US",26.86887,-82.2770383333,7,,,,7,,open,false,,,Eurasian Wild Pig,Sus scrofa,Wild Boar,Mammalia,42134
256234722,a3830fa6-537e-4084-8bb3-78090dfaef8d,2024-12-13 15:27:47-05:00,2024-12-13,2024-12-13 21:27:47 +0100,Eastern Time (US & Canada),1037709,apistopanchax,Josh Emm,2024-12-26 05:11:28 +0100,2025-04-16 22:58:20 +0200,research,CC-BY-NC,https://www.inaturalist.org/observations/256234722,https://inaturalist-open-data.s3.amazonaws.com/photos/459364954/medium.jpg,,"","",1,0,false,3,"Florida, US",30.593694393,-84.7934736386,4,,,,29356,obscured,open,true,,,Wild Boar,Sus scrofa,Wild Boar,Mammalia,42134
256239809,43cd3ec1-0c50-42de-a5f7-daedc1b4596c,2024/11/28 3:18 PM,2024-11-28,2024-11-29 00:18:00 +0100,Pacific Time (US & Canada),336699,bluevalhalla,Ed Miller,2024-12-26 06:41:26 +0100,2024-12-26 06:55:53 +0100,research,CC-BY-NC,https://www.inaturalist.org/observations/256239809,https://inaturalist-open-data.s3.amazonaws.com/photos/459376154/medium.jpeg,,"",,1,0,false,,"Berryessa, San Jose, CA, USA",37.4090055556,-121.8013611111,1,,,,1,,open,false,,,Eurasian Wild Pig,Sus scrofa,Wild Boar,Mammalia,42134
256272174,88f93cef-aa11-4674-bf98-8248a18cd969,2024-12-21 14:40:21-05:00,2024-12-21,2024-12-21 20:40:21 +0100,Eastern Time (US & Canada),7619417,snapperlapper,Scotty McGaugh,2024-12-26 15:36:02 +0100,2025-04-17 00:12:01 +0200,research,,https://www.inaturalist.org/observations/256272174,https://static.inaturalist.org/photos/459441434/medium.jpg,,"","",1,0,false,3,"Paynes Prairie Preserve State Park, Micanopy, FL, US",29.6128116667,-82.3072366667,5,,,,5,,open,false,,,Eurasian Wild Pig,Sus scrofa,Wild Boar,Mammalia,42134
256310606,26bbe8ac-550d-401d-8a89-54f92e339531,2024-12-23 14:47:59-05:00,2024-12-23,2024-12-23 20:47:59 +0100,Eastern Time (US & Canada),4360636,harriseli195,Eli S. Harris,2024-12-26 22:41:49 +0100,2025-04-17 01:22:52 +0200,research,CC-BY-NC,https://www.inaturalist.org/observations/256310606,https://inaturalist-open-data.s3.amazonaws.com/photos/459517975/medium.jpg,,"","",1,0,false,3,"Cades Cove, Townsend, TN, US",35.59472,-83.8185883333,13,,,,13,,open,false,,,Eurasian Wild Pig,Sus scrofa,Wild Boar,Mammalia,42134
256343262,023c6c32-ed0a-46c9-b452-81087c661551,2024/11/30 4:12 PM,2024-11-30,2024-11-30 23:12:00 +0100,Central Time (US & Canada),435598,jeffmci9,Jeff McIntyre,2024-12-27 05:17:27 +0100,2024-12-27 07:28:44 +0100,research,CC-BY-NC,https://www.inaturalist.org/observations/256343262,https://inaturalist-open-data.s3.amazonaws.com/photos/459587034/medium.jpeg,,"","",1,0,false,,"Port Aransas, TX, USA",27.8455628651,-97.0716873438,8,,,,8,,open,false,,,Eurasian Wild Pig,Sus scrofa,Wild Boar,Mammalia,42134
256457543,204bb297-be3d-45c0-8002-ad9e3f0211bf,2024/12/27 10:56 AM,2024-12-27,2024-12-27 19:56:00 +0100,Pacific Time (US & Canada),215669,naturesarchive,Michael Hawk,2024-12-28 04:08:02 +0100,2025-04-17 05:17:31 +0200,research,CC-BY-NC,https://www.inaturalist.org/observations/256457543,https://inaturalist-open-data.s3.amazonaws.com/photos/459817744/medium.jpg,,"",,1,0,false,,"San Jose, CA, USA",37.1357777778,-121.7856444444,,,,,,,open,false,,,Eurasian Wild Pig,Sus scrofa,Wild Boar,Mammalia,42134
256458583,5fa45a1a-8893-4ddf-925b-946e8b76ec03,2024-12-27 10:36:18-08:00,2024-12-27,2024-12-27 19:36:18 +0100,Pacific Time (US & Canada),4905171,nature_dog,,2024-12-28 04:21:31 +0100,2025-04-17 05:20:39 +0200,research,CC-BY-NC,https://www.inaturalist.org/observations/256458583,https://inaturalist-open-data.s3.amazonaws.com/photos/459824264/medium.jpg,,"","",1,0,false,3,"Barstow, CA, US",34.7887083333,-117.00539445,4,,,,4,,open,false,,,Eurasian Wild Pig,Sus scrofa,Wild Boar,Mammalia,42134
256535051,f79cc73d-9649-4b1d-9a75-f53f216d3236,2024-12-27 15:35:24,2024-12-27,2024-12-27 21:35:24 +0100,Eastern Time (US & Canada),631647,bbmxta,Brian,2024-12-28 20:50:52 +0100,2025-04-17 07:11:39 +0200,research,CC-BY-NC,https://www.inaturalist.org/observations/256535051,https://inaturalist-open-data.s3.amazonaws.com/photos/459977647/medium.jpeg,,"",,1,0,false,2,"Wakulla County, FL, USA",30.1121059332,-84.1186495498,50,,,,50,,open,false,gps,gps,Eurasian Wild Pig,Sus scrofa,Wild Boar,Mammalia,42134
256540053,24a14828-9edf-480f-abdd-ab54ad4c0f9b,2024-12-27 21:30:00,2024-12-27,2024-12-28 04:30:00 +0100,Central Time (US & Canada),3982631,atomiclauren,"",2024-12-28 21:38:29 +0100,2025-05-23 11:05:08 +0200,research,CC-BY-NC,https://www.inaturalist.org/observations/256540053,https://inaturalist-open-data.s3.amazonaws.com/photos/459988192/medium.jpeg,,"",Lower extremity of trail cam,2,0,false,2,"Pioneer Crossing, Austin, TX 78754, USA",30.3612595309,-97.6548263803,37,,,,37,,open,false,gps,gps,Eurasian Wild Pig,Sus scrofa,Wild Boar,Mammalia,42134
256540241,c477288e-bd1e-4f4d-b688-cabd2201a70c,2024-12-03,2024-12-03,,Central Time (US & Canada),3982631,atomiclauren,"",2024-12-28 21:40:45 +0100,2025-05-23 11:05:09 +0200,research,CC-BY-NC,https://www.inaturalist.org/observations/256540241,https://inaturalist-open-data.s3.amazonaws.com/photos/459988753/medium.jpeg,,"",,2,0,false,2,"Pioneer Crossing, Austin, TX 78754, USA",30.3621349333,-97.6547955349,5,,,,5,,open,false,,,Eurasian Wild Pig,Sus scrofa,Wild Boar,Mammalia,42134
256541086,663627db-8fc3-4f07-a4cf-22e069a6a671,2024-11-17 11:10:33-06:00,2024-11-17,2024-11-17 18:10:33 +0100,Central Time (US & Canada),5713315,thesnakefromthelemma,,2024-12-28 21:48:13 +0100,2024-12-29 21:04:28 +0100,research,CC-BY-NC,https://www.inaturalist.org/observations/256541086,https://inaturalist-open-data.s3.amazonaws.com/photos/459990549/medium.jpg,,"",One of the benefits of walking downstream is not seeing the stuff like this upstream of you,1,0,false,3,"Sam Houston National Forest, Montgomery, TX, US",30.5145833333,-95.6749033333,15,,,,15,,open,false,,,Sus scrofa,Sus scrofa,Wild Boar,Mammalia,42134
256663123,2de473ec-60fa-4199-b601-be731c8391fd,2024/12/24 1:23 PM,2024-12-24,2024-12-24 19:23:00 +0100,Eastern Time (US & Canada),6656514,siku,Callisto,2024-12-29 20:30:15 +0100,2025-04-17 10:26:23 +0200,research,CC-BY,https://www.inaturalist.org/observations/256663123,https://inaturalist-open-data.s3.amazonaws.com/photos/460233100/medium.jpeg,,"",,1,0,false,,"Seminole County, FL, USA",28.8617480272,-81.3522751428,61,,,,61,,open,false,,,Eurasian Wild Pig,Sus scrofa,Wild Boar,Mammalia,42134
256663134,536eda92-6306-4e6a-815f-71a01e05cb78,2024/12/24 3:42 PM,2024-12-24,2024-12-24 21:42:00 +0100,Eastern Time (US & Canada),6656514,siku,Callisto,2024-12-29 20:30:16 +0100,2025-04-17 10:26:23 +0200,research,CC-BY,https://www.inaturalist.org/observations/256663134,https://inaturalist-open-data.s3.amazonaws.com/photos/460233149/medium.jpeg,,"",,1,0,false,,"Seminole County, FL, USA",28.8432944462,-81.3694265288,61,,,,61,,open,false,,,Eurasian Wild Pig,Sus scrofa,Wild Boar,Mammalia,42134
256682619,3bff2d7f-88e9-400d-b49b-1e0aa3108b9f,2024/12/28 12:33 PM,2024-12-28,2024-12-28 19:33:00 +0100,Central Time (US & Canada),246705,uticabirder,Tim O'Connell,2024-12-29 23:12:16 +0100,2025-04-17 10:56:34 +0200,research,CC-BY-NC,https://www.inaturalist.org/observations/256682619,https://inaturalist-open-data.s3.amazonaws.com/photos/460276569/medium.jpeg,,"",,1,0,false,,"Noble County, OK, USA",36.4202241195,-97.2179798273,134,,,,134,,open,false,,,Eurasian Wild Pig,Sus scrofa,Wild Boar,Mammalia,42134
256707185,95e3b018-7733-4292-9950-491296e372b7,2024/12/19 2:48 PM,2024-12-19,2024-12-19 21:48:00 +0100,Central Time (US & Canada),4313246,noah_krivi,Noah Krivi,2024-12-30 02:57:25 +0100,2025-04-17 11:38:02 +0200,research,,https://www.inaturalist.org/observations/256707185,https://static.inaturalist.org/photos/460325978/medium.jpg,,"",,1,0,false,,"Texas, US",33.6013087646,-97.733900061,,,,,28930,obscured,open,true,,,Eurasian Wild Pig,Sus scrofa,Wild Boar,Mammalia,42134
256707195,d71bff16-8ca5-4c26-82f7-47bc0a7fca63,2024/12/17 9:54 AM,2024-12-17,2024-12-17 16:54:00 +0100,Central Time (US & Canada),4313246,noah_krivi,Noah Krivi,2024-12-30 02:57:32 +0100,2025-04-17 11:38:02 +0200,research,,https://www.inaturalist.org/observations/256707195,https://static.inaturalist.org/photos/460326058/medium.jpg,,"",,1,0,false,,"Texas, US",33.6302111729,-97.6988379656,,,,,28930,obscured,open,true,,,Eurasian Wild Pig,Sus scrofa,Wild Boar,Mammalia,42134
256759065,73f137d5-bf05-4f19-b5dc-62ab909b5b93,2024-12-22 21:50:00-06:00,2024-12-22,2024-12-23 04:50:00 +0100,Central Time (US & Canada),32993,c_h_hemphill,CH Hemphill,2024-12-30 15:04:14 +0100,2025-04-17 12:57:33 +0200,research,CC-BY-NC,https://www.inaturalist.org/observations/256759065,https://inaturalist-open-data.s3.amazonaws.com/photos/460431806/medium.jpg,,"","",1,0,false,3,"Texas, US",31.6238358633,-99.437774027,39,,,,29199,obscured,open,true,,,Eurasian Wild Pig,Sus scrofa,Wild Boar,Mammalia,42134
256832174,59fe9528-450f-4c3a-9308-ffe1ae0184ad,2024-12-29 16:32:05-05:00,2024-12-29,2024-12-29 22:32:05 +0100,Eastern Time (US & Canada),3397907,galloots13,Michael Gallo,2024-12-31 03:12:51 +0100,2025-04-17 15:13:00 +0200,research,,https://www.inaturalist.org/observations/256832174,https://static.inaturalist.org/photos/460583095/medium.jpg,,"","",1,0,false,3,"Clewiston, FL, US",26.4405583333,-80.9461966667,3,,,,3,,open,false,,,Eurasian Wild Pig,Sus scrofa,Wild Boar,Mammalia,42134
256927272,1eb9f5dc-2340-43d6-8716-6f07b6a5f7d9,2024/12/25 3:10 AM,2024-12-25,2024-12-25 10:10:00 +0100,Central Time (US & Canada),17627,rlseman,Lynn Seman,2024-12-31 22:38:08 +0100,2025-04-17 18:50:51 +0200,research,CC-BY-NC,https://www.inaturalist.org/observations/256927272,https://inaturalist-open-data.s3.amazonaws.com/photos/460726738/medium.jpeg,,"",,1,0,false,,"Foard County, TX, USA",33.9926678608,-99.9576881704,89,,,,89,,open,false,,,Eurasian Wild Pig,Sus scrofa,Wild Boar,Mammalia,42134
256927273,6d7fd892-6785-4c91-8d6d-9550680112e7,2024/12/25 3:15 AM,2024-12-25,2024-12-25 10:15:00 +0100,Central Time (US & Canada),17627,rlseman,Lynn Seman,2024-12-31 22:38:08 +0100,2025-04-17 18:50:51 +0200,research,CC-BY-NC,https://www.inaturalist.org/observations/256927273,https://inaturalist-open-data.s3.amazonaws.com/photos/460726743/medium.jpeg,,"",,1,0,false,,"Foard County, TX, USA",33.9926678608,-99.9576881704,89,,,,89,,open,false,,,Eurasian Wild Pig,Sus scrofa,Wild Boar,Mammalia,42134
256927283,2bee0bc7-e54c-4a98-909f-9ef5d0dd3f1d,2024/12/25 9:53 PM,2024-12-25,2024-12-26 04:53:00 +0100,Central Time (US & Canada),17627,rlseman,Lynn Seman,2024-12-31 22:38:10 +0100,2025-04-17 18:50:52 +0200,research,CC-BY-NC,https://www.inaturalist.org/observations/256927283,https://inaturalist-open-data.s3.amazonaws.com/photos/460726769/medium.jpeg,,"",,1,0,false,,"Foard County, TX, USA",33.9926678608,-99.9576881704,89,,,,89,,open,false,,,Eurasian Wild Pig,Sus scrofa,Wild Boar,Mammalia,42134
256927285,37ce0b9e-b35b-42a5-9372-381402990e96,2024/12/25 10:00 PM,2024-12-25,2024-12-26 05:00:00 +0100,Central Time (US & Canada),17627,rlseman,Lynn Seman,2024-12-31 22:38:11 +0100,2025-04-17 18:50:52 +0200,research,CC-BY-NC,https://www.inaturalist.org/observations/256927285,https://inaturalist-open-data.s3.amazonaws.com/photos/460726773/medium.jpeg,,"",,1,0,false,,"Foard County, TX, USA",33.9926678608,-99.9576881704,89,,,,89,,open,false,,,Eurasian Wild Pig,Sus scrofa,Wild Boar,Mammalia,42134
256929799,c664f7ff-7048-441e-b88f-b367c98f6e1c,2024/12/30 1:10 PM,2024-12-30,2024-12-30 22:10:00 +0100,Pacific Time (US & Canada),10201,edwardrooks,edwardrooks,2024-12-31 23:00:18 +0100,2025-04-17 18:58:27 +0200,research,CC-BY-NC,https://www.inaturalist.org/observations/256929799,https://inaturalist-open-data.s3.amazonaws.com/photos/460777556/medium.jpeg,,"","",1,0,false,,"Hunting Hollow Road, Henry Coe State Park, Santa Clara County, CA, USA",37.0689425963,-121.4504270421,1722,,,,1722,,open,false,,,Eurasian Wild Pig,Sus scrofa,Wild Boar,Mammalia,42134
257050095,64925c30-d126-42ef-9fc0-b55405486dde,2024/11/15 5:22 PM,2024-11-15,2024-11-16 00:22:00 +0100,Central Time (US & Canada),744517,saucierj,Jacob Saucier,2025-01-01 23:12:26 +0100,2025-01-23 13:12:05 +0100,research,CC-BY-NC,https://www.inaturalist.org/observations/257050095,https://inaturalist-open-data.s3.amazonaws.com/photos/461029999/medium.jpeg,,"",sow with young in saltmarsh; feeding on unidentified carcass,1,0,false,,"Vermilion Parish, LA, USA",29.5427962289,-92.3090899635,15,,,,15,,open,false,,,Eurasian Wild Pig,Sus scrofa,Wild Boar,Mammalia,42134
257141509,344d8876-5514-45a2-98e9-64461c40e748,2024-12-25 17:33:00-06:00,2024-12-25,2024-12-26 00:33:00 +0100,Central Time (US & Canada),32993,c_h_hemphill,CH Hemphill,2025-01-02 18:16:43 +0100,2025-01-23 08:05:50 +0100,research,CC-BY-NC,https://www.inaturalist.org/observations/257141509,https://inaturalist-open-data.s3.amazonaws.com/photos/461229692/medium.jpg,,"","",2,0,false,3,"Texas, US",31.7198645927,-99.448905656,101,,,,29199,obscured,open,true,,,Eurasian Wild Pig,Sus scrofa,Wild Boar,Mammalia,42134
257147749,7c26bc5e-ae46-49b3-bdcb-d5a914894559,2024-12-26 19:18:00-06:00,2024-12-26,2024-12-27 02:18:00 +0100,Central Time (US & Canada),32993,c_h_hemphill,CH Hemphill,2025-01-02 19:23:00 +0100,2025-01-23 08:05:52 +0100,research,CC-BY-NC,https://www.inaturalist.org/observations/257147749,https://inaturalist-open-data.s3.amazonaws.com/photos/461230585/medium.jpg,,"","",1,0,false,3,"Texas, US",31.6311749868,-99.5143552035,118,,,,29199,obscured,open,true,,,Eurasian Wild Pig,Sus scrofa,Wild Boar,Mammalia,42134
257192492,68baa914-f107-4560-a3dc-5a5c51eb83b2,2024-12-27 17:22:00-06:00,2024-12-27,2024-12-28 00:22:00 +0100,Central Time (US & Canada),32993,c_h_hemphill,CH Hemphill,2025-01-03 03:23:41 +0100,2025-01-23 08:05:46 +0100,research,CC-BY-NC,https://www.inaturalist.org/observations/257192492,https://inaturalist-open-data.s3.amazonaws.com/photos/461321419/medium.jpg,,"","",1,0,false,3,"Texas, US",31.7110367127,-99.416082768,93,,,,29199,obscured,open,true,,,Eurasian Wild Pig,Sus scrofa,Wild Boar,Mammalia,42134
257259242,f9f6d079-a629-4efc-afb4-b4c457dfae06,2024-12-28 07:53:00-06:00,2024-12-28,2024-12-28 14:53:00 +0100,Central Time (US & Canada),32993,c_h_hemphill,CH Hemphill,2025-01-03 19:08:20 +0100,2025-01-23 08:05:39 +0100,research,CC-BY-NC,https://www.inaturalist.org/observations/257259242,https://inaturalist-open-data.s3.amazonaws.com/photos/461454485/medium.jpg,,"","",3,0,false,3,"Texas, US",31.7118370187,-99.4056512648,97,,,,29199,obscured,open,true,,,Eurasian Wild Pig,Sus scrofa,Wild Boar,Mammalia,42134
257263958,489a3765-ba9e-49f5-a51a-a5283b8c0f74,2024-12-29 14:28:43,2024-12-29,2024-12-29 23:28:43 +0100,Pacific Time (US & Canada),42794,rochellekhoffman,Rochelle Kuan Hoffman (she/they),2025-01-03 20:05:32 +0100,2025-04-11 03:44:26 +0200,research,,https://www.inaturalist.org/observations/257263958,https://static.inaturalist.org/photos/461464443/medium.jpeg,,"",,1,0,false,2,"Ventura, CA 93001, USA",34.0182,-119.6826583333,,,,,,,open,false,gps,gps,Eurasian Wild Pig,Sus scrofa,Wild Boar,Mammalia,42134
257274389,a0480e1d-a273-44f8-afab-249f123d6443,2024-12-26 15:27:36-05:00,2024-12-26,2024-12-26 21:27:36 +0100,Central Time (US & Canada),1558498,asherhiggins91,Asher P Higgins,2025-01-03 21:59:22 +0100,2025-01-11 00:16:23 +0100,research,CC-BY-NC,https://www.inaturalist.org/observations/257274389,https://inaturalist-open-data.s3.amazonaws.com/photos/461484857/medium.jpg,,"","",1,0,false,3,"Pleasant Field Church Rd, Scottsville, KY, US",36.7029383333,-86.1334916667,13,,,,13,,open,false,,,Eurasian Wild Pig,Sus scrofa,Wild Boar,Mammalia,42134
257284228,e4eba138-8716-431a-ac06-565e23f82fbf,2024/12/25 7:31 AM,2024-12-25,2024-12-25 14:31:00 +0100,Central Time (US & Canada),3920526,bacchusrock,Jo Roberts,2025-01-03 23:49:08 +0100,2025-04-11 15:11:37 +0200,research,CC0,https://www.inaturalist.org/observations/257284228,https://inaturalist-open-data.s3.amazonaws.com/photos/461504667/medium.jpeg,,"","",1,0,false,,"Edwards County, TX, USA",29.8623079324,-100.3428109559,31,,,,31,,open,false,,,Eurasian Wild Pig,Sus scrofa,Wild Boar,Mammalia,42134
257306394,2319dda1-b123-4b56-89d1-f2741fb5e036,2024-06-06 07:40:00-05:00,2024-06-06,2024-06-06 14:40:00 +0200,Central Time (US & Canada),7822046,vicjr77,Victor Perez Jr,2025-01-04 04:02:34 +0100,2025-05-20 00:28:18 +0200,research,,https://www.inaturalist.org/observations/257306394,https://static.inaturalist.org/photos/461551600/medium.jpg,,"","",1,0,false,3,"CR-3119, Snyder, TX, US",32.5537598985,-100.9375547103,106,,,,106,,open,false,,,Eurasian Wild Pig,Sus scrofa,Wild Boar,Mammalia,42134
257434549,f456ab5d-870d-454f-b2c8-74045a37ac81,2024-12-30 08:31:00-05:00,2024-12-30,2024-12-30 14:31:00 +0100,Eastern Time (US & Canada),357815,gcambridge,Gavriel Cambridge,2025-01-05 05:31:40 +0100,2025-04-11 07:35:26 +0200,research,,https://www.inaturalist.org/observations/257434549,https://static.inaturalist.org/photos/461806376/medium.jpg,,"","",1,0,false,3,"Congaree National Park, Eastover, SC, US",33.7936592735,-80.772579282,3553,,,,3553,,open,false,,,Eurasian Wild Pig,Sus scrofa,Wild Boar,Mammalia,42134
257592032,40b4b59f-27eb-41fe-9a45-c98e5662ca01,2024-12-29 01:15:00-06:00,2024-12-29,2024-12-29 08:15:00 +0100,Central Time (US & Canada),32993,c_h_hemphill,CH Hemphill,2025-01-06 15:11:15 +0100,2025-04-11 10:55:22 +0200,research,CC-BY-NC,https://www.inaturalist.org/observations/257592032,https://inaturalist-open-data.s3.amazonaws.com/photos/462123776/medium.jpg,,"","",1,0,false,3,"Texas, US",31.6540719178,-99.4289497753,75,,,,29199,obscured,open,true,,,Eurasian Wild Pig,Sus scrofa,Wild Boar,Mammalia,42134
257593287,4b8d71f5-5be5-4ae1-a503-8a132e089021,2024-12-30 07:31:00-06:00,2024-12-30,2024-12-30 14:31:00 +0100,Central Time (US & Canada),32993,c_h_hemphill,CH Hemphill,2025-01-06 15:22:32 +0100,2025-04-11 10:58:13 +0200,research,CC-BY-NC,https://www.inaturalist.org/observations/257593287,https://inaturalist-open-data.s3.amazonaws.com/photos/462125125/medium.jpg,,"","",1,0,false,3,"Texas, US",31.6874739807,-99.4004144706,109,,,,29199,obscured,open,true,,,Eurasian Wild Pig,Sus scrofa,Wild Boar,Mammalia,42134
257597358,9d3e2a11-64ab-402b-86b0-797887461aad,2024/11/23 19:03,2024-11-23,2024-11-24 01:03:00 +0100,Eastern Time (US & Canada),5124293,andresiade,"",2025-01-06 16:12:57 +0100,2025-04-11 11:02:31 +0200,research,CC-BY-NC,https://www.inaturalist.org/observations/257597358,https://inaturalist-open-data.s3.amazonaws.com/photos/462130504/medium.jpg,,"",,1,0,false,,"Condado de Hendry, Flórida, EUA",26.6105319,-81.0754657,43339,,,,43339,,open,false,,,Javali,Sus scrofa,Wild Boar,Mammalia,42134
257615616,0800410a-444b-4246-8039-548cbb76ccea,2024-12-31 07:32:00-06:00,2024-12-31,2024-12-31 14:32:00 +0100,Central Time (US & Canada),32993,c_h_hemphill,CH Hemphill,2025-01-06 19:10:44 +0100,2025-04-11 11:22:17 +0200,research,CC-BY-NC,https://www.inaturalist.org/observations/257615616,https://inaturalist-open-data.s3.amazonaws.com/photos/462161487/medium.jpg,,"","",1,0,false,3,"Valera, TX, US",31.6885215337,-99.5978927372,105,,,,105,,open,false,,,Eurasian Wild Pig,Sus scrofa,Wild Boar,Mammalia,42134
257627770,11dd39cb-39c6-47b1-bde8-b5bd56bf93f8,2024/12/13 7:36 AM,2024-12-13,2024-12-13 13:36:00 +0100,Eastern Time (US & Canada),1964716,dmfraser,Donald Fraser,2025-01-06 21:13:13 +0100,2025-04-11 11:35:43 +0200,research,CC-BY-NC,https://www.inaturalist.org/observations/257627770,https://inaturalist-open-data.s3.amazonaws.com/photos/462181408/medium.jpeg,,"","",1,0,false,,"Pasco County, FL, USA",28.4135236211,-82.2721919238,31,,,,31,,open,false,,,Eurasian Wild Pig,Sus scrofa,Wild Boar,Mammalia,42134
257627774,8d3e2509-1f73-4c14-9767-ae35c19e700e,2024/12/13 7:36 AM,2024-12-13,2024-12-13 13:36:00 +0100,Eastern Time (US & Canada),1964716,dmfraser,Donald Fraser,2025-01-06 21:13:13 +0100,2025-04-11 11:35:43 +0200,research,CC-BY-NC,https://www.inaturalist.org/observations/257627774,https://inaturalist-open-data.s3.amazonaws.com/photos/462181432/medium.jpeg,,"","",1,0,false,,"Pasco County, FL, USA",28.4134693859,-82.2722402348,8,,,,8,,open,false,,,Eurasian Wild Pig,Sus scrofa,Wild Boar,Mammalia,42134
257634492,5e743f4a-d997-4397-98a3-7341fb0fd1a9,2024-11-13 22:21:29-06:00,2024-11-13,2024-11-14 05:21:29 +0100,Central Time (US & Canada),3143320,laplante,Robert LaPlante,2025-01-06 22:21:32 +0100,2025-01-07 02:13:52 +0100,research,CC-BY-NC,https://www.inaturalist.org/observations/257634492,https://inaturalist-open-data.s3.amazonaws.com/photos/462195649/medium.jpg,,"","",1,0,false,3,"Ponce De Leon, FL, US",30.6951924108,-85.978576683,19,,,,19,,open,false,,,Eurasian Wild Pig,Sus scrofa,Wild Boar,Mammalia,42134
257767993,e8b5c6e5-ddff-42f5-8bb0-1aede7f39abf,2024-10-24 08:33:44-07:00,2024-10-24,2024-10-24 17:33:44 +0200,Pacific Time (US & Canada),7896206,kaalastewart,,2025-01-08 05:14:55 +0100,2025-01-23 08:02:12 +0100,research,CC-BY-NC,https://www.inaturalist.org/observations/257767993,https://inaturalist-open-data.s3.amazonaws.com/photos/462455671/medium.jpg,,"","",1,0,false,3,"Hoagland Rd, Alderpoint, CA, US",40.1618221667,-123.5613333333,4,,,,4,,open,false,,,Eurasian Wild Pig,Sus scrofa,Wild Boar,Mammalia,42134
257768845,5165303c-5642-4b87-8958-6a041126b95f,2024/12/01 12:06 PM,2024-12-01,2024-12-01 21:06:00 +0100,Pacific Time (US & Canada),1928,rick,Rick Mandel,2025-01-08 05:30:46 +0100,2025-04-11 14:32:01 +0200,research,CC-BY,https://www.inaturalist.org/observations/257768845,https://inaturalist-open-data.s3.amazonaws.com/photos/462455236/medium.jpg,,"",,1,0,false,,"Coyote, CA, USA",37.2197388889,-121.7020055556,,,,,,,open,false,,,Eurasian Wild Pig,Sus scrofa,Wild Boar,Mammalia,42134
257768847,462ed668-47f2-4c1e-97e2-f1fcfd5ededa,2024/12/01 11:23 AM,2024-12-01,2024-12-01 20:23:00 +0100,Pacific Time (US & Canada),1928,rick,Rick Mandel,2025-01-08 05:30:46 +0100,2025-01-23 08:02:11 +0100,research,CC-BY,https://www.inaturalist.org/observations/257768847,https://inaturalist-open-data.s3.amazonaws.com/photos/462454148/medium.jpg,,"",Near the crest of Máyyan 'Ooyákma Coyote Ridge Open Space Preserve,1,0,false,,"Coyote, CA, USA",37.2179752075,-121.7143551565,100,,,,100,,open,false,,,Eurasian Wild Pig,Sus scrofa,Wild Boar,Mammalia,42134
257815526,eb5c9d30-cb0d-46e2-ad03-027bc03b9463,2024-12-28 13:32:45-08:00,2024-12-28,2024-12-28 22:32:45 +0100,Pacific Time (US & Canada),3478104,ethologist,Emily Langdon-Lassagne,2025-01-08 18:00:22 +0100,2025-04-11 15:27:20 +0200,research,CC-BY,https://www.inaturalist.org/observations/257815526,https://inaturalist-open-data.s3.amazonaws.com/photos/462540547/medium.jpg,,"","Was very alarmed when I saw these on the side of the road, I thought they were baby black bears! Thankfully not, they’re the invasive wild boars. Still wild to see fauna this big as roadkill.",1,0,false,3,"Jolon Rd, Bradley, CA, US",35.8934133333,-120.93303,9,,,,9,,open,false,,,Eurasian Wild Pig,Sus scrofa,Wild Boar,Mammalia,42134
257920663,cd4fb1fd-aa4f-4322-8e68-d3bb9aa24aec,2024-12-28 15:18:47-05:00,2024-12-28,2024-12-28 21:18:47 +0100,Eastern Time (US & Canada),6469120,andrewsbiologyadventures,,2025-01-09 14:40:43 +0100,2025-04-11 18:06:00 +0200,research,CC-BY-NC,https://www.inaturalist.org/observations/257920663,https://inaturalist-open-data.s3.amazonaws.com/photos/462699132/medium.jpg,,"",Jaw and tracks. ,1,0,false,3,United States,35.083281374,-82.6012409791,55,,,,28734,obscured,open,true,,,Eurasian Wild Pig,Sus scrofa,Wild Boar,Mammalia,42134
258062210,31bb77dc-f977-4076-8b99-164860f52e56,2024-12-07 18:26:55-06:00,2024-12-07,2024-12-08 01:26:55 +0100,Central Time (US & Canada),6679818,texasnative,,2025-01-10 21:14:39 +0100,2025-04-11 21:47:56 +0200,research,CC-BY-NC,https://www.inaturalist.org/observations/258062210,https://inaturalist-open-data.s3.amazonaws.com/photos/462948678/medium.jpg,,"","",1,0,false,3,"SH-36, Freeport, TX, US",28.9486366667,-95.438095,11,,,,11,,open,false,,,Eurasian Wild Pig,Sus scrofa,Wild Boar,Mammalia,42134
258085847,de451fd0-954b-43c4-add1-b414074a5790,2024/04/10 2:22 PM,2024-04-10,2024-04-10 21:22:00 +0200,Central Time (US & Canada),2048449,pineten,Nicole,2025-01-11 02:37:05 +0100,2025-04-11 22:28:19 +0200,research,CC-BY,https://www.inaturalist.org/observations/258085847,https://inaturalist-open-data.s3.amazonaws.com/photos/462996687/medium.jpg,,"",,1,0,false,,"Willacy County, TX, USA",26.5442655997,-97.5209081997,,,,,,,open,false,,,Eurasian Wild Pig,Sus scrofa,Wild Boar,Mammalia,42134
258085849,bbf60d3a-4a8a-4c03-b79b-dc893d4c13c5,2024/04/10 2:28 PM,2024-04-10,2024-04-10 21:28:00 +0200,Central Time (US & Canada),2048449,pineten,Nicole,2025-01-11 02:37:05 +0100,2025-04-11 22:28:19 +0200,research,CC-BY,https://www.inaturalist.org/observations/258085849,https://inaturalist-open-data.s3.amazonaws.com/photos/462996742/medium.jpg,,"",,1,0,false,,"Willacy County, TX, USA",26.5453024997,-97.5187837,,,,,,,open,false,,,Eurasian Wild Pig,Sus scrofa,Wild Boar,Mammalia,42134
258094790,61e0bcb8-6764-44bb-946a-cebe965682c5,2024-12-27 20:41:20,2024-12-27,2024-12-28 03:41:20 +0100,Central Time (US & Canada),6166570,dringram,Davis,2025-01-11 04:41:30 +0100,2025-04-11 22:44:55 +0200,research,CC-BY-NC,https://www.inaturalist.org/observations/258094790,https://inaturalist-open-data.s3.amazonaws.com/photos/463015305/medium.jpeg,,"",https://youtu.be/Tl5QUO0SXmU?feature=shared,1,0,false,2,"Leakey, TX 78873, USA",29.8729944359,-99.7736725956,1885,,,,1885,,open,false,gps,gps,Eurasian Wild Pig,Sus scrofa,Wild Boar,Mammalia,42134
258146124,59d7b9c3-5f1e-4a28-8a94-5da5cdc454e9,2024-12-13 14:48:00-05:00,2024-12-13,2024-12-13 20:48:00 +0100,Eastern Time (US & Canada),5056835,marissaraymond,Marissa Raymond,2025-01-11 17:05:05 +0100,2025-04-12 00:04:58 +0200,research,CC-BY-NC,https://www.inaturalist.org/observations/258146124,https://inaturalist-open-data.s3.amazonaws.com/photos/463111178/medium.jpg,,"","",1,0,false,3,"Deland, FL, US",28.9864616667,-81.3386216667,4,,,,4,,open,false,,,Wild Boar,Sus scrofa,Wild Boar,Mammalia,42134
258663285,4434edaa-db11-4d72-b7fd-3fbcb7526b95,2024-12-06 09:51:56-06:00,2024-12-06,2024-12-06 16:51:56 +0100,Central Time (US & Canada),5713315,thesnakefromthelemma,,2025-01-16 17:52:20 +0100,2025-01-16 18:23:01 +0100,research,CC-BY-NC,https://www.inaturalist.org/observations/258663285,https://inaturalist-open-data.s3.amazonaws.com/photos/464142273/medium.jpg,,"",Huge skull,1,0,false,3,"Missouri City, TX, US",29.5142833333,-95.5625383333,7,,,,7,,open,false,,,Sus scrofa,Sus scrofa,Wild Boar,Mammalia,42134
258752976,3a47f278-1c58-4459-b519-89b0d051dc8f,2024/11/26 11:53 AM,2024-11-26,2024-11-26 18:53:00 +0100,Central Time (US & Canada),4822365,tengxiang_wang,Tengxiang Wang,2025-01-17 17:59:54 +0100,2025-04-07 23:13:09 +0200,research,,https://www.inaturalist.org/observations/258752976,https://inaturalist-open-data.s3.amazonaws.com/photos/464324807/medium.jpeg,,"",,1,0,false,,"St John the Baptist Parish, LA, USA",30.092965,-90.4331816667,,,,,,,open,false,,,Eurasian Wild Pig,Sus scrofa,Wild Boar,Mammalia,42134
258773355,ab0d9097-f8da-4f59-a6d1-8cd2cd8a882d,2024/12/09 12:48 PM,2024-12-09,2024-12-09 18:48:00 +0100,Eastern Time (US & Canada),269263,tfandre,Tracey Fandre,2025-01-17 22:29:20 +0100,2025-04-12 13:33:52 +0200,research,CC-BY-NC-ND,https://www.inaturalist.org/observations/258773355,https://inaturalist-open-data.s3.amazonaws.com/photos/464367138/medium.jpg,,Eurasian wild pig,,1,0,false,,"Merritt Island, FL, USA",28.3180688,-80.6659842,11876,,,,11876,,open,false,,,Eurasian Wild Pig,Sus scrofa,Wild Boar,Mammalia,42134
259107849,21f3bc91-8bdb-4d03-87d9-d07eaef7a71b,2024/12/10 7:58 AM,2024-12-10,2024-12-10 13:58:00 +0100,Eastern Time (US & Canada),269263,tfandre,Tracey Fandre,2025-01-21 01:44:48 +0100,2025-05-23 11:06:17 +0200,research,CC-BY-NC-ND,https://www.inaturalist.org/observations/259107849,https://inaturalist-open-data.s3.amazonaws.com/photos/465045939/medium.jpg,,domestic pig,,1,0,false,,"Sawgrass Island Preserve South Trailhead, 11931 Sawgrass Island Rd, Umatilla, FL 32784, USA",28.946127,-81.7569358,210,,,,210,,open,false,,,Domestic Pig,Sus scrofa domesticus,Domestic Pig,Mammalia,324492
259695740,3ca1ba43-134a-4a0e-b54d-30720fbd523a,2024-11-25 12:26:00-06:00,2024-11-25,2024-11-25 19:26:00 +0100,Central Time (US & Canada),8875260,tarrantcloud,,2025-01-26 23:11:07 +0100,2025-05-23 11:06:35 +0200,research,CC-BY-NC,https://www.inaturalist.org/observations/259695740,https://inaturalist-open-data.s3.amazonaws.com/photos/470143688/medium.jpg,,"","",1,0,false,3,"County Road 162, Lawn, TX, US",32.163903441,-99.7422069019,277,,,,277,,open,false,,,Wild Boar,Sus scrofa,Wild Boar,Mammalia,42134
259972410,7995bb8a-59f7-4522-962a-b5a82e9bca88,2024/10/30 2:05 PM,2024-10-30,2024-10-30 22:05:00 +0100,Pacific Time (US & Canada),8706,howardfriedman1,Howard Friedman,2025-01-29 17:23:18 +0100,2025-04-13 18:24:33 +0200,research,CC-BY-NC,https://www.inaturalist.org/observations/259972410,https://inaturalist-open-data.s3.amazonaws.com/photos/466712046/medium.jpeg,,"","",1,0,false,,"Alum Rock, San Jose, CA, USA",37.4089990016,-121.7843358974,61,,,,61,,open,false,,,Eurasian Wild Pig,Sus scrofa,Wild Boar,Mammalia,42134
260221359,6818b965-a45a-4139-8a1d-4d7990d99742,2024/12/07 4:51 PM,2024-12-07,2024-12-07 23:51:00 +0100,Central Time (US & Canada),277496,codystricker,Cody Stricker,2025-02-01 04:43:44 +0100,2025-05-23 11:06:48 +0200,research,CC-BY,https://www.inaturalist.org/observations/260221359,https://inaturalist-open-data.s3.amazonaws.com/photos/467272617/medium.jpeg,,"", ,1,0,false,,"Texas, US",30.3732802328,-98.5027059154,2,,,,29382,obscured,open,true,,,Eurasian Wild Pig,Sus scrofa,Wild Boar,Mammalia,42134
260756502,129a574a-9531-4049-af77-861d12d278b5,2024/11/26 3:38 PM,2024-11-26,2024-11-26 21:38:00 +0100,Eastern Time (US & Canada),7669591,jfredrick,,2025-02-06 00:58:06 +0100,2025-04-14 13:46:34 +0200,research,CC-BY-NC,https://www.inaturalist.org/observations/260756502,https://inaturalist-open-data.s3.amazonaws.com/photos/468330939/medium.jpg,,"",Wild Bore at Sunset Park,1,0,false,,"Charlotte County, FL, USA",26.7824162442,-81.7564899793,15,,,,15,,open,false,,,Eurasian Wild Pig,Sus scrofa,Wild Boar,Mammalia,42134
260783216,4a28a56f-3b17-4c2a-9efe-fd4f81ae4bf4,2024/03/08 11:05 AM,2024-03-08,2024-03-08 20:05:00 +0100,Pacific Time (US & Canada),8706,howardfriedman1,Howard Friedman,2025-02-06 08:04:40 +0100,2025-05-23 11:07:04 +0200,research,CC-BY-NC,https://www.inaturalist.org/observations/260783216,https://inaturalist-open-data.s3.amazonaws.com/photos/468382976/medium.jpeg,,"","",1,0,false,,"Santa Clara County, CA, USA",37.3395044236,-121.7173506524,122,,,,122,,open,false,,,Eurasian Wild Pig,Sus scrofa,Wild Boar,Mammalia,42134
260838145,98900012-1ef2-4c84-bcad-ad1206e890b3,2024-11-26 16:59:41-06:00,2024-11-26,2024-11-26 23:59:41 +0100,Central Time (US & Canada),8876629,kaitlanbeaux,,2025-02-06 22:13:01 +0100,2025-04-14 16:01:29 +0200,research,CC-BY-NC,https://www.inaturalist.org/observations/260838145,https://inaturalist-open-data.s3.amazonaws.com/photos/468493690/medium.jpg,,"",This is a wild boar on my family’s land Diamond T Ranch ,1,0,false,3,"Circle Dr, Jacksonville, TX, US",31.9576865,-95.25833,4166,,,,4166,,open,false,,,Wild Boar,Sus scrofa,Wild Boar,Mammalia,42134
261208556,2a1c1d2e-d112-48c2-96ed-f2b11fc7fbbe,2024-12-20 09:38:18,2024-12-20,2024-12-20 18:38:18 +0100,Pacific Time (US & Canada),6555349,birds4real,Daniel Farrar,2025-02-10 04:33:15 +0100,2025-04-15 05:46:49 +0200,research,,https://www.inaturalist.org/observations/261208556,https://static.inaturalist.org/photos/469231950/medium.jpeg,,"",,1,0,false,2,"Santa Barbara County, US-CA, US",34.5652916462,-120.5669633012,729,,,,28818,obscured,open,true,gps,gps,Wild Boar,Sus scrofa,Wild Boar,Mammalia,42134
261863747,7fb4e585-f701-453b-87ae-5856d9d13363,2024-03-15 12:44:00-06:00,2024-03-15,2024-03-15 19:44:00 +0100,Central Time (US & Canada),6463009,greneric59,Eric Gren,2025-02-16 18:11:37 +0100,2025-06-27 17:20:57 +0200,research,CC-BY-NC,https://www.inaturalist.org/observations/261863747,https://inaturalist-open-data.s3.amazonaws.com/photos/470539708/medium.jpg,,"",Same encounter as https://www.inaturalist.org/observations/202660807,1,0,false,3,"Mustang Island State Park, Corpus Christi, TX, US",27.665,-97.1813883333,,,,,,,open,false,,,Eurasian Wild Pig,Sus scrofa,Wild Boar,Mammalia,42134
262163822,27fea1c3-571f-4fe9-a976-c5edd85ad39a,2024/11/27 4:35 PM,2024-11-27,2024-11-27 23:35:00 +0100,Central Time (US & Canada),1153865,echocreek,Peter Jessen,2025-02-18 21:54:22 +0100,2025-04-16 10:04:09 +0200,research,CC-BY-NC,https://www.inaturalist.org/observations/262163822,https://inaturalist-open-data.s3.amazonaws.com/photos/471022810/medium.jpg,,"",,1,0,false,,"Sea Rim State Park, 19335 TX-87, Sabine Pass, TX 77655, USA",29.6754996,-94.0435303,1850,,,,1850,,open,false,,,Wild Boar,Sus scrofa,Wild Boar,Mammalia,42134
262764108,cf5b9e0b-372d-47de-b853-28e9cd3d4d2e,2024/10/01 8:03 PM,2024-10-01,2024-10-02 03:03:00 +0200,Central Time (US & Canada),60846,congere,"",2025-02-23 03:10:28 +0100,2025-04-17 01:22:19 +0200,research,CC-BY-NC,https://www.inaturalist.org/observations/262764108,https://inaturalist-open-data.s3.amazonaws.com/photos/471919118/medium.jpeg,,"Wildlife Camera, Pig, Census, Watering, Dow Ranch",Wildlife camera,1,0,false,,"Travis County, TX, USA",30.5359534498,-97.9536411071,31,,,,31,,open,false,,,Eurasian Wild Pig,Sus scrofa,Wild Boar,Mammalia,42134
262865302,70de071d-2853-48f3-9781-0ef6c024b51a,2024/12/10 1:08 PM,2024-12-10,2024-12-10 20:08:00 +0100,Central Time (US & Canada),779571,pisum,"",2025-02-23 22:49:13 +0100,2025-04-17 04:15:37 +0200,research,CC-BY-NC,https://www.inaturalist.org/observations/262865302,https://inaturalist-open-data.s3.amazonaws.com/photos/472122629/medium.jpg,,"",short video: https://youtu.be/ewo4jOXOM24,1,0,false,,"Brazoria National Wildlife Refuge, Brazoria County, TX, USA",29.0610527778,-95.2464138889,250,,,,250,,open,false,,,Wild Boar,Sus scrofa,Wild Boar,Mammalia,42134
263209272,991675af-8560-443a-85ff-88b5e08a10d7,2024/06/10 4:21 AM,2024-06-10,2024-06-10 11:21:00 +0200,Central Time (US & Canada),60846,congere,"",2025-02-27 00:03:45 +0100,2025-04-17 12:24:05 +0200,research,CC-BY-NC,https://www.inaturalist.org/observations/263209272,https://inaturalist-open-data.s3.amazonaws.com/photos/472810312/medium.jpeg,,"","Wildcamera, 3",1,0,false,,"Travis County, TX, USA",30.5360317422,-97.9538458324,8,,,,8,,open,false,,,Eurasian Wild Pig,Sus scrofa,Wild Boar,Mammalia,42134
264166699,22116042-2636-432e-9c08-4179c36b865e,2024-11-28 21:39:18-06:00,2024-11-28,2024-11-29 04:39:18 +0100,Central Time (US & Canada),6664310,nat-d,,2025-03-07 04:57:50 +0100,2025-03-07 14:40:53 +0100,research,CC-BY-NC,https://www.inaturalist.org/observations/264166699,https://inaturalist-open-data.s3.amazonaws.com/photos/474674147/medium.jpg,,"","",2,0,false,3,"SH-71, Lakeway, TX, US",30.3412783333,-98.0381916667,13789,,,,13789,,open,false,,,Wild Boar,Sus scrofa,Wild Boar,Mammalia,42134
264968659,7ec76cd8-60ed-4fdf-b1bb-1fb14c426d0b,2024-07-16 13:45:25,2024-07-16,2024-07-16 20:45:25 +0200,Central Time (US & Canada),2048449,pineten,Nicole,2025-03-11 21:16:20 +0100,2025-04-12 08:23:42 +0200,research,CC-BY,https://www.inaturalist.org/observations/264968659,https://inaturalist-open-data.s3.amazonaws.com/photos/475858144/medium.jpeg,,"",,1,0,false,2,"Indian Lake, TX 78566, USA",26.2237601667,-97.3597490556,,,,,,,open,false,gps,gps,Eurasian Wild Pig,Sus scrofa,Wild Boar,Mammalia,42134
266123131,1795c03a-5947-4bee-aae7-031c42cc5ca8,2024/02/13 8:28 AM,2024-02-13,2024-02-13 15:28:00 +0100,Central Time (US & Canada),6478550,utsaibcure,,2025-03-20 18:34:31 +0100,2025-04-13 11:00:18 +0200,research,CC-BY-NC,https://www.inaturalist.org/observations/266123131,https://inaturalist-open-data.s3.amazonaws.com/photos/478117184/medium.jpg,,"",,1,0,false,,"Friedrich Wilderness Park, 21395 Milsa Dr, San Antonio, TX 78256, USA",29.6410751,-98.6250283,195,,,,195,,open,false,,,Eurasian Wild Pig,Sus scrofa,Wild Boar,Mammalia,42134
266123133,34340ed9-88da-46c6-aca1-ed8e091f3e61,2024/02/13 8:28 AM,2024-02-13,2024-02-13 15:28:00 +0100,Central Time (US & Canada),6478550,utsaibcure,,2025-03-20 18:34:31 +0100,2025-04-13 11:00:18 +0200,research,CC-BY-NC,https://www.inaturalist.org/observations/266123133,https://inaturalist-open-data.s3.amazonaws.com/photos/478117189/medium.jpg,,"",,1,0,false,,"Friedrich Wilderness Park, 21395 Milsa Dr, San Antonio, TX 78256, USA",29.6410751,-98.6250283,195,,,,195,,open,false,,,Eurasian Wild Pig,Sus scrofa,Wild Boar,Mammalia,42134
266123134,673f7835-dca5-4a67-9b34-07796b0c2f75,2024/02/13 10:19 AM,2024-02-13,2024-02-13 17:19:00 +0100,Central Time (US & Canada),6478550,utsaibcure,,2025-03-20 18:34:32 +0100,2025-04-13 11:00:18 +0200,research,CC-BY-NC,https://www.inaturalist.org/observations/266123134,https://inaturalist-open-data.s3.amazonaws.com/photos/478117188/medium.jpg,,"",,1,0,false,,"Friedrich Wilderness Park, 21395 Milsa Dr, San Antonio, TX 78256, USA",29.6410751,-98.6250283,195,,,,195,,open,false,,,Eurasian Wild Pig,Sus scrofa,Wild Boar,Mammalia,42134
266123139,8fabad1d-2d46-4d84-9a8a-685437a71267,2024/02/14 10:16 AM,2024-02-14,2024-02-14 17:16:00 +0100,Central Time (US & Canada),6478550,utsaibcure,,2025-03-20 18:34:35 +0100,2025-04-13 11:00:18 +0200,research,CC-BY-NC,https://www.inaturalist.org/observations/266123139,https://inaturalist-open-data.s3.amazonaws.com/photos/478117204/medium.jpg,,"",,1,0,false,,"Friedrich Wilderness Park, 21395 Milsa Dr, San Antonio, TX 78256, USA",29.6410751,-98.6250283,195,,,,195,,open,false,,,Eurasian Wild Pig,Sus scrofa,Wild Boar,Mammalia,42134
266123144,6bb1bad6-d14a-4c15-9dde-6af2b3adc85a,2024/02/13 10:19 AM,2024-02-13,2024-02-13 17:19:00 +0100,Central Time (US & Canada),6478550,utsaibcure,,2025-03-20 18:34:37 +0100,2025-04-13 11:00:19 +0200,research,CC-BY-NC,https://www.inaturalist.org/observations/266123144,https://inaturalist-open-data.s3.amazonaws.com/photos/478117212/medium.jpg,,"",,1,0,false,,"Friedrich Wilderness Park, 21395 Milsa Dr, San Antonio, TX 78256, USA",29.6410751,-98.6250283,195,,,,195,,open,false,,,Eurasian Wild Pig,Sus scrofa,Wild Boar,Mammalia,42134
266123145,465df641-2dbd-4bbc-943a-bd3434e7dc5c,2024/02/13 10:19 AM,2024-02-13,2024-02-13 17:19:00 +0100,Central Time (US & Canada),6478550,utsaibcure,,2025-03-20 18:34:37 +0100,2025-04-13 11:00:19 +0200,research,CC-BY-NC,https://www.inaturalist.org/observations/266123145,https://inaturalist-open-data.s3.amazonaws.com/photos/478117211/medium.jpg,,"",,1,0,false,,"Friedrich Wilderness Park, 21395 Milsa Dr, San Antonio, TX 78256, USA",29.6410751,-98.6250283,195,,,,195,,open,false,,,Eurasian Wild Pig,Sus scrofa,Wild Boar,Mammalia,42134
266123148,d7e8a271-80bd-4811-954d-b92b12361fd9,2024/02/13 8:28 AM,2024-02-13,2024-02-13 15:28:00 +0100,Central Time (US & Canada),6478550,utsaibcure,,2025-03-20 18:34:38 +0100,2025-04-13 11:00:19 +0200,research,CC-BY-NC,https://www.inaturalist.org/observations/266123148,https://inaturalist-open-data.s3.amazonaws.com/photos/478117220/medium.jpg,,"",,1,0,false,,"Friedrich Wilderness Park, 21395 Milsa Dr, San Antonio, TX 78256, USA",29.6410751,-98.6250283,195,,,,195,,open,false,,,Eurasian Wild Pig,Sus scrofa,Wild Boar,Mammalia,42134
266123150,c49c22bb-ace8-4b7d-a69e-9ec9ad058cc2,2024/02/13 10:19 AM,2024-02-13,2024-02-13 17:19:00 +0100,Central Time (US & Canada),6478550,utsaibcure,,2025-03-20 18:34:39 +0100,2025-04-13 11:00:19 +0200,research,CC-BY-NC,https://www.inaturalist.org/observations/266123150,https://inaturalist-open-data.s3.amazonaws.com/photos/478117222/medium.jpg,,"",,1,0,false,,"Friedrich Wilderness Park, 21395 Milsa Dr, San Antonio, TX 78256, USA",29.6410751,-98.6250283,195,,,,195,,open,false,,,Eurasian Wild Pig,Sus scrofa,Wild Boar,Mammalia,42134
266123152,c6d9bd8a-1678-4a46-8a8a-98aa86f43920,2024/02/13 8:28 AM,2024-02-13,2024-02-13 15:28:00 +0100,Central Time (US & Canada),6478550,utsaibcure,,2025-03-20 18:34:39 +0100,2025-04-13 11:00:19 +0200,research,CC-BY-NC,https://www.inaturalist.org/observations/266123152,https://inaturalist-open-data.s3.amazonaws.com/photos/478117223/medium.jpg,,"",,1,0,false,,"Friedrich Wilderness Park, 21395 Milsa Dr, San Antonio, TX 78256, USA",29.6410751,-98.6250283,195,,,,195,,open,false,,,Eurasian Wild Pig,Sus scrofa,Wild Boar,Mammalia,42134
266123155,6883226a-14f2-4615-a262-23f63dac0826,2024/02/13 10:19 AM,2024-02-13,2024-02-13 17:19:00 +0100,Central Time (US & Canada),6478550,utsaibcure,,2025-03-20 18:34:40 +0100,2025-04-13 11:00:20 +0200,research,CC-BY-NC,https://www.inaturalist.org/observations/266123155,https://inaturalist-open-data.s3.amazonaws.com/photos/478117234/medium.jpg,,"",,1,0,false,,"Friedrich Wilderness Park, 21395 Milsa Dr, San Antonio, TX 78256, USA",29.6410751,-98.6250283,195,,,,195,,open,false,,,Eurasian Wild Pig,Sus scrofa,Wild Boar,Mammalia,42134
266123156,ffd1f7ef-8b22-439c-a9b9-1df62ad06757,2024/02/13 8:28 AM,2024-02-13,2024-02-13 15:28:00 +0100,Central Time (US & Canada),6478550,utsaibcure,,2025-03-20 18:34:40 +0100,2025-04-13 11:00:20 +0200,research,CC-BY-NC,https://www.inaturalist.org/observations/266123156,https://inaturalist-open-data.s3.amazonaws.com/photos/478117232/medium.jpg,,"",,1,0,false,,"Friedrich Wilderness Park, 21395 Milsa Dr, San Antonio, TX 78256, USA",29.6410751,-98.6250283,195,,,,195,,open,false,,,Eurasian Wild Pig,Sus scrofa,Wild Boar,Mammalia,42134
266123158,0bdbb773-caf8-410a-9f1b-b6132288c62a,2024/02/13 8:28 AM,2024-02-13,2024-02-13 15:28:00 +0100,Central Time (US & Canada),6478550,utsaibcure,,2025-03-20 18:34:40 +0100,2025-04-13 11:00:20 +0200,research,CC-BY-NC,https://www.inaturalist.org/observations/266123158,https://inaturalist-open-data.s3.amazonaws.com/photos/478117235/medium.jpg,,"",,1,0,false,,"Friedrich Wilderness Park, 21395 Milsa Dr, San Antonio, TX 78256, USA",29.6410751,-98.6250283,195,,,,195,,open,false,,,Eurasian Wild Pig,Sus scrofa,Wild Boar,Mammalia,42134
266123166,8404ea5a-313a-47f6-a5c9-e8ad090a1129,2024/02/13 10:19 AM,2024-02-13,2024-02-13 17:19:00 +0100,Central Time (US & Canada),6478550,utsaibcure,,2025-03-20 18:34:41 +0100,2025-04-13 11:00:21 +0200,research,CC-BY-NC,https://www.inaturalist.org/observations/266123166,https://inaturalist-open-data.s3.amazonaws.com/photos/478117252/medium.jpg,,"",,1,0,false,,"Friedrich Wilderness Park, 21395 Milsa Dr, San Antonio, TX 78256, USA",29.6410751,-98.6250283,195,,,,195,,open,false,,,Eurasian Wild Pig,Sus scrofa,Wild Boar,Mammalia,42134
267220100,cd0b3a30-ae81-4179-821c-7ef53dd31acd,2024-12-06 21:34:48-06:00,2024-12-06,2024-12-07 04:34:48 +0100,Central Time (US & Canada),8584039,jose_zac,,2025-03-27 18:08:01 +0100,2025-04-03 00:29:12 +0200,research,CC-BY-NC,https://www.inaturalist.org/observations/267220100,https://inaturalist-open-data.s3.amazonaws.com/photos/480191999/medium.jpg,,"",BIG HOG,2,0,false,3,"Frost, TX, US",31.9960116667,-96.8323283333,3,,,,3,,open,false,,,Wild Boar,Sus scrofa,Wild Boar,Mammalia,42134
267235682,451173f9-2331-462d-8602-a48d83147ff3,2024-10-31 12:37:03-04:00,2024-10-31,2024-10-31 17:37:03 +0100,Eastern Time (US & Canada),2669905,win_ott,,2025-03-27 19:59:37 +0100,2025-03-27 21:31:34 +0100,research,CC-BY-NC,https://www.inaturalist.org/observations/267235682,https://inaturalist-open-data.s3.amazonaws.com/photos/480220621/medium.jpg,,""," a young male, weened but small. No other pigs seen. ",1,0,false,3,"Ocoee Springs Dr, Waterloo, SC, US",34.3830716667,-82.100075,4,,,,4,,open,false,,,Wild Boar,Sus scrofa,Wild Boar,Mammalia,42134
267525037,ca3f5126-1301-4fe9-9de0-d517925e25f7,2024/03/06 10:04 AM,2024-03-06,2024-03-06 16:04:00 +0100,Eastern Time (US & Canada),3385327,loriarent,Lori Arent,2025-03-29 16:54:28 +0100,2025-03-29 21:56:06 +0100,research,CC-BY-NC,https://www.inaturalist.org/observations/267525037,https://inaturalist-open-data.s3.amazonaws.com/photos/480773399/medium.jpeg,,"",,1,0,false,,"Brevard County, FL, USA",28.263933,-80.7214417,67229,,,,67229,,open,false,,,Eurasian Wild Pig,Sus scrofa,Wild Boar,Mammalia,42134
269688962,6a7dcb86-d107-4433-b2b2-60fa1a0840c8,2024-12-20 10:45:00-06:00,2024-12-20,2024-12-20 17:45:00 +0100,Central Time (US & Canada),8880191,avaa2028utt,Ava Avila,2025-04-10 23:55:42 +0200,2025-04-10 23:57:52 +0200,research,CC-BY-NC,https://www.inaturalist.org/observations/269688962,https://inaturalist-open-data.s3.amazonaws.com/photos/484932146/medium.jpg,,"",This is a wild pig that my father hunted. The scientific name for a wild pig is sus scrofa. Wild pigs fall under class mammalia. These mammals are considered invasive species in many parts of America due to their negative impact on ecosystems and their negative behaviors.,1,0,false,3,"Henderson, TX, US",32.2226451564,-94.8369268847,33,,,,33,,open,false,,,Wild Boar,Sus scrofa,Wild Boar,Mammalia,42134
269869835,3a922f50-0a01-4635-8619-4ec73af20119,2024-11-16 09:10:00-06:00,2024-11-16,2024-11-16 16:10:00 +0100,Central Time (US & Canada),8876629,kaitlanbeaux,,2025-04-12 01:13:14 +0200,2025-04-12 01:31:33 +0200,research,CC-BY-NC,https://www.inaturalist.org/observations/269869835,https://inaturalist-open-data.s3.amazonaws.com/photos/485276525/medium.jpg,,"",I can’t find the actual name for it..I don’t know if this is right i’m pretty sure these are in the jungle but this is a wild hog if anyone wants to help out.,1,0,false,3,"Jacksonville, TX, US",31.9325125656,-95.1407182381,182,,,,182,,open,false,,,Wild Boar,Sus scrofa,Wild Boar,Mammalia,42134
270348525,6b1a490d-857d-410c-963e-9458311e0553,2024-12-14 09:21:31-06:00,2024-12-14,2024-12-14 16:21:31 +0100,Central Time (US & Canada),1405707,sdexplorer,Shaylin Daji,2025-04-14 04:37:05 +0200,2025-04-14 13:26:24 +0200,research,,https://www.inaturalist.org/observations/270348525,https://static.inaturalist.org/photos/486190242/medium.jpg,,"","",2,0,false,3,"Fort Worth Nature Center & Refuge, Fort Worth, TX, US",32.8483370417,-97.4608633787,4,,,,4,,open,false,,,Eurasian Wild Pig,Sus scrofa,Wild Boar,Mammalia,42134
270761413,a46a2951-628d-4e93-8435-e6deff734159,2024-02-25 14:05,2024-02-25,2024-02-25 21:05:00 +0100,Central Time (US & Canada),9129391,kyleodon,,2025-04-16 06:39:36 +0200,2025-04-16 08:51:42 +0200,research,CC-BY-NC,https://www.inaturalist.org/observations/270761413,https://inaturalist-open-data.s3.amazonaws.com/photos/486977654/medium.jpg,,"",,1,0,false,843,Aransas National Wildlife Refuge,28.2466038119,-96.7455209392,,,,,,,open,false,,,Wild Boar,Sus scrofa,Wild Boar,Mammalia,42134
271951838,fd1d5994-5a29-4be8-bf83-ac608a9a3d75,2024/11/30 12:22 AM,2024-11-30,2024-11-30 07:22:00 +0100,Central Time (US & Canada),1304595,mcwildlife,"",2025-04-21 14:47:45 +0200,2025-04-21 15:59:05 +0200,research,CC-BY-NC-ND,https://www.inaturalist.org/observations/271951838,https://inaturalist-open-data.s3.amazonaws.com/photos/489231729/medium.jpg,,"",,1,0,false,,"Fort Bend County, TX, USA",29.5382768222,-96.0349853812,31,,,,31,,open,false,,,Wild Boar,Sus scrofa,Wild Boar,Mammalia,42134
272106432,80094172-9da1-476a-9e24-27452c232db0,2024/05/10 7:19 PM,2024-05-10,2024-05-11 02:19:00 +0200,Central Time (US & Canada),1265983,gayleistired,GayleIsTired,2025-04-22 03:28:46 +0200,2025-04-22 04:48:56 +0200,research,CC-BY,https://www.inaturalist.org/observations/272106432,https://inaturalist-open-data.s3.amazonaws.com/photos/489509833/medium.jpeg,,"","",1,0,false,,"Bolivar Peninsula, TX, USA",29.574323932,-94.3892669124,215,,,,215,,open,false,,,Wild Boar,Sus scrofa,Wild Boar,Mammalia,42134
272621890,f94cc15f-ac94-40a4-9950-74c8251d3e35,2024-09-08 19:17:00-06:00,2024-09-08,2024-09-09 03:17:00 +0200,Central Time (US & Canada),9056534,abbi_holder,,2025-04-24 07:40:04 +0200,2025-04-25 08:06:17 +0200,research,CC-BY-NC,https://www.inaturalist.org/observations/272621890,https://inaturalist-open-data.s3.amazonaws.com/photos/490476108/medium.jpg,,"","",1,0,false,3,"Fluvanna, TX, US",32.9088682688,-101.2385907596,772,,,,772,,open,false,,,Wild Boar,Sus scrofa,Wild Boar,Mammalia,42134
272681639,c68bbcbf-fdd3-4bbb-ac85-5398c5b725a6,2024/11/29 9:41 AM,2024-11-29,2024-11-29 15:41:00 +0100,Eastern Time (US & Canada),5639304,daryase,Daria Semenova,2025-04-24 15:43:03 +0200,2025-04-24 15:54:37 +0200,research,CC-BY-NC,https://www.inaturalist.org/observations/272681639,https://inaturalist-open-data.s3.amazonaws.com/photos/490577006/medium.jpg,,"",,1,0,false,,"Alachua County, FL, USA",29.6048721863,-82.3028187532,68,,,,68,,open,false,,,Eurasian Wild Pig,Sus scrofa,Wild Boar,Mammalia,42134
272788657,e939511f-5a2b-44d7-91a7-be565de953bf,2024-03-18 19:34:15,2024-03-18,2024-03-19 01:34:15 +0100,Central Time (US & Canada),5152898,phil328,Phil Maxwell,2025-04-24 23:33:28 +0200,2025-04-24 23:40:26 +0200,research,CC-BY-NC,https://www.inaturalist.org/observations/272788657,https://inaturalist-open-data.s3.amazonaws.com/photos/490775200/medium.jpg,,"",,1,0,false,843,"SR-388, Panama City Beach, FL, US",30.2986916667,-85.8454283333,4,,,,4,,open,false,,,Eurasian Wild Pig,Sus scrofa,Wild Boar,Mammalia,42134
272814629,96dcb0be-8069-4851-98e6-67056fae42e7,2024-10-24 11:55:41,2024-10-24,2024-10-24 18:55:41 +0200,Central Time (US & Canada),5152898,phil328,Phil Maxwell,2025-04-25 01:30:20 +0200,2025-04-30 04:19:48 +0200,research,CC-BY-NC,https://www.inaturalist.org/observations/272814629,https://inaturalist-open-data.s3.amazonaws.com/photos/490820887/medium.jpg,,"",,3,0,false,843,"Florida, US",30.3723320557,-85.8079354962,4,,,,29382,obscured,open,true,,,Eurasian Wild Pig,Sus scrofa,Wild Boar,Mammalia,42134
272942685,94646cb2-1fba-4c17-bc9d-a8e3edac536c,Sun Jan 07 2024 14:39:44 GMT -0600 (CST),2024-01-07,2024-01-07 21:39:44 +0100,Central Time (US & Canada),9191807,alpalbones,Al P,2025-04-25 10:04:22 +0200,2025-09-19 08:41:19 +0200,research,CC-BY-NC,https://www.inaturalist.org/observations/272942685,https://inaturalist-open-data.s3.amazonaws.com/photos/491030796/medium.jpeg,,"",,2,0,false,333,Little Rock,34.7481651306,-92.490196228,,,,,,,open,false,,,Wild Boar,Sus scrofa,Wild Boar,Mammalia,42134
279317141,59b52059-4504-432f-a4d4-ff18b61bf26b,2024/09/01 7:27 AM,2024-09-01,2024-09-01 14:27:00 +0200,Central Time (US & Canada),2115612,ethan_menzel,Ethan Menzel,2025-05-07 22:59:42 +0200,2025-05-07 23:02:45 +0200,research,,https://www.inaturalist.org/observations/279317141,https://inaturalist-open-data.s3.amazonaws.com/photos/501564248/medium.jpeg,,"",,1,0,false,,"QJCP+75 Maydelle, TX, USA",31.77069,-95.36458,,,,,,,open,false,,,Eurasian Wild Pig,Sus scrofa,Wild Boar,Mammalia,42134
281086251,d64959b6-6f8f-49c7-90a0-53981cfca5ee,2024-11-26 10:01:30,2024-11-26,2024-11-26 17:01:30 +0100,Central Time (US & Canada),8565606,garfieldgardens,garf,2025-05-14 21:24:01 +0200,2025-05-16 20:24:00 +0200,research,,https://www.inaturalist.org/observations/281086251,https://static.inaturalist.org/photos/504899828/medium.jpg,,"",,1,0,false,843,"Lufkin, TX, US",31.296990281,-94.6664221977,186,,,,186,,open,false,,,Wild Boar,Sus scrofa,Wild Boar,Mammalia,42134
281617175,e730a480-22a9-4fde-9c64-280cc78a6eeb,2024/05/05 5:06 PM,2024-05-05,2024-05-06 02:06:00 +0200,Pacific Time (US & Canada),1587752,lawrence_from_california,Lawrence,2025-05-17 01:09:00 +0200,2025-05-17 17:26:39 +0200,research,,https://www.inaturalist.org/observations/281617175,https://static.inaturalist.org/photos/505903498/medium.jpg,,"",,1,0,false,,"Coyote Creek, Santa Clara County, US-CA, US",37.2291336806,-121.7537284835,403,,,,403,,open,false,,,Eurasian Wild Pig,Sus scrofa,Wild Boar,Mammalia,42134
281623489,2dd19b8d-a241-4dd5-8698-433fdc62d857,2024-05-30T12:33,2024-05-30,2024-05-30 19:33:00 +0200,Central Time (US & Canada),8154883,hcm34,,2025-05-17 01:40:42 +0200,2025-05-17 01:41:49 +0200,research,CC-BY-NC,https://www.inaturalist.org/observations/281623489,https://inaturalist-open-data.s3.amazonaws.com/photos/505915532/medium.jpg,,"",,1,0,false,843,"Pattonville, TX, US",33.4811926585,-95.3900674166,499,,,,499,,open,false,,,Wild Boar,Sus scrofa,Wild Boar,Mammalia,42134
283440788,54d1ea47-0343-44d1-ad32-32e1a2f438f8,2024/04/22 6:10 AM,2024-04-22,2024-04-22 13:10:00 +0200,Central Time (US & Canada),2115612,ethan_menzel,Ethan Menzel,2025-05-23 20:50:28 +0200,2025-05-26 22:04:29 +0200,research,,https://www.inaturalist.org/observations/283440788,https://inaturalist-open-data.s3.amazonaws.com/photos/509290852/medium.jpg,,"",,2,0,false,,"Rusk County, TX, USA",31.92852,-94.76907,,,,,,,open,false,,,Eurasian Wild Pig,Sus scrofa,Wild Boar,Mammalia,42134
283470360,93bb0ea8-8cc1-4498-bb50-b0c99f1dd343,2024/07/15 11:54 PM,2024-07-15,2024-07-16 06:54:00 +0200,Central Time (US & Canada),2115612,ethan_menzel,Ethan Menzel,2025-05-23 23:05:19 +0200,2025-05-24 03:43:51 +0200,research,,https://www.inaturalist.org/observations/283470360,https://inaturalist-open-data.s3.amazonaws.com/photos/509356344/medium.jpg,,"",,1,0,false,,"Houston County, TX, USA",31.31173,-95.29899,,,,,,,open,false,,,Eurasian Wild Pig,Sus scrofa,Wild Boar,Mammalia,42134
285214873,ef42b831-48d7-4faf-8d43-ee6e0a1c1497,2024-03-24 08:54:00,2024-03-24,2024-03-24 13:54:00 +0100,Eastern Time (US & Canada),5685596,sparkypetunia,"",2025-05-30 02:26:01 +0200,2025-05-30 03:32:12 +0200,research,CC-BY-NC,https://www.inaturalist.org/observations/285214873,https://inaturalist-open-data.s3.amazonaws.com/photos/512646823/medium.jpg,,"",,1,0,false,2,"Brevard County, FL, USA",28.6573788408,-80.7544027269,200,,,,200,,open,false,gps,gps,Wild Boar,Sus scrofa,Wild Boar,Mammalia,42134
286419173,061d7f64-be3b-49ab-8436-5790e58b0ef4,2024-02-17 12:03:00,2024-02-17,2024-02-17 21:03:00 +0100,Pacific Time (US & Canada),8067493,zhenx,zhen (he/him),2025-06-03 02:14:34 +0200,2025-06-04 04:31:11 +0200,research,CC-BY-NC,https://www.inaturalist.org/observations/286419173,https://inaturalist-open-data.s3.amazonaws.com/photos/514908978/medium.jpg,,"",going 4 a walk alone ,2,0,false,2,21st Street,38.5348898619,-121.4897393435,190,,,,190,,open,false,gps,gps,Domestic Pig,Sus scrofa domesticus,Domestic Pig,Mammalia,324492
288045676,650595d3-efd2-4d0b-b6b7-53079b982b9b,2024-03-21 12:31:58,2024-03-21,2024-03-21 17:31:58 +0100,America/Nassau,9341560,rikelletarr,,2025-06-09 01:14:13 +0200,2025-06-09 13:09:15 +0200,research,CC-BY-NC,https://www.inaturalist.org/observations/288045676,https://inaturalist-open-data.s3.amazonaws.com/photos/517964201/medium.jpg,,"",,1,0,false,843,"Nassau, BS",25.0859805,-77.3459033333,8,,,,8,,open,false,,,Eurasian Wild Pig,Sus scrofa,Wild Boar,Mammalia,42134
288862078,082e28cf-7052-4812-85c5-e2dc8ebe9ab2,2024/10/15 5:37 PM,2024-10-15,2024-10-16 00:37:00 +0200,Central Time (US & Canada),9417819,brettpro,,2025-06-12 00:37:44 +0200,2025-06-12 18:17:50 +0200,research,CC-BY-NC,https://www.inaturalist.org/observations/288862078,https://inaturalist-open-data.s3.amazonaws.com/photos/519508985/medium.jpg,,"",Wild hogs that were encroaching on my aunt's property.,2,0,false,,"Inez, TX 77968, USA",28.8690111111,-96.7298555556,12,,,,12,,open,false,,,Eurasian Wild Pig,Sus scrofa,Wild Boar,Mammalia,42134
289096357,bcccd1d0-4ce4-4c79-b042-d8fb91e08aab,2024/05/11 3:11 PM,2024-05-11,2024-05-11 22:11:00 +0200,Central Time (US & Canada),748328,linkenlog,"",2025-06-12 22:18:12 +0200,2025-06-12 22:25:49 +0200,research,CC-BY-NC,https://www.inaturalist.org/observations/289096357,https://inaturalist-open-data.s3.amazonaws.com/photos/519939974/medium.jpg,,"",,1,0,false,,"Fort Worth, TX, USA",32.786198322,-97.1298801643,31,,,,31,,open,false,,,Eurasian Wild Pig,Sus scrofa,Wild Boar,Mammalia,42134
291319143,c4aee9a6-62b3-4914-bf09-4f3466723989,2024/11/28 8:10 AM,2024-11-28,2024-11-28 15:10:00 +0100,Central Time (US & Canada),111241,lovebirder,Missy McAllister-Kerr,2025-06-21 00:11:18 +0200,2025-06-21 04:28:41 +0200,research,CC-BY-NC,https://www.inaturalist.org/observations/291319143,https://inaturalist-open-data.s3.amazonaws.com/photos/524132751/medium.jpg,,"",wildlife camera,1,0,false,,"Private FM2005, Hamilton, TX, USA",31.6338372117,-98.2483995998,499,,,,499,,open,false,,,Eurasian Wild Pig,Sus scrofa,Wild Boar,Mammalia,42134
291319150,e7160ddb-f81a-4ac8-bbbf-ceabeeb7f65e,2024/12/16 1:36 AM,2024-12-16,2024-12-16 08:36:00 +0100,Central Time (US & Canada),111241,lovebirder,Missy McAllister-Kerr,2025-06-21 00:11:19 +0200,2025-08-13 22:10:13 +0200,research,CC-BY-NC,https://www.inaturalist.org/observations/291319150,https://inaturalist-open-data.s3.amazonaws.com/photos/524133161/medium.jpg,,"",wildlife camera,1,0,false,,"Private FM2005, Hamilton, TX, USA",31.6338372117,-98.2483995998,499,,,,499,,open,false,,,Eurasian Wild Pig,Sus scrofa,Wild Boar,Mammalia,42134
294155728,68af6fa5-aeb8-489a-88d6-101c2dab3970,2024/04/20 5:23 PM,2024-04-20,2024-04-21 00:23:00 +0200,Central Time (US & Canada),5107763,hunterrwest,Hunter West,2025-06-30 23:05:05 +0200,2025-07-28 21:24:11 +0200,research,CC-BY-NC-ND,https://www.inaturalist.org/observations/294155728,https://inaturalist-open-data.s3.amazonaws.com/photos/529425597/medium.jpg,,"",,1,0,false,,"Harrison County, TX, USA",32.6826301275,-94.1239218279,2220,,,,2220,,open,false,,,Eurasian Wild Pig,Sus scrofa,Wild Boar,Mammalia,42134
295034042,e892e7ee-f226-4995-b77b-3f1809be8215,2024/05/20 11:20 PM,2024-05-20,2024-05-21 06:20:00 +0200,Central Time (US & Canada),5107763,hunterrwest,Hunter West,2025-07-04 07:02:18 +0200,2025-07-12 01:01:05 +0200,research,CC-BY-NC-ND,https://www.inaturalist.org/observations/295034042,https://inaturalist-open-data.s3.amazonaws.com/photos/531074950/medium.jpg,,"",,1,0,false,,"Anderson County, TX, USA",31.9541463085,-95.9703493689,21328,,,,21328,,open,false,,,Eurasian Wild Pig,Sus scrofa,Wild Boar,Mammalia,42134
296093022,acc562e8-f552-4c72-9f27-8a4f2b50eb1b,2024/07/21 10:08 PM,2024-07-21,2024-07-22 05:08:00 +0200,Central Time (US & Canada),5107763,hunterrwest,Hunter West,2025-07-07 23:13:45 +0200,2025-07-12 01:01:05 +0200,research,CC-BY-NC-ND,https://www.inaturalist.org/observations/296093022,https://inaturalist-open-data.s3.amazonaws.com/photos/533107562/medium.jpg,,"",,1,0,false,,"River Place, TX 77845, USA",30.5046085045,-96.3410583069,1627,,,,1627,,open,false,,,Eurasian Wild Pig,Sus scrofa,Wild Boar,Mammalia,42134
297782504,104a58fb-3555-4bc1-9422-779f4cdbc359,2024-12-12T08:29,2024-12-12,2024-12-12 15:29:00 +0100,Central Time (US & Canada),9536973,tnfreemason,,2025-07-14 04:07:31 +0200,2025-08-16 21:47:40 +0200,research,CC-BY-NC,https://www.inaturalist.org/observations/297782504,https://inaturalist-open-data.s3.amazonaws.com/photos/536322335/medium.jpg,,"",,5,0,false,843,"Lacefield Dr, Savannah, TN, US",35.2063649794,-88.253646446,131,,,,131,,open,false,,,Domestic Pig,Sus scrofa domesticus,Domestic Pig,Mammalia,324492
299073462,5ffef916-ee13-4d6e-b23c-4c5328cf34f2,2024-05-05 20:31:43,2024-05-05,2024-05-06 03:31:43 +0200,Central Time (US & Canada),232439,harrier,"",2025-07-19 03:26:56 +0200,2025-07-22 13:26:50 +0200,research,CC-BY,https://www.inaturalist.org/observations/299073462,https://inaturalist-open-data.s3.amazonaws.com/photos/538785282/medium.jpg,,"",,2,0,false,843,"Park Rd 41, Monahans, TX, US",31.6175283333,-102.811745,3,,,,3,,open,false,,,Eurasian Wild Pig,Sus scrofa,Wild Boar,Mammalia,42134
299931688,cca58e70-2e2b-446f-a318-48448261a8e0,2024-03-03 17:25:50,2024-03-03,2024-03-04 00:25:50 +0100,Central Time (US & Canada),7177314,stephanie83853,Stephanie Lazensky,2025-07-21 21:55:34 +0200,2025-07-22 13:24:50 +0200,research,,https://www.inaturalist.org/observations/299931688,https://static.inaturalist.org/photos/540375149/medium.jpg,,"",,1,0,false,843,"City Bridge Rd, Perkinston, MS, US",30.7696966667,-89.0563278333,6,,,,6,,open,false,,,Wild Boar,Sus scrofa,Wild Boar,Mammalia,42134
301331828,9e4e103d-49fa-4926-892b-523ab0cc6d0f,2024-07-27 09:07:44,2024-07-27,2024-07-27 16:07:44 +0200,Central Time (US & Canada),9382394,sabrielj4,S. G. Johnson,2025-07-26 23:43:38 +0200,2025-07-26 23:55:50 +0200,research,CC-BY-NC,https://www.inaturalist.org/observations/301331828,https://inaturalist-open-data.s3.amazonaws.com/photos/542985476/medium.jpg,,"",,1,0,false,843,"SH-19, Athens, TX, US",32.0976,-95.8211583333,4,,,,4,,open,false,,,Wild Boar,Sus scrofa,Wild Boar,Mammalia,42134
310516858,bc110874-e491-4f53-b88f-9ebc191b1c89,2024-09-28 05:45:00,2024-09-28,2024-09-28 12:45:00 +0200,Central Time (US & Canada),9571515,brianmetz,Brian Metz,2025-08-31 18:23:26 +0200,2025-09-01 00:02:29 +0200,research,CC-BY-NC,https://www.inaturalist.org/observations/310516858,https://inaturalist-open-data.s3.amazonaws.com/photos/560431364/medium.jpg,,"",,1,0,false,2,"Zavalla, TX 75980, USA",31.0732721549,-94.2512436211,168,,,,168,,open,false,gps,gps,Wild Boar,Sus scrofa,Wild Boar,Mammalia,42134
312794900,00f7e868-5d94-477f-9cd9-7448314fe7fc,2024-12-29 17:33:50,2024-12-29,2024-12-29 23:33:50 +0100,Eastern Time (US & Canada),9554985,nutegunray,,2025-09-10 01:28:55 +0200,2025-09-11 00:43:51 +0200,research,CC-BY-NC,https://www.inaturalist.org/observations/312794900,https://inaturalist-open-data.s3.amazonaws.com/photos/564792565/medium.jpg,,"",,1,0,false,843,"Monticello, GA, US",33.3087783333,-83.5487833333,4,,,,4,,open,false,,,Wild Boar,Sus scrofa,Wild Boar,Mammalia,42134
314887385,bdcd0376-622d-4f79-94c9-a1384e0fa06c,2024-10-27 19:30:00,2024-10-27,2024-10-28 01:30:00 +0100,Central Time (US & Canada),3701496,jd_flores,JD Flores,2025-09-19 00:02:11 +0200,2025-09-19 16:00:32 +0200,research,CC0,https://www.inaturalist.org/observations/314887385,https://inaturalist-open-data.s3.amazonaws.com/photos/568777370/medium.jpg,,"",Via trail cam,1,0,false,2,"Mooringsport, LA 71060, USA",32.6388209405,-93.9923547953,50,,,,50,,open,false,,,Eurasian Wild Pig,Sus scrofa,Wild Boar,Mammalia,42134
318272202,d2a22bbf-1d33-4956-9cad-a309d7709224,2024-05-14 03:18:52,2024-05-14,2024-05-14 09:18:52 +0200,Eastern Time (US & Canada),2114524,nomadiclobo,Henry Wagner,2025-10-02 22:36:13 +0200,2025-10-02 22:43:15 +0200,research,,https://www.inaturalist.org/observations/318272202,https://static.inaturalist.org/photos/575198774/medium.jpg,,"",,1,0,false,843,"Clarkesville, GA, US",34.8195801744,-83.6112290479,13462,,,,13462,,open,false,,,Eurasian Wild Pig,Sus scrofa,Wild Boar,Mammalia,42134
