id,uuid,observed_on_string,observed_on,time_observed_at,time_zone,user_id,user_login,user_name,created_at,updated_at,quality_grade,license,url,image_url,sound_url,tag_list,description,num_identification_agreements,num_identification_disagreements,captive_cultivated,oauth_application_id,place_guess,latitude,longitude,positional_accuracy,private_place_guess,private_latitude,private_longitude,public_positional_accuracy,geoprivacy,taxon_geoprivacy,coordinates_obscured,positioning_method,positioning_device,species_guess,scientific_name,common_name,iconic_taxon_name,taxon_id
195596849,0675da92-bbbc-4310-a3df-4d83872b4ebe,2024-01-01 14:03:51-05:00,2024-01-01,2024-01-01 19:03:51 UTC,Eastern Time (US & Canada),1537014,human_landfill,,2024-01-02 20:15:32 UTC,2024-01-07 03:15:35 UTC,research,CC-BY-NC,https://www.inaturalist.org/observations/195596849,https://inaturalist-open-data.s3.amazonaws.com/photos/344148144/medium.jpg,,"","",2,0,false,3,"Euclid Ave, Perry, NY, US",42.7028447627,-78.0219709046,403,,,,403,,open,false,,,Zebra Mussel,Dreissena polymorpha,Zebra Mussel,Mollusca,116340
195596925,cf9bc5a3-e60c-46ba-9f7d-1bdeda63f876,2024-01-01 14:03:53-05:00,2024-01-01,2024-01-01 19:03:53 UTC,Eastern Time (US & Canada),1537014,human_landfill,,2024-01-02 20:16:06 UTC,2024-01-07 03:15:32 UTC,research,CC-BY-NC,https://www.inaturalist.org/observations/195596925,https://inaturalist-open-data.s3.amazonaws.com/photos/344148272/medium.jpg,,"","",3,0,false,3,"Euclid Ave, Perry, NY, US",42.7043373585,-78.0219938869,566,,,,566,,open,false,,,Zebra Mussel,Dreissena polymorpha,Zebra Mussel,Mollusca,116340
195679879,7ce73607-faf2-461a-8ac5-cb8b5b952ac7,2024/01/03 12:49 PM,2024-01-03,2024-01-03 17:49:00 UTC,America/Nipigon,542978,davidpickett,"",2024-01-03 18:14:20 UTC,2024-01-03 22:50:29 UTC,research,CC-BY-NC,https://www.inaturalist.org/observations/195679879,https://inaturalist-open-data.s3.amazonaws.com/photos/344313489/medium.jpeg,,"",,2,0,false,,"Hastings County, ON, Canada",44.8260170364,-77.8563582379,15,,,,15,,open,false,,,Zebra Mussel,Dreissena polymorpha,Zebra Mussel,Mollusca,116340
195766259,ea3530fb-4f8a-4e6f-8a22-5e86f2069699,2024-01-04 12:19:42,2024-01-04,2024-01-04 17:19:42 UTC,Eastern Time (US & Canada),6564,jodycb,JodBot,2024-01-04 17:47:23 UTC,2024-01-04 19:01:57 UTC,research,CC-BY,https://www.inaturalist.org/observations/195766259,https://inaturalist-open-data.s3.amazonaws.com/photos/344489020/medium.jpeg,,"",,2,0,false,2,"Geneva, NY 14456, USA",42.8714027778,-76.9741638889,,,,,,,open,false,,,Zebra Mussel,Dreissena polymorpha,Zebra Mussel,Mollusca,116340
195802940,bf0f2bdd-de92-4526-a715-0db5b933e1e5,2024/01/04 3:23 PM,2024-01-04,2024-01-04 21:23:00 UTC,Central Time (US & Canada),395895,wildlander,Jared Gorrell,2024-01-05 02:36:50 UTC,2024-01-06 19:05:09 UTC,research,CC-BY-NC,https://www.inaturalist.org/observations/195802940,https://inaturalist-open-data.s3.amazonaws.com/photos/344562086/medium.jpeg,,"",,3,0,false,,"Henry County, TN, USA",36.4412067629,-88.0772888928,61,,,,61,,open,false,,,Zebra Mussel,Dreissena polymorpha,Zebra Mussel,Mollusca,116340
195847400,3badd6bb-88aa-4e1c-b287-d09d8b3b2502,2024/01/05 11:57 AM,2024-01-05,2024-01-05 16:57:00 UTC,Eastern Time (US & Canada),416201,jemredwood,Joanne Muis,2024-01-05 16:52:41 UTC,2024-01-07 03:15:05 UTC,research,CC-BY-NC,https://www.inaturalist.org/observations/195847400,https://inaturalist-open-data.s3.amazonaws.com/photos/344652983/medium.jpeg,,"",,2,0,false,,"Aldershot, Burlington, ON, Canada",43.3026029283,-79.8429379983,31,,,,31,,open,false,,,Zebra Mussel,Dreissena polymorpha,Zebra Mussel,Mollusca,116340
195957042,9e3449c2-5875-4fb4-927c-42316e57af31,2024-01-06 12:22:38,2024-01-06,2024-01-06 17:22:38 UTC,America/Detroit,4658288,jhall2402,"",2024-01-06 20:47:29 UTC,2024-01-06 21:53:39 UTC,research,,https://www.inaturalist.org/observations/195957042,https://static.inaturalist.org/photos/344874465/medium.jpeg,,"",,2,0,false,2,"Croton Township, MI, USA",43.4384768248,-85.6617314368,66,,,,66,,open,false,gps,gps,Zebra Mussel,Dreissena polymorpha,Zebra Mussel,Mollusca,116340
196057923,5744aa31-e928-4b81-8260-7265394f6010,2024-01-03 16:46:43,2024-01-03,2024-01-03 21:46:43 UTC,America/Detroit,3547558,bluebellprince,Skyler Principe,2024-01-07 20:48:49 UTC,2025-01-17 02:39:30 UTC,research,CC-BY,https://www.inaturalist.org/observations/196057923,https://inaturalist-open-data.s3.amazonaws.com/photos/345074533/medium.jpeg,,"","",2,0,false,2,"Tucker Park, Harrison Twp, MI 48045, USA",42.567135,-82.856056,60,,,,60,,open,false,gps,manual,Zebra Mussel,Dreissena polymorpha,Zebra Mussel,Mollusca,116340
196079650,3f7a7967-fcf4-4e40-a864-55b0dca2121c,2024-01-07 16:06:58-05:00,2024-01-07,2024-01-07 21:06:58 UTC,Eastern Time (US & Canada),5661117,jay614,Jay Dixon,2024-01-08 01:02:21 UTC,2024-01-09 21:41:06 UTC,research,,https://www.inaturalist.org/observations/196079650,https://static.inaturalist.org/photos/345118276/medium.jpg,,"","",2,0,false,3,"Alum Creek State Park, Delaware, OH, US",40.20185,-82.95482,4,,,,4,,open,false,,,Zebra Mussel,Dreissena polymorpha,Zebra Mussel,Mollusca,116340
196095415,07d3bba5-2375-4400-97a5-a8e6d5b1d959,2024/01/07 3:30 PM,2024-01-07,2024-01-07 21:30:00 UTC,Central Time (US & Canada),691967,matt227,Matt Welter,2024-01-08 04:46:02 UTC,2024-01-09 21:41:04 UTC,research,CC-BY-NC,https://www.inaturalist.org/observations/196095415,https://inaturalist-open-data.s3.amazonaws.com/photos/345149213/medium.jpeg,,"",,2,0,false,,"Lambeau Cottage Park UWGB, 2487 Nicolet Dr, Green Bay, WI 54311, USA",44.5353039,-87.9290969,183,,,,183,,open,false,,,Zebra Mussel,Dreissena polymorpha,Zebra Mussel,Mollusca,116340
196095430,4ce4ca49-e7d2-446a-9364-b74886113f35,2024/01/07 3:31 PM,2024-01-07,2024-01-07 21:31:00 UTC,Central Time (US & Canada),691967,matt227,Matt Welter,2024-01-08 04:46:06 UTC,2024-01-20 18:16:38 UTC,research,CC-BY-NC,https://www.inaturalist.org/observations/196095430,https://inaturalist-open-data.s3.amazonaws.com/photos/345149398/medium.jpeg,,"",,3,0,false,,"Lambeau Cottage Park UWGB, 2487 Nicolet Dr, Green Bay, WI 54311, USA",44.5353039,-87.9290969,183,,,,183,,open,false,,,Zebra Mussel,Dreissena polymorpha,Zebra Mussel,Mollusca,116340
196173826,18ce8e19-1a89-461e-8fd3-a9821d236787,2024-01-05 16:22:46-05:00,2024-01-05,2024-01-05 21:22:46 UTC,Eastern Time (US & Canada),3002013,cravinsky,"",2024-01-09 03:01:40 UTC,2024-01-09 03:33:53 UTC,research,CC-BY-NC,https://www.inaturalist.org/observations/196173826,https://inaturalist-open-data.s3.amazonaws.com/photos/345308096/medium.jpg,,"","",2,0,false,3,"Caesar Creek State Park, Waynesville, OH, US",39.5064616667,-84.0299611667,11,,,,11,,open,false,,,Zebra Mussel,Dreissena polymorpha,Zebra Mussel,Mollusca,116340
196174038,755bc867-8633-40df-8428-186fc322f7e7,2024-01-05 16:24:46-05:00,2024-01-05,2024-01-05 21:24:46 UTC,Eastern Time (US & Canada),3002013,cravinsky,"",2024-01-09 03:04:30 UTC,2024-01-09 03:33:47 UTC,research,CC-BY-NC,https://www.inaturalist.org/observations/196174038,https://inaturalist-open-data.s3.amazonaws.com/photos/345308491/medium.jpg,,"","",2,0,false,3,"Caesar Creek State Park, Waynesville, OH, US",39.5063133333,-84.0294945,9,,,,9,,open,false,,,Zebra Mussel,Dreissena polymorpha,Zebra Mussel,Mollusca,116340
196567900,a4371841-9fb7-4e15-9181-f2523de5f36a,2024-01-13 14:35:32,2024-01-13,2024-01-13 20:35:32 UTC,Central Time (US & Canada),4599242,ekalneb,,2024-01-13 20:37:55 UTC,2024-01-28 03:02:52 UTC,research,CC-BY-NC,https://www.inaturalist.org/observations/196567900,https://inaturalist-open-data.s3.amazonaws.com/photos/348289903/medium.jpeg,,"",,1,0,false,2,"Georgetown, TX, USA",30.6751027778,-97.7375583333,,,,,,,open,false,gps,gps,Zebra Mussel,Dreissena polymorpha,Zebra Mussel,Mollusca,116340
197153990,c9e653e3-eeb0-40ec-9220-6000e736aeea,2024-01-20 12:06:26-05:00,2024-01-20,2024-01-20 17:06:26 UTC,Eastern Time (US & Canada),6466688,abbyciona,Abby Ciona,2024-01-20 17:52:27 UTC,2024-01-21 16:32:12 UTC,research,CC-BY,https://www.inaturalist.org/observations/197153990,https://inaturalist-open-data.s3.amazonaws.com/photos/347169039/medium.jpg,,"","",2,0,false,3,"Hamilton, CA-ON, CA",43.2982065988,-79.7947197268,331,,,,331,,open,false,,,Zebra Mussel,Dreissena polymorpha,Zebra Mussel,Mollusca,116340
197240617,3ee6aef9-93a3-4c79-9f62-16dc758bce3a,2024-01-20 11:57:38-05:00,2024-01-20,2024-01-20 16:57:38 UTC,America/Nipigon,7699339,serena_bosnak,,2024-01-21 17:51:13 UTC,2024-01-21 21:06:12 UTC,research,CC-BY-NC,https://www.inaturalist.org/observations/197240617,https://inaturalist-open-data.s3.amazonaws.com/photos/347342447/medium.jpg,,"","",2,0,false,3,"Queens University Rd, Rideau Lakes, ON, CA",44.5653133333,-76.3239666667,35,,,,35,,open,false,,,Zebra Mussel,Dreissena polymorpha,Zebra Mussel,Mollusca,116340
197567800,4d9f63b4-0b63-4d2e-8fd0-e8aa0e01c5ca,2024-01-25 10:21:09,2024-01-25,2024-01-25 16:21:09 UTC,Central Time (US & Canada),5644237,yetiuprising,John,2024-01-25 23:41:11 UTC,2024-01-26 03:27:59 UTC,research,,https://www.inaturalist.org/observations/197567800,https://static.inaturalist.org/photos/348006478/medium.jpeg,,"",,1,0,false,2,"Winthrop Harbor, IL 60096, USA",42.4901650997,-87.8030071997,,,,,,,open,false,gps,gps,Zebra Mussel,Dreissena polymorpha,Zebra Mussel,Mollusca,116340
197642556,06a1f4e8-ca30-49b3-9dfe-4d8e7f0574db,2024-01-26 13:49:14-05:00,2024-01-26,2024-01-26 18:49:14 UTC,Eastern Time (US & Canada),911749,larixlaricina,River,2024-01-26 22:39:00 UTC,2024-01-27 00:48:22 UTC,research,,https://www.inaturalist.org/observations/197642556,https://static.inaturalist.org/photos/348154970/medium.jpg,,"","",2,0,false,3,"E Shore Dr, Ithaca, NY, US",42.4711833333,-76.5036783333,4,,,,4,,open,false,,,Zebra Mussel,Dreissena polymorpha,Zebra Mussel,Mollusca,116340
197752075,e99b6b66-3610-4a2d-a9ce-569c12ac8a94,2024/01/27 3:22 PM,2024-01-27,2024-01-27 21:22:00 UTC,Central Time (US & Canada),435637,colejwolf,Cole Wolf,2024-01-28 02:14:16 UTC,2024-06-26 03:12:59 UTC,research,CC-BY,https://www.inaturalist.org/observations/197752075,https://inaturalist-open-data.s3.amazonaws.com/photos/348369634/medium.jpeg,,"",,1,0,false,,"Dane County, WI, USA",42.9692416667,-89.223,5,,,,5,,open,false,,,Zebra Mussel,Dreissena polymorpha,Zebra Mussel,Mollusca,116340
198103296,d284209d-fa4d-4c5b-9da6-1efb91d464ec,2024/01/31 2:34 PM,2024-01-31,2024-01-31 19:34:00 UTC,Eastern Time (US & Canada),2011464,whateverwatcher,Donna J. Parry,2024-02-01 02:21:39 UTC,2024-02-01 18:12:20 UTC,research,CC-BY-NC,https://www.inaturalist.org/observations/198103296,https://inaturalist-open-data.s3.amazonaws.com/photos/349080290/medium.jpeg,,"","",3,0,false,,"Ohio, US",39.4780364155,-84.1862727811,234,,,,28090,obscured,open,true,,,Zebra Mussel,Dreissena polymorpha,Zebra Mussel,Mollusca,116340
198341141,cc1087e5-2639-4b44-97d2-42ab68f163c8,2024-01-29,2024-01-29,,America/Detroit,2704516,trina2020,Liz,2024-02-03 23:56:49 UTC,2024-02-05 15:42:57 UTC,research,CC-BY-NC,https://www.inaturalist.org/observations/198341141,https://inaturalist-open-data.s3.amazonaws.com/photos/349561144/medium.jpeg,,"",,1,0,false,2,"Michigan, US",41.8176789251,-86.7760130895,180,,,,27723,obscured,open,true,,,Zebra Mussel,Dreissena polymorpha,Zebra Mussel,Mollusca,116340
198358906,0fbef796-f750-4d25-bebb-d7fc65c213bd,2024-02-03 14:41:52-06:00,2024-02-03,2024-02-03 20:41:52 UTC,Central Time (US & Canada),7732811,jakeoestrick,,2024-02-04 03:45:30 UTC,2024-02-06 00:36:35 UTC,research,CC-BY-NC,https://www.inaturalist.org/observations/198358906,https://inaturalist-open-data.s3.amazonaws.com/photos/349598002/medium.jpg,,"","",1,0,false,3,"Lake Georgetown, Georgetown, TX, US",30.6835568998,-97.7350022716,29,,,,29,,open,false,,,Zebra Mussel,Dreissena polymorpha,Zebra Mussel,Mollusca,116340
198434849,3b979d16-7bb3-49ef-9179-2451c1c54f51,2024-02-04 13:12:16-05:00,2024-02-04,2024-02-04 18:12:16 UTC,Eastern Time (US & Canada),3757936,stephtran,Stephanie Tran,2024-02-04 22:18:17 UTC,2025-02-21 16:02:18 UTC,research,CC-BY,https://www.inaturalist.org/observations/198434849,https://inaturalist-open-data.s3.amazonaws.com/photos/349749650/medium.jpg,,"","",2,0,false,3,"Myers Park, Lansing, NY, US",42.5381466667,-76.5485216667,3,,,,3,,open,false,,,Zebra Mussel,Dreissena polymorpha,Zebra Mussel,Mollusca,116340
198493509,d2538948-699f-4bc4-b458-5143144c4f2a,2024/02/02 5:04 PM,2024-02-02,2024-02-02 23:04:00 UTC,Central Time (US & Canada),663711,kkucera,Katie Kucera,2024-02-05 15:57:32 UTC,2024-02-05 17:27:08 UTC,research,CC-BY,https://www.inaturalist.org/observations/198493509,https://inaturalist-open-data.s3.amazonaws.com/photos/349672174/medium.jpg,,"","",2,0,false,,"Cook County, IL, USA",42.0278709722,-87.66798,,,,,,,open,false,,,Zebra Mussel,Dreissena polymorpha,Zebra Mussel,Mollusca,116340
198540378,2c7bd942-2b5a-40c7-b36c-3a9d6a70c879,2024-02-05 15:46:00-05:00,2024-02-05,2024-02-05 20:46:00 UTC,Eastern Time (US & Canada),6888805,kayla963,Kayla Lloyd,2024-02-06 03:40:11 UTC,2024-02-06 18:35:55 UTC,research,,https://www.inaturalist.org/observations/198540378,https://static.inaturalist.org/photos/349959110/medium.jpg,,"","",1,0,false,3,"Cobourg's West Beach, Cobourg, ON, CA",43.9573715433,-78.1603409585,154,,,,154,,open,false,,,Zebra Mussel,Dreissena polymorpha,Zebra Mussel,Mollusca,116340
198776276,ac7c0d71-5084-4bfb-91ce-e480c48cb72e,2024/02/08 1:02 PM,2024-02-08,2024-02-08 19:02:00 UTC,Central Time (US & Canada),964743,franpfer,Frances,2024-02-09 02:59:07 UTC,2024-02-09 12:47:44 UTC,research,,https://www.inaturalist.org/observations/198776276,https://static.inaturalist.org/photos/350419581/medium.jpeg,,"","",2,0,false,,"Hudson Bend, TX, USA",30.3954686111,-97.9034877778,,,,,,,open,false,,,Zebra Mussel,Dreissena polymorpha,Zebra Mussel,Mollusca,116340
198835014,a40dc472-992c-4cc9-99ca-34f58cd02d26,2024-02-09,2024-02-09,,Central Time (US & Canada),4058142,christopherbentley04,Chris Bentley,2024-02-09 20:58:49 UTC,2024-02-09 22:40:05 UTC,research,CC-BY-NC,https://www.inaturalist.org/observations/198835014,https://inaturalist-open-data.s3.amazonaws.com/photos/350532870/medium.jpeg,,"",,2,0,false,2,"Canyon Lake, TX 78133, USA",29.8888963092,-98.2928997651,198,,,,198,,open,false,gps,gps,Zebra Mussel,Dreissena polymorpha,Zebra Mussel,Mollusca,116340
198923313,72d36f45-a571-48eb-aa3c-5dda41262498,2024-02-10 14:08:21-05:00,2024-02-10,2024-02-10 19:08:21 UTC,America/Detroit,6058062,bobavett,,2024-02-10 19:46:00 UTC,2024-02-12 23:13:46 UTC,research,CC-BY-NC,https://www.inaturalist.org/observations/198923313,https://inaturalist-open-data.s3.amazonaws.com/photos/350704352/medium.jpg,,"","",3,0,false,3,"Parkdale Rd, Rochester, MI, US",42.6832285171,-83.1055220725,4,,,,4,,open,false,,,Zebra Mussel,Dreissena polymorpha,Zebra Mussel,Mollusca,116340
199048958,28548392-aacc-4a56-9d72-6b84ae41dc71,2024/02/11 11:17 AM,2024-02-11,2024-02-11 16:17:00 UTC,America/Detroit,1042946,katevalentine,"",2024-02-11 22:59:09 UTC,2024-02-18 05:53:52 UTC,research,,https://www.inaturalist.org/observations/199048958,https://static.inaturalist.org/photos/350951596/medium.jpeg,,"",,2,0,false,,"Sawyer, MI 49125, USA",41.9126766765,-86.5966605403,1787,,,,1787,,open,false,,,Zebra Mussel,Dreissena polymorpha,Zebra Mussel,Mollusca,116340
199142449,280f8533-ff72-494f-a494-f1fc1bec9710,2024-02-12 13:29:34-06:00,2024-02-12,2024-02-12 19:29:34 UTC,Central Time (US & Canada),6944050,isabelkeefe,Isabel Keefe,2024-02-12 23:03:52 UTC,2024-02-13 00:06:56 UTC,research,CC-BY-NC,https://www.inaturalist.org/observations/199142449,https://inaturalist-open-data.s3.amazonaws.com/photos/351140413/medium.jpg,,"","",2,0,false,3,"N Lake Shore Dr, Fontana-on-Geneva Lake, WI, US",42.5607533333,-88.56565,4,,,,4,,open,false,,,Zebra Mussel,Dreissena polymorpha,Zebra Mussel,Mollusca,116340
199300533,a25d576a-a882-4749-a3d7-61344dbbcddb,2024-02-14 14:39:34,2024-02-14,2024-02-14 19:39:34 UTC,Eastern Time (US & Canada),2981736,trevorzook,Trevor Zook,2024-02-14 19:39:51 UTC,2024-02-14 23:53:21 UTC,research,CC-BY-NC,https://www.inaturalist.org/observations/199300533,https://inaturalist-open-data.s3.amazonaws.com/photos/351454222/medium.jpeg,,"",,2,0,false,2,"Ohio, US",41.4076032816,-82.8248286528,3,,,,27785,obscured,open,true,,,Zebra Mussel,Dreissena polymorpha,Zebra Mussel,Mollusca,116340
199330063,37b2ae56-9226-4594-9327-eda957a618ec,2024-02-14 15:01:41,2024-02-14,2024-02-14 21:01:41 UTC,Central Time (US & Canada),2495027,cynodon,Joseph Aubert,2024-02-15 02:52:23 UTC,2024-02-15 04:58:13 UTC,research,CC-BY,https://www.inaturalist.org/observations/199330063,https://inaturalist-open-data.s3.amazonaws.com/photos/351510862/medium.jpeg,,"","These were on dead trees, which likely were previously submerged. The lake water is low",2,0,false,2,"Canyon Lake, TX, USA",29.9141083333,-98.236575,,,,,,,open,false,gps,gps,Zebra Mussel,Dreissena polymorpha,Zebra Mussel,Mollusca,116340
199330844,5a0b7b09-bdab-421a-ac1c-f2803e15d11b,2024-02-14 15:29:03,2024-02-14,2024-02-14 21:29:03 UTC,Central Time (US & Canada),2495027,cynodon,Joseph Aubert,2024-02-15 03:04:33 UTC,2024-02-15 04:58:21 UTC,research,CC-BY,https://www.inaturalist.org/observations/199330844,https://inaturalist-open-data.s3.amazonaws.com/photos/351512320/medium.jpeg,,"",,2,0,false,2,"Canyon Lake, TX, USA",29.9138472222,-98.234825,,,,,,,open,false,gps,gps,Zebra Mussel,Dreissena polymorpha,Zebra Mussel,Mollusca,116340
199423882,94a42b3b-45c8-4075-a855-c30ba35d4971,2024-02-13 4:40pm,2024-02-13,2024-02-13 22:40:00 UTC,Central Time (US & Canada),24973,annikaml,Annika Lindqvist,2024-02-16 02:57:15 UTC,2024-02-16 14:19:27 UTC,research,CC-BY,https://www.inaturalist.org/observations/199423882,https://inaturalist-open-data.s3.amazonaws.com/photos/351687254/medium.jpeg,,"","",1,0,false,,"Lake Brownwood State Park, TX, US",31.850704,-99.016651,9,,,,9,,open,false,,,Zebra Mussel,Dreissena polymorpha,Zebra Mussel,Mollusca,116340
199560496,8d916ca7-3aa3-465e-9d89-bc67ee01bd2a,2024-02-04 13:39:46-05:00,2024-02-04,2024-02-04 18:39:46 UTC,Eastern Time (US & Canada),7112149,linh_p,,2024-02-17 14:13:58 UTC,2024-02-17 15:14:22 UTC,research,CC-BY-NC,https://www.inaturalist.org/observations/199560496,https://inaturalist-open-data.s3.amazonaws.com/photos/351948292/medium.jpg,,"","",1,0,false,3,"Sail Harbour Dr, New Fairfield, CT, US",41.5296033333,-73.4648583333,89,,,,89,,open,false,,,Zebra Mussel,Dreissena polymorpha,Zebra Mussel,Mollusca,116340
199684647,33786e1a-a8b8-400b-873c-875976023b8e,2024-02-18 10:07:31,2024-02-18,2024-02-18 15:07:31 UTC,America/Detroit,4919486,adamstinks,Adam,2024-02-18 16:12:13 UTC,2024-02-22 14:30:56 UTC,research,CC-BY-NC,https://www.inaturalist.org/observations/199684647,https://inaturalist-open-data.s3.amazonaws.com/photos/352187701/medium.jpeg,,"",,2,0,false,2,"Frenchtown Charter Twp, MI, USA",41.9102277778,-83.3330166667,,,,,,,open,false,gps,gps,Zebra Mussel,Dreissena polymorpha,Zebra Mussel,Mollusca,116340
199719692,8d35d32d-2a45-44ca-8c70-88ef317d17ae,2024-02-18 15:23:05-06:00,2024-02-18,2024-02-18 21:23:05 UTC,Central Time (US & Canada),3870909,czturtlegirl,,2024-02-18 21:23:19 UTC,2024-02-19 01:04:41 UTC,research,CC-BY-NC,https://www.inaturalist.org/observations/199719692,https://inaturalist-open-data.s3.amazonaws.com/photos/352254427/medium.jpg,,"","",2,0,false,3,"Cardinal Dr, Grapevine, TX, US",32.9887834678,-97.0730167672,4,,,,4,,open,false,,,Zebra Mussel,Dreissena polymorpha,Zebra Mussel,Mollusca,116340
199719958,a6d942d6-9334-410d-86f4-ccff1fc82d26,2024-02-18 13:26:55-06:00,2024-02-18,2024-02-18 19:26:55 UTC,Central Time (US & Canada),1339029,jpr2,James Riser,2024-02-18 21:24:52 UTC,2024-02-19 12:55:25 UTC,research,,https://www.inaturalist.org/observations/199719958,https://static.inaturalist.org/photos/352254553/medium.jpg,,"","",4,0,false,3,"Lakeshore Nature Preserve, Madison, WI, US",43.0879361667,-89.4173366667,4,,,,4,,open,false,,,Zebra Mussel,Dreissena polymorpha,Zebra Mussel,Mollusca,116340
199726502,55232182-bcc9-4e00-9a70-ab1bddefc038,2024/02/18 3:38 PM,2024-02-18,2024-02-18 21:38:00 UTC,Central Time (US & Canada),2326871,ianshackleford,Ian Shackleford,2024-02-18 22:22:50 UTC,2024-09-24 00:36:03 UTC,research,CC-BY-NC,https://www.inaturalist.org/observations/199726502,https://inaturalist-open-data.s3.amazonaws.com/photos/352264978/medium.jpeg,,"",On the hull of a ship at the Washburn Marina. ,2,0,false,,"Washburn, WI, USA",46.6677133333,-90.8872983333,,,,,,,open,false,,,Zebra Mussel,Dreissena polymorpha,Zebra Mussel,Mollusca,116340
200011258,cd9e73ee-709f-449f-b3bb-d4a507777111,2024-02-21 12:43:02-05:00,2024-02-21,2024-02-21 17:43:02 UTC,Eastern Time (US & Canada),1819711,nrosner31,,2024-02-21 17:56:20 UTC,2024-02-25 12:39:55 UTC,research,CC-BY-NC,https://www.inaturalist.org/observations/200011258,https://inaturalist-open-data.s3.amazonaws.com/photos/352799878/medium.jpg,,"","",4,0,false,3,"Lake Milton, Lake Milton, OH, US",41.0942611667,-80.9814216667,4,,,,4,,open,false,,,Zebra Mussel,Dreissena polymorpha,Zebra Mussel,Mollusca,116340
200039544,06b8b9ee-2e47-4076-8777-1a0e6a311daa,2024-02-21 18:09:38-05:00,2024-02-21,2024-02-21 23:09:38 UTC,America/Detroit,2518662,ian_pope,,2024-02-21 23:11:00 UTC,2024-02-22 12:47:27 UTC,research,CC-BY-NC,https://www.inaturalist.org/observations/200039544,https://inaturalist-open-data.s3.amazonaws.com/photos/352854460/medium.jpg,,"","",2,0,false,3,"Burt Lake, Indian River, MI, US",45.4224677854,-84.635561267,3,,,,3,,open,false,,,Zebra Mussel,Dreissena polymorpha,Zebra Mussel,Mollusca,116340
200043907,508ebf20-b705-4128-909f-30ff9ef2e08b,2024-02-21 12:43:14-05:00,2024-02-21,2024-02-21 17:43:14 UTC,Eastern Time (US & Canada),5622139,lesliepalombi,Leslie,2024-02-22 00:06:46 UTC,2024-02-25 12:39:52 UTC,research,,https://www.inaturalist.org/observations/200043907,https://static.inaturalist.org/photos/352863164/medium.jpg,,"","",3,0,false,3,"Lake Milton, Lake Milton, OH, US",41.1008457561,-80.9797156677,337,,,,337,,open,false,,,Zebra Mussel,Dreissena polymorpha,Zebra Mussel,Mollusca,116340
200144061,f52c2a3d-07e6-4b3c-b9b1-c33c9ff9d82f,2024-02-22,2024-02-22,,Central Time (US & Canada),4058142,christopherbentley04,Chris Bentley,2024-02-23 01:58:02 UTC,2024-02-23 13:37:38 UTC,research,CC-BY-NC,https://www.inaturalist.org/observations/200144061,https://inaturalist-open-data.s3.amazonaws.com/photos/353059546/medium.jpeg,,"",,2,0,false,2,"Canyon Lake, TX 78133, USA",29.8888963092,-98.2928997651,198,,,,198,,open,false,gps,gps,Zebra Mussel,Dreissena polymorpha,Zebra Mussel,Mollusca,116340
200213950,7ae4213a-abb4-48c2-a023-1bd134b0acb3,2024-02-23 15:59:13-05:00,2024-02-23,2024-02-23 20:59:13 UTC,Eastern Time (US & Canada),7727373,lelandplato4,,2024-02-23 21:01:49 UTC,2024-02-23 23:25:49 UTC,research,CC-BY-NC,https://www.inaturalist.org/observations/200213950,https://inaturalist-open-data.s3.amazonaws.com/photos/353196245/medium.jpg,,"","",2,0,false,3,"Buffalo Heights, Fort Erie, ON, CA",42.8789155443,-78.9824522796,54,,,,54,,open,false,,,Zebra Mussel,Dreissena polymorpha,Zebra Mussel,Mollusca,116340
200228250,7987f63f-fe4f-4123-86d5-18a7692552ab,2024-02-23 11:05:24,2024-02-23,2024-02-23 17:05:24 UTC,Central Time (US & Canada),5450205,birdadette94,b,2024-02-24 00:03:22 UTC,2024-02-24 22:40:18 UTC,research,CC-BY-NC,https://www.inaturalist.org/observations/200228250,https://inaturalist-open-data.s3.amazonaws.com/photos/353224748/medium.jpeg,,"",,3,0,false,2,"Madison, WI, USA",43.0556805556,-89.3776111111,,,,,,,open,false,gps,gps,Zebra Mussel,Dreissena polymorpha,Zebra Mussel,Mollusca,116340
200353084,4338a85f-f647-4339-9e2d-36ee25af55b7,2024/02/24 1:45 PM,2024-02-24,2024-02-24 18:45:00 UTC,Eastern Time (US & Canada),2011464,whateverwatcher,Donna J. Parry,2024-02-25 03:14:04 UTC,2024-02-25 12:34:33 UTC,research,CC-BY-NC,https://www.inaturalist.org/observations/200353084,https://inaturalist-open-data.s3.amazonaws.com/photos/353469082/medium.jpg,,"",On American Lotus ([200352847](https://www.inaturalist.org/observations/200352847)),2,0,false,,"Ohio, US",41.7370415357,-83.0811055264,,,,,27754,obscured,open,true,,,Zebra Mussel,Dreissena polymorpha,Zebra Mussel,Mollusca,116340
200356915,f2db47cb-172b-4564-ba66-e2885662b45a,2024/02/24 1:46 PM,2024-02-24,2024-02-24 18:46:00 UTC,Eastern Time (US & Canada),2011464,whateverwatcher,Donna J. Parry,2024-02-25 04:03:35 UTC,2024-02-25 12:33:33 UTC,research,CC-BY-NC,https://www.inaturalist.org/observations/200356915,https://inaturalist-open-data.s3.amazonaws.com/photos/353477609/medium.jpg,,"",On what I think was an American Lotus rhizome ([200356734](https://www.inaturalist.org/observations/200356734)),2,0,false,,"Ohio, US",41.7453804591,-83.0313328568,,,,,27754,obscured,open,true,,,Zebra Mussel,Dreissena polymorpha,Zebra Mussel,Mollusca,116340
200457391,bd796076-2e48-4832-8c61-ea564fac38a2,2024-02-25 13:12:54,2024-02-25,2024-02-25 19:12:54 UTC,Central Time (US & Canada),7072011,forgetmenots8,,2024-02-25 23:42:05 UTC,2024-02-26 03:08:38 UTC,research,CC-BY-NC,https://www.inaturalist.org/observations/200457391,https://inaturalist-open-data.s3.amazonaws.com/photos/353672613/medium.jpeg,,"",,2,0,false,2,"Dane County, US-WI, US",43.0788470572,-89.4124604389,186,,,,186,,open,false,gps,gps,Zebra Mussel,Dreissena polymorpha,Zebra Mussel,Mollusca,116340
200470782,a26c338a-e0b7-4db7-b51e-6b35807c5f9c,2024-02-25 16:32:16,2024-02-25,2024-02-25 21:32:16 UTC,Eastern Time (US & Canada),1957535,beecatty,Bonnie,2024-02-26 01:57:18 UTC,2024-02-26 03:08:29 UTC,research,CC-BY-NC,https://www.inaturalist.org/observations/200470782,https://inaturalist-open-data.s3.amazonaws.com/photos/353699577/medium.jpeg,,"",,1,0,false,2,"London, ON N6K 0A4, Canada",42.9782956569,-81.3660643995,2068,,,,2068,,open,false,gps,gps,Zebra Mussel,Dreissena polymorpha,Zebra Mussel,Mollusca,116340
200537335,b13f19a5-7abe-4ef3-a958-6fcc6f0f00fb,2024-02-26 13:43:54-05:00,2024-02-26,2024-02-26 18:43:54 UTC,Indiana (East),7783094,aidan56995,Aidan Garrett,2024-02-26 18:44:42 UTC,2025-09-15 22:50:59 UTC,research,,https://www.inaturalist.org/observations/200537335,https://static.inaturalist.org/photos/364120416/medium.jpg,,"","",2,0,false,3,"Lakeside Park, Fort Wayne, IN, US",41.0896555,-85.1195611667,11,,,,11,,open,false,,,Zebra Mussel,Dreissena polymorpha,Zebra Mussel,Mollusca,116340
200638786,4c68709e-08e1-4958-a369-01da9a141ccb,2024-02-27 13:19:37-05:00,2024-02-27,2024-02-27 18:19:37 UTC,Eastern Time (US & Canada),504108,xander_737,Alexander Campbell,2024-02-27 18:20:11 UTC,2024-02-27 22:45:27 UTC,research,,https://www.inaturalist.org/observations/200638786,https://static.inaturalist.org/photos/354026705/medium.jpg,,"","",2,0,false,3,"Woodland Dr, Peterborough, ON, CA",44.363669095,-78.2920259254,822,,,,822,,open,false,,,Zebra Mussel,Dreissena polymorpha,Zebra Mussel,Mollusca,116340
200675353,742ae3d5-a695-40cc-a515-b3846ad15b09,2024/02/27 4:35 PM,2024-02-27,2024-02-27 22:35:00 UTC,Central Time (US & Canada),6976176,talann,Natalia Nowakowski,2024-02-28 01:04:43 UTC,2024-02-28 18:44:39 UTC,research,CC-BY-NC,https://www.inaturalist.org/observations/200675353,https://inaturalist-open-data.s3.amazonaws.com/photos/354097389/medium.jpg,,"",,2,0,false,,"Milwaukee County, WI, USA",43.0592333333,-87.8751666667,4,,,,4,,open,false,,,Zebra Mussel,Dreissena polymorpha,Zebra Mussel,Mollusca,116340
200675354,e35bc28b-5678-4a2b-bd1d-bfca0bd26743,2024/02/27 4:38 PM,2024-02-27,2024-02-27 22:38:00 UTC,Central Time (US & Canada),6976176,talann,Natalia Nowakowski,2024-02-28 01:04:43 UTC,2025-09-05 18:18:34 UTC,research,CC-BY-NC,https://www.inaturalist.org/observations/200675354,https://inaturalist-open-data.s3.amazonaws.com/photos/354097406/medium.jpg,,"",,2,0,false,,"Milwaukee County, WI, USA",43.0613333333,-87.8733,5,,,,5,,open,false,,,Zebra Mussel,Dreissena polymorpha,Zebra Mussel,Mollusca,116340
200684610,752b9d9d-e79a-4658-a9e1-62297ead3ee4,2024-02-24 14:15:00,2024-02-24,2024-02-24 19:15:00 UTC,Eastern Time (US & Canada),1385830,herpsandseasons,Mitch,2024-02-28 03:15:46 UTC,2024-02-28 04:25:13 UTC,research,CC-BY-NC,https://www.inaturalist.org/observations/200684610,https://inaturalist-open-data.s3.amazonaws.com/photos/354116911/medium.jpeg,,"",,2,0,false,2,"London, ON N6E 2K7, Canada",42.998403862,-81.2650574371,31,,,,31,,open,false,,,Zebra Mussel,Dreissena polymorpha,Zebra Mussel,Mollusca,116340
200933139,5a23153a-4b70-44c6-a0ee-844b316c8030,2024-03-01 07:31:44-06:00,2024-03-01,2024-03-01 13:31:44 UTC,Central Time (US & Canada),435637,colejwolf,Cole Wolf,2024-03-01 19:51:43 UTC,2024-06-26 03:12:59 UTC,research,CC-BY,https://www.inaturalist.org/observations/200933139,https://inaturalist-open-data.s3.amazonaws.com/photos/354603665/medium.jpg,,"","",2,0,false,3,"Lake Mendota, Madison, WI, US",43.0932111667,-89.3732133333,4,,,,4,,open,false,,,Zebra Mussel,Dreissena polymorpha,Zebra Mussel,Mollusca,116340
200972206,0b180db8-3894-4e2c-8ba7-76f8d00cdd86,2024-03-01 18:15:03,2024-03-01,2024-03-01 23:15:03 UTC,Eastern Time (US & Canada),1423234,jason_miller,Jason L Miller,2024-03-02 04:29:52 UTC,2025-09-05 18:18:13 UTC,research,CC-BY,https://www.inaturalist.org/observations/200972206,https://inaturalist-open-data.s3.amazonaws.com/photos/354683020/medium.jpeg,,"","",2,0,false,2,"Jordan Harbour, Lincoln, ON, Canada",43.1844533348,-79.3706215918,3,,,,3,,open,false,gps,gps,Zebra Mussel,Dreissena polymorpha,Zebra Mussel,Mollusca,116340
201158079,547e88c2-4e46-46c8-a13d-2ae7e85c79d9,2024-03-03 13:23:00,2024-03-03,2024-03-03 18:23:00 UTC,Indiana (East),7754912,playfulreagan,Reagan Fulton,2024-03-03 18:46:11 UTC,2025-09-08 03:52:58 UTC,research,"",https://www.inaturalist.org/observations/201158079,https://static.inaturalist.org/photos/355042145/medium.jpeg,,"",,1,0,false,2,"Brookville Township, IN, USA",39.4777611421,-84.9880108237,7,,,,7,,open,false,,,Zebra Mussel,Dreissena polymorpha,Zebra Mussel,Mollusca,116340
201194225,ef137f76-d0d5-4a5d-89e1-b14a0b998a81,2024-03-03 17:45:30-05:00,2024-03-03,2024-03-03 22:45:30 UTC,America/Detroit,5141639,chris2776,Chris Manos,2024-03-03 23:29:55 UTC,2024-03-04 21:40:42 UTC,research,,https://www.inaturalist.org/observations/201194225,https://static.inaturalist.org/photos/355113327/medium.jpg,,"","",1,0,false,3,"S West Bay Shore Dr, Traverse City, MI, US",44.8869611771,-85.6439739503,2154,,,,2154,,open,false,,,Zebra Mussel,Dreissena polymorpha,Zebra Mussel,Mollusca,116340
201265881,547d41af-b575-4b07-ba81-cffbdcbb8d35,2024/03/03 5:38 PM,2024-03-03,2024-03-03 23:38:00 UTC,Central Time (US & Canada),970009,brandoncorder,Brandon Corder,2024-03-04 15:48:52 UTC,2024-08-12 17:17:44 UTC,research,CC-BY,https://www.inaturalist.org/observations/201265881,https://inaturalist-open-data.s3.amazonaws.com/photos/355253788/medium.jpeg,,"",,2,0,false,,"Marquette, Madison, WI, USA",43.0775027778,-89.3688805556,9,,,,9,,open,false,,,Zebra Mussel,Dreissena polymorpha,Zebra Mussel,Mollusca,116340
201278235,75ffda77-e79a-4153-ba82-24d9ce966167,2024-03-04 12:49:00-05:00,2024-03-04,2024-03-04 17:49:00 UTC,Eastern Time (US & Canada),5608162,ronrind,,2024-03-04 17:50:11 UTC,2024-03-04 21:40:36 UTC,research,CC-BY-NC,https://www.inaturalist.org/observations/201278235,https://inaturalist-open-data.s3.amazonaws.com/photos/355279517/medium.jpg,,"","",1,0,false,3,"Île Perrot, Notre-Dame-de-l'Île-Perrot, QC, CA",45.3641604617,-73.8559086942,4,,,,4,,open,false,,,Zebra Mussel,Dreissena polymorpha,Zebra Mussel,Mollusca,116340
201421884,5a3402ef-d778-4cae-9598-1790a3ea5500,2024-03-02,2024-03-02,,America/Detroit,1519122,steven307,Steven Joyner,2024-03-06 00:09:48 UTC,2024-03-06 03:47:15 UTC,research,CC-BY,https://www.inaturalist.org/observations/201421884,https://inaturalist-open-data.s3.amazonaws.com/photos/355558179/medium.jpeg,,"",,2,0,false,2,"Ludington Beach House, Beachside",43.956316434,-86.4590438828,199,,,,199,,open,false,gps,gps,Zebra Mussel,Dreissena polymorpha,Zebra Mussel,Mollusca,116340
201424156,c045f228-d64e-46d7-8ab6-0cc5f142b6e8,2024-03-02,2024-03-02,,America/Detroit,1519122,steven307,Steven Joyner,2024-03-06 00:35:39 UTC,2024-03-07 03:11:14 UTC,research,CC-BY,https://www.inaturalist.org/observations/201424156,https://inaturalist-open-data.s3.amazonaws.com/photos/355565321/medium.jpeg,,"",,2,0,false,2,"Ludington Beach House, Beachside",43.956316434,-86.4590438828,199,,,,199,,open,false,gps,gps,Zebra Mussel,Dreissena polymorpha,Zebra Mussel,Mollusca,116340
201426521,ae4aec38-592e-4382-8f4a-990d861eeef7,2024-03-02,2024-03-02,,America/Detroit,1519122,steven307,Steven Joyner,2024-03-06 01:08:08 UTC,2024-03-07 03:03:40 UTC,research,CC-BY,https://www.inaturalist.org/observations/201426521,https://inaturalist-open-data.s3.amazonaws.com/photos/355568078/medium.jpeg,,"",,2,0,false,2,"Ludington Beach House, Beachside",43.956316434,-86.4590438828,199,,,,199,,open,false,gps,gps,Zebra Mussel,Dreissena polymorpha,Zebra Mussel,Mollusca,116340
201584027,41d0753b-fea3-4e46-90fd-37b2e60019ac,2024/03/04 3:04 PM,2024-03-04,2024-03-04 20:04:00 UTC,Eastern Time (US & Canada),4450215,adam_kalab,Adam Kalab,2024-03-07 16:12:14 UTC,2024-03-07 20:48:16 UTC,research,CC-BY-NC,https://www.inaturalist.org/observations/201584027,https://inaturalist-open-data.s3.amazonaws.com/photos/355869606/medium.jpeg,,"",,1,0,false,,"Ottawa, ON, Canada",45.3696716444,-75.6958173308,4,,,,4,,open,false,,,Zebra Mussel,Dreissena polymorpha,Zebra Mussel,Mollusca,116340
201636865,fec9f9c5-006c-4a1d-8f2a-bfbcd6840d27,2024-02-03 09:15:56,2024-02-03,2024-02-03 15:15:56 UTC,Central Time (US & Canada),1038024,xtraturtles,,2024-03-08 01:50:31 UTC,2024-03-08 14:24:42 UTC,research,CC-BY-NC,https://www.inaturalist.org/observations/201636865,https://inaturalist-open-data.s3.amazonaws.com/photos/355971227/medium.jpeg,,"",Attached to underwater plants,2,0,false,2,"Texas, US",29.8034768848,-98.1581190411,76,,,,29433,obscured,open,true,gps,gps,Zebra Mussel,Dreissena polymorpha,Zebra Mussel,Mollusca,116340
201797802,53e85604-cee6-42fe-8707-3c760803b413,2024-03-09 07:03:48-05:00,2024-03-09,2024-03-09 12:03:48 UTC,Eastern Time (US & Canada),1013209,riverahlquist,River Ahlquist,2024-03-09 15:53:47 UTC,2024-09-03 11:16:51 UTC,research,CC-BY,https://www.inaturalist.org/observations/201797802,https://inaturalist-open-data.s3.amazonaws.com/photos/356283029/medium.jpg,,"","",1,0,false,3,"Myers Park, Lansing, NY, US",42.5382783333,-76.54615,200,,,,200,,open,false,,,Zebra Mussel,Dreissena polymorpha,Zebra Mussel,Mollusca,116340
201809564,565b46a6-242b-4f98-a7f4-16fc93df39cb,2024-03-09 10:35:24-06:00,2024-03-09,2024-03-09 16:35:24 UTC,Central Time (US & Canada),435637,colejwolf,Cole Wolf,2024-03-09 17:31:58 UTC,2024-06-26 03:12:59 UTC,research,CC-BY,https://www.inaturalist.org/observations/201809564,https://inaturalist-open-data.s3.amazonaws.com/photos/356304930/medium.jpg,,"","",2,0,false,3,"Lake Mendota, Madison, WI, US",43.087125,-89.3771216667,4,,,,4,,open,false,,,Zebra Mussel,Dreissena polymorpha,Zebra Mussel,Mollusca,116340
201937741,dd1f0082-1bb7-4927-b854-55bf3b917836,2024-03-10 11:24:26-04:00,2024-03-10,2024-03-10 15:24:26 UTC,Eastern Time (US & Canada),393377,pagophila,Nicholas Sly,2024-03-10 17:11:02 UTC,2024-03-10 22:29:45 UTC,research,CC-BY-NC,https://www.inaturalist.org/observations/201937741,https://inaturalist-open-data.s3.amazonaws.com/photos/356555394/medium.jpg,,"","",2,0,false,3,"Cayuga Lake, Trumansburg, NY, US",42.5371854998,-76.5514772522,4,,,,4,,open,false,,,Zebra Mussel,Dreissena polymorpha,Zebra Mussel,Mollusca,116340
201938704,03303f3b-388e-4a05-b5e9-133fd765d68f,2024-03-10 13:16:10,2024-03-10,2024-03-10 17:16:10 UTC,America/Nipigon,6512303,rainet34,"",2024-03-10 17:18:00 UTC,2025-09-05 18:17:42 UTC,research,CC-BY-NC,https://www.inaturalist.org/observations/201938704,https://inaturalist-open-data.s3.amazonaws.com/photos/356557292/medium.jpeg,,"",,2,0,false,2,"Comté de Bruce, ON, Canada",44.905425059,-81.1582123116,489,,,,489,,open,false,gps,gps,Moule zébrée,Dreissena polymorpha,Zebra Mussel,Mollusca,116340
201938874,d58029a5-c4f6-4bbd-b787-0da903c2cafe,2024-03-10 13:19:41-04:00,2024-03-10,2024-03-10 17:19:41 UTC,America/Nipigon,4210691,hume21,,2024-03-10 17:19:44 UTC,2025-09-15 20:11:27 UTC,research,CC-BY-NC,https://www.inaturalist.org/observations/201938874,https://inaturalist-open-data.s3.amazonaws.com/photos/356557824/medium.jpg,,"","",2,0,false,3,"Water St, South Bruce Peninsula, ON, CA",44.9037715115,-81.1585523563,17,,,,17,,open,false,,,Zebra Mussel,Dreissena polymorpha,Zebra Mussel,Mollusca,116340
201939004,7cd2f1c1-d52b-427e-a90c-0d88188237c2,2024-03-10 13:19:05,2024-03-10,2024-03-10 17:19:05 UTC,America/Nipigon,6512303,rainet34,"",2024-03-10 17:21:09 UTC,2024-03-17 19:07:06 UTC,research,CC-BY-NC,https://www.inaturalist.org/observations/201939004,https://inaturalist-open-data.s3.amazonaws.com/photos/358329489/medium.jpeg,,"",,2,0,false,2,"Comté de Bruce, ON, Canada",44.905425059,-81.1582123116,489,,,,489,,open,false,gps,gps,Moule zébrée,Dreissena polymorpha,Zebra Mussel,Mollusca,116340
202005373,88dbe17b-e3e6-453e-8dc9-b207aeea4697,2024-03-10 21:53:25-04:00,2024-03-10,2024-03-11 01:53:25 UTC,Eastern Time (US & Canada),3732493,bennett-s,"",2024-03-11 02:20:32 UTC,2024-03-11 16:15:43 UTC,research,CC-BY-NC,https://www.inaturalist.org/observations/202005373,https://inaturalist-open-data.s3.amazonaws.com/photos/356687166/medium.jpg,,"","",1,0,false,3,"Admirals Cove Blvd, Haverstraw, NY, US",41.1915283333,-73.959075,35,,,,35,,open,false,,,Zebra Mussel,Dreissena polymorpha,Zebra Mussel,Mollusca,116340
202092909,17c34f43-9eee-4273-b234-735cc3f489c8,2024-03-11 14:20:55,2024-03-11,2024-03-11 18:20:55 UTC,America/Detroit,6813182,pthendricks,Pierre Hendricks,2024-03-11 21:47:31 UTC,2024-03-13 22:46:14 UTC,research,CC-BY-NC,https://www.inaturalist.org/observations/202092909,https://inaturalist-open-data.s3.amazonaws.com/photos/356856653/medium.jpeg,,"",,2,0,false,2,"H5CV+FHC, Harrison Twp, MI 48045, USA",42.571302,-82.8067573997,,,,,,,open,false,gps,gps,Zebra Mussel,Dreissena polymorpha,Zebra Mussel,Mollusca,116340
202093450,f79c9b7d-aa8e-4082-af15-0eb1fa1232e1,2024-03-11 14:22:13,2024-03-11,2024-03-11 18:22:13 UTC,America/Detroit,6813182,pthendricks,Pierre Hendricks,2024-03-11 21:51:22 UTC,2024-03-13 22:46:02 UTC,research,CC-BY-NC,https://www.inaturalist.org/observations/202093450,https://inaturalist-open-data.s3.amazonaws.com/photos/356857487/medium.jpeg,,"",,2,0,false,2,"H5CV+FHC, Harrison Twp, MI 48045, USA",42.5713020997,-82.8067611997,,,,,,,open,false,gps,gps,Zebra Mussel,Dreissena polymorpha,Zebra Mussel,Mollusca,116340
202196481,191b1787-7163-4075-8987-713dd97e281d,2024-03-11 17:58:53-05:00,2024-03-11,2024-03-11 22:58:53 UTC,Central Time (US & Canada),6420607,deadsearisen,Anders Mordechai,2024-03-12 20:12:29 UTC,2024-03-13 02:55:09 UTC,research,CC-BY-NC,https://www.inaturalist.org/observations/202196481,https://inaturalist-open-data.s3.amazonaws.com/photos/357059805/medium.jpg,,"","",2,0,false,3,"Yahara River, McFarland, WI, US",43.00708055,-89.3018133333,26,,,,26,,open,false,,,Zebra Mussel,Dreissena polymorpha,Zebra Mussel,Mollusca,116340
202203508,f6b9b907-b262-4b5d-b7cb-45bc398716b3,2024-03-12 16:12:26,2024-03-12,2024-03-12 20:12:26 UTC,Indiana (East),1971699,sergiohenriques,Sergio Henriques,2024-03-12 21:12:50 UTC,2025-09-08 03:53:01 UTC,research,,https://www.inaturalist.org/observations/202203508,https://static.inaturalist.org/photos/357073989/medium.jpeg,,"",,1,0,false,2,"Steuben County, US-IN, US",41.7299639895,-84.8253194243,11,,,,11,,open,false,,,Zebra Mussel,Dreissena polymorpha,Zebra Mussel,Mollusca,116340
202209143,337dbc56-3e27-4d17-921e-0af0a4c46b6c,2024-03-12 17:58:01,2024-03-12,2024-03-12 21:58:01 UTC,Indiana (East),1971699,sergiohenriques,Sergio Henriques,2024-03-12 22:01:51 UTC,2025-09-08 03:53:19 UTC,research,,https://www.inaturalist.org/observations/202209143,https://static.inaturalist.org/photos/357084728/medium.jpeg,,"","So many, too many",1,0,false,2,"Jamestown Township, IN, USA",41.7185167129,-84.9878700078,9,,,,9,,open,false,gps,gps,Zebra Mussel,Dreissena polymorpha,Zebra Mussel,Mollusca,116340
202210566,e781d466-936e-4f45-b86f-6b57c423ea78,2024-03-12 15:49:33,2024-03-12,2024-03-12 19:49:33 UTC,America/Detroit,6813182,pthendricks,Pierre Hendricks,2024-03-12 22:12:03 UTC,2024-03-13 22:37:13 UTC,research,CC-BY-NC,https://www.inaturalist.org/observations/202210566,https://inaturalist-open-data.s3.amazonaws.com/photos/357086655/medium.jpeg,,"",,1,0,false,2,"Washington Township, MI, USA",42.7286648806,-83.0913381833,,,,,,,open,false,gps,gps,Zebra Mussel,Dreissena polymorpha,Zebra Mussel,Mollusca,116340
202297077,0a5120a7-8046-450b-b554-f72b1bcb1d64,2024-03-13 12:55:59-04:00,2024-03-13,2024-03-13 16:55:59 UTC,America/Detroit,5444717,cameron461,Cameron Lochrie,2024-03-13 17:29:28 UTC,2024-03-13 23:55:51 UTC,research,,https://www.inaturalist.org/observations/202297077,https://static.inaturalist.org/photos/357261733/medium.jpg,,"","",3,0,false,3,"E Lake Dr, Haslett, MI, US",42.7593014467,-84.3909276763,23,,,,23,,open,false,,,Zebra Mussel,Dreissena polymorpha,Zebra Mussel,Mollusca,116340
202424629,5132c703-717f-46f1-9e3d-f08cfcf1a04a,2024-03-09 12:35:13-06:00,2024-03-09,2024-03-09 18:35:13 UTC,Central Time (US & Canada),1402474,shaynavendela,Shayna Vendela,2024-03-14 17:39:43 UTC,2024-03-14 23:09:05 UTC,research,CC0,https://www.inaturalist.org/observations/202424629,https://static.inaturalist.org/photos/357503298/medium.jpg,,"","",1,0,false,3,"Muskrat Lake, Detroit Lakes, MN, US",46.7820710676,-95.8827733243,23,,,,23,,open,false,,,Zebra Mussel,Dreissena polymorpha,Zebra Mussel,Mollusca,116340
202426259,9d4950bd-39a7-44a4-98fe-ae750f3fbe54,2024-03-12 22:33:42,2024-03-12,2024-03-13 02:33:42 UTC,America/Detroit,1519122,steven307,Steven Joyner,2024-03-14 17:52:30 UTC,2024-03-14 19:48:58 UTC,research,CC-BY,https://www.inaturalist.org/observations/202426259,https://inaturalist-open-data.s3.amazonaws.com/photos/357505955/medium.jpeg,,"",,2,0,false,2,"Fraser Township, MI, USA",43.781726895,-83.9334044605,215,,,,215,,open,false,gps,gps,Zebra Mussel,Dreissena polymorpha,Zebra Mussel,Mollusca,116340
202565582,6543cb68-842b-4ead-b8f1-0615251b47a4,2024-03-15 16:02:35,2024-03-15,2024-03-15 20:02:35 UTC,Eastern Time (US & Canada),1936091,seraphinpoudrier,Séraphin Poudrier,2024-03-15 20:03:44 UTC,2024-03-15 21:03:51 UTC,research,CC-BY-NC,https://www.inaturalist.org/observations/202565582,https://inaturalist-open-data.s3.amazonaws.com/photos/357772812/medium.jpeg,,"",,2,0,false,2,"Royal-22e-Régiment, Saint-Jean-sur-Richelieu, QC J3B 0C2, Canada",45.3025812997,-73.2488199997,,,,,,,open,false,gps,gps,Moule zébrée,Dreissena polymorpha,Zebra Mussel,Mollusca,116340
202746261,78bd0a5c-3459-4346-8b85-1ebd8d5de54d,2024-03-16 10:36:09,2024-03-16,2024-03-16 15:36:09 UTC,Central Time (US & Canada),3223,pholroyd,P Holroyd,2024-03-17 00:42:15 UTC,2025-09-15 20:11:39 UTC,research,CC0,https://www.inaturalist.org/observations/202746261,https://inaturalist-open-data.s3.amazonaws.com/photos/358112787/medium.jpeg,,"",,2,0,false,2,"Uptown, Chicago, IL, USA",41.9649833333,-87.6321111111,,,,,,,open,false,gps,gps,Zebra Mussel,Dreissena polymorpha,Zebra Mussel,Mollusca,116340
202809882,3a62fc93-c9ed-4d56-bd6c-a3242696a76f,2024-03-17 08:20:45-05:00,2024-03-17,2024-03-17 13:20:45 UTC,Central Time (US & Canada),4058665,spizella1961,,2024-03-17 13:22:00 UTC,2024-03-17 16:57:08 UTC,research,CC-BY-NC,https://www.inaturalist.org/observations/202809882,https://inaturalist-open-data.s3.amazonaws.com/photos/358236690/medium.jpg,,"","Not at all certain of ID.  Bleached, but appear to be correct shape.",2,0,false,3,"Lake Travis, Spicewood, TX, US",30.452096777,-98.0131808833,4,,,,4,,open,false,,,Zebra Mussel,Dreissena polymorpha,Zebra Mussel,Mollusca,116340
202922498,4426f873-dbf1-4ed0-a167-8a0a058a94e6,2024/03/16 11:44,2024-03-16,2024-03-16 15:44:00 UTC,Eastern Time (US & Canada),3267913,ornitholarocque,"",2024-03-18 02:34:29 UTC,2024-03-18 11:44:26 UTC,research,CC-BY-NC,https://www.inaturalist.org/observations/202922498,https://inaturalist-open-data.s3.amazonaws.com/photos/358451718/medium.jpeg,,"",,2,0,false,,"Île Amherst, Loyalist, ON K0H 2S0, Canada",44.1398728,-76.7221082,10077,,,,10077,,open,false,,,Moule zébrée,Dreissena polymorpha,Zebra Mussel,Mollusca,116340
202955410,0cf0804e-867d-4503-ac5e-7ca7053428ec,2024-03-16 14:33:37,2024-03-16,2024-03-16 18:33:37 UTC,America/Nipigon,6004654,sharon981,Sharon,2024-03-18 10:39:18 UTC,2024-03-18 13:59:24 UTC,research,,https://www.inaturalist.org/observations/202955410,https://static.inaturalist.org/photos/358516943/medium.jpeg,,"",,1,0,false,2,"North Algona Wilberforce, ON K0J, Canada",45.6333286631,-77.0671713352,200,,,,200,,open,false,gps,gps,Zebra Mussel,Dreissena polymorpha,Zebra Mussel,Mollusca,116340
203094917,20dd4b7c-ac76-475a-8aca-a61cd395c0cb,2024-03-13 17:30:00,2024-03-13,2024-03-13 22:30:00 UTC,Central Time (US & Canada),4668801,balstersbugs,Tyler Balsters,2024-03-19 12:49:49 UTC,2024-03-19 13:17:02 UTC,research,CC-BY-NC,https://www.inaturalist.org/observations/203094917,https://inaturalist-open-data.s3.amazonaws.com/photos/358783011/medium.jpeg,,"",,1,0,false,2,"Evan, KS, USA",37.7276165252,-97.8361960128,91,,,,91,,open,false,gps,gps,Zebra Mussel,Dreissena polymorpha,Zebra Mussel,Mollusca,116340
203421098,9ed5589a-ced0-442d-a9d8-b75b2206bca9,2024-03-21 20:23:59-05:00,2024-03-21,2024-03-22 01:23:59 UTC,Central Time (US & Canada),7713913,stoicsamurai76,,2024-03-22 01:24:49 UTC,2024-03-22 03:07:32 UTC,research,CC-BY-NC,https://www.inaturalist.org/observations/203421098,https://inaturalist-open-data.s3.amazonaws.com/photos/359404846/medium.jpg,,"","",3,0,false,3,"Old Golf Course Rd, Belton, TX, US",31.0427065,-97.4928915,4913,,,,4913,,open,false,,,Zebra Mussel,Dreissena polymorpha,Zebra Mussel,Mollusca,116340
203498832,edd84f4f-9a2d-43e0-bf74-7e8bf4198dfe,2024/03/17 3:42 PM,2024-03-17,2024-03-17 19:42:00 UTC,Eastern Time (US & Canada),3219274,pmeisenheimer,Peter Meisenheimer,2024-03-22 18:49:50 UTC,2024-03-22 23:56:46 UTC,research,CC-BY-NC,https://www.inaturalist.org/observations/203498832,https://inaturalist-open-data.s3.amazonaws.com/photos/359551292/medium.jpg,,"",,1,0,false,,"MacGregor Point Provincial Park, ON, Canada",44.4027754607,-81.5017784116,8,,,,8,,open,false,,,Zebra Mussel,Dreissena polymorpha,Zebra Mussel,Mollusca,116340
203650958,fa9cb36c-bec0-4a9d-91e8-c8f56eb35ed9,2024/03/23 2:46 PM,2024-03-23,2024-03-23 19:46:00 UTC,Central Time (US & Canada),615333,harpo,Bob Payton,2024-03-23 21:43:48 UTC,2024-03-24 03:51:02 UTC,research,CC-BY-NC,https://www.inaturalist.org/observations/203650958,https://inaturalist-open-data.s3.amazonaws.com/photos/359841570/medium.jpg,,"",,1,0,false,,"Hennepin County, MN, USA",44.8935164206,-93.1793477308,32,,,,32,,open,false,,,Zebra Mussel,Dreissena polymorpha,Zebra Mussel,Mollusca,116340
203777686,eaf686f2-c8ec-43c8-9d6d-eb6984312466,2024-03-24 14:55:53-04:00,2024-03-24,2024-03-24 18:55:53 UTC,Indiana (East),6060914,lilydoyle,,2024-03-24 18:56:24 UTC,2025-09-08 03:53:23 UTC,research,CC-BY-NC,https://www.inaturalist.org/observations/203777686,https://inaturalist-open-data.s3.amazonaws.com/photos/360128784/medium.jpg,,"","",1,0,false,3,"Fairfield Causeway Rd, Liberty, IN, US",39.507224495,-85.0033768888,253,,,,253,,open,false,,,Zebra Mussel,Dreissena polymorpha,Zebra Mussel,Mollusca,116340
203964464,8c9dae5b-4c8c-4f11-b909-39e242e437eb,2024-03-25 14:57:03-05:00,2024-03-25,2024-03-25 19:57:03 UTC,Central Time (US & Canada),1461439,nathanmayflower,Nathan May,2024-03-26 00:53:45 UTC,2024-03-26 04:35:25 UTC,research,CC-BY,https://www.inaturalist.org/observations/203964464,https://inaturalist-open-data.s3.amazonaws.com/photos/360446751/medium.jpg,,"","",2,0,false,3,"Lake Michigan, IL, US",42.0360945,-87.6694033333,8,,,,8,,open,false,,,Zebra Mussel,Dreissena polymorpha,Zebra Mussel,Mollusca,116340
204210559,08478393-99c3-493d-aa65-1f9f45e13339,2024-03-27 11:54:07-04:00,2024-03-27,2024-03-27 15:54:07 UTC,Eastern Time (US & Canada),2035791,frostfox,"",2024-03-28 00:18:31 UTC,2024-03-28 02:06:15 UTC,research,CC-BY-NC,https://www.inaturalist.org/observations/204210559,https://inaturalist-open-data.s3.amazonaws.com/photos/360919142/medium.jpg,,"","",1,0,false,3,"Scollard Dr, Peterborough, ON, CA",44.3419616667,-78.2994383333,4,,,,4,,open,false,,,Zebra Mussel,Dreissena polymorpha,Zebra Mussel,Mollusca,116340
204378142,0df43add-7cd1-4fe5-a31a-a60f1f1d33c9,2024-03-27 15:34:55-04:00,2024-03-27,2024-03-27 19:34:55 UTC,Eastern Time (US & Canada),5395048,hana_imany,,2024-03-29 10:51:37 UTC,2025-09-15 20:11:48 UTC,research,,https://www.inaturalist.org/observations/204378142,https://static.inaturalist.org/photos/361245571/medium.jpg,,"","",2,0,false,3,"Stockton Ln, Fort Erie, ON, CA",42.8824466667,-78.9706716667,18,,,,18,,open,false,,,Zebra Mussel,Dreissena polymorpha,Zebra Mussel,Mollusca,116340
204446240,dd92cb97-f609-4360-a5da-f14d99542ac0,2024-03-28 13:36:44-04:00,2024-03-28,2024-03-28 17:36:44 UTC,America/Nipigon,3900978,quigleykg,Kaitlyn,2024-03-29 20:18:47 UTC,2024-04-02 02:49:02 UTC,research,CC-BY-NC,https://www.inaturalist.org/observations/204446240,https://inaturalist-open-data.s3.amazonaws.com/photos/361372773/medium.jpg,,"","",1,0,false,3,"Riverside Dr E, Tecumseh, ON, CA",42.333625,-82.89138,3,,,,3,,open,false,,,Zebra Mussel,Dreissena polymorpha,Zebra Mussel,Mollusca,116340
204566728,8881b881-4034-407c-9b79-8763b5cc39d2,2024-03-30 11:05:48-04:00,2024-03-30,2024-03-30 15:05:48 UTC,Eastern Time (US & Canada),6541293,thecorvidkid,,2024-03-30 15:48:39 UTC,2024-03-31 03:13:41 UTC,research,CC-BY-NC,https://www.inaturalist.org/observations/204566728,https://inaturalist-open-data.s3.amazonaws.com/photos/361601973/medium.jpg,,"","",2,0,false,3,"Kingston Point Beach, Kingston, NY, US",41.9302534293,-73.9647563043,370,,,,370,,open,false,,,Zebra Mussel,Dreissena polymorpha,Zebra Mussel,Mollusca,116340
204791306,faf3f7e9-df65-41bf-abc1-afa07bacc34a,2024-03-30 08:36:33-04:00,2024-03-30,2024-03-30 12:36:33 UTC,Eastern Time (US & Canada),561136,dunnder,Derek Dunnett,2024-03-31 19:31:31 UTC,2024-03-31 23:22:59 UTC,research,CC-BY-NC,https://www.inaturalist.org/observations/204791306,https://inaturalist-open-data.s3.amazonaws.com/photos/362018012/medium.jpg,,"","",3,0,false,3,"Dows Lake, Ottawa, ON, CA",45.3944866667,-75.703605,4,,,,4,,open,false,,,Zebra Mussel,Dreissena polymorpha,Zebra Mussel,Mollusca,116340
204800758,b355e85e-af21-4125-b877-9919e177a460,2024-03-31 16:19:31,2024-03-31,2024-03-31 20:19:31 UTC,Eastern Time (US & Canada),6545207,icemuon,"",2024-03-31 20:20:07 UTC,2024-03-31 23:23:12 UTC,research,CC-BY-NC,https://www.inaturalist.org/observations/204800758,https://inaturalist-open-data.s3.amazonaws.com/photos/362035655/medium.jpeg,,"",,1,0,false,2,"Ottawa, ON K1V 1H8, Canada",45.3710414,-75.6962211997,,,,,,,open,false,gps,gps,Zebra Mussel,Dreissena polymorpha,Zebra Mussel,Mollusca,116340
204819153,54b7161b-6ecc-44a9-9f33-f9538ced26aa,2024-03-31 17:56:10-04:00,2024-03-31,2024-03-31 21:56:10 UTC,Eastern Time (US & Canada),3732493,bennett-s,"",2024-03-31 21:56:27 UTC,2024-03-31 23:22:09 UTC,research,CC-BY-NC,https://www.inaturalist.org/observations/204819153,https://inaturalist-open-data.s3.amazonaws.com/photos/362068813/medium.jpg,,"","",1,0,false,3,"Hudson River, Haverstraw, NY, US",41.1892746506,-73.9553250355,63,,,,63,,open,false,,,Zebra Mussel,Dreissena polymorpha,Zebra Mussel,Mollusca,116340
204862115,a718138f-e5c7-47bd-827b-fbdb9c7651b6,2024/03/10 8:05 AM,2024-03-10,2024-03-10 13:05:00 UTC,Central Time (US & Canada),824054,eric-schmitty,Eric Schmidt,2024-04-01 02:49:23 UTC,2024-04-01 14:10:34 UTC,research,CC-BY,https://www.inaturalist.org/observations/204862115,https://inaturalist-open-data.s3.amazonaws.com/photos/362150359/medium.jpg,,"",,1,0,false,,"Travis County, TX, USA",30.4755916667,-98.0066583333,,,,,,,open,false,,,Zebra Mussel,Dreissena polymorpha,Zebra Mussel,Mollusca,116340
204888179,bf6380e5-1a2b-4844-9b1c-c044f06b9de2,2024-03-01 14:58:09-05:00,2024-03-01,2024-03-01 19:58:09 UTC,Eastern Time (US & Canada),5904736,laney_harner,"",2024-04-01 08:15:23 UTC,2024-04-01 13:57:52 UTC,research,CC-BY-NC,https://www.inaturalist.org/observations/204888179,https://inaturalist-open-data.s3.amazonaws.com/photos/362208469/medium.jpg,,"","",2,0,false,3,"Erie, PA, US",42.1706883333,-80.0755833333,4,,,,4,,open,false,,,Zebra Mussel,Dreissena polymorpha,Zebra Mussel,Mollusca,116340
204910640,b67c35da-08b0-4ac0-af3c-fb221c43bcf3,2024-03-31 11:18:35-05:00,2024-03-31,2024-03-31 16:18:35 UTC,Central Time (US & Canada),7714607,taylor5361,Taylor Mathes,2024-04-01 12:12:09 UTC,2024-04-01 13:57:00 UTC,research,,https://www.inaturalist.org/observations/204910640,https://static.inaturalist.org/photos/362248149/medium.jpg,,"","",1,0,false,3,"Rosacker Lake, Stafford, KS, US",37.908753923,-98.5052970158,76,,,,76,,open,false,,,Zebra Mussel,Dreissena polymorpha,Zebra Mussel,Mollusca,116340
204982164,643221b1-e744-47e4-ba3d-b83942069db5,2024-04-01 13:59:38-04:00,2024-04-01,2024-04-01 17:59:38 UTC,Eastern Time (US & Canada),393377,pagophila,Nicholas Sly,2024-04-01 20:22:51 UTC,2024-04-01 23:20:01 UTC,research,CC-BY-NC,https://www.inaturalist.org/observations/204982164,https://inaturalist-open-data.s3.amazonaws.com/photos/362379444/medium.jpg,,"","",1,0,false,3,"Cayuga Lake, Lansing, NY, US",42.5389381082,-76.5505508616,4,,,,4,,open,false,,,Zebra Mussel,Dreissena polymorpha,Zebra Mussel,Mollusca,116340
205066693,c7fe8b1c-b067-4720-bf9e-365fde1fd22f,2024/03/11 6:39 PM,2024-03-11,2024-03-11 23:39:00 UTC,Central Time (US & Canada),824054,eric-schmitty,Eric Schmidt,2024-04-02 09:48:58 UTC,2025-09-15 20:11:54 UTC,research,CC-BY,https://www.inaturalist.org/observations/205066693,https://inaturalist-open-data.s3.amazonaws.com/photos/362541790/medium.jpg,,"",,2,0,false,,"Travis County, TX, USA",30.4764888889,-98.0077166667,,,,,,,open,false,,,Zebra Mussel,Dreissena polymorpha,Zebra Mussel,Mollusca,116340
205462104,9442c40d-afa0-4e1a-b386-7074689b03fc,2024-04-04 17:46:27-04:00,2024-04-04,2024-04-04 21:46:27 UTC,America/Detroit,3146308,ryangrow,Ryan Grow,2024-04-05 02:22:13 UTC,2024-04-06 00:34:24 UTC,research,CC-BY-NC,https://www.inaturalist.org/observations/205462104,https://inaturalist-open-data.s3.amazonaws.com/photos/363299416/medium.jpg,,"","",2,0,false,3,"Pickford, MI, US",46.1987283333,-84.2584833333,13,,,,13,,open,false,,,Zebra Mussel,Dreissena polymorpha,Zebra Mussel,Mollusca,116340
205612384,65c61a31-97a1-49a4-8fe6-47963062859f,2024-04-05 17:23:53-05:00,2024-04-05,2024-04-05 22:23:53 UTC,Central Time (US & Canada),55236,coreyjlange,Corey Lange,2024-04-06 04:10:42 UTC,2024-04-06 13:09:24 UTC,research,CC-BY-NC,https://www.inaturalist.org/observations/205612384,https://inaturalist-open-data.s3.amazonaws.com/photos/363584070/medium.jpg,,"","",2,0,false,3,"Lake Bridgeport, Chico, TX, US",33.249455,-97.8795166667,4,,,,4,,open,false,,,Zebra Mussel,Dreissena polymorpha,Zebra Mussel,Mollusca,116340
205765939,e84f20c6-a8f3-4a27-ae34-05a6ca7ecd14,2024-03-23 12:09:37,2024-03-23,2024-03-23 16:09:37 UTC,America/Detroit,3547558,bluebellprince,Skyler Principe,2024-04-06 23:18:12 UTC,2024-04-08 13:57:52 UTC,research,CC-BY,https://www.inaturalist.org/observations/205765939,https://inaturalist-open-data.s3.amazonaws.com/photos/363867207/medium.jpeg,,"",,1,0,false,2,"Lake St Clair Metropark, Harrison Twp, MI 48045, USA",42.5714149864,-82.796166949,112,,,,112,,open,false,gps,gps,Zebra Mussel,Dreissena polymorpha,Zebra Mussel,Mollusca,116340
205765985,fabc03df-c52b-4441-96b9-7efb4fc3e82d,2024-03-23 12:10:02,2024-03-23,2024-03-23 16:10:02 UTC,America/Detroit,3547558,bluebellprince,Skyler Principe,2024-04-06 23:18:27 UTC,2024-04-08 13:57:44 UTC,research,CC-BY,https://www.inaturalist.org/observations/205765985,https://inaturalist-open-data.s3.amazonaws.com/photos/363867273/medium.jpeg,,"",,1,0,false,2,"Lake St Clair Metropark, Harrison Twp, MI 48045, USA",42.5713586911,-82.7960941941,107,,,,107,,open,false,gps,gps,Zebra Mussel,Dreissena polymorpha,Zebra Mussel,Mollusca,116340
205769074,d67486f6-a57e-476c-8e29-aa763f32220a,2024/04/06 11:27 AM,2024-04-06,2024-04-06 15:27:00 UTC,America/Detroit,5636154,seismicshrimp,Jacob Schick,2024-04-06 23:38:22 UTC,2024-04-07 03:52:47 UTC,research,CC-BY-NC,https://www.inaturalist.org/observations/205769074,https://inaturalist-open-data.s3.amazonaws.com/photos/363870313/medium.jpeg,,"","",1,0,false,,"Newaygo County, MI, USA",43.5028707614,-85.5873773947,538,,,,538,,open,false,,,Zebra Mussel,Dreissena polymorpha,Zebra Mussel,Mollusca,116340
205769075,e961defd-3416-4999-bbf1-84d490df1ea0,2024/04/06 11:27 AM,2024-04-06,2024-04-06 15:27:00 UTC,America/Detroit,5636154,seismicshrimp,Jacob Schick,2024-04-06 23:38:23 UTC,2024-04-09 20:37:25 UTC,research,CC-BY-NC,https://www.inaturalist.org/observations/205769075,https://inaturalist-open-data.s3.amazonaws.com/photos/363870337/medium.jpeg,,"","",2,0,false,,"Newaygo County, MI, USA",43.5028707614,-85.5873773947,538,,,,538,,open,false,,,Zebra Mussel,Dreissena polymorpha,Zebra Mussel,Mollusca,116340
205769076,c38f1f54-6c93-487d-a4d6-a6d06744addf,2024/04/06 11:27 AM,2024-04-06,2024-04-06 15:27:00 UTC,America/Detroit,5636154,seismicshrimp,Jacob Schick,2024-04-06 23:38:23 UTC,2024-04-09 20:37:23 UTC,research,CC-BY-NC,https://www.inaturalist.org/observations/205769076,https://inaturalist-open-data.s3.amazonaws.com/photos/363870362/medium.jpeg,,"","",2,0,false,,"Newaygo County, MI, USA",43.5028707614,-85.5873773947,538,,,,538,,open,false,,,Zebra Mussel,Dreissena polymorpha,Zebra Mussel,Mollusca,116340
205769080,5efb5c72-154d-461e-a10e-fc75e86838c8,2024/04/06 11:27 AM,2024-04-06,2024-04-06 15:27:00 UTC,America/Detroit,5636154,seismicshrimp,Jacob Schick,2024-04-06 23:38:24 UTC,2024-04-09 20:37:22 UTC,research,CC-BY-NC,https://www.inaturalist.org/observations/205769080,https://inaturalist-open-data.s3.amazonaws.com/photos/363870381/medium.jpeg,,"","",2,0,false,,"Newaygo County, MI, USA",43.5028707614,-85.5873773947,538,,,,538,,open,false,,,Zebra Mussel,Dreissena polymorpha,Zebra Mussel,Mollusca,116340
205769081,23a2f29b-8ded-4585-a005-f504ca99728e,2024/04/06 11:27 AM,2024-04-06,2024-04-06 15:27:00 UTC,America/Detroit,5636154,seismicshrimp,Jacob Schick,2024-04-06 23:38:24 UTC,2025-09-15 23:01:46 UTC,research,CC-BY-NC,https://www.inaturalist.org/observations/205769081,https://inaturalist-open-data.s3.amazonaws.com/photos/363870436/medium.jpeg,,"","",2,0,false,,"Newaygo County, MI, USA",43.5028707614,-85.5873773947,538,,,,538,,open,false,,,Zebra Mussel,Dreissena polymorpha,Zebra Mussel,Mollusca,116340
205769082,47afdc8d-4856-441a-bb23-edb3532dbc82,2024/04/06 11:27 AM,2024-04-06,2024-04-06 15:27:00 UTC,America/Detroit,5636154,seismicshrimp,Jacob Schick,2024-04-06 23:38:24 UTC,2024-05-28 17:05:07 UTC,research,CC-BY-NC,https://www.inaturalist.org/observations/205769082,https://inaturalist-open-data.s3.amazonaws.com/photos/363870400/medium.jpeg,,"","",2,0,false,,"Newaygo County, MI, USA",43.5028707614,-85.5873773947,538,,,,538,,open,false,,,Zebra Mussel,Dreissena polymorpha,Zebra Mussel,Mollusca,116340
205769085,558bb308-2d2d-4fcc-a28e-3245e25e55d4,2024/04/06 11:27 AM,2024-04-06,2024-04-06 15:27:00 UTC,America/Detroit,5636154,seismicshrimp,Jacob Schick,2024-04-06 23:38:25 UTC,2024-04-08 01:06:07 UTC,research,CC-BY-NC,https://www.inaturalist.org/observations/205769085,https://inaturalist-open-data.s3.amazonaws.com/photos/363870455/medium.jpeg,,"","",1,0,false,,"Newaygo County, MI, USA",43.5028707614,-85.5873773947,538,,,,538,,open,false,,,Zebra Mussel,Dreissena polymorpha,Zebra Mussel,Mollusca,116340
205769087,abf1c243-067d-4675-b54e-e6b8b7e0f31b,2024/04/06 11:27 AM,2024-04-06,2024-04-06 15:27:00 UTC,America/Detroit,5636154,seismicshrimp,Jacob Schick,2024-04-06 23:38:25 UTC,2024-05-28 17:05:08 UTC,research,CC-BY-NC,https://www.inaturalist.org/observations/205769087,https://inaturalist-open-data.s3.amazonaws.com/photos/363870494/medium.jpeg,,"","",2,0,false,,"Newaygo County, MI, USA",43.5028707614,-85.5873773947,538,,,,538,,open,false,,,Zebra Mussel,Dreissena polymorpha,Zebra Mussel,Mollusca,116340
205769094,71dc1fe3-522d-4c75-9984-3a1530d62627,2024/04/06 11:27 AM,2024-04-06,2024-04-06 15:27:00 UTC,America/Detroit,5636154,seismicshrimp,Jacob Schick,2024-04-06 23:38:27 UTC,2024-04-07 03:50:48 UTC,research,CC-BY-NC,https://www.inaturalist.org/observations/205769094,https://inaturalist-open-data.s3.amazonaws.com/photos/363870543/medium.jpeg,,"","",1,0,false,,"Newaygo County, MI, USA",43.5028707614,-85.5873773947,538,,,,538,,open,false,,,Zebra Mussel,Dreissena polymorpha,Zebra Mussel,Mollusca,116340
205769097,9f7ab67d-7252-4d0c-8dd5-ba86f410187e,2024/04/06 11:27 AM,2024-04-06,2024-04-06 15:27:00 UTC,America/Detroit,5636154,seismicshrimp,Jacob Schick,2024-04-06 23:38:27 UTC,2024-05-28 17:05:08 UTC,research,CC-BY-NC,https://www.inaturalist.org/observations/205769097,https://inaturalist-open-data.s3.amazonaws.com/photos/363870651/medium.jpeg,,"","",2,0,false,,"Newaygo County, MI, USA",43.5028707614,-85.5873773947,538,,,,538,,open,false,,,Zebra Mussel,Dreissena polymorpha,Zebra Mussel,Mollusca,116340
205769102,ecd45a73-d225-4583-8666-39ce297088d6,2024/04/06 11:27 AM,2024-04-06,2024-04-06 15:27:00 UTC,America/Detroit,5636154,seismicshrimp,Jacob Schick,2024-04-06 23:38:28 UTC,2024-05-28 17:04:53 UTC,research,CC-BY-NC,https://www.inaturalist.org/observations/205769102,https://inaturalist-open-data.s3.amazonaws.com/photos/363870727/medium.jpeg,,"","",2,0,false,,"Newaygo County, MI, USA",43.5028707614,-85.5873773947,538,,,,538,,open,false,,,Zebra Mussel,Dreissena polymorpha,Zebra Mussel,Mollusca,116340
205769106,263e6eb4-2777-452f-b5e3-334236cbb22b,2024/04/06 11:27 AM,2024-04-06,2024-04-06 15:27:00 UTC,America/Detroit,5636154,seismicshrimp,Jacob Schick,2024-04-06 23:38:29 UTC,2024-04-07 03:50:26 UTC,research,CC-BY-NC,https://www.inaturalist.org/observations/205769106,https://inaturalist-open-data.s3.amazonaws.com/photos/363870755/medium.jpeg,,"","",1,0,false,,"Newaygo County, MI, USA",43.5028707614,-85.5873773947,538,,,,538,,open,false,,,Zebra Mussel,Dreissena polymorpha,Zebra Mussel,Mollusca,116340
205769108,defe798f-e67f-45ea-a592-f0d24316f82b,2024/04/06 11:27 AM,2024-04-06,2024-04-06 15:27:00 UTC,America/Detroit,5636154,seismicshrimp,Jacob Schick,2024-04-06 23:38:30 UTC,2024-05-28 17:04:54 UTC,research,CC-BY-NC,https://www.inaturalist.org/observations/205769108,https://inaturalist-open-data.s3.amazonaws.com/photos/363870921/medium.jpeg,,"","",2,0,false,,"Newaygo County, MI, USA",43.5028707614,-85.5873773947,538,,,,538,,open,false,,,Zebra Mussel,Dreissena polymorpha,Zebra Mussel,Mollusca,116340
205769109,00da7833-e35e-422b-8a1e-dade30c4d952,2024/04/06 11:27 AM,2024-04-06,2024-04-06 15:27:00 UTC,America/Detroit,5636154,seismicshrimp,Jacob Schick,2024-04-06 23:38:30 UTC,2024-05-28 17:06:39 UTC,research,CC-BY-NC,https://www.inaturalist.org/observations/205769109,https://inaturalist-open-data.s3.amazonaws.com/photos/363870965/medium.jpeg,,"","",2,0,false,,"Newaygo County, MI, USA",43.5028707614,-85.5873773947,538,,,,538,,open,false,,,Zebra Mussel,Dreissena polymorpha,Zebra Mussel,Mollusca,116340
205769110,e3b24013-4d90-456c-b112-130c90668661,2024/04/06 11:27 AM,2024-04-06,2024-04-06 15:27:00 UTC,America/Detroit,5636154,seismicshrimp,Jacob Schick,2024-04-06 23:38:30 UTC,2024-05-28 17:06:39 UTC,research,CC-BY-NC,https://www.inaturalist.org/observations/205769110,https://inaturalist-open-data.s3.amazonaws.com/photos/363870971/medium.jpeg,,"","",2,0,false,,"Newaygo County, MI, USA",43.5028707614,-85.5873773947,538,,,,538,,open,false,,,Zebra Mussel,Dreissena polymorpha,Zebra Mussel,Mollusca,116340
205769111,0035a001-0853-418e-b79c-065f295f93f3,2024/04/06 11:27 AM,2024-04-06,2024-04-06 15:27:00 UTC,America/Detroit,5636154,seismicshrimp,Jacob Schick,2024-04-06 23:38:31 UTC,2024-05-28 17:06:38 UTC,research,CC-BY-NC,https://www.inaturalist.org/observations/205769111,https://inaturalist-open-data.s3.amazonaws.com/photos/363871033/medium.jpeg,,"","",2,0,false,,"Newaygo County, MI, USA",43.5028707614,-85.5873773947,538,,,,538,,open,false,,,Zebra Mussel,Dreissena polymorpha,Zebra Mussel,Mollusca,116340
205769112,3e135421-e819-46c3-a14b-794b73744cfc,2024/04/06 11:27 AM,2024-04-06,2024-04-06 15:27:00 UTC,America/Detroit,5636154,seismicshrimp,Jacob Schick,2024-04-06 23:38:31 UTC,2024-05-28 17:04:50 UTC,research,CC-BY-NC,https://www.inaturalist.org/observations/205769112,https://inaturalist-open-data.s3.amazonaws.com/photos/363870991/medium.jpeg,,"","",2,0,false,,"Newaygo County, MI, USA",43.5028707614,-85.5873773947,538,,,,538,,open,false,,,Zebra Mussel,Dreissena polymorpha,Zebra Mussel,Mollusca,116340
205769114,2ce224f0-a008-49f0-a848-e139f3882380,2024/04/06 11:27 AM,2024-04-06,2024-04-06 15:27:00 UTC,America/Detroit,5636154,seismicshrimp,Jacob Schick,2024-04-06 23:38:32 UTC,2024-04-09 20:37:14 UTC,research,CC-BY-NC,https://www.inaturalist.org/observations/205769114,https://inaturalist-open-data.s3.amazonaws.com/photos/363871076/medium.jpeg,,"","",2,0,false,,"Newaygo County, MI, USA",43.5028707614,-85.5873773947,538,,,,538,,open,false,,,Zebra Mussel,Dreissena polymorpha,Zebra Mussel,Mollusca,116340
205769116,a7a02a00-53f2-434b-8750-a56cf9454690,2024/04/06 11:27 AM,2024-04-06,2024-04-06 15:27:00 UTC,America/Detroit,5636154,seismicshrimp,Jacob Schick,2024-04-06 23:38:32 UTC,2024-04-09 20:37:14 UTC,research,CC-BY-NC,https://www.inaturalist.org/observations/205769116,https://inaturalist-open-data.s3.amazonaws.com/photos/363871106/medium.jpeg,,"","",2,0,false,,"Newaygo County, MI, USA",43.5028707614,-85.5873773947,538,,,,538,,open,false,,,Zebra Mussel,Dreissena polymorpha,Zebra Mussel,Mollusca,116340
205769122,60567e28-8641-460e-af2a-8671fe7146f6,2024/04/06 11:27 AM,2024-04-06,2024-04-06 15:27:00 UTC,America/Detroit,5636154,seismicshrimp,Jacob Schick,2024-04-06 23:38:33 UTC,2024-04-09 20:37:09 UTC,research,CC-BY-NC,https://www.inaturalist.org/observations/205769122,https://inaturalist-open-data.s3.amazonaws.com/photos/363871205/medium.jpeg,,"","",2,0,false,,"Newaygo County, MI, USA",43.5028707614,-85.5873773947,538,,,,538,,open,false,,,Zebra Mussel,Dreissena polymorpha,Zebra Mussel,Mollusca,116340
205769128,03c10a60-322d-40e5-b0e6-7ee3049c9cac,2024/04/06 11:27 AM,2024-04-06,2024-04-06 15:27:00 UTC,America/Detroit,5636154,seismicshrimp,Jacob Schick,2024-04-06 23:38:34 UTC,2024-04-09 20:37:13 UTC,research,CC-BY-NC,https://www.inaturalist.org/observations/205769128,https://inaturalist-open-data.s3.amazonaws.com/photos/363871233/medium.jpeg,,"","",2,0,false,,"Newaygo County, MI, USA",43.5028707614,-85.5873773947,538,,,,538,,open,false,,,Zebra Mussel,Dreissena polymorpha,Zebra Mussel,Mollusca,116340
205769133,9f7a8527-db38-4725-99f5-dd2e41473c3a,2024/04/06 11:27 AM,2024-04-06,2024-04-06 15:27:00 UTC,America/Detroit,5636154,seismicshrimp,Jacob Schick,2024-04-06 23:38:35 UTC,2024-05-28 17:04:51 UTC,research,CC-BY-NC,https://www.inaturalist.org/observations/205769133,https://inaturalist-open-data.s3.amazonaws.com/photos/363871272/medium.jpeg,,"","",2,0,false,,"Newaygo County, MI, USA",43.5028707614,-85.5873773947,538,,,,538,,open,false,,,Zebra Mussel,Dreissena polymorpha,Zebra Mussel,Mollusca,116340
205769134,84e2713f-d4be-4980-861c-43ccad55afe3,2024/04/06 11:27 AM,2024-04-06,2024-04-06 15:27:00 UTC,America/Detroit,5636154,seismicshrimp,Jacob Schick,2024-04-06 23:38:35 UTC,2024-04-09 20:37:05 UTC,research,CC-BY-NC,https://www.inaturalist.org/observations/205769134,https://inaturalist-open-data.s3.amazonaws.com/photos/363871292/medium.jpeg,,"","",2,0,false,,"Newaygo County, MI, USA",43.5028707614,-85.5873773947,538,,,,538,,open,false,,,Zebra Mussel,Dreissena polymorpha,Zebra Mussel,Mollusca,116340
205769135,21328ad1-69c4-41a9-9b83-9c5a51d7d298,2024/04/06 11:27 AM,2024-04-06,2024-04-06 15:27:00 UTC,America/Detroit,5636154,seismicshrimp,Jacob Schick,2024-04-06 23:38:36 UTC,2024-04-08 16:30:30 UTC,research,CC-BY-NC,https://www.inaturalist.org/observations/205769135,https://inaturalist-open-data.s3.amazonaws.com/photos/363871313/medium.jpeg,,"","",2,0,false,,"Newaygo County, MI, USA",43.5028707614,-85.5873773947,538,,,,538,,open,false,,,Zebra Mussel,Dreissena polymorpha,Zebra Mussel,Mollusca,116340
205769136,3229ef14-ad86-4dfc-a98f-4a5adf189b6b,2024/04/06 11:27 AM,2024-04-06,2024-04-06 15:27:00 UTC,America/Detroit,5636154,seismicshrimp,Jacob Schick,2024-04-06 23:38:36 UTC,2024-04-08 16:30:28 UTC,research,CC-BY-NC,https://www.inaturalist.org/observations/205769136,https://inaturalist-open-data.s3.amazonaws.com/photos/363871367/medium.jpeg,,"","",2,0,false,,"Newaygo County, MI, USA",43.5028707614,-85.5873773947,538,,,,538,,open,false,,,Zebra Mussel,Dreissena polymorpha,Zebra Mussel,Mollusca,116340
205769137,4de109ff-275d-4479-94ec-965d7a56535c,2024/04/06 11:27 AM,2024-04-06,2024-04-06 15:27:00 UTC,America/Detroit,5636154,seismicshrimp,Jacob Schick,2024-04-06 23:38:36 UTC,2024-04-09 20:37:04 UTC,research,CC-BY-NC,https://www.inaturalist.org/observations/205769137,https://inaturalist-open-data.s3.amazonaws.com/photos/363871346/medium.jpeg,,"","",2,0,false,,"Newaygo County, MI, USA",43.5028707614,-85.5873773947,538,,,,538,,open,false,,,Zebra Mussel,Dreissena polymorpha,Zebra Mussel,Mollusca,116340
205788717,25b3d0e7-2af2-4915-ae0c-584c99dd6419,2024-04-06 14:10:46-04:00,2024-04-06,2024-04-06 18:10:46 UTC,America/Detroit,5496507,chalupachelano,Paul Celano,2024-04-07 01:54:03 UTC,2024-04-09 18:50:17 UTC,research,CC-BY-NC,https://www.inaturalist.org/observations/205788717,https://inaturalist-open-data.s3.amazonaws.com/photos/363909315/medium.jpg,,"","",1,0,false,3,"Tawas Point State Park, MI, US",44.2554883333,-83.449945,3,,,,3,,open,false,,,Zebra Mussel,Dreissena polymorpha,Zebra Mussel,Mollusca,116340
205788880,e518d714-0d99-4222-abf2-393c695d063b,2024-04-06 14:09:33-04:00,2024-04-06,2024-04-06 18:09:33 UTC,America/Detroit,5496507,chalupachelano,Paul Celano,2024-04-07 01:55:04 UTC,2024-04-09 18:50:03 UTC,research,CC-BY-NC,https://www.inaturalist.org/observations/205788880,https://inaturalist-open-data.s3.amazonaws.com/photos/363909525/medium.jpg,,"","",1,0,false,3,"Tawas Point State Park, MI, US",44.25522,-83.4499283333,3,,,,3,,open,false,,,Zebra Mussel,Dreissena polymorpha,Zebra Mussel,Mollusca,116340
205813353,9fb7fd00-30ae-41dd-8299-6e5ff283e339,2024-04-05 16:43:54,2024-04-05,2024-04-05 21:43:54 UTC,Central Time (US & Canada),5361647,michael_preston,Michael Preston,2024-04-07 06:14:18 UTC,2024-04-07 15:03:27 UTC,research,CC-BY-NC,https://www.inaturalist.org/observations/205813353,https://inaturalist-open-data.s3.amazonaws.com/photos/363958823/medium.jpeg,,"",,1,0,false,2,"Canyon Lake, TX, USA",29.9043008324,-98.2802949413,2,,,,2,,open,false,,,Zebra Mussel,Dreissena polymorpha,Zebra Mussel,Mollusca,116340
205883826,6a689cd6-4db2-44c5-8ef6-0d97f5406248,2024-04-07 10:16:06,2024-04-07,2024-04-07 14:16:06 UTC,America/Nipigon,239969,carterdorscht,Carter Dorscht,2024-04-07 15:57:01 UTC,2025-09-15 20:11:59 UTC,research,CC0,https://www.inaturalist.org/observations/205883826,https://inaturalist-open-data.s3.amazonaws.com/photos/364089853/medium.jpeg,,"","",2,0,false,2,"Algoma District, ON, Canada",46.070024,-83.918676,2,,,,2,,open,false,gps,gps,Zebra Mussel,Dreissena polymorpha,Zebra Mussel,Mollusca,116340
205914542,b81c16dc-f515-4c0b-83ea-adc578f8fa6b,2024-04-07 14:23:54-04:00,2024-04-07,2024-04-07 18:23:54 UTC,Eastern Time (US & Canada),6291339,frankiejuggles,Frank Lenik,2024-04-07 18:24:17 UTC,2024-12-14 00:35:14 UTC,research,CC-BY-NC,https://www.inaturalist.org/observations/205914542,https://inaturalist-open-data.s3.amazonaws.com/photos/364146193/medium.jpg,,"","",1,0,false,3,"Lock 20 State Canal Park, Marcy, NY, US",43.143957941,-75.2933020327,4,,,,4,,open,false,,,Zebra Mussel,Dreissena polymorpha,Zebra Mussel,Mollusca,116340
205929951,7413259d-3c19-4583-b0fc-a323834baa0a,2024-04-07 12:09:37-05:00,2024-04-07,2024-04-07 17:09:37 UTC,Central Time (US & Canada),7546916,mothy_monday,Mothy,2024-04-07 19:36:37 UTC,2024-04-08 01:01:51 UTC,research,CC-BY-NC,https://www.inaturalist.org/observations/205929951,https://inaturalist-open-data.s3.amazonaws.com/photos/364174402/medium.jpg,,"","",2,0,false,3,"High Cliff State Park, Sherwood, WI, US",44.163825,-88.2946783333,4,,,,4,,open,false,,,Zebra Mussel,Dreissena polymorpha,Zebra Mussel,Mollusca,116340
205930098,c5a5ca9c-def8-4660-b438-4bc31e30fc4d,2024-04-07 12:10:31-05:00,2024-04-07,2024-04-07 17:10:31 UTC,Central Time (US & Canada),7546916,mothy_monday,Mothy,2024-04-07 19:37:30 UTC,2024-04-08 14:55:10 UTC,research,CC-BY-NC,https://www.inaturalist.org/observations/205930098,https://inaturalist-open-data.s3.amazonaws.com/photos/364174644/medium.jpg,,"","",1,0,false,3,"High Cliff State Park, Sherwood, WI, US",44.1638361667,-88.2946866667,4,,,,4,,open,false,,,Zebra Mussel,Dreissena polymorpha,Zebra Mussel,Mollusca,116340
205960591,157747c3-c943-479c-9ca0-75d6501e910f,2024-04-07 15:13:25-04:00,2024-04-07,2024-04-07 19:13:25 UTC,Eastern Time (US & Canada),506327,julie_sf,Julie,2024-04-07 22:06:22 UTC,2024-04-08 01:02:33 UTC,research,CC-BY-NC,https://www.inaturalist.org/observations/205960591,https://inaturalist-open-data.s3.amazonaws.com/photos/364231152/medium.jpg,,"","",1,0,false,3,"W Lake Shore Dr, Port Clinton, OH, US",41.518355,-82.94722,4,,,,4,,open,false,,,Zebra Mussel,Dreissena polymorpha,Zebra Mussel,Mollusca,116340
205996374,9a14ea98-8b0c-47d1-81d0-46b9c87f1196,2024-04-07 18:02:04-05:00,2024-04-07,2024-04-07 23:02:04 UTC,Central Time (US & Canada),2489391,ticonderoga-,,2024-04-08 01:42:46 UTC,2024-04-08 17:26:05 UTC,research,CC-BY-NC,https://www.inaturalist.org/observations/205996374,https://inaturalist-open-data.s3.amazonaws.com/photos/364300554/medium.jpg,,"",These were everywhere,2,0,false,3,"Lake Georgetown, Georgetown, TX, US",30.66703,-97.7512366667,35,,,,35,,open,false,,,Zebra Mussel,Dreissena polymorpha,Zebra Mussel,Mollusca,116340
206006007,8745797a-6d82-4482-86f1-a59778042f4a,2024-04-07 10:28:19-05:00,2024-04-07,2024-04-07 15:28:19 UTC,Central Time (US & Canada),398213,ocean_beach_goth,LJ Moore-McClelland,2024-04-08 02:53:06 UTC,2024-04-09 11:43:39 UTC,research,CC-BY,https://www.inaturalist.org/observations/206006007,https://inaturalist-open-data.s3.amazonaws.com/photos/364320655/medium.jpg,,"","",2,0,false,3,"Lake Travis, Austin, TX, US",30.39478,-97.9041583333,4,,,,4,,open,false,,,Zebra Mussel,Dreissena polymorpha,Zebra Mussel,Mollusca,116340
206010658,2acca336-b56c-4051-b58c-cef9fe2a457c,2024-04-07 16:51:19-04:00,2024-04-07,2024-04-07 20:51:19 UTC,Eastern Time (US & Canada),540099,aidanperkins37,,2024-04-08 03:30:52 UTC,2024-04-16 23:58:45 UTC,research,,https://www.inaturalist.org/observations/206010658,https://static.inaturalist.org/photos/364330197/medium.jpg,,"","",1,0,false,3,"E Cayuga St, Oswego, NY, US",43.459555,-76.5097283333,3,,,,3,,open,false,,,Zebra Mussel,Dreissena polymorpha,Zebra Mussel,Mollusca,116340
206026649,8df1406c-577a-458b-be01-c94cec1a75b3,2024-04-06 18:16:14,2024-04-06,2024-04-06 22:16:14 UTC,Eastern Time (US & Canada),5517621,jyn417,Jyn Vara,2024-04-08 06:40:10 UTC,2024-04-08 22:04:55 UTC,research,,https://www.inaturalist.org/observations/206026649,https://static.inaturalist.org/photos/364362791/medium.jpeg,,"",,1,0,false,2,"Sandusky South, OH 44870, USA",41.409065715,-82.6915430278,12456,,,,12456,,open,false,gps,gps,Zebra Mussel,Dreissena polymorpha,Zebra Mussel,Mollusca,116340
206081069,ff90e896-3d1e-4295-92e1-57febbf488ef,Mon Apr 08 2024 11:22:18 GMT -0400 (EDT),2024-04-08,2024-04-08 15:22:18 UTC,Eastern Time (US & Canada),4055878,dmu,Debbie Urbanski,2024-04-08 15:22:38 UTC,2024-04-08 22:03:36 UTC,research,CC-BY-NC,https://www.inaturalist.org/observations/206081069,https://inaturalist-open-data.s3.amazonaws.com/photos/364579538/medium.jpeg,,"",,1,0,false,333,"Jefferson County, US-NY, US",43.7480163574,-76.2116241455,3,,,,3,,open,false,,,Zebra Mussel,Dreissena polymorpha,Zebra Mussel,Mollusca,116340
206120016,028636bc-29a5-4c46-912b-79b305d1def8,2024/04/07,2024-04-07,,Eastern Time (US & Canada),1442912,krisskinou,Christian Grenier,2024-04-08 19:08:00 UTC,2024-08-16 15:41:47 UTC,research,CC-BY-NC,https://www.inaturalist.org/observations/206120016,https://inaturalist-open-data.s3.amazonaws.com/photos/364529176/medium.jpeg,,"",,1,0,false,,"Vieux-Moulin, Québec, QC, Canada",46.8485386121,-71.2034326875,15,,,,15,,open,false,,,Moule zébrée,Dreissena polymorpha,Zebra Mussel,Mollusca,116340
206148026,ea7e1fa4-71d0-4671-8397-2b91132e856e,2024-04-08 16:28:26-04:00,2024-04-08,2024-04-08 20:28:26 UTC,Eastern Time (US & Canada),506327,julie_sf,Julie,2024-04-08 21:54:31 UTC,2024-04-09 11:27:40 UTC,research,CC-BY-NC,https://www.inaturalist.org/observations/206148026,https://inaturalist-open-data.s3.amazonaws.com/photos/364581068/medium.jpg,,"","",2,0,false,3,"Perry Cove, Port Clinton, OH, US",41.5156583333,-82.93547,4,,,,4,,open,false,,,Zebra Mussel,Dreissena polymorpha,Zebra Mussel,Mollusca,116340
206149386,8ab35915-d8a9-4892-b2ce-8fd22eb29054,2024-04-08 17:19:22,2024-04-08,2024-04-08 21:19:22 UTC,Eastern Time (US & Canada),665120,jeffwilson2,Jeff Wilson,2024-04-08 22:02:30 UTC,2024-04-09 11:27:16 UTC,research,CC-BY,https://www.inaturalist.org/observations/206149386,https://inaturalist-open-data.s3.amazonaws.com/photos/364583656/medium.jpeg,,"",,2,0,false,2,"Erie, PA 16507, USA",42.15585361,-80.12942418,3,,,,3,,open,false,,,Zebra Mussel,Dreissena polymorpha,Zebra Mussel,Mollusca,116340
206178990,69ec576a-9e8d-447e-b821-825a5859ec86,2024-04-07 11:30:02-04:00,2024-04-07,2024-04-07 15:30:02 UTC,America/Detroit,4626808,lmcclintick,Lisa Meyers McClintick,2024-04-09 01:35:24 UTC,2024-04-10 15:28:34 UTC,research,CC-BY-NC-ND,https://www.inaturalist.org/observations/206178990,https://inaturalist-open-data.s3.amazonaws.com/photos/364641509/medium.jpg,,"","",1,0,false,3,"Silver Lake State Park, Mears, MI, US",43.6503216667,-86.54017,4,,,,4,,open,false,,,Zebra Mussel,Dreissena polymorpha,Zebra Mussel,Mollusca,116340
206501910,c39613a0-fa39-47ab-8d5a-9dc7e45fb618,2024/04/08 5:24 PM,2024-04-08,2024-04-08 21:24:00 UTC,Eastern Time (US & Canada),410175,zhelicarol,Carol Mullen,2024-04-10 22:54:51 UTC,2024-04-18 14:50:53 UTC,research,CC-BY-NC,https://www.inaturalist.org/observations/206501910,https://inaturalist-open-data.s3.amazonaws.com/photos/365228909/medium.jpeg,,"",,1,0,false,,"Ontario County, NY, USA",42.8629646555,-77.276324221,355,,,,355,,open,false,,,Zebra Mussel,Dreissena polymorpha,Zebra Mussel,Mollusca,116340
206602950,90bbe68c-cbe2-47de-a1e2-f7600478dbfd,2024-04-08,2024-04-08,,Eastern Time (US & Canada),2319424,savannahm1,Savannah M,2024-04-11 12:46:55 UTC,2024-04-11 15:02:30 UTC,research,,https://www.inaturalist.org/observations/206602950,https://static.inaturalist.org/photos/365355128/medium.jpeg,,"",,1,0,false,2,"Huron, NY, USA",43.2894687043,-76.910347268,82,,,,82,,open,false,gps,gps,Zebra Mussel,Dreissena polymorpha,Zebra Mussel,Mollusca,116340
206613975,f3f758bc-3845-4d7e-be21-ce93698901eb,2024-04-03 12:05:05,2024-04-03,2024-04-03 16:05:05 UTC,America/Detroit,3547558,bluebellprince,Skyler Principe,2024-04-11 14:11:13 UTC,2024-04-11 15:23:58 UTC,research,CC-BY,https://www.inaturalist.org/observations/206613975,https://inaturalist-open-data.s3.amazonaws.com/photos/365376406/medium.jpeg,,"",Along the shore of the Clinton River.,2,0,false,2,"River Woods Park, Auburn Hills, MI, USA",42.6409472296,-83.2172107324,12,,,,12,,open,false,gps,gps,Zebra Mussel,Dreissena polymorpha,Zebra Mussel,Mollusca,116340
207112323,6c010e9e-9680-4409-ba28-134afad1ed2d,2024-04-07 16:02:55,2024-04-07,2024-04-07 20:02:55 UTC,Eastern Time (US & Canada),7037183,ben_diehl,Ben Diehl,2024-04-14 05:45:51 UTC,2024-04-14 16:49:40 UTC,research,CC-BY-NC,https://www.inaturalist.org/observations/207112323,https://inaturalist-open-data.s3.amazonaws.com/photos/366312354/medium.jpeg,,"",,2,0,false,2,"The Glebe, Ottawa, ON, Canada",45.3939518319,-75.703558065,211,,,,211,,open,false,gps,gps,Zebra Mussel,Dreissena polymorpha,Zebra Mussel,Mollusca,116340
207112357,9cb9f60e-116a-4240-8356-832b0b0cd53f,2024-04-07 16:05:31,2024-04-07,2024-04-07 20:05:31 UTC,Eastern Time (US & Canada),7037183,ben_diehl,Ben Diehl,2024-04-14 05:46:19 UTC,2024-04-14 16:49:50 UTC,research,CC-BY-NC,https://www.inaturalist.org/observations/207112357,https://inaturalist-open-data.s3.amazonaws.com/photos/366312415/medium.jpeg,,"",,1,0,false,2,"Ottawa, CA-ON, CA",45.3939362928,-75.703436695,102,,,,102,,open,false,gps,gps,Zebra Mussel,Dreissena polymorpha,Zebra Mussel,Mollusca,116340
207218884,61084b7e-f7d9-4ef6-97d8-d3cc30be336f,2024-04-07 16:17:39,2024-04-07,2024-04-07 20:17:39 UTC,Eastern Time (US & Canada),7037183,ben_diehl,Ben Diehl,2024-04-14 18:03:06 UTC,2024-04-14 21:41:19 UTC,research,CC-BY-NC,https://www.inaturalist.org/observations/207218884,https://inaturalist-open-data.s3.amazonaws.com/photos/366509691/medium.jpeg,,"",,1,0,false,2,"Ottawa, ON K2C, Canada",45.3937074443,-75.7025203854,128,,,,128,,open,false,gps,gps,Zebra Mussel,Dreissena polymorpha,Zebra Mussel,Mollusca,116340
207440639,8229af3a-3120-4a99-9c52-4ffd665e1b2e,2024/04/13 7:45 AM,2024-04-13,2024-04-13 12:45:00 UTC,Central Time (US & Canada),548171,cpavlisich,Charlie Pavlisich,2024-04-15 18:43:53 UTC,2025-09-15 22:03:23 UTC,research,CC-BY,https://www.inaturalist.org/observations/207440639,https://inaturalist-open-data.s3.amazonaws.com/photos/366922117/medium.jpeg,,"","",2,1,false,,"East End, Superior, WI 54880, USA",46.7123583333,-92.0461766667,,,,,,,open,false,,,Zebra Mussel,Dreissena polymorpha,Zebra Mussel,Mollusca,116340
207490589,57620780-f514-465b-9f4c-4b815e476126,2024/04/15 1:06 PM,2024-04-15,2024-04-15 18:06:00 UTC,Central Time (US & Canada),2121347,mmmiller,Marilynn Miller,2024-04-15 23:47:50 UTC,2024-04-16 13:37:24 UTC,research,CC-BY,https://www.inaturalist.org/observations/207490589,https://inaturalist-open-data.s3.amazonaws.com/photos/367018855/medium.jpeg,,"",Lake Pepin / Mississippi River,2,0,false,,"Maiden Rock Village Park, Pierce County, WI, USA",44.5586843209,-92.3099476489,15,,,,15,,open,false,,,Zebra Mussel,Dreissena polymorpha,Zebra Mussel,Mollusca,116340
207490591,4298f0c5-25f9-4e5c-858e-d92f64a28229,2024/04/15 1:07 PM,2024-04-15,2024-04-15 18:07:00 UTC,Central Time (US & Canada),2121347,mmmiller,Marilynn Miller,2024-04-15 23:47:50 UTC,2024-04-16 13:37:27 UTC,research,CC-BY,https://www.inaturalist.org/observations/207490591,https://inaturalist-open-data.s3.amazonaws.com/photos/367019025/medium.jpeg,,"",Lake Pepin / Mississippi River,2,0,false,,"Maiden Rock Village Park, Pierce County, WI, USA",44.5586843209,-92.3099476489,15,,,,15,,open,false,,,Zebra Mussel,Dreissena polymorpha,Zebra Mussel,Mollusca,116340
207490595,1f68377d-1c57-48c9-a513-eb20206be253,2024/04/15 1:08 PM,2024-04-15,2024-04-15 18:08:00 UTC,Central Time (US & Canada),2121347,mmmiller,Marilynn Miller,2024-04-15 23:47:51 UTC,2024-04-16 13:37:29 UTC,research,CC-BY,https://www.inaturalist.org/observations/207490595,https://inaturalist-open-data.s3.amazonaws.com/photos/367019438/medium.jpeg,,"",Lake Pepin / Mississippi River,2,0,false,,"Maiden Rock Village Park, Pierce County, WI, USA",44.5586843209,-92.3099476489,15,,,,15,,open,false,,,Zebra Mussel,Dreissena polymorpha,Zebra Mussel,Mollusca,116340
207679734,0096c6d3-439f-4d3f-a37a-730539258954,2024-04-16 12:42:11-04:00,2024-04-16,2024-04-16 16:42:11 UTC,America/Detroit,3146308,ryangrow,Ryan Grow,2024-04-17 00:30:06 UTC,2024-04-17 23:39:58 UTC,research,CC-BY-NC,https://www.inaturalist.org/observations/207679734,https://inaturalist-open-data.s3.amazonaws.com/photos/367373644/medium.jpg,,"","",1,0,false,3,"N Grant St, Charlevoix, MI, US",45.3196287314,-85.264250513,25,,,,25,,open,false,,,Zebra Mussel,Dreissena polymorpha,Zebra Mussel,Mollusca,116340
207693335,111f3c4d-de2d-43ed-babb-3e182d33776e,2024/04/15 1:10 PM,2024-04-15,2024-04-15 17:10:00 UTC,America/Nipigon,6381706,rcm53,,2024-04-17 02:12:21 UTC,2024-04-17 11:33:32 UTC,research,CC-BY-NC,https://www.inaturalist.org/observations/207693335,https://inaturalist-open-data.s3.amazonaws.com/photos/367400357/medium.jpeg,,"",,2,0,false,,"Algoma District, ON, Canada",46.1905179825,-82.7982689768,61,,,,61,,open,false,,,Zebra Mussel,Dreissena polymorpha,Zebra Mussel,Mollusca,116340
207809724,9009976e-f40f-4cb7-b558-c6126267a1ec,2024-04-17 12:47:21,2024-04-17,2024-04-17 16:47:21 UTC,America/Detroit,7067295,qfc79,Quinn,2024-04-17 19:37:43 UTC,2024-04-18 11:53:25 UTC,research,CC-BY-NC,https://www.inaturalist.org/observations/207809724,https://inaturalist-open-data.s3.amazonaws.com/photos/367616734/medium.jpeg,,"",,1,0,false,2,Fox Lake,42.6087603854,-83.4863580018,600,,,,600,,open,false,,,Zebra Mussel,Dreissena polymorpha,Zebra Mussel,Mollusca,116340
207809795,89f168aa-5745-425b-a314-15689ea7835f,2024-04-17 12:47:26,2024-04-17,2024-04-17 16:47:26 UTC,America/Detroit,7067295,qfc79,Quinn,2024-04-17 19:38:10 UTC,2024-04-18 11:53:35 UTC,research,CC-BY-NC,https://www.inaturalist.org/observations/207809795,https://inaturalist-open-data.s3.amazonaws.com/photos/367616841/medium.jpeg,,"",,1,0,false,2,Fox Lake,42.6087603854,-83.4863580018,600,,,,600,,open,false,gps,gps,Zebra Mussel,Dreissena polymorpha,Zebra Mussel,Mollusca,116340
207810042,4c2a26e8-86d8-4c9d-a416-a1efa39f21d4,2024-04-17 12:47:21,2024-04-17,2024-04-17 16:47:21 UTC,America/Detroit,7067295,qfc79,Quinn,2024-04-17 19:39:41 UTC,2024-04-18 11:53:41 UTC,research,CC-BY-NC,https://www.inaturalist.org/observations/207810042,https://inaturalist-open-data.s3.amazonaws.com/photos/367617291/medium.jpeg,,"",,1,0,false,2,Fox Lake,42.6087603854,-83.4863580018,600,,,,600,,open,false,,,Zebra Mussel,Dreissena polymorpha,Zebra Mussel,Mollusca,116340
208011822,8050923e-985d-461e-9c62-7208295374ee,2024/04/18 2:03 PM,2024-04-18,2024-04-18 18:03:00 UTC,America/Nipigon,6381706,rcm53,,2024-04-18 23:27:50 UTC,2025-01-19 23:06:28 UTC,research,CC-BY-NC,https://www.inaturalist.org/observations/208011822,https://inaturalist-open-data.s3.amazonaws.com/photos/367996459/medium.jpeg,,"",,1,0,false,,"Algoma District, ON, Canada",46.0659737725,-83.9476686887,61,,,,61,,open,false,,,Zebra Mussel,Dreissena polymorpha,Zebra Mussel,Mollusca,116340
208399529,1a3ca7c6-c2bd-4631-b88b-c3fbd9dd9b4d,2024-04-19 19:22:39-05:00,2024-04-19,2024-04-20 00:22:39 UTC,Central Time (US & Canada),970009,brandoncorder,Brandon Corder,2024-04-21 01:35:44 UTC,2024-08-12 17:17:44 UTC,research,CC-BY,https://www.inaturalist.org/observations/208399529,https://inaturalist-open-data.s3.amazonaws.com/photos/368719689/medium.jpg,,"","",1,0,false,3,"North Side, Madison, WI, US",43.1248695,-89.40342,3,,,,3,,open,false,,,Zebra Mussel,Dreissena polymorpha,Zebra Mussel,Mollusca,116340
208639033,c38f979d-294f-40e3-a950-ea7608436db5,2024/03/14 9:01 PM,2024-03-14,2024-03-15 02:01:00 UTC,Central Time (US & Canada),824054,eric-schmitty,Eric Schmidt,2024-04-22 03:24:27 UTC,2024-04-22 04:04:30 UTC,research,CC-BY,https://www.inaturalist.org/observations/208639033,https://inaturalist-open-data.s3.amazonaws.com/photos/369167041/medium.jpg,,"",,1,0,false,,"Travis County, TX, USA",30.4766888889,-98.0068972222,,,,,,,open,false,,,Zebra Mussel,Dreissena polymorpha,Zebra Mussel,Mollusca,116340
208883379,dfc65696-7ab6-4dab-bdab-5dbe248365d1,2024-04-21 17:31:31-04:00,2024-04-21,2024-04-21 21:31:31 UTC,Eastern Time (US & Canada),3732493,bennett-s,"",2024-04-23 13:05:17 UTC,2024-04-23 15:12:55 UTC,research,CC-BY-NC,https://www.inaturalist.org/observations/208883379,https://inaturalist-open-data.s3.amazonaws.com/photos/369621502/medium.jpg,,"","",1,0,false,3,"Green Lakes State Park, Fayetteville, NY, US",43.0533166667,-75.9636916667,4,,,,4,,open,false,,,Zebra Mussel,Dreissena polymorpha,Zebra Mussel,Mollusca,116340
209032580,1ec4a54a-0118-448d-8e0b-14a74944a185,2024-03-10 18:19:00-05:00,2024-03-10,2024-03-10 23:19:00 UTC,Central Time (US & Canada),5650340,cadendc,Caden Carlson,2024-04-24 05:22:51 UTC,2024-04-24 12:28:57 UTC,research,CC-BY-NC,https://www.inaturalist.org/observations/209032580,https://inaturalist-open-data.s3.amazonaws.com/photos/369897218/medium.jpg,,"","",2,0,false,3,"Missouri River, Council Bluffs, IA, US",41.2616376469,-95.9209188922,23,,,,23,,open,false,,,Zebra Mussel,Dreissena polymorpha,Zebra Mussel,Mollusca,116340
209183840,ad0488c5-a8da-40c5-bc99-7d2dcaf8fe57,2024-04-23 10:16:16-05:00,2024-04-23,2024-04-23 15:16:16 UTC,Central Time (US & Canada),5852926,aves001,,2024-04-25 01:32:14 UTC,2024-04-25 03:28:17 UTC,research,CC-BY-NC,https://www.inaturalist.org/observations/209183840,https://inaturalist-open-data.s3.amazonaws.com/photos/370174629/medium.jpg,,"","Lake reported as infested with zebra mussels 2022
",2,0,false,3,"Spring Lake Rd SW, Prior Lake, MN, US",44.7065166667,-93.4700383333,4,,,,4,,open,false,,,Zebra Mussel,Dreissena polymorpha,Zebra Mussel,Mollusca,116340
209207850,6afbf025-16c5-49cd-bd83-d5f394813c16,2024/04/07 4:03 PM,2024-04-07,2024-04-07 21:03:00 UTC,Central Time (US & Canada),2426657,mkdwoodruff,Michael Woodruff,2024-04-25 05:16:36 UTC,2024-04-26 03:20:49 UTC,research,CC-BY-NC,https://www.inaturalist.org/observations/209207850,https://inaturalist-open-data.s3.amazonaws.com/photos/370223217/medium.jpeg,,"",,1,0,false,,"Canyon Lake, TX, USA",29.8657611167,-98.2418472167,,,,,,,open,false,,,Zebra Mussel,Dreissena polymorpha,Zebra Mussel,Mollusca,116340
209207853,b59cc9f7-f228-4b2d-8ae4-27713f4b34bb,2024/04/07 4:08 PM,2024-04-07,2024-04-07 21:08:00 UTC,Central Time (US & Canada),2426657,mkdwoodruff,Michael Woodruff,2024-04-25 05:16:37 UTC,2024-04-26 03:20:38 UTC,research,CC-BY-NC,https://www.inaturalist.org/observations/209207853,https://inaturalist-open-data.s3.amazonaws.com/photos/370223234/medium.jpeg,,"",,1,0,false,,"Canyon Lake, TX, USA",29.8657777833,-98.2418972167,,,,,,,open,false,,,Zebra Mussel,Dreissena polymorpha,Zebra Mussel,Mollusca,116340
209337605,2e5b536d-1d8d-4c71-89e5-9f6fa699491e,2024/04/25 9:52 AM,2024-04-25,2024-04-25 14:52:00 UTC,Central Time (US & Canada),3246589,diana768,Diana K,2024-04-25 21:53:07 UTC,2024-04-26 03:20:24 UTC,research,CC-BY-NC,https://www.inaturalist.org/observations/209337605,https://inaturalist-open-data.s3.amazonaws.com/photos/370458665/medium.jpeg,,"",Zebra mussels in layer along south shore line. This lake is known to be infested with this species.,1,0,false,,"Bemidji, MN 56601, USA",47.4657128524,-94.8513579113,1418,,,,1418,,open,false,,,Zebra Mussel,Dreissena polymorpha,Zebra Mussel,Mollusca,116340
209351240,18b697c1-244f-4cdc-af12-b1c0cfad28aa,2024-04-20 11:01:40,2024-04-20,2024-04-20 15:01:40 UTC,Eastern Time (US & Canada),5785673,mburkett,Micah Burkett,2024-04-25 23:12:31 UTC,2025-09-15 20:12:24 UTC,research,,https://www.inaturalist.org/observations/209351240,https://static.inaturalist.org/photos/370483627/medium.jpeg,,"",Found under a log in the creek,2,0,false,2,Martindale Park,40.8419879687,-81.3522681221,180,,,,180,,open,false,,,Zebra Mussel,Dreissena polymorpha,Zebra Mussel,Mollusca,116340
209376140,ad8ae6eb-8254-4fd0-a10a-df6bd7b99622,2024-04-25 19:14:41,2024-04-25,2024-04-25 23:14:41 UTC,Eastern Time (US & Canada),741295,mathias_dezetter,"",2024-04-26 01:46:13 UTC,2024-04-26 03:09:26 UTC,research,CC-BY-NC,https://www.inaturalist.org/observations/209376140,https://inaturalist-open-data.s3.amazonaws.com/photos/370529469/medium.jpeg,,"",,1,0,false,2,"Katonah, Nueva York 10536, EE. UU.",41.2943258278,-73.7481961772,57,,,,57,,open,false,gps,gps,Zebra Mussel,Dreissena polymorpha,Zebra Mussel,Mollusca,116340
209761693,5bbb50d9-db90-40ff-ae79-01346e8004b2,2024-04-26 14:01:48,2024-04-26,2024-04-26 18:01:48 UTC,America/Nipigon,239969,carterdorscht,Carter Dorscht,2024-04-26 20:10:56 UTC,2024-07-03 19:44:33 UTC,research,CC0,https://www.inaturalist.org/observations/209761693,https://inaturalist-open-data.s3.amazonaws.com/photos/371131724/medium.jpeg,,"",,2,0,false,2,"Algoma District, ON, Canada",46.0711461639,-83.9193214389,,,,,,,open,false,gps,gps,Zebra Mussel,Dreissena polymorpha,Zebra Mussel,Mollusca,116340
209809455,b6b7d981-dabe-493b-991f-d5cb69cf54f3,2024-04-26 14:04:20,2024-04-26,2024-04-26 18:04:20 UTC,America/Nipigon,3063575,trent-massey,Trent Massey,2024-04-26 21:42:55 UTC,2025-01-20 18:06:21 UTC,research,CC-BY-NC,https://www.inaturalist.org/observations/209809455,https://inaturalist-open-data.s3.amazonaws.com/photos/371211203/medium.jpeg,,"",,1,0,false,2,"Jocelyn, ON P0R, Canada",46.071223,-83.9188869722,,,,,,,open,false,gps,gps,Zebra Mussel,Dreissena polymorpha,Zebra Mussel,Mollusca,116340
209875416,17f0ab03-7858-4edd-8a7b-1a8b59a8799e,2024-04-26 16:53:16-05:00,2024-04-26,2024-04-26 21:53:16 UTC,Eastern Time (US & Canada),1661022,sssistergoldenhairrr,Shea Martin,2024-04-27 00:20:47 UTC,2024-04-27 16:32:45 UTC,research,,https://www.inaturalist.org/observations/209875416,https://static.inaturalist.org/photos/371319391/medium.jpg,,"","",1,0,false,3,"Presqu'ile Provincial Park, Brighton, ON, CA",43.9930928549,-77.7156663126,4,,,,4,,open,false,,,Zebra Mussel,Dreissena polymorpha,Zebra Mussel,Mollusca,116340
210277952,0bb9ab2b-8bcf-40ba-820e-b85aa3938d11,2024/04/26 2:53 PM,2024-04-26,2024-04-26 19:53:00 UTC,Central Time (US & Canada),363321,pufferchung,Michelle W. （鍾偉瑋）,2024-04-27 17:10:54 UTC,2024-04-29 17:26:42 UTC,research,CC-BY,https://www.inaturalist.org/observations/210277952,https://inaturalist-open-data.s3.amazonaws.com/photos/371949611/medium.jpeg,,"",,2,0,false,,"Brown County, TX, USA",31.8624888889,-99.0267916667,,,,,,,open,false,,,Zebra Mussel,Dreissena polymorpha,Zebra Mussel,Mollusca,116340
210295460,cbb77bb3-b50d-4192-97a6-39cb2cf360c2,2024-04-27 09:28:52-05:00,2024-04-27,2024-04-27 14:28:52 UTC,Central Time (US & Canada),5685736,emi_kat,Emi Katherine,2024-04-27 17:38:42 UTC,2024-04-27 18:25:45 UTC,research,,https://www.inaturalist.org/observations/210295460,https://static.inaturalist.org/photos/371976991/medium.jpg,,"","",1,0,false,3,"Winona, MN, US",44.0816695,-91.6872783333,4,,,,4,,open,false,,,Zebra Mussel,Dreissena polymorpha,Zebra Mussel,Mollusca,116340
210389333,1755e32f-cfb3-47a0-a8da-565bc390350f,2024-04-26 21:11:16-05:00,2024-04-26,2024-04-27 02:11:16 UTC,Central Time (US & Canada),2286336,billdyethetravisguy,Bill Dye The Travis Guy,2024-04-27 20:11:54 UTC,2024-04-28 04:25:37 UTC,research,,https://www.inaturalist.org/observations/210389333,https://inaturalist-open-data.s3.amazonaws.com/photos/372128820/medium.jpg,,"","",1,0,false,3,"Mississippi River, Winfield, MO, US",39.0483080584,-90.7160393633,186,,,,186,,open,false,,,Zebra Mussel,Dreissena polymorpha,Zebra Mussel,Mollusca,116340
210469668,64edb2a0-45bd-4300-96b8-ae6e2938f5e8,2024-04-27 10:10:14,2024-04-27,2024-04-27 14:10:14 UTC,Eastern Time (US & Canada),1773634,jacksonkusack,Jackson Kusack,2024-04-27 22:32:19 UTC,2024-04-27 22:46:52 UTC,research,CC0,https://www.inaturalist.org/observations/210469668,https://inaturalist-open-data.s3.amazonaws.com/photos/372261319/medium.jpeg,,"",,1,0,false,2,"London, ON N6A 2M9, Canada",43.013235179,-81.2603793293,174,,,,174,,open,false,gps,gps,Zebra Mussel,Dreissena polymorpha,Zebra Mussel,Mollusca,116340
210490960,53f31dff-131d-4b92-a23d-28943ee1f92e,2024-04-27 19:17:31-04:00,2024-04-27,2024-04-27 23:17:31 UTC,Eastern Time (US & Canada),493290,kristinpiston,,2024-04-27 23:17:42 UTC,2024-08-29 20:02:36 UTC,research,CC0,https://www.inaturalist.org/observations/210490960,https://inaturalist-open-data.s3.amazonaws.com/photos/372297640/medium.jpg,,"","",1,0,false,3,"Arbour Glen Cres, London, ON, CA",43.0242680522,-81.2376183231,155,,,,155,,open,false,,,Zebra Mussel,Dreissena polymorpha,Zebra Mussel,Mollusca,116340
210515466,af1431ee-be3f-48d2-9103-4628ebb7948a,2024-04-27 11:57:22,2024-04-27,2024-04-27 15:57:22 UTC,Eastern Time (US & Canada),1772002,thomaseverest,Thomas Everest,2024-04-28 00:13:08 UTC,2025-07-02 00:58:09 UTC,research,CC-BY-NC,https://www.inaturalist.org/observations/210515466,https://inaturalist-open-data.s3.amazonaws.com/photos/372339751/medium.jpeg,,"",,1,0,false,2,"Waterford, NY, USA",42.7759777778,-73.6885611111,,,,,,,open,false,,,Zebra Mussel,Dreissena polymorpha,Zebra Mussel,Mollusca,116340
210525531,f1d0e659-fa92-4e05-9b05-361ea3975776,2024-04-27 10:11:20-04:00,2024-04-27,2024-04-27 14:11:20 UTC,Eastern Time (US & Canada),6471345,duckie397,,2024-04-28 00:35:43 UTC,2024-04-28 01:13:24 UTC,research,CC-BY-NC,https://www.inaturalist.org/observations/210525531,https://inaturalist-open-data.s3.amazonaws.com/photos/372357239/medium.jpg,,"","",1,0,false,3,"North Thames River, London, ON, CA",43.0135484625,-81.2603267804,28,,,,28,,open,false,,,Zebra Mussel,Dreissena polymorpha,Zebra Mussel,Mollusca,116340
210531551,9ae85602-034e-4a11-a599-45a784616788,2024-04-27 19:48:48-05:00,2024-04-27,2024-04-28 00:48:48 UTC,Central Time (US & Canada),2519159,krosok,,2024-04-28 00:49:51 UTC,2024-04-28 01:13:22 UTC,research,CC-BY-NC,https://www.inaturalist.org/observations/210531551,https://inaturalist-open-data.s3.amazonaws.com/photos/372367688/medium.jpg,,"","",1,0,false,3,"83rd St NW, Maple Lake, MN, US",45.2701684837,-94.0587694461,8,,,,8,,open,false,,,Zebra Mussel,Dreissena polymorpha,Zebra Mussel,Mollusca,116340
211169073,c7a1e7d8-e320-4b5f-af65-48a6e45f319e,2024-04-28 12:40:06-05:00,2024-04-28,2024-04-28 17:40:06 UTC,Central Time (US & Canada),2740994,msmebakken,,2024-04-28 22:37:37 UTC,2024-04-29 03:46:39 UTC,research,CC-BY-NC,https://www.inaturalist.org/observations/211169073,https://inaturalist-open-data.s3.amazonaws.com/photos/373383741/medium.jpg,,"","",1,0,false,3,"Minnesota Ave, Duluth, MN, US",46.7079783333,-92.0183555,84,,,,84,,open,false,,,Zebra Mussel,Dreissena polymorpha,Zebra Mussel,Mollusca,116340
211911525,6615df23-9520-4b30-bcac-d6b45cf59ecd,2024-04-29 17:26:38,2024-04-29,2024-04-29 22:26:38 UTC,Central Time (US & Canada),36326,rager001,Amy Rager,2024-04-29 22:29:03 UTC,2024-04-29 22:50:27 UTC,research,CC-BY-NC,https://www.inaturalist.org/observations/211911525,https://inaturalist-open-data.s3.amazonaws.com/photos/374544092/medium.jpeg,,"",,1,0,false,2,"Lac Qui Parle Township, MN, USA",45.03686008,-95.90710536,6,,,,6,,open,false,,,Zebra Mussel,Dreissena polymorpha,Zebra Mussel,Mollusca,116340
213487851,376799f5-37bc-425f-af07-a79505dda120,2024-05-04 14:39:48-04:00,2024-05-04,2024-05-04 18:39:48 UTC,Eastern Time (US & Canada),3739326,waywardwes,waywardwes9,2024-05-04 19:09:53 UTC,2025-09-10 12:43:19 UTC,research,CC0,https://www.inaturalist.org/observations/213487851,https://inaturalist-open-data.s3.amazonaws.com/photos/377293357/medium.jpg,,"","",2,0,false,3,"Fort Boonesborough State Park, Richmond, KY, US",37.896245,-84.262895,4,,,,4,,open,false,,,Zebra Mussel,Dreissena polymorpha,Zebra Mussel,Mollusca,116340
213700447,6a654c08-27ba-4ffa-98c4-c79585d4d9d1,2024-05-05 10:49:16-04:00,2024-05-05,2024-05-05 14:49:16 UTC,America/Detroit,6893661,zazzar,,2024-05-05 14:49:41 UTC,2024-05-06 12:32:47 UTC,research,CC-BY-NC,https://www.inaturalist.org/observations/213700447,https://inaturalist-open-data.s3.amazonaws.com/photos/377680943/medium.jpg,,"","",1,0,false,3,"Tawas Point State Park, East Tawas, MI, US",44.2548739538,-83.4496754409,8,,,,8,,open,false,,,Zebra Mussel,Dreissena polymorpha,Zebra Mussel,Mollusca,116340
213779197,d2972893-5578-4374-8e72-85e38376cf00,Sun May 05 2024 14:32:51 GMT -0500 (GMT-5),2024-05-05,2024-05-05 19:32:51 UTC,Central Time (US & Canada),1521016,curiouswanderer,Sue,2024-05-05 19:33:12 UTC,2025-09-08 03:53:26 UTC,research,CC-BY-NC,https://www.inaturalist.org/observations/213779197,https://inaturalist-open-data.s3.amazonaws.com/photos/377820825/medium.jpeg,,"",,1,0,false,333,Dune Acres,41.6560173035,-87.0843505859,69,,,,69,,open,false,,,Zebra Mussel,Dreissena polymorpha,Zebra Mussel,Mollusca,116340
213858800,35e8ca52-86f7-40b6-98b2-23f624d21033,2024-05-04 13:26:32-04:00,2024-05-04,2024-05-04 17:26:32 UTC,America/Detroit,1829867,thaugen,Taylor,2024-05-06 00:38:24 UTC,2025-02-06 03:22:23 UTC,research,CC-BY-NC,https://www.inaturalist.org/observations/213858800,https://inaturalist-open-data.s3.amazonaws.com/photos/377964556/medium.jpg,,"","",1,0,false,3,"E Avon Rd, Rochester Hills, MI, US",42.6730533333,-83.0961611667,9,,,,9,,open,false,,,Zebra Mussel,Dreissena polymorpha,Zebra Mussel,Mollusca,116340
214228042,bfc1c92f-03c1-4c9b-bc77-7fc90d32376e,2024-05-07 11:51:22-04:00,2024-05-07,2024-05-07 15:51:22 UTC,Eastern Time (US & Canada),616772,nrpeters,Nathan Peters,2024-05-07 17:44:53 UTC,2025-09-15 20:12:50 UTC,research,CC-BY-NC,https://www.inaturalist.org/observations/214228042,https://inaturalist-open-data.s3.amazonaws.com/photos/378638840/medium.jpg,,"","",2,0,false,3,"East Millsboro, PA, US",39.9782043378,-80.0186345098,23,,,,23,,open,false,,,Zebra Mussel,Dreissena polymorpha,Zebra Mussel,Mollusca,116340
214585509,5fcf02d0-e6e0-44e6-8e85-1ba06cd5c4ec,2024-05-09 09:06:19,2024-05-09,2024-05-09 14:06:19 UTC,Central Time (US & Canada),4787965,wilson175,Jim Wilson,2024-05-09 14:07:11 UTC,2024-05-09 16:13:23 UTC,research,CC-BY-NC,https://www.inaturalist.org/observations/214585509,https://inaturalist-open-data.s3.amazonaws.com/photos/379305986/medium.jpeg,,"",,1,0,false,2,"Ninnescah, KS, USA",37.76881915,-97.82597464,3,,,,3,,open,false,,,Zebra Mussel,Dreissena polymorpha,Zebra Mussel,Mollusca,116340
214705816,ec59e8db-4760-4b23-b7d5-048ed0dd7dc6,2024-05-09 20:21:34-04:00,2024-05-09,2024-05-10 00:21:34 UTC,America/Nipigon,6539239,jonpleizier,Jon Pleizier,2024-05-10 01:28:57 UTC,2024-05-10 03:51:05 UTC,research,CC-BY-NC,https://www.inaturalist.org/observations/214705816,https://inaturalist-open-data.s3.amazonaws.com/photos/379530444/medium.jpg,,"","",1,0,false,3,"Lake Erie, Chatham-Kent, ON, CA",42.295025,-81.84092,8,,,,8,,open,false,,,Zebra Mussel,Dreissena polymorpha,Zebra Mussel,Mollusca,116340
214848906,395f0fc0-6167-4aa7-a391-28eda1497997,2024/05/04 5:03 PM,2024-05-04,2024-05-04 22:03:00 UTC,Central Time (US & Canada),8042846,ilovemygirlfriendraesomuch,,2024-05-10 19:26:35 UTC,2024-05-11 02:25:03 UTC,research,CC-BY-NC,https://www.inaturalist.org/observations/214848906,https://inaturalist-open-data.s3.amazonaws.com/photos/379794820/medium.jpg,,"",,1,0,false,,"St Louis County, MN, USA",47.436496901,-92.4710988506,15625,,,,15625,,open,false,,,Zebra Mussel,Dreissena polymorpha,Zebra Mussel,Mollusca,116340
215008910,a7d6b247-54a5-401e-b963-a878fd0baddb,2024-05-11 09:53:22-05:00,2024-05-11,2024-05-11 14:53:22 UTC,Central Time (US & Canada),29712,tobler,Michael Tobler,2024-05-11 14:53:49 UTC,2024-05-11 22:22:15 UTC,research,CC-BY-NC-ND,https://www.inaturalist.org/observations/215008910,https://static.inaturalist.org/photos/380095101/medium.jpg,,MT24-16,"",1,0,false,3,"West Alton, MO, US",38.8777116667,-90.1813583333,4,,,,4,,open,false,,"",Zebra Mussel,Dreissena polymorpha,Zebra Mussel,Mollusca,116340
215131630,4f525d6e-9823-4841-ac4f-460fec2d7e89,2024-05-11 13:56:39,2024-05-11,2024-05-11 17:56:39 UTC,Eastern Time (US & Canada),7703753,jjc-dtm,Jason,2024-05-11 23:49:20 UTC,2024-05-12 03:45:04 UTC,research,CC-BY-NC,https://www.inaturalist.org/observations/215131630,https://inaturalist-open-data.s3.amazonaws.com/photos/380325286/medium.jpeg,,"",,1,0,false,2,"Simcoe, CA-ON, CA",44.7461737599,-79.8566316627,6,,,,6,,open,false,,,Zebra Mussel,Dreissena polymorpha,Zebra Mussel,Mollusca,116340
215432742,1c455aec-d047-4e0c-85d2-6215f0707929,2024-05-12 17:58:11,2024-05-12,2024-05-12 21:58:11 UTC,Eastern Time (US & Canada),2147814,scott587,Scott Chiu,2024-05-13 04:44:10 UTC,2024-05-13 14:17:28 UTC,research,,https://www.inaturalist.org/observations/215432742,https://static.inaturalist.org/photos/380882262/medium.jpeg,,"",,2,0,false,2,"Greenbelt, Ottawa, ON, Canada",45.2500724,-75.7014513997,,,,,,,open,false,gps,gps,Zebra Mussel,Dreissena polymorpha,Zebra Mussel,Mollusca,116340
215563591,7a78769a-7451-4d4f-9920-d09fab83506b,2024-05-13 11:49:32-04:00,2024-05-13,2024-05-13 15:49:32 UTC,Eastern Time (US & Canada),398213,ocean_beach_goth,LJ Moore-McClelland,2024-05-13 19:51:15 UTC,2024-05-14 18:16:40 UTC,research,CC-BY,https://www.inaturalist.org/observations/215563591,https://inaturalist-open-data.s3.amazonaws.com/photos/381130425/medium.jpg,,"","",2,0,false,3,"Allan H. Treman State Marine Park, Ithaca, NY, US",42.4616883333,-76.5156116667,4,,,,4,,open,false,,,Zebra Mussel,Dreissena polymorpha,Zebra Mussel,Mollusca,116340
215632149,6875bab8-72d9-474f-a680-ea0dcc54d3ef,2024-05-11 15:06:52-04:00,2024-05-11,2024-05-11 19:06:52 UTC,Eastern Time (US & Canada),7501138,jporter10,,2024-05-14 02:40:42 UTC,2024-05-14 18:16:52 UTC,research,CC-BY-NC,https://www.inaturalist.org/observations/215632149,https://inaturalist-open-data.s3.amazonaws.com/photos/381260683/medium.jpg,,"",I found this a a lake on a rock. There were many of these in the area. ,2,0,false,3,"Hinckley Lake, Hinckley, OH, US",41.2228733077,-81.7159987005,525,,,,525,,open,false,,,Zebra Mussel,Dreissena polymorpha,Zebra Mussel,Mollusca,116340
215942146,ad6d9b2b-dce3-465c-929d-e02fe0deeb63,2024-05-15 13:02:00,2024-05-15,2024-05-15 17:02:00 UTC,Eastern Time (US & Canada),7001197,jmpgh,Jenifer,2024-05-15 17:02:33 UTC,2024-05-15 18:12:09 UTC,research,CC-BY-NC,https://www.inaturalist.org/observations/215942146,https://inaturalist-open-data.s3.amazonaws.com/photos/381844765/medium.jpeg,,"",,1,0,false,2,"Allegheny-West, PA 15212, USA",40.44535185,-80.019191,7,,,,7,,open,false,,,Zebra Mussel,Dreissena polymorpha,Zebra Mussel,Mollusca,116340
216307154,abd8c51e-56cb-4f78-8e87-8fbc50e09062,2024-05-17 07:53:56-05:00,2024-05-17,2024-05-17 12:53:56 UTC,Central Time (US & Canada),913572,mahpin,"",2024-05-17 14:05:03 UTC,2024-05-17 19:29:30 UTC,research,CC-BY-NC,https://www.inaturalist.org/observations/216307154,https://inaturalist-open-data.s3.amazonaws.com/photos/382539510/medium.jpg,,"","",1,0,false,3,"Detroit Lakes, MN, US",46.7145916667,-95.9911883333,7,,,,7,,open,false,,,Zebra Mussel,Dreissena polymorpha,Zebra Mussel,Mollusca,116340
216345703,3ee8d641-2718-4d9f-aeac-c51ba49ba96c,2024-05-17 12:28:03-05:00,2024-05-17,2024-05-17 17:28:03 UTC,Central Time (US & Canada),913572,mahpin,"",2024-05-17 17:29:38 UTC,2024-05-17 19:29:26 UTC,research,CC-BY-NC,https://www.inaturalist.org/observations/216345703,https://inaturalist-open-data.s3.amazonaws.com/photos/382607998/medium.jpg,,"","",1,0,false,3,"Detroit Lakes, MN, US",46.7145633333,-95.9911416667,3,,,,3,,open,false,,,Zebra Mussel,Dreissena polymorpha,Zebra Mussel,Mollusca,116340
216519310,cdee41f2-924d-4ba4-8431-197dae05f44a,2024-05-18 08:34:33,2024-05-18,2024-05-18 13:34:33 UTC,Central Time (US & Canada),3417926,revfluegel,Scott Fluegel,2024-05-18 13:35:45 UTC,2024-05-18 14:58:42 UTC,research,CC-BY-NC,https://www.inaturalist.org/observations/216519310,https://inaturalist-open-data.s3.amazonaws.com/photos/382937032/medium.jpeg,,"",,1,0,false,2,"Dunn Township, MN, USA",46.7145486269,-95.9909929525,6,,,,6,,open,false,,,Zebra Mussel,Dreissena polymorpha,Zebra Mussel,Mollusca,116340
216666532,883ddbb6-8c8d-4d8c-8e2b-bc713261235d,2024/05/18 11:39 AM,2024-05-18,2024-05-18 16:39:00 UTC,Central Time (US & Canada),3246589,diana768,Diana K,2024-05-19 00:08:23 UTC,2024-05-19 11:47:54 UTC,research,CC-BY-NC,https://www.inaturalist.org/observations/216666532,https://inaturalist-open-data.s3.amazonaws.com/photos/383202262/medium.jpeg,,"","Shells ~2"" long found on shore - along with Zebra mussels - attached to a larger clam shell in photo 2.",1,0,false,,"Park Point, Duluth, MN 55802, USA",46.7160032424,-92.0359896044,244,,,,244,,open,false,,,Zebra Mussel,Dreissena polymorpha,Zebra Mussel,Mollusca,116340
216672438,4a709814-c495-4b5b-a53f-4f6d59ed6960,2024/05/18 12:59 PM,2024-05-18,2024-05-18 16:59:00 UTC,Eastern Time (US & Canada),3315401,emmadenomme,Emma Denomme,2024-05-19 00:45:40 UTC,2024-05-19 02:12:58 UTC,research,,https://www.inaturalist.org/observations/216672438,https://static.inaturalist.org/photos/383216745/medium.jpg,,"",,1,0,false,,"Orillia, ON, Canada",44.6203262608,-79.4127679723,61,,,,61,,open,false,,,Zebra Mussel,Dreissena polymorpha,Zebra Mussel,Mollusca,116340
216683794,13a4b0e6-02ac-41fb-8134-0cae3ba3554e,2024-05-18 16:22:25-04:00,2024-05-18,2024-05-18 20:22:25 UTC,Eastern Time (US & Canada),5284621,mike_mosser,Mike Mosser,2024-05-19 01:59:24 UTC,2024-05-19 02:12:55 UTC,research,CC-BY-NC,https://www.inaturalist.org/observations/216683794,https://inaturalist-open-data.s3.amazonaws.com/photos/383239797/medium.jpg,,"","",2,0,false,3,"S Rocky River Dr, Berea, OH, US",41.362575,-81.85388,8,,,,8,,open,false,,,Zebra Mussel,Dreissena polymorpha,Zebra Mussel,Mollusca,116340
216696196,40a72ab4-c882-4139-870c-60687c26a6eb,2024/05/18 11:44 AM,2024-05-18,2024-05-18 15:44:00 UTC,Eastern Time (US & Canada),4985013,mhincz,Michael and Antoni Hinczewski,2024-05-19 03:23:56 UTC,2024-05-19 13:37:40 UTC,research,CC-BY,https://www.inaturalist.org/observations/216696196,https://inaturalist-open-data.s3.amazonaws.com/photos/383263818/medium.jpg,,"",,2,0,false,,"Lucas County, OH, USA",41.6284416667,-83.1875805556,,,,,,,open,false,,,Zebra Mussel,Dreissena polymorpha,Zebra Mussel,Mollusca,116340
216903019,6d00873d-a5f2-4665-9d03-db93a2239979,2024-05-19 13:54:07,2024-05-19,2024-05-19 17:54:07 UTC,Eastern Time (US & Canada),7145943,heartofoak,Amanda,2024-05-19 21:07:14 UTC,2024-05-20 00:00:05 UTC,research,,https://www.inaturalist.org/observations/216903019,https://static.inaturalist.org/photos/383647360/medium.jpeg,,"",,1,0,false,2,"Ottawa, ON K1V 1H2, Canada",45.3143898155,-75.6962792203,175,,,,175,,open,false,gps,gps,Zebra Mussel,Dreissena polymorpha,Zebra Mussel,Mollusca,116340
216922873,c1c3bbfc-aeee-4b21-af91-58543ac41921,2024-05-19 15:13:07,2024-05-19,2024-05-19 19:13:07 UTC,America/Nipigon,1802180,turtlehelper,Jazz (aka turtlehelper),2024-05-19 22:31:19 UTC,2024-12-18 01:00:39 UTC,research,CC-BY-NC,https://www.inaturalist.org/observations/216922873,https://inaturalist-open-data.s3.amazonaws.com/photos/383684104/medium.jpeg,,"",,1,0,false,2,"Muskoka District Municipality, ON, Canada",44.8714384997,-79.8483642,,,,,,,open,false,gps,gps,Zebra Mussel,Dreissena polymorpha,Zebra Mussel,Mollusca,116340
216979014,df773788-3c8c-43da-adb1-d7d7cb5195db,2024/05/19 12:03 PM,2024-05-19,2024-05-19 16:03:00 UTC,Eastern Time (US & Canada),517807,kemper,Yann Kemper,2024-05-20 03:43:07 UTC,2024-05-20 04:17:23 UTC,research,CC0,https://www.inaturalist.org/observations/216979014,https://inaturalist-open-data.s3.amazonaws.com/photos/383793319/medium.jpeg,,"","",1,0,false,,"Erie County, OH, USA",41.41945,-82.6021616667,,,,,,,open,false,,,Zebra Mussel,Dreissena polymorpha,Zebra Mussel,Mollusca,116340
217061390,92346c46-9664-4173-964a-ddc615070ccf,2024/05/20 10:28 AM,2024-05-20,2024-05-20 14:28:00 UTC,Eastern Time (US & Canada),1629755,clancys_crew_west,Caitlin Clever,2024-05-20 14:29:53 UTC,2024-05-20 18:23:36 UTC,research,CC-BY-NC,https://www.inaturalist.org/observations/217061390,https://inaturalist-open-data.s3.amazonaws.com/photos/383950925/medium.jpg,,"","Unsure if it is zebra mussels, as I've never seen them before.  They were under a piece of driftwood, and when I turned it over, they squirted out water in small streams.",1,0,false,,"Freeport, PA 16229, USA",40.6713829336,-79.6852638265,160,,,,160,,open,false,,,Zebra Mussel,Dreissena polymorpha,Zebra Mussel,Mollusca,116340
217098375,8f5cf998-6b96-492c-8ea0-d12b9df74f9e,2024-05-20 13:08:16-04:00,2024-05-20,2024-05-20 17:08:16 UTC,Eastern Time (US & Canada),2403690,metpee,,2024-05-20 17:09:46 UTC,2024-05-22 13:35:14 UTC,research,CC-BY-NC,https://www.inaturalist.org/observations/217098375,https://inaturalist-open-data.s3.amazonaws.com/photos/384019126/medium.jpg,,"","",1,0,false,3,"Île d'Orléans, St-François-de-l'Île-d'Orléans, QC, CA",47.0153970395,-70.7999046356,8,,,,8,,open,false,,,Moule zébrée,Dreissena polymorpha,Zebra Mussel,Mollusca,116340
217118893,c8a5b994-5c63-4658-b439-546d0899a024,2024-05-19 16:38:24-04:00,2024-05-19,2024-05-19 20:38:24 UTC,Eastern Time (US & Canada),443220,mwest,Misti West,2024-05-20 18:34:55 UTC,2024-05-20 22:02:50 UTC,research,CC-BY-NC,https://www.inaturalist.org/observations/217118893,https://inaturalist-open-data.s3.amazonaws.com/photos/384056743/medium.jpg,,"","",1,0,false,3,"Fourteen Mile Island, Oakmont, PA, US",40.5377383333,-79.8178783333,4,,,,4,,open,false,,,Zebra Mussel,Dreissena polymorpha,Zebra Mussel,Mollusca,116340
217119071,d5001f12-60ba-4642-9101-739251636803,2024-05-19 16:37:55-04:00,2024-05-19,2024-05-19 20:37:55 UTC,Eastern Time (US & Canada),443220,mwest,Misti West,2024-05-20 18:35:43 UTC,2025-03-08 23:46:20 UTC,research,CC-BY-NC,https://www.inaturalist.org/observations/217119071,https://inaturalist-open-data.s3.amazonaws.com/photos/384057087/medium.jpg,,"","",1,0,false,3,"Fourteen Mile Island, Oakmont, PA, US",40.5377783333,-79.817895,4,,,,4,,open,false,,,Zebra Mussel,Dreissena polymorpha,Zebra Mussel,Mollusca,116340
217190145,56554f9f-cad4-4994-b5d3-121b5c65efff,2024-05-19 16:09:43-04:00,2024-05-19,2024-05-19 20:09:43 UTC,Eastern Time (US & Canada),443220,mwest,Misti West,2024-05-21 00:34:42 UTC,2024-05-21 04:12:45 UTC,research,CC-BY-NC,https://www.inaturalist.org/observations/217190145,https://inaturalist-open-data.s3.amazonaws.com/photos/384193294/medium.jpg,,"","",1,0,false,3,"Fourteen Mile Island, Cheswick, PA, US",40.5381883333,-79.818795,4,,,,4,,open,false,,,Zebra Mussel,Dreissena polymorpha,Zebra Mussel,Mollusca,116340
217524281,49f6105d-3853-4b3a-babc-bd3582dd0dad,2024-05-22 11:57:18-05:00,2024-05-22,2024-05-22 16:57:18 UTC,Central Time (US & Canada),7215904,boppinbiologistage22,,2024-05-22 16:58:09 UTC,2025-09-15 20:13:04 UTC,research,CC-BY-NC,https://www.inaturalist.org/observations/217524281,https://inaturalist-open-data.s3.amazonaws.com/photos/384824958/medium.jpg,,"",Attached to a large floater clam,2,0,false,3,"Oliver Ave, Aurora, IL, US",41.7427314008,-88.3296091747,8,,,,8,,open,false,,,Zebra Mussel,Dreissena polymorpha,Zebra Mussel,Mollusca,116340
217573842,f19343ef-168b-487a-90ce-c00e989e8514,2024-05-22 09:01:49-04:00,2024-05-22,2024-05-22 13:01:49 UTC,America/Detroit,1637969,ovanantw,Owen VanAntwerpen,2024-05-22 21:19:14 UTC,2024-05-28 17:04:48 UTC,research,CC-BY-SA,https://www.inaturalist.org/observations/217573842,https://inaturalist-open-data.s3.amazonaws.com/photos/384916048/medium.jpg,,"","",2,0,false,3,"Lake Michigan, Ferrysburg, MI, US",43.0820411825,-86.2542103884,4,,,,4,,open,false,,,Zebra Mussel,Dreissena polymorpha,Zebra Mussel,Mollusca,116340
217789585,95b6e93e-c662-447a-ba18-a90865739c19,2024/05/19 7:33 AM,2024-05-19,2024-05-19 11:33:00 UTC,America/Nipigon,3306247,marlene-d,Marlene Duhig,2024-05-23 23:09:16 UTC,2024-05-25 16:38:21 UTC,research,CC-BY-NC,https://www.inaturalist.org/observations/217789585,https://inaturalist-open-data.s3.amazonaws.com/photos/385323219/medium.jpg,,"",,1,0,false,,"Kawartha Lakes, ON, Canada",44.5130120774,-78.714514536,566,,,,566,,open,false,,,Zebra Mussel,Dreissena polymorpha,Zebra Mussel,Mollusca,116340
217792644,2e31331d-2f8e-4917-ab0d-6e5bed2bb367,2024-05-23 18:55:25,2024-05-23,2024-05-23 22:55:25 UTC,Eastern Time (US & Canada),300627,joseph92,Joe Girgente,2024-05-23 23:28:43 UTC,2024-05-24 18:47:43 UTC,research,CC-BY,https://www.inaturalist.org/observations/217792644,https://inaturalist-open-data.s3.amazonaws.com/photos/385330076/medium.jpeg,,"",,1,0,false,2,"Vermilion Township, OH, USA",41.4170068,-82.3883778,,,,,,,open,false,gps,gps,Zebra Mussel,Dreissena polymorpha,Zebra Mussel,Mollusca,116340
217792980,56ae610a-179d-48b2-8718-4b021c195981,2024-05-23 18:55:25,2024-05-23,2024-05-23 22:55:25 UTC,Eastern Time (US & Canada),1489409,hannahwojo,Hannah Girgente,2024-05-23 23:31:01 UTC,2024-05-24 18:47:44 UTC,research,CC-BY-NC,https://www.inaturalist.org/observations/217792980,https://inaturalist-open-data.s3.amazonaws.com/photos/385330780/medium.jpeg,,"",,1,0,false,2,"Vermilion Township, OH, USA",41.4170196997,-82.3883991997,,,,,,,open,false,gps,gps,Zebra Mussel,Dreissena polymorpha,Zebra Mussel,Mollusca,116340
217794645,25506e8e-4aaa-497f-86dd-e0f29a43f0a8,2024-05-23 19:40:30-04:00,2024-05-23,2024-05-23 23:40:30 UTC,America/Detroit,8182987,socha22m,,2024-05-23 23:40:42 UTC,2024-05-24 18:47:38 UTC,research,CC-BY-NC,https://www.inaturalist.org/observations/217794645,https://inaturalist-open-data.s3.amazonaws.com/photos/385333845/medium.jpg,,"","",1,0,false,3,"South Fishtail Bay, Pellston, MI, US",45.5605303869,-84.6764984821,3,,,,3,,open,false,,,Zebra Mussel,Dreissena polymorpha,Zebra Mussel,Mollusca,116340
217826864,fd146d71-7853-4d3a-99bc-4320de5fe082,2024-05-18 17:56:58,2024-05-18,2024-05-18 22:56:58 UTC,Central Time (US & Canada),3090388,latjor_wal,Latjor Wal,2024-05-24 03:40:45 UTC,2024-05-24 18:47:33 UTC,research,CC-BY-NC,https://www.inaturalist.org/observations/217826864,https://inaturalist-open-data.s3.amazonaws.com/photos/385397236/medium.jpeg,,"",,1,0,false,2,"Edmond, OK 73013, USA",35.626471,-97.386317,,,,,,,open,false,gps,gps,Zebra Mussel,Dreissena polymorpha,Zebra Mussel,Mollusca,116340
218175064,5312a174-9042-428b-bbb9-164be0da6660,2024-05-25 14:31:02-04:00,2024-05-25,2024-05-25 18:31:02 UTC,America/Detroit,8183395,emma67089,Emma Thomson,2024-05-25 18:34:38 UTC,2024-06-24 23:11:48 UTC,research,,https://www.inaturalist.org/observations/218175064,https://static.inaturalist.org/photos/386043616/medium.jpg,,"","",2,0,false,3,"Cheboygan County, US-MI, US",45.5851273364,-84.6633376368,143,,,,143,,open,false,,,Zebra Mussel,Dreissena polymorpha,Zebra Mussel,Mollusca,116340
218175360,fa435a69-653f-47f4-bd33-02be941b1d96,2024-05-25 14:31:32-04:00,2024-05-25,2024-05-25 18:31:32 UTC,America/Detroit,8183395,emma67089,Emma Thomson,2024-05-25 18:35:48 UTC,2025-09-15 20:13:13 UTC,research,,https://www.inaturalist.org/observations/218175360,https://static.inaturalist.org/photos/386043758/medium.jpg,,"","",2,0,false,3,"Cheboygan County, US-MI, US",45.585134025,-84.663331299,12,,,,12,,open,false,,,Zebra Mussel,Dreissena polymorpha,Zebra Mussel,Mollusca,116340
218177914,9895c1c7-2624-4461-a8a2-8fdd0b03ca99,2024-05-25 14:36:44-04:00,2024-05-25,2024-05-25 18:36:44 UTC,America/Detroit,8183395,emma67089,Emma Thomson,2024-05-25 18:45:56 UTC,2024-05-25 19:49:16 UTC,research,,https://www.inaturalist.org/observations/218177914,https://static.inaturalist.org/photos/386049003/medium.jpg,,"","",1,0,false,3,"North Fishtail Bay, Levering, MI, US",45.585285106,-84.6631281435,9,,,,9,,open,false,,,Zebra Mussel,Dreissena polymorpha,Zebra Mussel,Mollusca,116340
218433578,d07ce0fb-deff-4571-9e4b-30fa2331999b,2024-05-26 13:55:58-04:00,2024-05-26,2024-05-26 17:55:58 UTC,America/Nipigon,7235066,elliegro,,2024-05-26 17:56:18 UTC,2025-09-15 23:00:51 UTC,research,CC-BY-NC,https://www.inaturalist.org/observations/218433578,https://inaturalist-open-data.s3.amazonaws.com/photos/520975983/medium.jpg,,"","",2,0,false,3,"Carleton Place, ON, CA",45.1356388333,-76.1494971667,3,,,,3,,open,false,,,Zebra Mussel,Dreissena polymorpha,Zebra Mussel,Mollusca,116340
218561562,767d8e04-ceb4-4e8c-88bd-d1150b18478f,2024-05-26 19:48:39,2024-05-26,2024-05-27 00:48:39 UTC,Central Time (US & Canada),6413499,bucketofseaweed,Landon Marshall,2024-05-27 03:57:29 UTC,2024-05-27 04:06:28 UTC,research,CC-BY-NC,https://www.inaturalist.org/observations/218561562,https://inaturalist-open-data.s3.amazonaws.com/photos/386768133/medium.jpeg,,"",,1,0,false,2,"G9Q2+P6, Dubuque, IA 52001, USA",42.5217507247,-90.6471077353,1174,,,,1174,,open,false,gps,gps,Zebra Mussel,Dreissena polymorpha,Zebra Mussel,Mollusca,116340
218649497,c1358108-1b34-4c5b-968c-0fa4cad5cc27,2024-05-27 10:34:55-04:00,2024-05-27,2024-05-27 14:34:55 UTC,Eastern Time (US & Canada),4717064,ethan_58,,2024-05-27 14:51:27 UTC,2024-05-28 19:13:02 UTC,research,CC-BY-NC,https://www.inaturalist.org/observations/218649497,https://inaturalist-open-data.s3.amazonaws.com/photos/386933153/medium.jpg,,"","",1,0,false,3,"Perry Cove, OH, US",41.553245,-82.8834383333,53,,,,53,,open,false,,,Zebra Mussel,Dreissena polymorpha,Zebra Mussel,Mollusca,116340
218800574,0c9d88e3-e43b-4bf2-99da-3f2c03ee8ccc,2024-05-06 09:29:05,2024-05-06,2024-05-06 13:29:05 UTC,America/Detroit,3547558,bluebellprince,Skyler Principe,2024-05-28 01:46:03 UTC,2024-05-28 13:35:44 UTC,research,CC-BY,https://www.inaturalist.org/observations/218800574,https://inaturalist-open-data.s3.amazonaws.com/photos/387217563/medium.jpeg,,"",,1,0,false,2,"Lakeside Beach, Port Huron, MI, USA",43.0210506371,-82.4299143255,199,,,,199,,open,false,gps,gps,Zebra Mussel,Dreissena polymorpha,Zebra Mussel,Mollusca,116340
218805380,fffa8645-a11b-47db-9cb9-8137dabed3d9,2024-05-27 16:05:47-04:00,2024-05-27,2024-05-27 20:05:47 UTC,Eastern Time (US & Canada),5779973,michael_zambardino,,2024-05-28 02:13:35 UTC,2024-05-28 23:49:31 UTC,research,CC-BY-NC,https://www.inaturalist.org/observations/218805380,https://inaturalist-open-data.s3.amazonaws.com/photos/387226951/medium.jpg,,"","",1,0,false,3,"Presque Isle Bay, PA, US",42.1488303074,-80.1083781221,367,,,,367,,open,false,,,Zebra Mussel,Dreissena polymorpha,Zebra Mussel,Mollusca,116340
218965245,5868b6a8-2a51-46c0-b815-b8e61d76a96b,2024-05-28 14:56:20,2024-05-28,2024-05-28 19:56:20 UTC,Central Time (US & Canada),3496146,josiepayne,Josie Payne,2024-05-28 19:58:19 UTC,2024-05-29 01:25:57 UTC,research,,https://www.inaturalist.org/observations/218965245,https://static.inaturalist.org/photos/387518136/medium.jpeg,,"",,2,0,false,2,"Peoria, IL 61602, USA",40.6819344752,-89.5965220034,44,,,,44,,open,false,gps,gps,Zebra Mussel,Dreissena polymorpha,Zebra Mussel,Mollusca,116340
219172665,3ba64267-851b-4778-98db-6eabb20e59ad,2024-05-29 13:09:36,2024-05-29,2024-05-29 17:09:36 UTC,Eastern Time (US & Canada),3931974,sekushi0range,sekushi0range,2024-05-29 19:18:55 UTC,2024-05-30 01:54:30 UTC,research,,https://www.inaturalist.org/observations/219172665,https://static.inaturalist.org/photos/387909343/medium.jpeg,,"",,1,0,false,2,"Fenner, NY, USA",42.9798158997,-75.8421258997,,,,,,,open,false,gps,gps,Zebra Mussel,Dreissena polymorpha,Zebra Mussel,Mollusca,116340
219212408,c4e7204f-22f7-45b0-bc85-42198f76f9a9,2024-05-29 15:40:15,2024-05-29,2024-05-29 19:40:15 UTC,Eastern Time (US & Canada),7145377,camgb,ellimac444,2024-05-29 22:53:44 UTC,2024-05-30 23:09:19 UTC,research,,https://www.inaturalist.org/observations/219212408,https://static.inaturalist.org/photos/387984577/medium.jpeg,,"",,2,0,false,2,"de la Trinité/ chemin Blanchette, Sherbrooke, QC J1N 3A9, Canada",45.3346638889,-72.020775,,,,,,,open,false,gps,gps,Moule zébrée,Dreissena polymorpha,Zebra Mussel,Mollusca,116340
219422100,1bdf681a-f8d2-45f1-84f2-54b5be1c1300,2024/05/17 5:20 PM,2024-05-17,2024-05-17 21:20:00 UTC,America/Nipigon,5082468,that_bug_guy,KF,2024-05-30 22:36:12 UTC,2025-09-05 18:19:05 UTC,research,CC-BY-NC,https://www.inaturalist.org/observations/219422100,https://inaturalist-open-data.s3.amazonaws.com/photos/388372605/medium.jpg,,"",,2,0,false,,"Wasaga Beach, ON, Canada",44.4823020923,-80.0731180398,15,,,,15,,open,false,,,Zebra Mussel,Dreissena polymorpha,Zebra Mussel,Mollusca,116340
219586159,69c519c2-3434-4f82-91c8-76b7f9629fa3,2024/05/19 1:47 PM,2024-05-19,2024-05-19 17:47:00 UTC,America/Nipigon,5082468,that_bug_guy,KF,2024-05-31 18:58:41 UTC,2025-09-05 18:19:12 UTC,research,CC-BY-NC,https://www.inaturalist.org/observations/219586159,https://inaturalist-open-data.s3.amazonaws.com/photos/388675071/medium.jpg,,"","",2,0,false,,"Wasaga Beach, ON, Canada",44.4776654711,-80.0819607097,59,,,,59,,open,false,,,Zebra Mussel,Dreissena polymorpha,Zebra Mussel,Mollusca,116340
219618988,70138b29-7b9d-41fe-965d-71ff3ff76131,2024-05-31 16:58:24,2024-05-31,2024-05-31 21:58:24 UTC,Central Time (US & Canada),7898227,shannonadventure,Shannon T.,2024-05-31 21:58:53 UTC,2024-06-01 05:15:51 UTC,research,CC-BY-NC,https://www.inaturalist.org/observations/219618988,https://inaturalist-open-data.s3.amazonaws.com/photos/388744681/medium.jpeg,,"",,1,0,false,2,"Canyon Lake, TX, USA",29.8628983333,-98.199185,7,,,,7,,open,false,,,Zebra Mussel,Dreissena polymorpha,Zebra Mussel,Mollusca,116340
219741631,54ab5fff-47a8-4bc7-8ebf-51747e854965,2024-06-01 10:04:14,2024-06-01,2024-06-01 14:04:14 UTC,America/Kentucky/Louisville,7570815,cheems_loaf,Seth,2024-06-01 14:05:48 UTC,2024-06-01 14:41:32 UTC,research,,https://www.inaturalist.org/observations/219741631,https://static.inaturalist.org/photos/388977461/medium.jpeg,,"",,1,0,false,2,"Jefferson County, US-KY, US",38.2682761154,-85.7246862352,21,,,,21,,open,false,gps,gps,Zebra Mussel,Dreissena polymorpha,Zebra Mussel,Mollusca,116340
219843429,fa6395d8-edf3-4aa4-a3fd-07e4479822f4,2024-06-01 13:24:30,2024-06-01,2024-06-01 17:24:30 UTC,Eastern Time (US & Canada),7994532,damage27,,2024-06-01 21:20:48 UTC,2024-06-02 11:20:57 UTC,research,CC-BY-NC,https://www.inaturalist.org/observations/219843429,https://inaturalist-open-data.s3.amazonaws.com/photos/389162100/medium.jpeg,,"",,2,0,false,2,"Milton, VT 05468, USA",44.6276321176,-73.2408228144,300,,,,300,,open,false,gps,gps,Zebra Mussel,Dreissena polymorpha,Zebra Mussel,Mollusca,116340
219890063,aa5f20aa-8a4b-49cd-93fb-055da5690d5c,2024-05-18 10:17:31-04:00,2024-05-18,2024-05-18 14:17:31 UTC,America/Detroit,5220788,shmavin,,2024-06-02 01:19:16 UTC,2024-06-02 12:38:37 UTC,research,CC-BY-NC,https://www.inaturalist.org/observations/219890063,https://inaturalist-open-data.s3.amazonaws.com/photos/389251141/medium.jpg,,"","",3,0,false,3,"Detroit River, Detroit, MI, US",42.3554583333,-82.93158,11,,,,11,,open,false,,,Zebra Mussel,Dreissena polymorpha,Zebra Mussel,Mollusca,116340
219900075,485c02df-bd39-4e61-b0e6-4d2a397b5443,2024-05-30 19:39:44-04:00,2024-05-30,2024-05-30 23:39:44 UTC,Eastern Time (US & Canada),4976295,flanglois,,2024-06-02 02:18:23 UTC,2024-06-04 03:14:54 UTC,research,CC-BY-NC,https://www.inaturalist.org/observations/219900075,https://inaturalist-open-data.s3.amazonaws.com/photos/389269991/medium.jpg,,"","",2,0,false,3,"Lac Magog, Sherbrooke, QC, CA",45.3349172145,-72.0254162335,8,,,,8,,open,false,,,Moule zébrée,Dreissena polymorpha,Zebra Mussel,Mollusca,116340
219913464,45be8204-47ba-4bbe-9233-33ae66eea299,2024/06/01 6:50 PM,2024-06-01,2024-06-01 22:50:00 UTC,America/Nipigon,445687,brendavr,Brenda Van Ryswyk,2024-06-02 03:43:16 UTC,2024-06-02 17:42:36 UTC,research,CC-BY,https://www.inaturalist.org/observations/219913464,https://inaturalist-open-data.s3.amazonaws.com/photos/389297874/medium.jpg,,"",,3,0,false,,"Haldimand County, ON, Canada",42.8108279444,-79.9603,6,,,,6,,open,false,,,Zebra Mussel,Dreissena polymorpha,Zebra Mussel,Mollusca,116340
220134469,9fc5c8ae-d3a1-4d50-9c7c-36838da55d92,Sun Jun 02 2024 19:40:57 GMT -0400 (EDT),2024-06-02,2024-06-02 23:40:57 UTC,Eastern Time (US & Canada),325943,thatliamguy,L. W.,2024-06-02 23:41:09 UTC,2024-06-15 16:27:28 UTC,research,,https://www.inaturalist.org/observations/220134469,https://static.inaturalist.org/photos/394866843/medium.jpeg,,"",,2,0,false,333,Columbus,40.0770339966,-83.0341110229,4,,,,4,,open,false,,,Zebra Mussel,Dreissena polymorpha,Zebra Mussel,Mollusca,116340
220147315,78b2e6af-9389-4af5-9886-35228a3717eb,2024-06-02 13:25:37,2024-06-02,2024-06-02 17:25:37 UTC,Eastern Time (US & Canada),3251661,bunnymom20,"",2024-06-03 00:49:03 UTC,2024-06-03 20:43:53 UTC,research,CC0,https://www.inaturalist.org/observations/220147315,https://inaturalist-open-data.s3.amazonaws.com/photos/389735936/medium.jpeg,,"",,1,0,false,2,"Painesville, OH 44077, USA",41.7886159722,-81.178466,,,,,,,open,false,gps,gps,Zebra Mussel,Dreissena polymorpha,Zebra Mussel,Mollusca,116340
220152282,b456f98c-82a3-4b8d-a080-ec8fc0d823bd,Sun Jun 02 2024 16:07:10 GMT -0400 (EDT),2024-06-02,2024-06-02 20:07:10 UTC,America/Detroit,7237463,aprileenab,April Brood PPS,2024-06-03 01:17:46 UTC,2024-06-03 02:54:22 UTC,research,,https://www.inaturalist.org/observations/220152282,https://static.inaturalist.org/photos/389745216/medium.jpeg,,"",,1,0,false,333,Alanson,45.3929367065,-84.7422485352,,,,,,,open,false,,,Zebra Mussel,Dreissena polymorpha,Zebra Mussel,Mollusca,116340
220255995,fb56fd01-41a6-4a51-a1b5-0ca557ad3032,2024-05-26 11:49:33-04:00,2024-05-26,2024-05-26 15:49:33 UTC,America/Detroit,5978805,mint2022,,2024-06-03 14:46:17 UTC,2024-06-03 23:56:02 UTC,research,CC-BY-NC,https://www.inaturalist.org/observations/220255995,https://inaturalist-open-data.s3.amazonaws.com/photos/389943114/medium.jpg,,"","",1,0,false,3,"Clinton River Heritage Park, Utica, MI, US",42.6214189856,-83.0336203145,119,,,,119,,open,false,,,Zebra Mussel,Dreissena polymorpha,Zebra Mussel,Mollusca,116340
220308915,5a339b62-ce32-417d-a37f-54c91ec7ac18,2024-06-02 16:40:12-04:00,2024-06-02,2024-06-02 20:40:12 UTC,America/Detroit,456240,anna120,Anna Hargrave,2024-06-03 18:59:50 UTC,2024-06-03 22:11:37 UTC,research,,https://www.inaturalist.org/observations/220308915,https://static.inaturalist.org/photos/390039251/medium.jpg,,"","",1,0,false,3,"Lake Michigan, MI, US",42.7031383333,-86.2074666667,4,,,,4,,open,false,,,Zebra Mussel,Dreissena polymorpha,Zebra Mussel,Mollusca,116340
220563603,dd8a76eb-2945-4ca9-861d-2f7b1ecd2493,2024/06/03 3:44 PM,2024-06-03,2024-06-03 20:44:00 UTC,Central Time (US & Canada),1667976,mnwild,"",2024-06-04 22:13:22 UTC,2024-06-05 22:53:44 UTC,research,CC-BY-NC,https://www.inaturalist.org/observations/220563603,https://inaturalist-open-data.s3.amazonaws.com/photos/390516497/medium.jpg,,"",Settled on clubtail dragonfly (Gomphidae) larva.,2,0,false,,"Crow Wing County, US-MN, US",46.4189500765,-94.0386937353,8,,,,26999,obscured,open,true,,,Zebra Mussel,Dreissena polymorpha,Zebra Mussel,Mollusca,116340
220813536,be7b5e73-d5d5-4d25-b09c-effbac7c5733,2024-06-05 10:58:31-05:00,2024-06-05,2024-06-05 15:58:31 UTC,Central Time (US & Canada),452293,angeliquedenise,,2024-06-06 03:04:00 UTC,2024-06-06 13:16:58 UTC,research,,https://www.inaturalist.org/observations/220813536,https://static.inaturalist.org/photos/390988290/medium.jpg,,"","",2,0,false,3,"Big Lake, Big Lake, MN, US",45.3407883333,-93.7490466667,4,,,,4,,open,false,,,Zebra Mussel,Dreissena polymorpha,Zebra Mussel,Mollusca,116340
220920515,fc66159e-f444-420f-bcdc-36886f79c6d6,2024/05/30 2:02 PM,2024-05-30,2024-05-30 18:02:00 UTC,Eastern Time (US & Canada),2138871,jennifer_clifford,"",2024-06-06 16:58:28 UTC,2024-06-06 20:20:10 UTC,research,CC-BY-NC,https://www.inaturalist.org/observations/220920515,https://inaturalist-open-data.s3.amazonaws.com/photos/391171921/medium.jpeg,,"",,1,0,false,,"Chittenden, Vermont, United States",44.5821888889,-73.1927944444,4,,,,4,,open,false,,,Zebra Mussel,Dreissena polymorpha,Zebra Mussel,Mollusca,116340
220984722,15cefcff-7178-4403-8a12-8e9208fd880e,2024-06-06 16:32:54-04:00,2024-06-06,2024-06-06 20:32:54 UTC,America/Detroit,107754,bobcatbrad,Brad Von Blon,2024-06-06 22:29:08 UTC,2024-06-07 12:20:47 UTC,research,CC-BY-NC,https://www.inaturalist.org/observations/220984722,https://inaturalist-open-data.s3.amazonaws.com/photos/391304494/medium.jpg,,"","",1,0,false,3,"Powell Rd, Harbor Springs, MI, US",45.4111866667,-84.8982166667,4,,,,4,,open,false,,,Zebra Mussel,Dreissena polymorpha,Zebra Mussel,Mollusca,116340
220993247,841cd114-22ce-4e2d-b5b5-0f16e8f3d14a,2024/06/06 11:26 AM,2024-06-06,2024-06-06 16:26:00 UTC,Central Time (US & Canada),691967,matt227,Matt Welter,2024-06-06 23:22:49 UTC,2025-09-06 03:26:51 UTC,research,CC-BY-NC,https://www.inaturalist.org/observations/220993247,https://inaturalist-open-data.s3.amazonaws.com/photos/391318297/medium.jpeg,,"point creek, natural area, manitowoc",,2,0,false,,"Point Creek Natural Area, County Rd LS, Manitowoc, WI 54220, USA",43.9674201,-87.7008469,219,,,,219,,open,false,,,Zebra Mussel,Dreissena polymorpha,Zebra Mussel,Mollusca,116340
221035906,9b694d11-3705-4b29-b755-8490482c5d61,2024-06-06 19:29:04,2024-06-06,2024-06-06 23:29:04 UTC,America/Nipigon,6665290,jacklondon723,,2024-06-07 04:51:36 UTC,2024-06-10 00:43:46 UTC,research,CC-BY-NC,https://www.inaturalist.org/observations/221035906,https://inaturalist-open-data.s3.amazonaws.com/photos/391404800/medium.jpeg,,"",,2,0,false,2,"Battersea, ON K0H 1H0, Canada",44.4333611111,-76.3546305556,,,,,,,open,false,,,Zebra Mussel,Dreissena polymorpha,Zebra Mussel,Mollusca,116340
221389115,26feb29d-6bae-4ebf-b86c-fe5cf9b3ebf2,2024-06-08 15:42:14,2024-06-08,2024-06-08 19:42:14 UTC,Eastern Time (US & Canada),4829136,tylbrooks1998,Tyler Brooks,2024-06-08 19:43:02 UTC,2024-06-09 11:37:27 UTC,research,CC-BY-NC,https://www.inaturalist.org/observations/221389115,https://inaturalist-open-data.s3.amazonaws.com/photos/392054604/medium.jpeg,,"",On mystery snail,2,0,false,2,"Erie, PA 16507, USA",42.16766507,-80.08267666,5,,,,5,,open,false,,,Zebra Mussel,Dreissena polymorpha,Zebra Mussel,Mollusca,116340
221417909,af5e045c-0dae-4bfa-be43-eb02ab5ce042,2024-06-08 17:49:09-04:00,2024-06-08,2024-06-08 21:49:09 UTC,America/Detroit,7624,elainejx,elainejx,2024-06-08 21:49:49 UTC,2024-06-10 21:18:20 UTC,research,CC-BY,https://www.inaturalist.org/observations/221417909,https://static.inaturalist.org/photos/393013818/medium.jpg,,"","",1,0,false,3,"US-31, Traverse City, MI, US",44.7464833333,-85.5333466667,7,,,,7,,open,false,,,Zebra Mussel,Dreissena polymorpha,Zebra Mussel,Mollusca,116340
221719226,3f5db5a8-1139-42be-9dfc-dca73ed90a8d,2024-06-07 12:16:32-04:00,2024-06-07,2024-06-07 16:16:32 UTC,Eastern Time (US & Canada),44766,tomallen,Tom Allen,2024-06-10 01:18:47 UTC,2024-06-22 03:19:41 UTC,research,CC-BY-NC,https://www.inaturalist.org/observations/221719226,https://inaturalist-open-data.s3.amazonaws.com/photos/392669837/medium.jpg,,"","",1,0,false,3,"Cooperstown, NY, US",42.725975,-74.9197466667,34,,,,34,,open,false,,,Zebra Mussel,Dreissena polymorpha,Zebra Mussel,Mollusca,116340
221756647,7c0927bb-6354-4d03-8776-a19da4f21485,2024-06-09 18:19:19-05:00,2024-06-09,2024-06-09 23:19:19 UTC,Central Time (US & Canada),489332,lilphoebe,"",2024-06-10 05:52:58 UTC,2024-06-10 14:45:05 UTC,research,CC-BY-NC,https://www.inaturalist.org/observations/221756647,https://inaturalist-open-data.s3.amazonaws.com/photos/392744498/medium.jpg,,"","",1,0,false,3,"Montrose Harbor, IL, US",41.9617458238,-87.6361718946,3052,,,,3052,,open,false,,,Zebra Mussel,Dreissena polymorpha,Zebra Mussel,Mollusca,116340
221798973,46906169-6f95-4df6-8863-6e6d81f2354a,2024-06-09 17:59:48,2024-06-09,2024-06-09 21:59:48 UTC,America/Detroit,33892,brianw,Brian Wulker,2024-06-10 12:41:51 UTC,2024-06-10 13:27:11 UTC,research,CC-BY-NC,https://www.inaturalist.org/observations/221798973,https://inaturalist-open-data.s3.amazonaws.com/photos/392822717/medium.jpeg,,"",,1,0,false,2,"Greenbush, MI 48738, USA",44.60593,-83.3149779722,,,,,,,open,false,gps,gps,Zebra Mussel,Dreissena polymorpha,Zebra Mussel,Mollusca,116340
221887990,7644cbef-ae5f-4878-8378-5ff5a4989a8d,2024-06-07 10:19:02-04:00,2024-06-07,2024-06-07 14:19:02 UTC,America/Nipigon,4433955,clairealarcon,Claire Alarcon-Belanger,2024-06-10 20:10:29 UTC,2024-06-10 22:03:54 UTC,research,CC-BY-NC,https://www.inaturalist.org/observations/221887990,https://inaturalist-open-data.s3.amazonaws.com/photos/392986161/medium.jpg,,"","",1,0,false,3,"Murphys Point Provincial Park, Tay Valley, ON, CA",44.7793616667,-76.2214583333,13,,,,13,,open,false,,,Zebra Mussel,Dreissena polymorpha,Zebra Mussel,Mollusca,116340
221891507,7cdec283-71ca-4848-a423-4fcb3730bc75,2024/06/09 7:00 AM,2024-06-09,2024-06-09 11:00:00 UTC,America/Nipigon,825722,lesfreck,FreckLes,2024-06-10 20:27:08 UTC,2024-06-10 22:03:45 UTC,research,CC-BY-NC,https://www.inaturalist.org/observations/221891507,https://inaturalist-open-data.s3.amazonaws.com/photos/392981090/medium.jpeg,,"",,1,0,false,,"Wasaga Beach, ON, Canada",44.5212862907,-80.0235000759,361,,,,361,,open,false,,,Zebra Mussel,Dreissena polymorpha,Zebra Mussel,Mollusca,116340
221891527,56c1fcab-8171-457b-8ad4-06c155a55484,2024/06/09 7:06 AM,2024-06-09,2024-06-09 11:06:00 UTC,America/Nipigon,825722,lesfreck,FreckLes,2024-06-10 20:27:14 UTC,2024-06-21 23:53:34 UTC,research,CC-BY-NC,https://www.inaturalist.org/observations/221891527,https://inaturalist-open-data.s3.amazonaws.com/photos/392981543/medium.jpeg,,"",,2,0,false,,"Wasaga Beach, ON, Canada",44.5212862907,-80.0235000759,361,,,,361,,open,false,,,Zebra Mussel,Dreissena polymorpha,Zebra Mussel,Mollusca,116340
221963762,da727509-dfc5-47a0-bf1b-994e454d1f2e,2024-06-10 11:58:35-05:00,2024-06-10,2024-06-10 16:58:35 UTC,Central Time (US & Canada),2571501,chalon9,Chalon Boesel,2024-06-11 03:38:59 UTC,2024-06-13 00:44:08 UTC,research,CC-BY-NC,https://www.inaturalist.org/observations/221963762,https://inaturalist-open-data.s3.amazonaws.com/photos/393133493/medium.jpg,,"","",1,0,false,3,"Barker St, WI, US",42.7379216667,-87.7786116667,4,,,,4,,open,false,,,Zebra Mussel,Dreissena polymorpha,Zebra Mussel,Mollusca,116340
222091196,965c4148-5ac8-4980-bbc4-61afee27f4f9,2024-05-21 18:58:20-04:00,2024-05-21,2024-05-21 22:58:20 UTC,America/Nipigon,109682,stevethesnakeguy,"",2024-06-11 19:13:42 UTC,2024-06-11 21:54:29 UTC,research,CC-BY-NC,https://www.inaturalist.org/observations/222091196,https://inaturalist-open-data.s3.amazonaws.com/photos/393368621/medium.jpg,,"",Hitched a misfortunate ride. ,1,0,false,3,"Georgian Bay Islands National Park, Georgian Bay, ON, CA",44.8714716667,-79.84945,8,,,,8,,open,false,,,Zebra Mussel,Dreissena polymorpha,Zebra Mussel,Mollusca,116340
222116386,892fb4c3-4552-4be9-b597-ec4ce98f40a1,2024-06-11 17:28:25-04:00,2024-06-11,2024-06-11 21:28:25 UTC,America/Nipigon,3520337,emmabaker3,Emma Baker,2024-06-11 21:29:17 UTC,2024-06-11 21:54:23 UTC,research,,https://www.inaturalist.org/observations/222116386,https://static.inaturalist.org/photos/393416672/medium.jpg,,"","",1,0,false,3,"Potato Island, Georgian Bay, ON, CA",44.7928633501,-79.7596027338,4,,,,4,,open,false,,,Zebra Mussel,Dreissena polymorpha,Zebra Mussel,Mollusca,116340
222156244,02567311-49e3-49e5-be1e-1acac6ecb67b,2024/02/27 11:26AM,2024-02-27,2024-02-27 16:26:00 UTC,America/Nipigon,2912925,farmtarna,Jim Panchuk,2024-06-12 01:47:40 UTC,2024-06-12 13:15:19 UTC,research,CC-BY-NC,https://www.inaturalist.org/observations/222156244,https://inaturalist-open-data.s3.amazonaws.com/photos/393494556/medium.jpeg,,"",Zebra Mussels,2,0,false,,"Leeds and Grenville United Counties, ON, Canada",44.7032234437,-76.2952045053,1,,,,1,,open,false,,,Zebra Mussel,Dreissena polymorpha,Zebra Mussel,Mollusca,116340
222673628,80670adc-3e0d-4445-808c-26e14bf29d21,2024-06-14 11:08:31,2024-06-14,2024-06-14 16:08:31 UTC,Central Time (US & Canada),5416950,funnybro152,Connor Bruemmer,2024-06-14 16:43:00 UTC,2024-06-15 20:56:42 UTC,research,CC-BY-NC,https://www.inaturalist.org/observations/222673628,https://inaturalist-open-data.s3.amazonaws.com/photos/394465248/medium.jpeg,,"","Bunch of dead ones on this log that washed up on the bank. This is the only log that had them on it though, maybe came from somewhere that has lots of them",1,0,false,2,"St Charles, MO 63301, USA",38.8612208464,-90.5357464403,5,,,,5,,open,false,gps,gps,Zebra Mussel,Dreissena polymorpha,Zebra Mussel,Mollusca,116340
222680125,67175a22-d507-47bf-be80-0e4c83a5072a,2024/06/14 12:38 PM,2024-06-14,2024-06-14 16:38:00 UTC,Eastern Time (US & Canada),6346197,oliver_g_jones,Oliver g jones,2024-06-14 17:17:30 UTC,2024-06-15 17:15:51 UTC,research,CC-BY-NC,https://www.inaturalist.org/observations/222680125,https://inaturalist-open-data.s3.amazonaws.com/photos/394474984/medium.jpeg,,"",,1,0,false,,"Ontario County, NY, USA",42.8316472222,-77.2818055556,8,,,,8,,open,false,,,Zebra Mussel,Dreissena polymorpha,Zebra Mussel,Mollusca,116340
222680167,b11db2a2-89a1-4b0a-8dfb-488fa697a256,2024/06/14 12:45 PM,2024-06-14,2024-06-14 16:45:00 UTC,Eastern Time (US & Canada),6346197,oliver_g_jones,Oliver g jones,2024-06-14 17:17:37 UTC,2024-06-15 17:15:50 UTC,research,CC-BY-NC,https://www.inaturalist.org/observations/222680167,https://inaturalist-open-data.s3.amazonaws.com/photos/394475172/medium.jpeg,,"",,1,0,false,,"Ontario County, NY, USA",42.831632398,-77.2818416969,2,,,,2,,open,false,,,Zebra Mussel,Dreissena polymorpha,Zebra Mussel,Mollusca,116340
222706722,08ec3fae-8b36-4381-990c-8c152f1471be,2024-06-14 14:33:23-04:00,2024-06-14,2024-06-14 18:33:23 UTC,Eastern Time (US & Canada),6346197,oliver_g_jones,Oliver g jones,2024-06-14 19:42:05 UTC,2024-06-15 20:49:13 UTC,research,CC-BY-NC,https://www.inaturalist.org/observations/222706722,https://inaturalist-open-data.s3.amazonaws.com/photos/394528341/medium.jpg,,"","",1,0,false,3,"Canandaigua Lake, Canandaigua, NY, US",42.8316716667,-77.28167,13,,,,13,,open,false,,,Zebra Mussel,Dreissena polymorpha,Zebra Mussel,Mollusca,116340
222728379,72d44c1c-05f1-4646-9ee7-bb40f6621f9b,2024-06-14 17:37:21-04:00,2024-06-14,2024-06-14 21:37:21 UTC,Eastern Time (US & Canada),6346197,oliver_g_jones,Oliver g jones,2024-06-14 21:40:29 UTC,2024-06-15 20:46:11 UTC,research,CC-BY-NC,https://www.inaturalist.org/observations/222728379,https://inaturalist-open-data.s3.amazonaws.com/photos/394570075/medium.jpg,,"","",1,0,false,3,"County Road 16, Canandaigua, NY, US",42.8315866667,-77.2817916667,16,,,,16,,open,false,,,Zebra Mussel,Dreissena polymorpha,Zebra Mussel,Mollusca,116340
222739359,d8a8cbca-e0c2-4d9e-8a17-6f1de6c99ac3,2024-06-14 17:46:11-04:00,2024-06-14,2024-06-14 21:46:11 UTC,Eastern Time (US & Canada),6346197,oliver_g_jones,Oliver g jones,2024-06-14 22:45:12 UTC,2024-06-15 17:15:34 UTC,research,CC-BY-NC,https://www.inaturalist.org/observations/222739359,https://inaturalist-open-data.s3.amazonaws.com/photos/394590670/medium.jpg,,"","",1,0,false,3,"Onnalinda Dr, Canandaigua, NY, US",42.83123,-77.2823033333,666,,,,666,,open,false,,,Zebra Mussel,Dreissena polymorpha,Zebra Mussel,Mollusca,116340
222904431,13e31022-f30f-4aca-9e49-2053d8b3d030,Fri Jun 14 2024 17:28:53 GMT -0500 (CDT),2024-06-14,2024-06-14 22:28:53 UTC,Central Time (US & Canada),3530571,iwburg,Imanni Wilkes Burg,2024-06-15 17:38:51 UTC,2024-06-15 20:46:01 UTC,research,CC-BY-NC,https://www.inaturalist.org/observations/222904431,https://inaturalist-open-data.s3.amazonaws.com/photos/394926610/medium.jpeg,,"",,2,0,false,333,Grenville,45.4925842285,-97.2654876709,4,,,,4,,open,false,,,Zebra Mussel,Dreissena polymorpha,Zebra Mussel,Mollusca,116340
222928094,99397593-8ac4-43a2-a3a7-14e111b0f07f,2024-06-15 15:04:22-04:00,2024-06-15,2024-06-15 19:04:22 UTC,Eastern Time (US & Canada),545680,emerlee,Emily Franzen,2024-06-15 19:21:23 UTC,2024-06-15 20:45:56 UTC,research,CC-BY,https://www.inaturalist.org/observations/222928094,https://inaturalist-open-data.s3.amazonaws.com/photos/394938724/medium.jpg,,"","",1,0,false,3,"Indian Lake State Park, Lakeview, OH, US",40.5100416667,-83.8964466667,3,,,,3,,open,false,,,Zebra Mussel,Dreissena polymorpha,Zebra Mussel,Mollusca,116340
223147586,32a4f538-c1ed-4d21-94f7-4c1b8c1e5616,2024-06-16 13:11:55-04:00,2024-06-16,2024-06-16 17:11:55 UTC,Eastern Time (US & Canada),4917683,bruce_teller,Bruce Teller,2024-06-16 17:34:22 UTC,2025-09-05 18:19:43 UTC,research,,https://www.inaturalist.org/observations/223147586,https://static.inaturalist.org/photos/405900812/medium.jpeg,,"","",2,0,false,3,"Gloucester-South Nepean, Ottawa, ON, CA",45.2520866667,-75.7026833333,15,,,,15,,open,false,,,Zebra Mussel,Dreissena polymorpha,Zebra Mussel,Mollusca,116340
223380357,e2b83c71-4e6c-40b2-ae1c-ce28a3cf62e3,2024-06-15 12:48:25-05:00,2024-06-15,2024-06-15 17:48:25 UTC,Central Time (US & Canada),6047780,paige_wirth,Paige Wirth,2024-06-17 17:54:52 UTC,2024-06-18 02:52:13 UTC,research,,https://www.inaturalist.org/observations/223380357,https://static.inaturalist.org/photos/395792382/medium.jpg,,"","",1,0,false,3,"Lake Poygan, Winneconne, WI, US",44.1305166667,-88.8118533333,3,,,,3,,open,false,,,Zebra Mussel,Dreissena polymorpha,Zebra Mussel,Mollusca,116340
223394769,0a95d854-ac7c-46a8-a651-a6f089712c16,2024-06-17 15:02:50-04:00,2024-06-17,2024-06-17 19:02:50 UTC,America/Detroit,951886,kjsytsma,"",2024-06-17 19:04:09 UTC,2024-06-21 00:05:57 UTC,research,CC-BY-NC,https://www.inaturalist.org/observations/223394769,https://inaturalist-open-data.s3.amazonaws.com/photos/395819270/medium.jpg,,"",On shoreline,1,0,false,3,"E Dame St, Suttons Bay, MI, US",44.9745911702,-85.649801169,4,,,,4,,open,false,,,Zebra Mussel,Dreissena polymorpha,Zebra Mussel,Mollusca,116340
223524293,573e89dc-9816-4c4a-ae5a-5deea1d932e3,2024-06-15 11:38:55-04:00,2024-06-15,2024-06-15 15:38:55 UTC,Eastern Time (US & Canada),953083,aburketnc,,2024-06-18 11:43:13 UTC,2025-09-05 18:20:03 UTC,research,CC-BY-NC,https://www.inaturalist.org/observations/223524293,https://inaturalist-open-data.s3.amazonaws.com/photos/396327058/medium.jpg,,"","",2,0,false,3,"Little Miami River, Morrow, OH, US",39.3945048982,-84.097390194,94,,,,94,,open,false,,,Zebra Mussel,Dreissena polymorpha,Zebra Mussel,Mollusca,116340
223524916,4a48dbfa-dc33-44e7-be93-3ac5e6962f29,2024-06-18 07:48:10-04:00,2024-06-18,2024-06-18 11:48:10 UTC,Eastern Time (US & Canada),8263775,benjamin15589,Benjamin Andrade,2024-06-18 11:48:39 UTC,2024-07-14 03:15:16 UTC,research,,https://www.inaturalist.org/observations/223524916,https://static.inaturalist.org/photos/399507321/medium.jpg,,"","",2,0,false,3,"Ohio River, Bedford, KY, US",38.6425848585,-85.4326482397,3,,,,3,,open,false,,,Zebra Mussel,Dreissena polymorpha,Zebra Mussel,Mollusca,116340
223585976,40064ca6-c9e3-40b5-8f02-c1d6311ac821,2024-06-18 10:33:17-05:00,2024-06-18,2024-06-18 15:33:17 UTC,Central Time (US & Canada),524378,leedoolan,,2024-06-18 17:37:51 UTC,2024-06-18 18:19:04 UTC,research,CC-BY-NC,https://www.inaturalist.org/observations/223585976,https://inaturalist-open-data.s3.amazonaws.com/photos/396180432/medium.jpg,,"","",1,0,false,3,"Leech Lake, Walker, MN, US",47.0650599937,-94.5590297968,36,,,,36,,open,false,,,Zebra Mussel,Dreissena polymorpha,Zebra Mussel,Mollusca,116340
223680305,6039372a-2a9b-4714-908c-0a05efdc7ad7,2024-05-28 10:33:40,2024-05-28,2024-05-28 15:33:40 UTC,Central Time (US & Canada),175524,hydrophilus,Eric C. Maxwell,2024-06-19 03:23:04 UTC,2024-06-19 18:21:22 UTC,research,CC-BY-NC-ND,https://www.inaturalist.org/observations/223680305,https://inaturalist-open-data.s3.amazonaws.com/photos/396363589/medium.jpeg,,"",,1,0,false,2,"West Alton, MO, USA",38.8696649722,-90.1877549722,,,,,,,open,false,gps,gps,Zebra Mussel,Dreissena polymorpha,Zebra Mussel,Mollusca,116340
223705687,59a826b8-097a-4907-9b70-2dd8ad707b14,2024-06-18 14:33:00-04:00,2024-06-18,2024-06-18 18:33:00 UTC,America/Nipigon,5970852,keiraaconrad,keira!,2024-06-19 07:56:38 UTC,2024-06-19 21:23:47 UTC,research,CC-BY-NC,https://www.inaturalist.org/observations/223705687,https://inaturalist-open-data.s3.amazonaws.com/photos/396414567/medium.jpg,,"","",2,0,false,3,"Eugenia Lake, Grey Highlands, ON, CA",44.3215327856,-80.5061376663,1609,,,,1609,,open,false,,,Zebra Mussel,Dreissena polymorpha,Zebra Mussel,Mollusca,116340
223706393,9532632e-8c70-4401-8bbf-99913b8d3fdb,2024-06-18 14:33:00-04:00,2024-06-18,2024-06-18 18:33:00 UTC,America/Nipigon,5970852,keiraaconrad,keira!,2024-06-19 08:04:47 UTC,2024-06-19 18:21:17 UTC,research,CC-BY-NC,https://www.inaturalist.org/observations/223706393,https://inaturalist-open-data.s3.amazonaws.com/photos/396415723/medium.jpg,,"","",1,0,false,3,"Grey Highlands, ON, CA",44.3220197,-80.4998886,1609,,,,1609,,open,false,,,Zebra Mussel,Dreissena polymorpha,Zebra Mussel,Mollusca,116340
223706494,b1f53b48-e02a-4dab-b404-2a727a9e4ec8,2024-06-19 02:31:55-04:00,2024-06-19,2024-06-19 06:31:55 UTC,America/Nipigon,5970852,keiraaconrad,keira!,2024-06-19 08:06:20 UTC,2024-06-19 21:23:42 UTC,research,CC-BY-NC,https://www.inaturalist.org/observations/223706494,https://inaturalist-open-data.s3.amazonaws.com/photos/396415963/medium.jpg,,"","",2,0,false,3,"Grey Highlands, ON, CA",44.3220197,-80.4998886,1609,,,,1609,,open,false,,,Zebra Mussel,Dreissena polymorpha,Zebra Mussel,Mollusca,116340
223806948,6173dadd-8da7-4621-a53c-13dcc3eb1284,2024-06-19 13:35:04-05:00,2024-06-19,2024-06-19 18:35:04 UTC,Central Time (US & Canada),6579262,pkondrashov,,2024-06-19 18:35:23 UTC,2024-06-22 12:07:41 UTC,research,CC-BY-NC,https://www.inaturalist.org/observations/223806948,https://inaturalist-open-data.s3.amazonaws.com/photos/396599266/medium.jpg,,"","",3,0,false,3,"Big Trout Lake, Crosslake, MN, US",46.7093921192,-94.169543089,4,,,,4,,open,false,,,Zebra Mussel,Dreissena polymorpha,Zebra Mussel,Mollusca,116340
223841748,8cc4bdfb-d357-4204-b6db-d4876be21bc7,2024-06-19 16:51:31-04:00,2024-06-19,2024-06-19 20:51:31 UTC,Eastern Time (US & Canada),3279217,dmarymac,dmarymac,2024-06-19 20:52:13 UTC,2025-09-05 18:20:10 UTC,research,CC-BY-NC,https://www.inaturalist.org/observations/223841748,https://inaturalist-open-data.s3.amazonaws.com/photos/396749888/medium.jpeg,,"","",2,0,false,333,Dundee,42.5709533691,-76.916267395,35,,,,35,,open,false,,,Zebra Mussel,Dreissena polymorpha,Zebra Mussel,Mollusca,116340
224001096,31b1ac3d-eb62-4921-ac72-d1dfdc7cf022,2024-06-20 11:29:47,2024-06-20,2024-06-20 15:29:47 UTC,America/Detroit,5527071,wbernstein,William Bernstein,2024-06-20 16:13:59 UTC,2024-06-24 23:11:45 UTC,research,,https://www.inaturalist.org/observations/224001096,https://static.inaturalist.org/photos/396958702/medium.jpeg,,"",,2,0,false,2,"Emmet County, US-MI, US",45.3662509997,-85.021843,,,,,,,open,false,gps,gps,Zebra Mussel,Dreissena polymorpha,Zebra Mussel,Mollusca,116340
224010022,75dcc635-d287-4470-9a62-cb68a6e59539,2024/06/20 9:55 AM,2024-06-20,2024-06-20 14:55:00 UTC,Central Time (US & Canada),5789328,smeckert,,2024-06-20 16:57:05 UTC,2025-09-08 03:53:32 UTC,research,CC-BY,https://www.inaturalist.org/observations/224010022,https://inaturalist-open-data.s3.amazonaws.com/photos/396970272/medium.png,,"",,2,0,false,,"Dune Acres, IN, USA",41.6534120096,-87.0931956243,15,,,,15,,open,false,,,Zebra Mussel,Dreissena polymorpha,Zebra Mussel,Mollusca,116340
224082982,6a8e2a58-64b1-43b9-9d28-2d86bd81ff24,2024/06/20 11:12 AM,2024-06-20,2024-06-20 15:12:00 UTC,Eastern Time (US & Canada),2504363,origamilevi,Levi smith,2024-06-20 23:37:58 UTC,2024-06-22 12:06:55 UTC,research,CC-BY-NC,https://www.inaturalist.org/observations/224082982,https://inaturalist-open-data.s3.amazonaws.com/photos/397106958/medium.jpeg,,"","",2,0,false,,"Castleton, VT, USA",43.6556966667,-73.2249,,,,,,,open,false,,,Zebra Mussel,Dreissena polymorpha,Zebra Mussel,Mollusca,116340
224089810,02854ba5-cd4b-4d7a-ad84-0d1ad7c347a1,Thu Jun 20 2024 20:23:35 GMT -0400 (GMT-4),2024-06-20,2024-06-21 00:23:35 UTC,Eastern Time (US & Canada),2016527,ajanna,Amanda Perkins,2024-06-21 00:24:46 UTC,2024-06-22 12:06:50 UTC,research,,https://www.inaturalist.org/observations/224089810,https://static.inaturalist.org/photos/397122915/medium.jpeg,,"",,2,0,false,333,Washago,44.7423667908,-79.3307113647,181,,,,181,,open,false,,,Zebra Mussel,Dreissena polymorpha,Zebra Mussel,Mollusca,116340
224187952,33bf45ab-af1d-4aed-9b1a-8306fe9f024b,2024/06/20 10:21 AM,2024-06-20,2024-06-20 14:21:00 UTC,America/Detroit,1981509,stylurus,Darrin O'Brien,2024-06-21 14:23:31 UTC,2024-06-22 12:06:17 UTC,research,,https://www.inaturalist.org/observations/224187952,https://inaturalist-open-data.s3.amazonaws.com/photos/397307660/medium.jpg,,"",mussel attached to exuvia of Macromia taeniolata,2,0,false,,"St Joseph County, MI, USA",41.9812887622,-85.3348226317,15,,,,15,,open,false,,,Zebra Mussel,Dreissena polymorpha,Zebra Mussel,Mollusca,116340
224187954,f99252d3-29d9-4f9d-83f6-e49ab3716fbc,2024/06/20 10:21 AM,2024-06-20,2024-06-20 14:21:00 UTC,America/Detroit,1981509,stylurus,Darrin O'Brien,2024-06-21 14:23:31 UTC,2024-06-22 12:06:25 UTC,research,,https://www.inaturalist.org/observations/224187954,https://inaturalist-open-data.s3.amazonaws.com/photos/397307655/medium.jpg,,"",mussel attached to exuvia of Macromia taeniolata,3,0,false,,"St Joseph County, MI, USA",41.9812887622,-85.3348226317,15,,,,15,,open,false,,,Zebra Mussel,Dreissena polymorpha,Zebra Mussel,Mollusca,116340
224187957,5a01ae43-85b8-4ff2-883f-388076608405,2024/06/20 10:21 AM,2024-06-20,2024-06-20 14:21:00 UTC,America/Detroit,1981509,stylurus,Darrin O'Brien,2024-06-21 14:23:32 UTC,2024-06-22 12:06:28 UTC,research,,https://www.inaturalist.org/observations/224187957,https://inaturalist-open-data.s3.amazonaws.com/photos/397307654/medium.jpg,,"",mussel attached to exuvia of Macromia taeniolata,3,0,false,,"St Joseph County, MI, USA",41.9812887622,-85.3348226317,15,,,,15,,open,false,,,Zebra Mussel,Dreissena polymorpha,Zebra Mussel,Mollusca,116340
224300421,44768c58-a612-4209-b1f2-78136823b9f4,2024-06-21 21:15:57-04:00,2024-06-21,2024-06-22 01:15:57 UTC,Eastern Time (US & Canada),5246769,ceaselouise,CGlynn,2024-06-22 01:17:16 UTC,2024-06-22 12:05:36 UTC,research,CC-BY-NC,https://www.inaturalist.org/observations/224300421,https://inaturalist-open-data.s3.amazonaws.com/photos/397524479/medium.jpg,,"","",2,0,false,3,"S Waterside Ct, Lakeside Marblehead, OH, US",41.4926552647,-82.821032086,35,,,,35,,open,false,,,Zebra Mussel,Dreissena polymorpha,Zebra Mussel,Mollusca,116340
224345366,ff6e932a-152b-42b1-b7f3-0b64dcc3f008,2024-06-21 13:22:32-04:00,2024-06-21,2024-06-21 17:22:32 UTC,America/Nipigon,437461,donaldasutherland,Don Sutherland,2024-06-22 08:16:41 UTC,2024-06-22 13:13:23 UTC,research,CC-BY-NC,https://www.inaturalist.org/observations/224345366,https://inaturalist-open-data.s3.amazonaws.com/photos/397612717/medium.jpg,,"","",2,0,false,3,"Fire Rte 73, Trent Lakes, ON, CA",44.4995083333,-78.49398,10,,,,10,,open,false,,,Zebra Mussel,Dreissena polymorpha,Zebra Mussel,Mollusca,116340
224433702,6780ebeb-bbe6-4ae2-b3e0-d772ac145ec4,2024-06-19 20:01:24-04:00,2024-06-19,2024-06-20 00:01:24 UTC,Eastern Time (US & Canada),2182075,sparks98,Scott,2024-06-22 17:08:36 UTC,2025-09-05 18:20:14 UTC,research,CC-BY-NC,https://www.inaturalist.org/observations/224433702,https://inaturalist-open-data.s3.amazonaws.com/photos/397775058/medium.jpg,,"","",2,0,false,3,"Wainfleet, ON, CA",42.8843166667,-79.310425,55,,,,55,,open,false,,,Zebra Mussel,Dreissena polymorpha,Zebra Mussel,Mollusca,116340
224512859,0e038c51-5f3f-4a4b-91ad-61d8ddc720e8,2024-06-22 15:23:56-05:00,2024-06-22,2024-06-22 20:23:56 UTC,Central Time (US & Canada),3630625,sbrockway,,2024-06-22 23:07:13 UTC,2024-06-23 16:51:59 UTC,research,CC-BY-NC,https://www.inaturalist.org/observations/224512859,https://inaturalist-open-data.s3.amazonaws.com/photos/397926938/medium.jpg,,"","",2,0,false,3,"Land Between the Lakes National Recreation Area, Kuttawa, KY, US",36.9226770032,-88.1630145033,24,,,,24,,open,false,,,Zebra Mussel,Dreissena polymorpha,Zebra Mussel,Mollusca,116340
224660891,b214015a-e4a7-4bfd-8072-a083f5d9775f,2024-06-23 11:01:42-04:00,2024-06-23,2024-06-23 15:01:42 UTC,America/Detroit,1168950,thecaiman1,"",2024-06-23 15:57:00 UTC,2024-06-23 16:41:25 UTC,research,CC-BY-NC,https://www.inaturalist.org/observations/224660891,https://inaturalist-open-data.s3.amazonaws.com/photos/398207086/medium.jpg,,"","",2,0,false,3,"Mason County, US-MI, US",44.0329270252,-86.4901342896,5,,,,5,,open,false,,,Zebra Mussel,Dreissena polymorpha,Zebra Mussel,Mollusca,116340
224773094,7cde23d3-a85f-4ebb-9a0b-89d0f91bb5f8,2024-06-23 17:36:44-04:00,2024-06-23,2024-06-23 21:36:44 UTC,America/Nipigon,5394002,illyedi,,2024-06-23 23:53:48 UTC,2024-06-24 15:12:39 UTC,research,CC-BY-NC,https://www.inaturalist.org/observations/224773094,https://inaturalist-open-data.s3.amazonaws.com/photos/398420436/medium.jpg,,"","",2,0,false,3,"Starr Bay, Kawartha Lakes, ON, CA",44.2119666667,-78.824845,3,,,,3,,open,false,,,Zebra Mussel,Dreissena polymorpha,Zebra Mussel,Mollusca,116340
224778174,89479ec9-4f2b-4471-8bde-32dd4f9c5d4b,2024-06-23 17:58:37-04:00,2024-06-23,2024-06-23 21:58:37 UTC,Eastern Time (US & Canada),7607904,whirlaway,,2024-06-24 00:23:38 UTC,2024-06-24 04:18:42 UTC,research,CC-BY-NC,https://www.inaturalist.org/observations/224778174,https://inaturalist-open-data.s3.amazonaws.com/photos/398430488/medium.jpg,,"","",1,0,false,3,"Monongahela River, Star City, WV, US",39.6598049326,-79.991595099,23,,,,23,,open,false,,,Zebra Mussel,Dreissena polymorpha,Zebra Mussel,Mollusca,116340
224778291,12154191-b68f-43e8-b1f5-e59af332652a,2024-06-23 17:58:48-04:00,2024-06-23,2024-06-23 21:58:48 UTC,Eastern Time (US & Canada),7607904,whirlaway,,2024-06-24 00:24:27 UTC,2024-06-24 04:18:40 UTC,research,CC-BY-NC,https://www.inaturalist.org/observations/224778291,https://inaturalist-open-data.s3.amazonaws.com/photos/398430866/medium.jpg,,"","",1,0,false,3,"Monongahela River, Star City, WV, US",39.6598153685,-79.9915941691,23,,,,23,,open,false,,,Zebra Mussel,Dreissena polymorpha,Zebra Mussel,Mollusca,116340
224783785,61ed94a5-ff61-4594-b997-5254c7059b8e,2024-06-23 17:29:37,2024-06-23,2024-06-23 22:29:37 UTC,Central Time (US & Canada),6413499,bucketofseaweed,Landon Marshall,2024-06-24 00:56:49 UTC,2024-06-24 04:18:37 UTC,research,CC-BY-NC,https://www.inaturalist.org/observations/224783785,https://inaturalist-open-data.s3.amazonaws.com/photos/398442644/medium.jpeg,,"",,1,0,false,2,"G9Q2+P6, Dubuque, IA 52001, USA",42.5253507008,-90.6419052556,161,,,,161,,open,false,gps,gps,Zebra Mussel,Dreissena polymorpha,Zebra Mussel,Mollusca,116340
224794921,0d7a6946-67da-4d33-9c22-c9524bbe5e29,2024-06-23 17:21:49,2024-06-23,2024-06-23 22:21:49 UTC,Central Time (US & Canada),6090816,sp4rrows,Jace,2024-06-24 02:10:44 UTC,2024-06-24 13:32:17 UTC,research,CC-BY-NC,https://www.inaturalist.org/observations/224794921,https://inaturalist-open-data.s3.amazonaws.com/photos/398465263/medium.jpeg,,"",,2,0,false,2,Park Point,46.7306984833,-92.0522154495,5980,,,,5980,,open,false,gps,gps,Zebra Mussel,Dreissena polymorpha,Zebra Mussel,Mollusca,116340
225207048,e32265ae-5567-484c-83a2-828f7b1a747d,2024-06-25 20:00:45,2024-06-25,2024-06-26 00:00:45 UTC,America/Detroit,719118,lalone,"",2024-06-26 00:05:33 UTC,2025-09-15 22:05:01 UTC,research,CC-BY-NC,https://www.inaturalist.org/observations/225207048,https://inaturalist-open-data.s3.amazonaws.com/photos/399254582/medium.jpeg,,"",,2,0,false,2,"Traverse City, MI, USA",44.763044415,-85.6206316128,5944,,,,5944,,open,false,gps,gps,Zebra Mussel,Dreissena polymorpha,Zebra Mussel,Mollusca,116340
225208728,d48ccb5a-d90e-4837-af69-976dce2aaa2b,2024-06-24 14:04:51,2024-06-24,2024-06-24 18:04:51 UTC,America/Detroit,1415568,tylerbarnum,Tyler Barnum,2024-06-26 00:18:10 UTC,2024-06-28 20:54:17 UTC,research,,https://www.inaturalist.org/observations/225208728,https://static.inaturalist.org/photos/399258396/medium.jpeg,,"",,1,0,false,2,"Allegan Township, MI 49010, USA",42.5705472222,-85.7925555556,,,,,,,open,false,gps,gps,Zebra Mussel,Dreissena polymorpha,Zebra Mussel,Mollusca,116340
225342141,8e748d8c-d9e1-4a42-8a9f-243a0c9e2a0d,2024-06-26 11:20:30-04:00,2024-06-26,2024-06-26 15:20:30 UTC,America/Detroit,1084846,kcross7,,2024-06-26 17:15:14 UTC,2025-02-07 21:47:59 UTC,research,,https://www.inaturalist.org/observations/225342141,https://static.inaturalist.org/photos/399510239/medium.jpg,,"","",2,0,false,3,"Lake Michigan, MI, US",43.0511443078,-86.2456091971,20,,,,20,,open,false,,,Zebra Mussel,Dreissena polymorpha,Zebra Mussel,Mollusca,116340
225542223,f063ef91-a618-4890-9267-95e11ce54975,2024-06-27 08:57:41-04:00,2024-06-27,2024-06-27 12:57:41 UTC,America/Nipigon,2466881,serinatour,Serina T,2024-06-27 16:47:39 UTC,2024-06-28 20:51:49 UTC,research,,https://www.inaturalist.org/observations/225542223,https://static.inaturalist.org/photos/399888953/medium.jpg,,"","Lots of clumps on the road, dead specimens. ",2,0,false,3,"W Quarter Line Rd, Norfolk County, ON, CA",42.5898533333,-80.509995,3,,,,3,,open,false,,,Zebra Mussel,Dreissena polymorpha,Zebra Mussel,Mollusca,116340
225596884,bfd4b6cf-8a5d-41a2-81c0-d0f0645d1382,2024-06-27 16:21:27-05:00,2024-06-27,2024-06-27 21:21:27 UTC,Central Time (US & Canada),5693793,gabrielto,,2024-06-27 21:31:14 UTC,2024-07-02 22:48:14 UTC,research,CC-BY-NC,https://www.inaturalist.org/observations/225596884,https://inaturalist-open-data.s3.amazonaws.com/photos/399993883/medium.jpg,,"","",3,1,false,3,"Lake Austin, Austin, TX, US",30.356105,-97.8634866667,20,,,,20,,open,false,,,Zebra Mussel,Dreissena polymorpha,Zebra Mussel,Mollusca,116340
226032559,d735f60d-2492-424e-a15b-8b0f2583cab3,2024-06-29 14:28:10-04:00,2024-06-29,2024-06-29 18:28:10 UTC,Eastern Time (US & Canada),5109283,picajay,,2024-06-29 21:16:25 UTC,2025-05-21 03:52:45 UTC,research,CC-BY-NC,https://www.inaturalist.org/observations/226032559,https://inaturalist-open-data.s3.amazonaws.com/photos/400815266/medium.jpg,,"","",2,0,false,3,"Lake Ontario, Mississauga, ON, CA",43.5191478719,-79.6022012724,85,,,,85,,open,false,,,Zebra Mussel,Dreissena polymorpha,Zebra Mussel,Mollusca,116340
226033853,1b2cf35a-5885-4a65-b765-e5b8f1a026d2,2024-06-29 14:29:31-04:00,2024-06-29,2024-06-29 18:29:31 UTC,Eastern Time (US & Canada),5109283,picajay,,2024-06-29 21:22:32 UTC,2025-05-21 03:52:53 UTC,research,CC-BY-NC,https://www.inaturalist.org/observations/226033853,https://inaturalist-open-data.s3.amazonaws.com/photos/400817978/medium.jpg,,"","",2,0,false,3,"Lake Ontario, Mississauga, ON, CA",43.5187263903,-79.6021850179,69,,,,69,,open,false,,,Zebra Mussel,Dreissena polymorpha,Zebra Mussel,Mollusca,116340
226033979,9c624b35-3fb5-46b7-a008-0db22bbfe70b,2024-06-29 14:29:39-04:00,2024-06-29,2024-06-29 18:29:39 UTC,Eastern Time (US & Canada),5109283,picajay,,2024-06-29 21:23:03 UTC,2025-05-21 03:53:02 UTC,research,CC-BY-NC,https://www.inaturalist.org/observations/226033979,https://inaturalist-open-data.s3.amazonaws.com/photos/400818192/medium.jpg,,"","",2,0,false,3,"Rattray Marsh Conservation Area, Mississauga, ON, CA",43.5181725043,-79.6021930839,220,,,,220,,open,false,,,Zebra Mussel,Dreissena polymorpha,Zebra Mussel,Mollusca,116340
226038015,6f625b84-b3b2-48f5-b572-930e72a58ba0,2024/06/29 5:41 PM,2024-06-29,2024-06-29 21:41:00 UTC,America/Nipigon,416201,jemredwood,Joanne Muis,2024-06-29 21:41:59 UTC,2024-07-31 09:21:53 UTC,research,CC-BY-NC,https://www.inaturalist.org/observations/226038015,https://inaturalist-open-data.s3.amazonaws.com/photos/400826161/medium.jpeg,,"","",1,0,false,,"Sauble Beach, Bruce County, ON, Canada",44.65563,-81.27355,10,,,,10,,open,false,,,Zebra Mussel,Dreissena polymorpha,Zebra Mussel,Mollusca,116340
226326364,9ca84bd5-31c5-46df-8667-23a43a20a363,2024/06/23 10:12 AM,2024-06-23,2024-06-23 14:12:00 UTC,Eastern Time (US & Canada),1302332,yoshieslunchbox,"",2024-07-01 00:02:40 UTC,2024-07-01 02:05:10 UTC,research,CC-BY-NC,https://www.inaturalist.org/observations/226326364,https://inaturalist-open-data.s3.amazonaws.com/photos/401370600/medium.jpeg,,"","",1,0,false,,"Onondaga County, NY, USA",42.8569333333,-76.2860916667,,,,,,,open,false,,,Zebra Mussel,Dreissena polymorpha,Zebra Mussel,Mollusca,116340
226505322,f433267c-5857-4c48-90f1-d32874f46e37,2024-06-15 11:02:42-04:00,2024-06-15,2024-06-15 15:02:42 UTC,America/Detroit,8303652,benziecd,Benzie Conservation District,2024-07-01 18:51:03 UTC,2024-07-15 17:01:02 UTC,research,CC0,https://www.inaturalist.org/observations/226505322,https://inaturalist-open-data.s3.amazonaws.com/photos/401718494/medium.jpg,,"","",1,0,false,3,"Lake Ann, Lake Ann, MI, US",44.7164333333,-85.8602366667,6,,,,6,,open,false,,,Zebra Mussel,Dreissena polymorpha,Zebra Mussel,Mollusca,116340
226514980,d3dc5722-dc90-4149-93b4-0dafc344aec5,2024-07-01 15:30:02,2024-07-01,2024-07-01 19:30:02 UTC,America/Nipigon,4475930,nessa121,,2024-07-01 19:30:54 UTC,2024-07-01 21:40:01 UTC,research,CC-BY-NC,https://www.inaturalist.org/observations/226514980,https://inaturalist-open-data.s3.amazonaws.com/photos/401736357/medium.jpeg,,"",,1,0,false,2,"Hastings, CA-ON, CA",44.986143751,-77.9198839473,4,,,,27253,obscured,open,true,,,Zebra Mussel,Dreissena polymorpha,Zebra Mussel,Mollusca,116340
226543384,0d0f860f-c7a5-41af-83f0-fd7d00e748a4,2024-07-01 15:32:45-05:00,2024-07-01,2024-07-01 20:32:45 UTC,Central Time (US & Canada),7692706,zo63189,Zoey,2024-07-01 21:30:35 UTC,2024-07-02 00:19:38 UTC,research,,https://www.inaturalist.org/observations/226543384,https://static.inaturalist.org/photos/401788745/medium.jpg,,"","",1,0,false,3,"James Madison Park, Madison, WI, US",43.081325,-89.3827283333,59,,,,59,,open,false,,,Zebra Mussel,Dreissena polymorpha,Zebra Mussel,Mollusca,116340
226593158,92e9a7d4-2ae5-40f2-ae5f-f8d60cd13db7,2024-06-30 14:14:42,2024-06-30,2024-06-30 18:14:42 UTC,Eastern Time (US & Canada),5337523,fartley2,Jimmy A. Hartley,2024-07-02 02:04:12 UTC,2024-07-02 22:48:13 UTC,research,CC-BY-NC,https://www.inaturalist.org/observations/226593158,https://inaturalist-open-data.s3.amazonaws.com/photos/401888101/medium.jpeg,,"",,1,0,false,2,"Ohio Township, OH, USA",38.6113200273,-82.172178179,402,,,,402,,open,false,gps,gps,Zebra Mussel,Dreissena polymorpha,Zebra Mussel,Mollusca,116340
226811217,df77b2b7-571d-4ac2-8f96-af137bbc3bab,2024-07-02 17:44:34,2024-07-02,2024-07-02 21:44:34 UTC,Eastern Time (US & Canada),1121048,zirabee,bren,2024-07-03 02:02:27 UTC,2025-09-05 18:12:30 UTC,research,CC-BY-NC,https://www.inaturalist.org/observations/226811217,https://inaturalist-open-data.s3.amazonaws.com/photos/402297764/medium.jpeg,,"",,2,0,false,2,"Kingston, ON K7L 1S3, Canada",44.2221724361,-76.4995341003,258,,,,258,,open,false,gps,gps,Zebra Mussel,Dreissena polymorpha,Zebra Mussel,Mollusca,116340
226888776,d86b427f-5f56-469a-9777-e10379fcbbb2,2024/06/27 4:55 AM,2024-06-27,2024-06-27 08:55:00 UTC,America/Detroit,24857,andrewbrinker,Andrew Brinker,2024-07-03 13:44:02 UTC,2024-07-03 18:16:42 UTC,research,CC-BY-NC,https://www.inaturalist.org/observations/226888776,https://inaturalist-open-data.s3.amazonaws.com/photos/402440071/medium.jpeg,,"","",1,0,false,,"Monroe, MI, USA",41.9045916667,-83.3342733333,,,,,,,open,false,,,Zebra Mussel,Dreissena polymorpha,Zebra Mussel,Mollusca,116340
226899599,5cad38a0-f90d-45da-bef7-5d2cbff7aa80,2024-07-03 08:30:16,2024-07-03,2024-07-03 13:30:16 UTC,Central Time (US & Canada),658509,chrisfrazier,"",2024-07-03 14:41:33 UTC,2024-07-03 18:16:40 UTC,research,CC0,https://www.inaturalist.org/observations/226899599,https://inaturalist-open-data.s3.amazonaws.com/photos/402460662/medium.jpeg,,"",,1,0,false,2,"Clinton, KS, USA",38.9284077,-95.3366864,,,,,,,open,false,gps,gps,Zebra Mussel,Dreissena polymorpha,Zebra Mussel,Mollusca,116340
226902976,ddb7a5b1-2629-4cd8-8c79-ef52940d30e8,2024-07-03 09:57:44-05:00,2024-07-03,2024-07-03 14:57:44 UTC,Central Time (US & Canada),3033481,khoberg,,2024-07-03 14:58:23 UTC,2025-04-27 02:15:37 UTC,research,CC-BY-NC,https://www.inaturalist.org/observations/226902976,https://inaturalist-open-data.s3.amazonaws.com/photos/403040669/medium.jpg,,"","",1,0,false,3,"Medicine Lake, Plymouth, MN, US",45.0174259365,-93.4298048784,103,,,,103,,open,false,,,Zebra Mussel,Dreissena polymorpha,Zebra Mussel,Mollusca,116340
227129468,cab48a92-a9ec-46cf-ab34-f52719d66216,2024-07-04 13:08:46,2024-07-04,2024-07-04 17:08:46 UTC,Eastern Time (US & Canada),6195018,lilalola631,Laura,2024-07-04 17:10:36 UTC,2024-07-05 15:32:49 UTC,research,CC-BY-NC,https://www.inaturalist.org/observations/227129468,https://inaturalist-open-data.s3.amazonaws.com/photos/402893251/medium.jpeg,,"",,1,0,false,2,"Little Falls, NY, USA",43.02554771,-74.8821439,5,,,,5,,open,false,,,Zebra Mussel,Dreissena polymorpha,Zebra Mussel,Mollusca,116340
227139660,ff415a6f-02f3-4e89-b52c-f77bb85c487d,2024-07-04 12:56:30-05:00,2024-07-04,2024-07-04 17:56:30 UTC,Central Time (US & Canada),7175601,micah_shively,Micah Shively,2024-07-04 18:00:42 UTC,2024-07-05 15:32:42 UTC,research,CC-BY-NC,https://www.inaturalist.org/observations/227139660,https://inaturalist-open-data.s3.amazonaws.com/photos/402912483/medium.jpg,,"","",1,0,false,3,"Arikara Creek, Reliance, SD, US",44.0357805,-99.4497,4,,,,4,,open,false,,,Zebra Mussel,Dreissena polymorpha,Zebra Mussel,Mollusca,116340
227167419,5a89a2f1-c8ae-4920-866a-f720881a168d,2024-07-04 16:00:05,2024-07-04,2024-07-04 20:00:05 UTC,America/Detroit,6913130,bradleyja,Bradley Allendorfer,2024-07-04 20:07:19 UTC,2025-09-05 18:19:52 UTC,research,,https://www.inaturalist.org/observations/227167419,https://static.inaturalist.org/photos/407829649/medium.jpeg,,"",,2,0,false,2,"Tuscola County, US-MI, US",43.3033833333,-83.4618916667,,,,,,,open,false,gps,gps,Zebra Mussel,Dreissena polymorpha,Zebra Mussel,Mollusca,116340
227173164,6a79e2b4-fd05-4369-82f1-0637a30a9543,2024-07-02 20:10:35-04:00,2024-07-02,2024-07-03 00:10:35 UTC,America/Detroit,3757936,stephtran,Stephanie Tran,2024-07-04 20:36:00 UTC,2025-09-15 22:05:26 UTC,research,CC-BY,https://www.inaturalist.org/observations/227173164,https://inaturalist-open-data.s3.amazonaws.com/photos/402973193/medium.jpg,,"","",2,0,false,3,"Escanaba, MI, US",45.7059283333,-87.0717861667,3,,,,3,,open,false,,,Zebra Mussel,Dreissena polymorpha,Zebra Mussel,Mollusca,116340
227219894,6e514f1d-5633-45ef-8b5e-a7f48c18015d,2024-07-04 18:12:55,2024-07-04,2024-07-04 22:12:55 UTC,America/Detroit,3622935,mmoerdyk,Mark,2024-07-05 01:33:32 UTC,2025-09-05 18:11:59 UTC,research,CC-BY-NC,https://www.inaturalist.org/observations/227219894,https://inaturalist-open-data.s3.amazonaws.com/photos/403067247/medium.jpeg,,"",,2,0,false,2,"Wexford County, US-MI, US",44.3846549722,-85.7747421111,,,,,,,open,false,gps,gps,Zebra Mussel,Dreissena polymorpha,Zebra Mussel,Mollusca,116340
227280073,7e0c894b-b2b1-4332-8dec-95e27e785a24,2024/07/04 12:36 PM,2024-07-04,2024-07-04 16:36:00 UTC,Eastern Time (US & Canada),1865654,robertweeden,"",2024-07-05 11:32:49 UTC,2024-07-05 21:21:03 UTC,research,CC-BY-NC,https://www.inaturalist.org/observations/227280073,https://inaturalist-open-data.s3.amazonaws.com/photos/403180930/medium.jpeg,,"",,2,0,false,,"Crown Point Historic Site, NY, USA",44.031816,-73.432976,,,,,,,open,false,,,Zebra Mussel,Dreissena polymorpha,Zebra Mussel,Mollusca,116340
227323584,e15341e9-a52d-42d3-9ce6-d0d89958c100,2024-07-05 11:09:36,2024-07-05,2024-07-05 16:09:36 UTC,Central Time (US & Canada),3700885,wasilewskie1,Ellie,2024-07-05 16:10:39 UTC,2024-07-05 21:16:47 UTC,research,CC-BY-NC,https://www.inaturalist.org/observations/227323584,https://inaturalist-open-data.s3.amazonaws.com/photos/403262547/medium.jpeg,,"",,2,0,false,2,"Brookfield Township, IL, USA",41.32035051,-88.69967711,8,,,,8,,open,false,,,Zebra Mussel,Dreissena polymorpha,Zebra Mussel,Mollusca,116340
227326272,c82d92c0-c20d-473e-ac49-37310d675814,Fri Jul 05 2024 11:56:42 GMT -0400 (EDT),2024-07-05,2024-07-05 15:56:42 UTC,Eastern Time (US & Canada),9285,jclevinger,Jennifer Clevinger,2024-07-05 16:22:27 UTC,2025-09-05 18:20:32 UTC,research,CC-BY-NC,https://www.inaturalist.org/observations/227326272,https://inaturalist-open-data.s3.amazonaws.com/photos/410793067/medium.jpeg,,"",,2,0,false,333,"Ottawa County, US-OH, US",41.6637802124,-82.7945404053,4,,,,4,,open,false,,,Zebra Mussel,Dreissena polymorpha,Zebra Mussel,Mollusca,116340
227333601,ec7a95f7-9747-4ac1-8750-e1706ec3e21d,2024-07-05 13:02:54,2024-07-05,2024-07-05 17:02:54 UTC,Indiana (East),7500150,dinodentist,DinoDentist,2024-07-05 17:05:52 UTC,2025-09-08 03:53:35 UTC,research,CC-BY,https://www.inaturalist.org/observations/227333601,https://inaturalist-open-data.s3.amazonaws.com/photos/403281811/medium.jpeg,,"",,2,0,false,2,"Indiana, US",41.2761816709,-85.6353708053,52,,,,27816,obscured,open,true,gps,gps,Zebra Mussel,Dreissena polymorpha,Zebra Mussel,Mollusca,116340
227339443,7ff6e6f3-e136-4fbb-b57d-0446219d447a,2024-07-05 13:34:39,2024-07-05,2024-07-05 17:34:39 UTC,Indiana (East),7500150,dinodentist,DinoDentist,2024-07-05 17:35:25 UTC,2025-09-08 03:53:38 UTC,research,CC-BY,https://www.inaturalist.org/observations/227339443,https://inaturalist-open-data.s3.amazonaws.com/photos/403292806/medium.jpeg,,"",,2,0,false,2,"Indiana, US",41.2398064095,-85.7629855288,54,,,,27816,obscured,open,true,gps,gps,Zebra Mussel,Dreissena polymorpha,Zebra Mussel,Mollusca,116340
227415702,6fcdb818-b031-4f18-97f1-4a6280886c20,2024-07-05 18:13:06-04:00,2024-07-05,2024-07-05 22:13:06 UTC,America/Detroit,8328356,ryaho,,2024-07-06 00:37:47 UTC,2024-07-06 15:51:04 UTC,research,CC-BY-NC,https://www.inaturalist.org/observations/227415702,https://inaturalist-open-data.s3.amazonaws.com/photos/403436152/medium.jpg,,"","",1,0,false,3,"Pellston, MI, US",45.5665181203,-84.6771142804,106,,,,106,,open,false,,,Zebra Mussel,Dreissena polymorpha,Zebra Mussel,Mollusca,116340
227416101,d2ae58e5-0d8d-4782-9b04-6c4af7b6c278,2024-07-05 20:40:06,2024-07-05,2024-07-06 00:40:06 UTC,America/Detroit,8294492,zachdanevicz,Zach Danevicz,2024-07-06 00:40:30 UTC,2024-07-06 15:49:59 UTC,research,,https://www.inaturalist.org/observations/227416101,https://static.inaturalist.org/photos/403440979/medium.jpeg,,"",,1,0,false,2,"Munro Township, MI, USA",45.55998195,-84.67410821,8,,,,8,,open,false,,,Zebra Mussel,Dreissena polymorpha,Zebra Mussel,Mollusca,116340
227417488,977d33cd-96c5-481e-b8de-94406ea156d9,2024-06-11 10:45:25-05:00,2024-06-11,2024-06-11 15:45:25 UTC,Central Time (US & Canada),2328821,jesseholifield,Jesse Holifield,2024-07-06 00:49:35 UTC,2024-07-06 15:50:02 UTC,research,CC-BY-NC,https://www.inaturalist.org/observations/227417488,https://inaturalist-open-data.s3.amazonaws.com/photos/403439904/medium.jpg,,"","",1,0,false,3,"O'Neal Harbor, Florence, AL, US",34.785105,-87.6740033333,4,,,,4,,open,false,,,Zebra Mussel,Dreissena polymorpha,Zebra Mussel,Mollusca,116340
227438074,8cadf5b4-ad6e-47e4-85bd-6d2e07253a73,2024/07/04 12:20 PM,2024-07-04,2024-07-04 17:20:00 UTC,Central Time (US & Canada),1853317,redadmiral98,Connor Ross,2024-07-06 03:08:57 UTC,2024-07-06 15:47:18 UTC,research,CC-BY-NC,https://www.inaturalist.org/observations/227438074,https://inaturalist-open-data.s3.amazonaws.com/photos/403479128/medium.jpeg,,"",,2,0,false,,"Elkhart Lake, WI, USA",43.8234472222,-88.0200277778,4,,,,4,,open,false,,,Zebra Mussel,Dreissena polymorpha,Zebra Mussel,Mollusca,116340
227438078,9987b546-98ed-4372-9709-46a3aac8e78b,2024/07/04 12:53 PM,2024-07-04,2024-07-04 17:53:00 UTC,Central Time (US & Canada),1853317,redadmiral98,Connor Ross,2024-07-06 03:08:58 UTC,2024-07-06 15:47:24 UTC,research,CC-BY-NC,https://www.inaturalist.org/observations/227438078,https://inaturalist-open-data.s3.amazonaws.com/photos/403479177/medium.jpeg,,"",,2,0,false,,"Elkhart Lake, WI, USA",43.8234944444,-88.0200361111,13,,,,13,,open,false,,,Zebra Mussel,Dreissena polymorpha,Zebra Mussel,Mollusca,116340
227541842,6995ae67-96fa-4364-9635-61552d1fb6dd,2024-07-06 10:00:40,2024-07-06,2024-07-06 14:00:40 UTC,America/Detroit,7168122,hernanlopez-fernandez,Hernan Lopez-Fernandez,2024-07-06 15:55:59 UTC,2024-07-06 20:56:21 UTC,research,,https://www.inaturalist.org/observations/227541842,https://static.inaturalist.org/photos/403675674/medium.jpeg,,"",,1,0,false,2,"Munro Township, MI, USA",45.5751282,-84.7278127997,,,,,,,open,false,gps,gps,Zebra Mussel,Dreissena polymorpha,Zebra Mussel,Mollusca,116340
227615833,75f12cec-266d-499a-b92c-a8fee40b8452,2024-07-03 14:19:44,2024-07-03,2024-07-03 18:19:44 UTC,Eastern Time (US & Canada),7614896,callicladium,Callicladium,2024-07-06 21:03:40 UTC,2024-07-07 01:35:47 UTC,research,CC-BY-NC,https://www.inaturalist.org/observations/227615833,https://inaturalist-open-data.s3.amazonaws.com/photos/403814556/medium.jpeg,,"",,1,0,false,2,"Noblewood Park, NY 12996, USA",44.3553201641,-73.3555305004,426,,,,426,,open,false,gps,gps,Zebra Mussel,Dreissena polymorpha,Zebra Mussel,Mollusca,116340
227615905,d193c9c9-5292-421b-9e65-f2510733fa80,2024-07-03 14:19:00,2024-07-03,2024-07-03 18:19:00 UTC,Eastern Time (US & Canada),7614896,callicladium,Callicladium,2024-07-06 21:04:02 UTC,2024-07-07 01:35:44 UTC,research,CC-BY-NC,https://www.inaturalist.org/observations/227615905,https://inaturalist-open-data.s3.amazonaws.com/photos/403814785/medium.jpeg,,"",,1,0,false,2,"Noblewood Park, NY 12996, USA",44.3553201641,-73.3555305004,426,,,,426,,open,false,gps,gps,Zebra Mussel,Dreissena polymorpha,Zebra Mussel,Mollusca,116340
227626972,f3c318f9-7e9e-450d-9342-38bbd673f628,2024-07-05 16:19:41-04:00,2024-07-05,2024-07-05 20:19:41 UTC,America/Nipigon,3035118,theilmm,Mike Theil,2024-07-06 21:52:37 UTC,2024-07-07 01:35:41 UTC,research,CC-BY-NC,https://www.inaturalist.org/observations/227626972,https://inaturalist-open-data.s3.amazonaws.com/photos/403835386/medium.jpg,,"","",1,0,false,3,"Mink Lake, North Algona Wilberforce, ON, CA",45.5546916667,-77.0335611667,4,,,,4,,open,false,,,Zebra Mussel,Dreissena polymorpha,Zebra Mussel,Mollusca,116340
227819656,06702df7-4352-48f0-8417-3b3f5529aafe,2024-07-06 10:28:19-04:00,2024-07-06,2024-07-06 14:28:19 UTC,America/Detroit,8328186,benjamin84752,Benjamin Carlson,2024-07-07 17:40:17 UTC,2024-07-07 22:14:19 UTC,research,,https://www.inaturalist.org/observations/227819656,https://static.inaturalist.org/photos/404197400/medium.jpg,,"","",1,0,false,3,"South Fishtail Bay, Pellston, MI, US",45.5603676007,-84.6754833047,26,,,,26,,open,false,,,Zebra Mussel,Dreissena polymorpha,Zebra Mussel,Mollusca,116340
227822955,32d169e2-bbd5-4e39-a788-40db62f345dd,2024/07/01 8:28 AM,2024-07-01,2024-07-01 12:28:00 UTC,Eastern Time (US & Canada),586546,stevecollins,Steve Collins,2024-07-07 17:53:07 UTC,2024-07-07 22:14:17 UTC,research,CC-BY,https://www.inaturalist.org/observations/227822955,https://static.inaturalist.org/photos/404171766/medium.jpg,,"",,1,0,false,,"Wood County, WV, USA",39.3909232094,-81.4181802152,16,,,,16,,open,false,,,Zebra Mussel,Dreissena polymorpha,Zebra Mussel,Mollusca,116340
227829216,6e245df7-319b-4bee-9293-c8ea5bb189ce,2024-07-06 14:22:52-04:00,2024-07-06,2024-07-06 18:22:52 UTC,Eastern Time (US & Canada),7377883,rowen_murray,Rowen Murray,2024-07-07 18:16:13 UTC,2024-07-11 12:59:54 UTC,research,,https://www.inaturalist.org/observations/227829216,https://static.inaturalist.org/photos/404215822/medium.jpg,,"","",1,0,false,3,"Button Bay State Park, Vergennes, VT, US",44.1791383333,-73.3700866667,8,,,,8,,open,false,,,Zebra Mussel,Dreissena polymorpha,Zebra Mussel,Mollusca,116340
227862570,46583cb9-96d9-4473-8b89-26f219fc083c,Sun Jul 07 2024 16:28:41 GMT -0400 (EDT),2024-07-07,2024-07-07 20:28:41 UTC,Eastern Time (US & Canada),391179,jennbaici,"",2024-07-07 20:28:47 UTC,2024-07-08 01:10:47 UTC,research,CC-BY-NC,https://www.inaturalist.org/observations/227862570,https://inaturalist-open-data.s3.amazonaws.com/photos/404279094/medium.jpeg,,"",,1,0,false,333,Selwyn,44.4093933105,-78.4323806763,3254,,,,3254,,open,false,,,Zebra Mussel,Dreissena polymorpha,Zebra Mussel,Mollusca,116340
227902801,102ed6af-0fe5-40a4-9c58-ff9cfec78b37,Sun Jul 07 2024 19:45:09 GMT -0400 (EDT),2024-07-07,2024-07-07 23:45:09 UTC,Eastern Time (US & Canada),5021560,boscro,,2024-07-07 23:45:27 UTC,2024-07-08 01:10:38 UTC,research,,https://www.inaturalist.org/observations/227902801,https://static.inaturalist.org/photos/404357573/medium.jpeg,,"",,1,0,false,333,Westport,44.2323074341,-73.3584594727,3,,,,3,,open,false,,,Zebra Mussel,Dreissena polymorpha,Zebra Mussel,Mollusca,116340
227919191,0ab7e440-a7c6-4c81-8e7f-d37eceacae67,2024-07-07 15:50:33-04:00,2024-07-07,2024-07-07 19:50:33 UTC,Eastern Time (US & Canada),4976295,flanglois,,2024-07-08 01:24:54 UTC,2024-07-09 11:59:50 UTC,research,CC-BY-NC,https://www.inaturalist.org/observations/227919191,https://inaturalist-open-data.s3.amazonaws.com/photos/404389873/medium.jpg,,"",De toutes petites moules fixées sur une roche trouvée à la plage des Cantons.,2,0,false,3,"Ch de la Plage-Municipale, Magog, QC, CA",45.2719996657,-72.1766711606,137,,,,137,,open,false,,,Moule zébrée,Dreissena polymorpha,Zebra Mussel,Mollusca,116340
228032092,59823b1a-2395-481b-a6b2-19100f11585c,2024-07-08 11:03:34-04:00,2024-07-08,2024-07-08 15:03:34 UTC,Eastern Time (US & Canada),7283002,lsimps,,2024-07-08 15:04:34 UTC,2024-07-08 19:27:01 UTC,research,CC-BY-NC,https://www.inaturalist.org/observations/228032092,https://inaturalist-open-data.s3.amazonaws.com/photos/404605086/medium.jpg,,"","",2,0,false,3,"Coast Guard Rd, Millcreek Township, PA, US",42.1619201072,-80.0783071205,3,,,,3,,open,false,,,Zebra Mussel,Dreissena polymorpha,Zebra Mussel,Mollusca,116340
228076182,2068e602-44ee-4760-a19b-8023418449eb,2024-07-08 14:18:56-04:00,2024-07-08,2024-07-08 18:18:56 UTC,America/Detroit,8328007,ckaufman127,,2024-07-08 18:36:37 UTC,2024-07-08 22:45:26 UTC,research,CC-BY-NC,https://www.inaturalist.org/observations/228076182,https://inaturalist-open-data.s3.amazonaws.com/photos/404687492/medium.jpg,,"","",2,0,false,3,"South Fishtail Bay, Pellston, MI, US",45.5633283333,-84.66648,4,,,,4,,open,false,,,Zebra Mussel,Dreissena polymorpha,Zebra Mussel,Mollusca,116340
228081263,450d3c48-b65c-4dec-836c-fe72f4a0a4ac,2024-07-05,2024-07-05,,America/Detroit,734334,douglassmith,Douglas Smith,2024-07-08 19:02:04 UTC,2024-11-14 00:52:13 UTC,research,CC-BY-NC-ND,https://www.inaturalist.org/observations/228081263,https://inaturalist-open-data.s3.amazonaws.com/photos/404697134/medium.jpeg,,"","",1,0,false,2,"Montague, MI, USA",43.365632,-86.410165,207,,,,207,,open,false,gps,gps,Zebra Mussel,Dreissena polymorpha,Zebra Mussel,Mollusca,116340
228084600,972a8707-20a7-47cb-a351-79031403c50c,2024-07-08 15:15:34,2024-07-08,2024-07-08 19:15:34 UTC,Indiana (East),7004362,micahmcd13,"",2024-07-08 19:18:47 UTC,2025-09-08 03:53:42 UTC,research,CC-BY-NC,https://www.inaturalist.org/observations/228084600,https://inaturalist-open-data.s3.amazonaws.com/photos/404704413/medium.jpeg,,"",,1,0,false,2,"Pleasant Township, IN 46703, USA",41.689989747,-85.0205285847,27,,,,27,,open,false,gps,gps,Zebra Mussel,Dreissena polymorpha,Zebra Mussel,Mollusca,116340
228091017,50401ec8-c825-42d8-a420-8e6b4e8b1712,2024-07-08 14:19:10,2024-07-08,2024-07-08 18:19:10 UTC,America/Detroit,8335991,katelyn86918,Katelyn Jasmin,2024-07-08 19:47:30 UTC,2024-07-09 15:37:36 UTC,research,,https://www.inaturalist.org/observations/228091017,https://static.inaturalist.org/photos/404715916/medium.jpeg,,"",,3,0,false,2,"Munro Township, MI, USA",45.5716214977,-84.6601416171,185,,,,185,,open,false,gps,gps,Zebra Mussel,Dreissena polymorpha,Zebra Mussel,Mollusca,116340
228224898,9c0f6f16-21bd-4bf2-bc9c-7cf2794815bb,2024-07-08 19:44:59,2024-07-08,2024-07-08 23:44:59 UTC,America/Detroit,4542494,kris266,Kris Walters,2024-07-09 12:55:30 UTC,2024-07-10 13:51:58 UTC,research,,https://www.inaturalist.org/observations/228224898,https://static.inaturalist.org/photos/404972385/medium.jpeg,,"",,1,0,false,2,"Au Train, MI 49806, USA",46.3965169,-86.838553,,,,,,,open,false,gps,gps,Zebra Mussel,Dreissena polymorpha,Zebra Mussel,Mollusca,116340
228512497,e875edd1-3980-4fd8-884d-44ea02d40b8c,2024-07-04 16:01:27-04:00,2024-07-04,2024-07-04 20:01:27 UTC,America/Detroit,7175839,justin_billau,Justin B.,2024-07-10 20:34:30 UTC,2024-07-10 22:04:55 UTC,research,CC-BY-NC-ND,https://www.inaturalist.org/observations/228512497,https://inaturalist-open-data.s3.amazonaws.com/photos/405509226/medium.jpg,,"","",1,0,false,3,"South Fishtail Bay, Pellston, MI, US",45.5607778485,-84.6704806986,179,,,,179,,open,false,,,Zebra Mussel,Dreissena polymorpha,Zebra Mussel,Mollusca,116340
228691533,41b204e0-6a37-416c-881b-299190dc69b1,Thu Jul 11 2024 15:56:16 GMT -0400 (EDT),2024-07-11,2024-07-11 19:56:16 UTC,Eastern Time (US & Canada),7884037,str_education,Daniel Bellinger,2024-07-11 19:56:31 UTC,2024-07-13 15:31:33 UTC,research,,https://www.inaturalist.org/observations/228691533,https://static.inaturalist.org/photos/405851835/medium.jpeg,,"",,1,0,false,333,Fineview,44.3066253662,-76.0324172974,98,,,,98,,open,false,,,Zebra Mussel,Dreissena polymorpha,Zebra Mussel,Mollusca,116340
228717049,59119d5e-24e6-43d7-bee1-4991c083ffd7,2024-07-10 14:30:12-04:00,2024-07-10,2024-07-10 18:30:12 UTC,Eastern Time (US & Canada),444224,maeverafferty,maeve rafferty,2024-07-11 22:19:23 UTC,2024-07-13 11:39:11 UTC,research,,https://www.inaturalist.org/observations/228717049,https://static.inaturalist.org/photos/405901370/medium.jpeg,,"","",2,0,false,3,"62nd St, Pittsburgh, PA, US",40.4890783333,-79.9399716667,28,,,,28,,open,false,,,Zebra Mussel,Dreissena polymorpha,Zebra Mussel,Mollusca,116340
228736894,b8bfbc6f-fc3c-41af-9a3b-86c311d1cbfc,2024-07-11 19:43:56,2024-07-11,2024-07-12 00:43:56 UTC,Central Time (US & Canada),1518076,k10lancaster,"",2024-07-12 00:45:04 UTC,2024-07-14 12:13:37 UTC,research,CC-BY-NC,https://www.inaturalist.org/observations/228736894,https://inaturalist-open-data.s3.amazonaws.com/photos/405942100/medium.jpeg,,"",,2,0,false,2,"East Gull Lake, MN 56401, USA",46.4131811997,-94.3580278997,,,,,,,open,false,,,Zebra Mussel,Dreissena polymorpha,Zebra Mussel,Mollusca,116340
228757151,29e8eb2a-1bc8-4894-8e09-e8cd36a4e08a,2024-07-11 18:07:00-05:00,2024-07-11,2024-07-11 23:07:00 UTC,Central Time (US & Canada),7256197,macybenson,,2024-07-12 03:12:16 UTC,2024-07-12 15:47:43 UTC,research,CC-BY-NC,https://www.inaturalist.org/observations/228757151,https://inaturalist-open-data.s3.amazonaws.com/photos/405982139/medium.jpeg,,"","",2,0,false,3,"Roy Lake, Nisswa, MN, US",46.5179770424,-94.3212267115,71,,,,71,,open,false,,,Zebra Mussel,Dreissena polymorpha,Zebra Mussel,Mollusca,116340
228838399,29ef78d5-16c2-486b-8957-2eba1d887bfa,2024-07-12 11:09:36-04:00,2024-07-12,2024-07-12 15:09:36 UTC,America/Nipigon,1102815,cwilk,Corinne Wilkerson,2024-07-12 15:17:47 UTC,2024-07-13 11:39:32 UTC,research,,https://www.inaturalist.org/observations/228838399,https://static.inaturalist.org/photos/406134759/medium.jpeg,,"","",2,0,false,3,"Macbeth Bay, Huron Shores, ON, CA",46.2847825862,-83.6151915493,19,,,,19,,open,false,,,Zebra Mussel,Dreissena polymorpha,Zebra Mussel,Mollusca,116340
228838430,475e339b-7ebc-4b19-be28-7c81b81a6381,2024-07-12 11:14:46-04:00,2024-07-12,2024-07-12 15:14:46 UTC,America/Nipigon,1102815,cwilk,Corinne Wilkerson,2024-07-12 15:17:58 UTC,2024-07-13 11:39:28 UTC,research,,https://www.inaturalist.org/observations/228838430,https://static.inaturalist.org/photos/406135221/medium.jpeg,,"","",2,0,false,3,"Macbeth Bay, Huron Shores, ON, CA",46.2847045085,-83.6151490642,19,,,,19,,open,false,,,Zebra Mussel,Dreissena polymorpha,Zebra Mussel,Mollusca,116340
228935192,0ec78aa3-a19b-498a-a057-a66e04321827,2024-07-12 13:51:27-04:00,2024-07-12,2024-07-12 17:51:27 UTC,America/Detroit,7175839,justin_billau,Justin B.,2024-07-13 01:05:51 UTC,2024-07-13 04:26:14 UTC,research,CC-BY-NC-ND,https://www.inaturalist.org/observations/228935192,https://inaturalist-open-data.s3.amazonaws.com/photos/406321785/medium.jpeg,,"","",1,0,false,3,"Pellston, MI, US",45.568805,-84.6827466667,4,,,,4,,open,false,,,Zebra Mussel,Dreissena polymorpha,Zebra Mussel,Mollusca,116340
228935633,5d5e0675-53cf-4c11-b03f-bfbc0e86356c,2024-07-12 20:40:12,2024-07-12,2024-07-13 00:40:12 UTC,Eastern Time (US & Canada),6868196,rebhuntington14,,2024-07-13 01:09:06 UTC,2024-07-13 11:39:42 UTC,research,CC-BY-NC,https://www.inaturalist.org/observations/228935633,https://inaturalist-open-data.s3.amazonaws.com/photos/406322657/medium.jpeg,,"",,3,0,false,2,"Carlton, NY, USA",43.3204972222,-78.2527388889,,,,,,,open,false,gps,gps,Zebra Mussel,Dreissena polymorpha,Zebra Mussel,Mollusca,116340
229112543,3f5fa826-8820-4060-aa18-9868484552ce,2024-07-13 15:22:32-05:00,2024-07-13,2024-07-13 20:22:32 UTC,Central Time (US & Canada),7256197,macybenson,,2024-07-13 20:47:17 UTC,2024-07-14 03:15:10 UTC,research,CC-BY-NC,https://www.inaturalist.org/observations/229112543,https://inaturalist-open-data.s3.amazonaws.com/photos/406654715/medium.jpeg,,"","",1,0,false,3,"Round Lake, Nisswa, MN, US",46.4638716667,-94.2980883333,4,,,,4,,open,false,,,Zebra Mussel,Dreissena polymorpha,Zebra Mussel,Mollusca,116340
229112732,836d17d7-0057-4346-9389-4f74787e4d7a,2024-07-13 15:22:45-05:00,2024-07-13,2024-07-13 20:22:45 UTC,Central Time (US & Canada),7256197,macybenson,,2024-07-13 20:48:16 UTC,2024-07-14 03:15:05 UTC,research,CC-BY-NC,https://www.inaturalist.org/observations/229112732,https://inaturalist-open-data.s3.amazonaws.com/photos/406655125/medium.jpeg,,"","",1,0,false,3,"Round Lake, Nisswa, MN, US",46.463875,-94.2980883333,4,,,,4,,open,false,,,Zebra Mussel,Dreissena polymorpha,Zebra Mussel,Mollusca,116340
229130396,18e0b040-0777-48d5-874a-b230d9c9aca5,2024-07-13 18:16:43-04:00,2024-07-13,2024-07-13 22:16:43 UTC,Eastern Time (US & Canada),4351702,whitnessthis,Whitney Suurd,2024-07-13 22:16:55 UTC,2024-07-15 15:56:40 UTC,research,CC-BY-NC,https://www.inaturalist.org/observations/229130396,https://inaturalist-open-data.s3.amazonaws.com/photos/406689923/medium.jpeg,,"","",1,0,false,3,"Dalhousie St, Peterborough, ON, CA",44.2991636163,-78.3180646732,16,,,,16,,open,false,,,Zebra Mussel,Dreissena polymorpha,Zebra Mussel,Mollusca,116340
229140165,10f585af-1b29-4cd6-a658-9ec2e3f1188b,2024-07-13 19:12:04-04:00,2024-07-13,2024-07-13 23:12:04 UTC,Eastern Time (US & Canada),4351702,whitnessthis,Whitney Suurd,2024-07-13 23:12:22 UTC,2024-07-15 15:56:06 UTC,research,CC-BY-NC,https://www.inaturalist.org/observations/229140165,https://inaturalist-open-data.s3.amazonaws.com/photos/406707166/medium.jpeg,,"","",2,0,false,3,"George St N, Peterborough, ON, CA",44.2991788936,-78.3179687656,35,,,,35,,open,false,,,Zebra Mussel,Dreissena polymorpha,Zebra Mussel,Mollusca,116340
229160254,d34114ac-310e-4702-8b35-1e5ecaafab3f,2024-07-13 19:03:46-04:00,2024-07-13,2024-07-13 23:03:46 UTC,America/Nipigon,3113652,data_nerd,Andrew Sebastian,2024-07-14 01:22:28 UTC,2024-07-14 12:47:55 UTC,research,CC-BY,https://www.inaturalist.org/observations/229160254,https://inaturalist-open-data.s3.amazonaws.com/photos/406745372/medium.jpeg,,"","",2,0,false,3,"Wasaga Beach, Wasaga Beach, ON, CA",44.4711383333,-80.0998833333,12,,,,12,,open,false,,,Zebra Mussel,Dreissena polymorpha,Zebra Mussel,Mollusca,116340
229364269,7e4ebb57-4b51-4d42-b32c-75b316139fc6,2024-07-14 15:42:45-04:00,2024-07-14,2024-07-14 19:42:45 UTC,America/Detroit,268471,thomasgerrish,Thomas Gerrish,2024-07-14 21:43:48 UTC,2024-07-14 23:58:41 UTC,research,,https://www.inaturalist.org/observations/229364269,https://static.inaturalist.org/photos/407125141/medium.jpeg,,"","",1,0,false,3,"Wilderness State Park, Levering, MI, US",45.7207521424,-84.9405064714,3,,,,3,,open,false,,,Zebra Mussel,Dreissena polymorpha,Zebra Mussel,Mollusca,116340
229368406,558debe9-5436-48e2-829a-4ee3e685704c,2024/06/11 3:43 PM,2024-06-11,2024-06-11 20:43:00 UTC,Central Time (US & Canada),643751,jeffgarner,Jeff Garner,2024-07-14 22:04:54 UTC,2024-07-15 12:57:15 UTC,research,CC-BY-NC,https://www.inaturalist.org/observations/229368406,https://inaturalist-open-data.s3.amazonaws.com/photos/407133546/medium.jpeg,,"",,2,0,false,,"Tennessee River, Rockpile Recreation Area, Colbert County, AL, USA",34.7930051346,-87.6353466821,24,,,,24,,open,false,,,Zebra Mussel,Dreissena polymorpha,Zebra Mussel,Mollusca,116340
229371841,ea3d8b7a-e67f-4365-8b85-09d7a51db28e,2024-07-14 16:41:55,2024-07-14,2024-07-14 20:41:55 UTC,Eastern Time (US & Canada),513223,runaway_run,Natalie,2024-07-14 22:23:25 UTC,2024-08-26 03:28:46 UTC,research,CC-BY-NC,https://www.inaturalist.org/observations/229371841,https://inaturalist-open-data.s3.amazonaws.com/photos/407140597/medium.jpeg,,"",,2,0,false,2,"New Milford, CT 06776, USA",41.5936205368,-73.4493243322,185,,,,185,,open,false,gps,gps,Zebra Mussel,Dreissena polymorpha,Zebra Mussel,Mollusca,116340
229486254,1dd032b5-616e-4f16-b53e-b578f19b6a07,2024-07-13 20:21:17-04:00,2024-07-13,2024-07-14 00:21:17 UTC,Eastern Time (US & Canada),5567516,aiza60,,2024-07-15 13:10:36 UTC,2024-07-17 02:49:51 UTC,research,CC-BY-NC,https://www.inaturalist.org/observations/229486254,https://inaturalist-open-data.s3.amazonaws.com/photos/407358731/medium.jpeg,,"","",1,0,false,3,"Lake Ontario, Mississauga, ON, CA",43.5238216667,-79.5799633333,1952,,,,1952,,open,false,,,Zebra Mussel,Dreissena polymorpha,Zebra Mussel,Mollusca,116340
229598761,a278cad0-a268-4a04-b9ff-8235662601a6,2024-07-15 15:49:29-05:00,2024-07-15,2024-07-15 20:49:29 UTC,Central Time (US & Canada),3135146,iacomaner,"",2024-07-15 23:24:59 UTC,2024-07-16 16:51:54 UTC,research,CC-BY-NC,https://www.inaturalist.org/observations/229598761,https://inaturalist-open-data.s3.amazonaws.com/photos/407568039/medium.jpeg,,"",yikes,2,0,false,3,"Lavaca, AR, US",35.3487133333,-94.2908783333,3,,,,3,,open,false,,,Zebra Mussel,Dreissena polymorpha,Zebra Mussel,Mollusca,116340
229821503,1a9120a4-f013-4dea-be2f-0e7a8d1c4f95,2024-07-14 16:44:26-04:00,2024-07-14,2024-07-14 20:44:26 UTC,Eastern Time (US & Canada),8082583,meemzilla,Colin Cogle,2024-07-17 02:06:35 UTC,2024-09-05 09:30:45 UTC,research,CC-BY,https://www.inaturalist.org/observations/229821503,https://inaturalist-open-data.s3.amazonaws.com/photos/407994622/medium.jpeg,,"","",1,0,false,3,"Housatonic River, New Milford, CT, US",41.5928992024,-73.4499017271,23,,,,23,,open,false,,,Zebra Mussel,Dreissena polymorpha,Zebra Mussel,Mollusca,116340
229899379,e44103ea-bb7d-4e2f-9963-c1e80396fb2d,Wed Jul 17 2024 09:13:26 GMT -0500 (CDT),2024-07-17,2024-07-17 14:13:26 UTC,Central Time (US & Canada),7765220,rangerlindsay,,2024-07-17 14:13:48 UTC,2024-07-18 20:46:29 UTC,research,CC-BY-NC,https://www.inaturalist.org/observations/229899379,https://inaturalist-open-data.s3.amazonaws.com/photos/408653385/medium.jpeg,,"",,1,0,false,333,Denison,33.8259925842,-96.6149139404,5552,,,,5552,,open,false,,,Zebra Mussel,Dreissena polymorpha,Zebra Mussel,Mollusca,116340
229945985,4a10d7a4-73d5-4022-b99c-06c09d61e161,2024-07-17 14:27:07,2024-07-17,2024-07-17 18:27:07 UTC,America/Nipigon,970971,kelton_ah,Kelton Adderley-Heron,2024-07-17 18:29:35 UTC,2024-08-23 22:27:32 UTC,research,CC-BY-NC,https://www.inaturalist.org/observations/229945985,https://static.inaturalist.org/photos/408228869/medium.jpeg,,"",,2,0,false,2,"Muskoka District Municipality, ON, Canada",44.83595,-79.8080333333,,,,,,,open,false,gps,gps,Zebra Mussel,Dreissena polymorpha,Zebra Mussel,Mollusca,116340
230002144,ffa5f0e6-25fc-4357-a333-409e3e7d0a42,Wed Jul 17 2024 19:59:11 GMT -0400 (EDT),2024-07-17,2024-07-17 23:59:11 UTC,America/Nipigon,8016062,geronamojeffkong4664,Ethan,2024-07-18 00:01:38 UTC,2024-08-03 18:22:46 UTC,research,CC-BY-NC,https://www.inaturalist.org/observations/230002144,https://inaturalist-open-data.s3.amazonaws.com/photos/408350561/medium.jpeg,,"",,1,0,false,333,Sharbot Lake,44.7595062256,-76.7009963989,72,,,,72,,open,false,,,Zebra Mussel,Dreissena polymorpha,Zebra Mussel,Mollusca,116340
230114437,8b5f4de9-6ed8-4265-a732-6b27aa018661,2024-07-18 12:00:31-04:00,2024-07-18,2024-07-18 16:00:31 UTC,America/Detroit,7175839,justin_billau,Justin B.,2024-07-18 16:00:58 UTC,2024-07-18 18:20:45 UTC,research,CC-BY-NC-ND,https://www.inaturalist.org/observations/230114437,https://inaturalist-open-data.s3.amazonaws.com/photos/408550983/medium.jpeg,,"","",1,0,false,3,"Trails End Bay, MI, US",45.7520589541,-84.7894036839,4,,,,4,,open,false,,,Zebra Mussel,Dreissena polymorpha,Zebra Mussel,Mollusca,116340
230229768,ea0a3793-6405-43f6-be88-c93139851ff4,2024-07-15 12:57:40-04:00,2024-07-15,2024-07-15 16:57:40 UTC,Eastern Time (US & Canada),4602591,natmud,Natalie Mudd,2024-07-19 03:56:31 UTC,2024-07-19 14:44:42 UTC,research,CC-BY-NC,https://www.inaturalist.org/observations/230229768,https://inaturalist-open-data.s3.amazonaws.com/photos/408773453/medium.jpeg,,"","",1,0,false,3,"South Bass Island, Put in Bay, OH, US",41.6555333333,-82.80867,59,,,,59,,open,false,,,Zebra Mussel,Dreissena polymorpha,Zebra Mussel,Mollusca,116340
230238195,2bab7a90-ece9-43e1-84b4-fd8fcee04db4,2024-07-18 11:33:20-04:00,2024-07-18,2024-07-18 15:33:20 UTC,Eastern Time (US & Canada),3114690,samhough315,Sam Hough,2024-07-19 05:28:47 UTC,2024-07-19 14:44:39 UTC,research,CC-BY-NC,https://www.inaturalist.org/observations/230238195,https://inaturalist-open-data.s3.amazonaws.com/photos/408790446/medium.jpeg,,"","",1,0,false,3,"Bradley Brook Reservoir, Eaton, NY, US",42.8366666667,-75.6633083333,4,,,,4,,open,false,,,Zebra Mussel,Dreissena polymorpha,Zebra Mussel,Mollusca,116340
230285739,7c957a65-3885-4bff-b67d-0ac31fad8baf,2024-06-12 14:06:34-05:00,2024-06-12,2024-06-12 19:06:34 UTC,Central Time (US & Canada),2328821,jesseholifield,Jesse Holifield,2024-07-19 13:22:34 UTC,2024-07-19 14:44:35 UTC,research,CC-BY-NC,https://www.inaturalist.org/observations/230285739,https://inaturalist-open-data.s3.amazonaws.com/photos/408878915/medium.jpeg,,"","",1,0,false,3,"Sevenmile Island, Florence, AL, US",34.738405,-87.784295,4,,,,4,,open,false,,,Zebra Mussel,Dreissena polymorpha,Zebra Mussel,Mollusca,116340
230285895,46e014a1-416a-454c-b378-25f4e27b20a4,2024-06-12 14:06:13-05:00,2024-06-12,2024-06-12 19:06:13 UTC,Central Time (US & Canada),2328821,jesseholifield,Jesse Holifield,2024-07-19 13:23:40 UTC,2024-07-19 14:44:33 UTC,research,CC-BY-NC,https://www.inaturalist.org/observations/230285895,https://inaturalist-open-data.s3.amazonaws.com/photos/408879197/medium.jpeg,,"","",1,0,false,3,"Sevenmile Island, Florence, AL, US",34.7384133333,-87.784295,4,,,,4,,open,false,,,Zebra Mussel,Dreissena polymorpha,Zebra Mussel,Mollusca,116340
230362105,d5391ca4-f9b7-4e45-8596-31328f0374bf,2024-07-19 13:09:09-04:00,2024-07-19,2024-07-19 17:09:09 UTC,Eastern Time (US & Canada),16823,jnstuart,James N. Stuart,2024-07-19 20:18:43 UTC,2024-07-19 23:49:28 UTC,research,CC-BY-NC,https://www.inaturalist.org/observations/230362105,https://inaturalist-open-data.s3.amazonaws.com/photos/408975005/medium.jpeg,,"","The smaller shells, alongside Quagga mussels.",1,0,false,,"Ontario Beach Park, Rochester, NY, US",43.2594517141,-77.6060983285,152,,,,152,,open,false,,,Zebra Mussel,Dreissena polymorpha,Zebra Mussel,Mollusca,116340
230388803,f338d788-2f79-4327-b676-e1a04787c572,2024-07-19 18:59:30,2024-07-19,2024-07-19 22:59:30 UTC,Eastern Time (US & Canada),8163621,brittanie70481,Brittanie Smith,2024-07-19 23:01:58 UTC,2024-07-20 15:26:49 UTC,research,,https://www.inaturalist.org/observations/230388803,https://static.inaturalist.org/photos/409077303/medium.jpeg,,"",,1,0,false,2,"Beaver County, US-PA, US",40.6945305172,-80.2927010134,4,,,,4,,open,false,gps,gps,Zebra Mussel,Dreissena polymorpha,Zebra Mussel,Mollusca,116340
230391947,bb9e4dc4-e319-4277-bc81-18bbd1f6f060,2024-07-19 15:14:06,2024-07-19,2024-07-19 20:14:06 UTC,Central Time (US & Canada),6413499,bucketofseaweed,Landon Marshall,2024-07-19 23:22:12 UTC,2024-07-19 23:48:10 UTC,research,CC-BY-NC,https://www.inaturalist.org/observations/230391947,https://inaturalist-open-data.s3.amazonaws.com/photos/409083497/medium.jpeg,,"",,1,0,false,2,"Dubuque, IA 52001, USA",42.536897937,-90.6443782523,127,,,,127,,open,false,gps,gps,Zebra Mussel,Dreissena polymorpha,Zebra Mussel,Mollusca,116340
230489686,675ca5cd-a2fe-4330-9391-eed1504df06f,2024-07-18 13:48:34,2024-07-18,2024-07-18 18:48:34 UTC,Central Time (US & Canada),492819,tlev,,2024-07-20 13:18:23 UTC,2024-07-21 02:18:46 UTC,research,CC-BY-NC,https://www.inaturalist.org/observations/230489686,https://inaturalist-open-data.s3.amazonaws.com/photos/409265362/medium.jpeg,,"",,1,0,false,2,"Lyons, WI, USA",42.63179568,-88.37904634,4,,,,4,,open,false,,,Zebra Mussel,Dreissena polymorpha,Zebra Mussel,Mollusca,116340
230520478,2dd0603d-67b2-444f-a68c-66c6322216bf,2024-07-20 11:38:57-04:00,2024-07-20,2024-07-20 15:38:57 UTC,Eastern Time (US & Canada),3114690,samhough315,Sam Hough,2024-07-20 15:52:13 UTC,2024-07-21 02:18:34 UTC,research,CC-BY-NC,https://www.inaturalist.org/observations/230520478,https://inaturalist-open-data.s3.amazonaws.com/photos/409320589/medium.jpeg,,"","",1,0,false,3,"Huntington Camp Rd, Eaton, NY, US",42.8374833333,-75.6629333333,23,,,,23,,open,false,,,Zebra Mussel,Dreissena polymorpha,Zebra Mussel,Mollusca,116340
230579168,3d436fea-ab21-4b8d-b5f7-75ee591cc8ac,2024-07-20 15:55:47-04:00,2024-07-20,2024-07-20 19:55:47 UTC,America/Detroit,8330141,veronika99945,Veronika Tsymbal,2024-07-20 20:04:40 UTC,2024-07-21 02:16:38 UTC,research,,https://www.inaturalist.org/observations/230579168,https://static.inaturalist.org/photos/409428950/medium.jpeg,,"","",2,0,false,3,"State St, Pellston, MI, US",45.5600366667,-84.6742633333,5,,,,5,,open,false,,,Zebra Mussel,Dreissena polymorpha,Zebra Mussel,Mollusca,116340
230595956,100e6ee5-0da7-4f0f-a54a-655da2f56d83,2024-07-19 22:44:41,2024-07-19,2024-07-20 03:44:41 UTC,Central Time (US & Canada),6413499,bucketofseaweed,Landon Marshall,2024-07-20 21:19:40 UTC,2024-07-21 02:17:42 UTC,research,CC-BY-NC,https://www.inaturalist.org/observations/230595956,https://inaturalist-open-data.s3.amazonaws.com/photos/409461556/medium.jpeg,,"",,1,0,false,2,"Dubuque, IA 52001, USA",42.5253724448,-90.6435893476,1437,,,,1437,,open,false,gps,gps,Zebra Mussel,Dreissena polymorpha,Zebra Mussel,Mollusca,116340
230725010,43ed4a8c-2fad-49c7-b135-6bf0a639b1ec,2024-07-21 08:11:20,2024-07-21,2024-07-21 12:11:20 UTC,America/Nipigon,3194448,reeseg,,2024-07-21 12:13:35 UTC,2024-08-04 21:07:41 UTC,research,CC-BY-NC,https://www.inaturalist.org/observations/230725010,https://inaturalist-open-data.s3.amazonaws.com/photos/410767070/medium.jpeg,,"",,1,0,false,2,"Douro-Dummer, ON, Canada",44.5779063341,-78.0499695987,184,,,,184,,open,false,gps,gps,Zebra Mussel,Dreissena polymorpha,Zebra Mussel,Mollusca,116340
230753514,c039fe17-cc1f-4f3a-9153-6516fc4265b7,2024-07-20 17:12:18-04:00,2024-07-20,2024-07-20 21:12:18 UTC,Eastern Time (US & Canada),3244261,sebastienrioux,,2024-07-21 14:35:34 UTC,2024-09-17 21:02:37 UTC,research,CC-BY-NC,https://www.inaturalist.org/observations/230753514,https://inaturalist-open-data.s3.amazonaws.com/photos/409755585/medium.jpeg,,"","",2,0,false,3,"Rue Morency, Témiscouata-sur-le-Lac, QC, CA",47.6769377938,-68.8597827561,17,,,,17,,open,false,,,Moule zébrée,Dreissena polymorpha,Zebra Mussel,Mollusca,116340
230796932,a5ec7ac2-112d-442e-a814-9ab62b449784,2024-07-21 09:31:14,2024-07-21,2024-07-21 14:31:14 UTC,Central Time (US & Canada),6413499,bucketofseaweed,Landon Marshall,2024-07-21 17:33:04 UTC,2024-07-22 01:40:34 UTC,research,CC-BY-NC,https://www.inaturalist.org/observations/230796932,https://inaturalist-open-data.s3.amazonaws.com/photos/409832668/medium.jpeg,,"",,1,0,false,2,"Dubuque, IA 52001, USA",42.536897937,-90.6443782523,127,,,,127,,open,false,gps,gps,Zebra Mussel,Dreissena polymorpha,Zebra Mussel,Mollusca,116340
230852032,40fb4d7f-23f5-4430-85ce-e6e79c1df6a3,2024-06-13 12:51:26-05:00,2024-06-13,2024-06-13 17:51:26 UTC,Central Time (US & Canada),2328821,jesseholifield,Jesse Holifield,2024-07-21 21:26:43 UTC,2024-07-22 01:40:05 UTC,research,CC-BY-NC,https://www.inaturalist.org/observations/230852032,https://inaturalist-open-data.s3.amazonaws.com/photos/409936893/medium.jpeg,,"","",1,0,false,3,"Pickwick Lake, Florence, AL, US",34.7401716667,-87.7787383333,4,,,,4,,open,false,,,Zebra Mussel,Dreissena polymorpha,Zebra Mussel,Mollusca,116340
230862061,95361025-5b39-4a14-a919-020417e5d0eb,2024-07-21 14:52:58,2024-07-21,2024-07-21 18:52:58 UTC,Eastern Time (US & Canada),4306870,jeremie_casavant,Jérémie,2024-07-21 22:17:37 UTC,2025-06-10 10:57:56 UTC,research,,https://www.inaturalist.org/observations/230862061,https://inaturalist-open-data.s3.amazonaws.com/photos/409957075/medium.jpeg,,"",,1,0,false,2,"Québec, QC G1J 5L7, Canada",46.8434295997,-71.2033762783,48,,,,48,,open,false,gps,gps,Zebra Mussel,Dreissena polymorpha,Zebra Mussel,Mollusca,116340
230883978,e00d42f9-3de1-4afd-b80d-9bdfc1df6aaa,2024-07-21 16:20:58-04:00,2024-07-21,2024-07-21 20:20:58 UTC,America/Detroit,1869651,jpthistlecreek,J.P,2024-07-22 00:19:19 UTC,2024-07-22 01:39:57 UTC,research,CC-BY-NC,https://www.inaturalist.org/observations/230883978,https://inaturalist-open-data.s3.amazonaws.com/photos/410002029/medium.jpeg,,"","",1,0,false,3,"Grand Traverse County, US-MI, US",44.6373366667,-85.7555166667,4,,,,4,,open,false,,,Zebra Mussel,Dreissena polymorpha,Zebra Mussel,Mollusca,116340
230906777,48ad758a-508e-48b3-b1fa-9c4e72d131ee,2024-07-21 19:29:12,2024-07-21,2024-07-21 23:29:12 UTC,Eastern Time (US & Canada),2080330,stonehorton,"",2024-07-22 02:30:33 UTC,2024-07-22 13:20:08 UTC,research,,https://www.inaturalist.org/observations/230906777,https://inaturalist-open-data.s3.amazonaws.com/photos/410044834/medium.jpeg,,"",,1,0,false,2,"Milton, VT, USA",44.6287055556,-73.2394472222,,,,,,,open,false,gps,gps,Zebra Mussel,Dreissena polymorpha,Zebra Mussel,Mollusca,116340
230958556,9e74b440-5035-40d0-a013-01af0f506411,2024-07-22 06:45:58-04:00,2024-07-22,2024-07-22 10:45:58 UTC,Eastern Time (US & Canada),3288,danleavitt,Dan,2024-07-22 10:46:32 UTC,2024-07-22 13:20:05 UTC,research,,https://www.inaturalist.org/observations/230958556,https://static.inaturalist.org/photos/410146502/medium.jpeg,,"","",1,0,false,3,"Cumberland Head Rd, Plattsburgh, NY, US",44.7117185398,-73.4077341011,39,,,,39,,open,false,,,Zebra Mussel,Dreissena polymorpha,Zebra Mussel,Mollusca,116340
231156472,74e35f9b-f9e1-4246-84c2-550d4f2d0084,2024-07-21 07:02:00,2024-07-21,2024-07-21 12:02:00 UTC,Central Time (US & Canada),6548403,jmancebo,Jon Mancebo,2024-07-23 07:55:50 UTC,2024-09-29 18:45:15 UTC,research,,https://www.inaturalist.org/observations/231156472,https://static.inaturalist.org/photos/410521227/medium.jpeg,,"",,1,0,false,2,"Condado de Kenosha, Wisconsin, EE. UU.",42.5795002373,-87.8120175004,74,,,,74,,open,false,,,Zebra Mussel,Dreissena polymorpha,Zebra Mussel,Mollusca,116340
231208781,8c7dc05a-3f4f-4fe4-8f74-f5f456182537,2024-07-22 20:15:30-04:00,2024-07-22,2024-07-23 00:15:30 UTC,America/Detroit,5040194,huja,,2024-07-23 14:39:35 UTC,2025-05-01 11:41:00 UTC,research,,https://www.inaturalist.org/observations/231208781,https://static.inaturalist.org/photos/410615773/medium.jpeg,,"","",1,0,false,3,"N US-23, Oscoda, MI, US",44.4718768722,-83.3222923298,94,,,,94,,open,false,,,Wandermuschel,Dreissena polymorpha,Zebra Mussel,Mollusca,116340
231258198,e2a33142-f4a1-4f60-bbe7-b044f5d40b95,2024-07-23 14:35:57,2024-07-23,2024-07-23 18:35:57 UTC,America/Nipigon,7097279,tarynsetka,GG No RE,2024-07-23 18:57:18 UTC,2024-08-09 19:32:12 UTC,research,,https://www.inaturalist.org/observations/231258198,https://static.inaturalist.org/photos/410708042/medium.jpeg,,"",,1,0,false,2,"Tay Valley, ON, Canada",44.7840957,-76.2093171,,,,,,,open,false,gps,gps,Zebra Mussel,Dreissena polymorpha,Zebra Mussel,Mollusca,116340
231268359,01c946f8-5868-4ebb-9f3c-dfa353fc3566,2024-07-23 14:01:47-04:00,2024-07-23,2024-07-23 18:01:47 UTC,America/Nipigon,748316,toochill,,2024-07-23 19:50:32 UTC,2024-07-24 00:04:09 UTC,research,,https://www.inaturalist.org/observations/231268359,https://static.inaturalist.org/photos/410729321/medium.jpeg,,"","",1,0,false,3,"Lake Huron, CA-ON, CA",44.6527212378,-81.2800160852,6,,,,27285,obscured,open,true,,,Zebra Mussel,Dreissena polymorpha,Zebra Mussel,Mollusca,116340
231288159,8796ee56-0348-4560-873f-8bc8e0db4645,2024-07-23 14:00:23-04:00,2024-07-23,2024-07-23 18:00:23 UTC,America/Nipigon,748316,toochill,,2024-07-23 21:32:26 UTC,2024-07-24 00:47:24 UTC,research,,https://www.inaturalist.org/observations/231288159,https://static.inaturalist.org/photos/410765690/medium.jpeg,,"","",1,0,false,3,"Lake Huron, CA-ON, CA",44.75984448,-81.3091717814,5,,,,27285,obscured,open,true,,,Zebra Mussel,Dreissena polymorpha,Zebra Mussel,Mollusca,116340
231289488,e39ff4fe-59c3-4fef-92fa-e7be05b83ea3,2024-07-23 13:37:50-04:00,2024-07-23,2024-07-23 17:37:50 UTC,America/Nipigon,748316,toochill,,2024-07-23 21:39:55 UTC,2024-07-24 00:03:33 UTC,research,,https://www.inaturalist.org/observations/231289488,https://static.inaturalist.org/photos/410768551/medium.jpeg,,"","",1,0,false,3,"Lake Huron, CA-ON, CA",44.6410233262,-81.3252796589,4,,,,27285,obscured,open,true,,,Zebra Mussel,Dreissena polymorpha,Zebra Mussel,Mollusca,116340
231360310,235226f9-0e5e-4f75-9675-a1965d3266d2,2024-07-23 18:43:59-04:00,2024-07-23,2024-07-23 22:43:59 UTC,Eastern Time (US & Canada),3114690,samhough315,Sam Hough,2024-07-24 07:06:52 UTC,2024-07-25 13:16:26 UTC,research,CC-BY-NC,https://www.inaturalist.org/observations/231360310,https://inaturalist-open-data.s3.amazonaws.com/photos/410910828/medium.jpeg,,"","",1,0,false,3,"Bradley Brook Reservoir, Eaton, NY, US",42.8365283333,-75.663475,4,,,,4,,open,false,,,Zebra Mussel,Dreissena polymorpha,Zebra Mussel,Mollusca,116340
231447547,ef1039d4-02ae-41a4-ad44-2c52e91250aa,2024-07-22 10:39:35-04:00,2024-07-22,2024-07-22 14:39:35 UTC,Eastern Time (US & Canada),6471472,bianca0214,,2024-07-24 17:20:18 UTC,2024-07-26 15:47:07 UTC,research,CC-BY-NC,https://www.inaturalist.org/observations/231447547,https://inaturalist-open-data.s3.amazonaws.com/photos/411071979/medium.jpeg,,"","",1,0,false,3,"Mosquito Creek Lake, Cortland, OH, US",41.3715033333,-80.7654333333,14,,,,14,,open,false,,,Zebra Mussel,Dreissena polymorpha,Zebra Mussel,Mollusca,116340
231474196,cd38d5b0-60f1-4644-891a-06e281e75e68,2024-07-24 15:21:24-04:00,2024-07-24,2024-07-24 19:21:24 UTC,Eastern Time (US & Canada),7604248,olivegayle,Olive Miller,2024-07-24 19:36:54 UTC,2024-07-26 15:47:05 UTC,research,CC-BY-NC,https://www.inaturalist.org/observations/231474196,https://inaturalist-open-data.s3.amazonaws.com/photos/411122888/medium.jpeg,,"","",1,0,false,3,"North Beach, Burlington, VT, US",44.4915883333,-73.238075,4,,,,4,,open,false,,,Zebra Mussel,Dreissena polymorpha,Zebra Mussel,Mollusca,116340
231681455,af3f061a-0d16-4d6e-acbe-fa736c496375,Thu Jul 25 2024 15:28:41 GMT -0400 (EDT),2024-07-25,2024-07-25 19:28:41 UTC,America/Detroit,5040194,huja,,2024-07-25 19:29:40 UTC,2025-05-01 11:41:00 UTC,research,,https://www.inaturalist.org/observations/231681455,https://static.inaturalist.org/photos/411525919/medium.jpeg,,"",,2,0,false,333,Oscoda,44.4677314758,-83.3229446411,65,,,,65,,open,false,,,Wandermuschel,Dreissena polymorpha,Zebra Mussel,Mollusca,116340
231740777,0b611ec8-bb8d-4177-94e0-879a4ace1baf,2024-07-25 12:08:47-05:00,2024-07-25,2024-07-25 17:08:47 UTC,Central Time (US & Canada),2328821,jesseholifield,Jesse Holifield,2024-07-26 01:39:21 UTC,2024-07-26 14:36:52 UTC,research,CC-BY-NC,https://www.inaturalist.org/observations/231740777,https://inaturalist-open-data.s3.amazonaws.com/photos/411632063/medium.jpeg,,"","",2,0,false,3,"William Bacon Oliver Lake, Tuscaloosa, AL, US",33.2237466667,-87.5254666667,4,,,,4,,open,false,,,Zebra Mussel,Dreissena polymorpha,Zebra Mussel,Mollusca,116340
231740818,1c714b56-8bf4-415d-b066-d74e64cba261,2024-07-25 12:08:37-05:00,2024-07-25,2024-07-25 17:08:37 UTC,Central Time (US & Canada),2328821,jesseholifield,Jesse Holifield,2024-07-26 01:39:36 UTC,2024-07-26 14:36:50 UTC,research,CC-BY-NC,https://www.inaturalist.org/observations/231740818,https://inaturalist-open-data.s3.amazonaws.com/photos/411632150/medium.jpeg,,"","",2,0,false,3,"William Bacon Oliver Lake, Tuscaloosa, AL, US",33.223745,-87.525445,4,,,,4,,open,false,,,Zebra Mussel,Dreissena polymorpha,Zebra Mussel,Mollusca,116340
231849896,b4d6aec8-45f9-485f-8fd3-e004628faecf,2024-07-26 12:38:27-04:00,2024-07-26,2024-07-26 16:38:27 UTC,America/Detroit,310437,max29,Max Mirel,2024-07-26 16:39:30 UTC,2024-07-28 01:57:42 UTC,research,,https://www.inaturalist.org/observations/231849896,https://inaturalist-open-data.s3.amazonaws.com/photos/411892392/medium.jpeg,,"","",1,0,false,3,"Platte River, Honor, MI, US",44.717195,-86.1403888333,4,,,,4,,open,false,,,Zebra Mussel,Dreissena polymorpha,Zebra Mussel,Mollusca,116340
231891496,9f735e3a-fa28-419f-ac96-69d0b7f6e045,2024-07-26 11:55:32-05:00,2024-07-26,2024-07-26 16:55:32 UTC,Central Time (US & Canada),3943712,yellowstoneman2007,,2024-07-26 20:07:32 UTC,2025-09-08 03:53:45 UTC,research,CC-BY-NC,https://www.inaturalist.org/observations/231891496,https://inaturalist-open-data.s3.amazonaws.com/photos/411912725/medium.jpeg,,"","",1,0,false,3,"Indiana Dunes National Park, Portage, IN, US",41.626595,-87.206275,5,,,,5,,open,false,,,Zebra Mussel,Dreissena polymorpha,Zebra Mussel,Mollusca,116340
231891575,207b0fde-bd6d-464a-8232-c241ad96a010,2024-07-26 11:54:56-05:00,2024-07-26,2024-07-26 16:54:56 UTC,Central Time (US & Canada),3943712,yellowstoneman2007,,2024-07-26 20:08:06 UTC,2025-09-28 17:24:48 UTC,research,CC-BY-NC,https://www.inaturalist.org/observations/231891575,https://inaturalist-open-data.s3.amazonaws.com/photos/411912920/medium.jpeg,,"","",1,0,false,3,"Indiana Dunes National Park, Portage, IN, US",41.6266033333,-87.2062916667,4,,,,4,,open,false,,,Zebra Mussel,Dreissena polymorpha,Zebra Mussel,Mollusca,116340
232029765,2f857a7d-6726-46f8-8f49-b15052a6a565,2024-07-27 08:11:22-05:00,2024-07-27,2024-07-27 13:11:22 UTC,Central Time (US & Canada),5650340,cadendc,Caden Carlson,2024-07-27 14:13:59 UTC,2024-07-28 01:56:17 UTC,research,CC-BY-NC,https://www.inaturalist.org/observations/232029765,https://inaturalist-open-data.s3.amazonaws.com/photos/412176960/medium.jpeg,,"","",1,0,false,3,"N Shore Trail N, Forest Lake, MN, US",45.2728616667,-92.926995,4,,,,4,,open,false,,,Zebra Mussel,Dreissena polymorpha,Zebra Mussel,Mollusca,116340
232030564,0414a411-a6b7-4574-a0c3-a77358b807bb,2024-07-27 08:13:31-05:00,2024-07-27,2024-07-27 13:13:31 UTC,Central Time (US & Canada),5650340,cadendc,Caden Carlson,2024-07-27 14:18:10 UTC,2024-07-28 01:56:16 UTC,research,CC-BY-NC,https://www.inaturalist.org/observations/232030564,https://inaturalist-open-data.s3.amazonaws.com/photos/412178489/medium.jpeg,,"","",2,0,false,3,"N Shore Trail N, Forest Lake, MN, US",45.2728616667,-92.9269866667,4,,,,4,,open,false,,,Zebra Mussel,Dreissena polymorpha,Zebra Mussel,Mollusca,116340
232119678,5ca9387f-f48f-477f-acd3-ab855c677dec,2024-07-27 16:00:32-05:00,2024-07-27,2024-07-27 21:00:32 UTC,Central Time (US & Canada),5627026,shayla020,,2024-07-27 21:01:39 UTC,2024-07-28 01:56:07 UTC,research,CC-BY-NC,https://www.inaturalist.org/observations/232119678,https://inaturalist-open-data.s3.amazonaws.com/photos/412342101/medium.jpeg,,"","",1,0,false,3,"Gooseberry Island, Pequot Lakes, MN, US",46.5838879976,-94.1869326378,15,,,,15,,open,false,,,Zebra Mussel,Dreissena polymorpha,Zebra Mussel,Mollusca,116340
232126226,67afc9a8-0acf-4ce8-81ff-953b3de5de24,2024-07-27 17:32:45-04:00,2024-07-27,2024-07-27 21:32:45 UTC,America/Nipigon,5394002,illyedi,,2024-07-27 21:34:58 UTC,2024-07-28 01:55:40 UTC,research,CC-BY-NC,https://www.inaturalist.org/observations/232126226,https://inaturalist-open-data.s3.amazonaws.com/photos/412355288/medium.jpeg,,"","",1,0,false,3,"Lake Scugog, Kawartha Lakes, ON, CA",44.1954533333,-78.8398966667,9,,,,9,,open,false,,,Zebra Mussel,Dreissena polymorpha,Zebra Mussel,Mollusca,116340
232319108,d66b61d4-20e4-4e97-85a8-3c61d8e0dc17,Sun Jul 28 2024 14:18:49 GMT -0400 (EDT),2024-07-28,2024-07-28 18:18:49 UTC,America/Nipigon,6610173,katwhowanders,Kat Welch Johns,2024-07-28 18:19:47 UTC,2025-04-26 23:22:42 UTC,research,CC-BY-NC,https://www.inaturalist.org/observations/232319108,https://inaturalist-open-data.s3.amazonaws.com/photos/412722382/medium.jpeg,,"",,1,0,false,333,"Lanark, CA-ON, CA",45.3143948451,-76.5330259307,3344,,,,27190,obscured,open,true,,,Zebra Mussel,Dreissena polymorpha,Zebra Mussel,Mollusca,116340
232353876,04800d1a-4726-4736-b402-fe0b55e1b1f6,2024-07-28 16:53:16-04:00,2024-07-28,2024-07-28 20:53:16 UTC,America/Nipigon,1163780,michaelhodge,Michael Hodge,2024-07-28 20:54:35 UTC,2024-07-29 15:49:56 UTC,research,,https://www.inaturalist.org/observations/232353876,https://static.inaturalist.org/photos/412788164/medium.jpeg,,"","",2,0,false,3,"Devil Lake, South Frontenac, ON, CA",44.598225,-76.4141783333,4,,,,4,,open,false,,,Zebra Mussel,Dreissena polymorpha,Zebra Mussel,Mollusca,116340
232540908,fd50cb38-a8c0-4e3c-bf79-f920e217b942,2024-07-29 14:24:47-04:00,2024-07-29,2024-07-29 18:24:47 UTC,America/Nipigon,8403762,rideaucampers,,2024-07-29 18:25:46 UTC,2025-06-26 13:43:12 UTC,research,CC-BY-NC,https://www.inaturalist.org/observations/232540908,https://inaturalist-open-data.s3.amazonaws.com/photos/413145596/medium.jpeg,,"","",2,0,false,2,"Rideau River Provincial Park, Ottawa, ON, CA",45.0581117454,-75.66947497,23,,,,23,,open,false,gps,gps,Zebra Mussel,Dreissena polymorpha,Zebra Mussel,Mollusca,116340
232553221,83b7480e-a5f9-4bf1-9bfa-49259e5308a5,2024-07-29 15:30:29-04:00,2024-07-29,2024-07-29 19:30:29 UTC,America/Nipigon,3113652,data_nerd,Andrew Sebastian,2024-07-29 19:30:38 UTC,2024-07-30 00:50:49 UTC,research,CC-BY,https://www.inaturalist.org/observations/232553221,https://inaturalist-open-data.s3.amazonaws.com/photos/413169882/medium.jpeg,,"","",1,0,false,3,"Brock's Beach, Simcoe, ON, CA",44.470402,-80.103696,308,,,,308,,open,false,,manual,Zebra Mussel,Dreissena polymorpha,Zebra Mussel,Mollusca,116340
232558718,ef8c10be-30b8-4f1f-b9ec-c35b66c83b2c,2024-07-29 15:50:03-04:00,2024-07-29,2024-07-29 19:50:03 UTC,America/Detroit,1084654,ichabod_slice,,2024-07-29 19:56:09 UTC,2024-07-30 05:45:58 UTC,research,,https://www.inaturalist.org/observations/232558718,https://static.inaturalist.org/photos/413180311/medium.jpeg,,"","",1,0,false,3,"Tawas Bay, MI, US",44.2552272623,-83.4515592985,4,,,,4,,open,false,,,Zebra Mussel,Dreissena polymorpha,Zebra Mussel,Mollusca,116340
232601400,ad16f83f-a1ce-4d4a-bf4d-8c8892fa77ca,2024-07-29 18:54:24-05:00,2024-07-29,2024-07-29 23:54:24 UTC,Central Time (US & Canada),1203339,joshklotz,Josh Klotz,2024-07-29 23:55:07 UTC,2024-07-30 00:50:46 UTC,research,,https://www.inaturalist.org/observations/232601400,https://static.inaturalist.org/photos/413259792/medium.jpeg,,"","",1,0,false,3,"Grapevine Lake, Grapevine, TX, US",32.961945,-97.0684138333,3,,,,3,,open,false,,,Zebra Mussel,Dreissena polymorpha,Zebra Mussel,Mollusca,116340
232988891,feede1ec-14ba-44dd-9b65-2ff709f74441,2024-07-31 18:40:48-04:00,2024-07-31,2024-07-31 22:40:48 UTC,America/Nipigon,3113652,data_nerd,Andrew Sebastian,2024-07-31 22:49:55 UTC,2024-07-31 23:23:30 UTC,research,CC-BY,https://www.inaturalist.org/observations/232988891,https://inaturalist-open-data.s3.amazonaws.com/photos/414004916/medium.jpeg,,"","",1,0,false,3,"Wasaga Beach, Wasaga Beach, ON, CA",44.4703833333,-80.1033945,12,,,,12,,open,false,,,Zebra Mussel,Dreissena polymorpha,Zebra Mussel,Mollusca,116340
233005192,c8587c02-1fc4-4b6c-a0a0-b7cb6c5f9c63,2024-07-31 19:54:00-04:00,2024-07-31,2024-07-31 23:54:00 UTC,America/Nipigon,3113652,data_nerd,Andrew Sebastian,2024-08-01 00:44:01 UTC,2024-08-01 01:04:23 UTC,research,CC-BY,https://www.inaturalist.org/observations/233005192,https://inaturalist-open-data.s3.amazonaws.com/photos/414037228/medium.jpeg,,"","",1,0,false,3,"Wasaga Beach, Wasaga Beach, ON, CA",44.47113,-80.0999528333,8,,,,8,,open,false,,,Zebra Mussel,Dreissena polymorpha,Zebra Mussel,Mollusca,116340
233013772,4e277896-0211-42a5-b3af-242a5635657a,2024-07-30 18:10:42,2024-07-30,2024-07-30 23:10:42 UTC,Central Time (US & Canada),2895175,epic2112,"",2024-08-01 01:47:14 UTC,2025-09-08 03:53:52 UTC,research,CC-BY-NC,https://www.inaturalist.org/observations/233013772,https://inaturalist-open-data.s3.amazonaws.com/photos/414053813/medium.jpeg,,"",,1,0,false,2,"Miller Beach, Gary, IN 46403, USA",41.6204833333,-87.2741194444,,,,,,,open,false,gps,gps,Zebra Mussel,Dreissena polymorpha,Zebra Mussel,Mollusca,116340
233135935,fa0db4db-e813-4c1e-a9a3-2a99d1910a16,2024-08-01 11:18:09-04:00,2024-08-01,2024-08-01 15:18:09 UTC,America/Nipigon,3113652,data_nerd,Andrew Sebastian,2024-08-01 18:21:54 UTC,2024-08-02 01:40:49 UTC,research,CC-BY,https://www.inaturalist.org/observations/233135935,https://inaturalist-open-data.s3.amazonaws.com/photos/414288069/medium.jpeg,,"","",1,0,false,3,"Wasaga Beach, Wasaga Beach, ON, CA",44.4729833333,-80.0938861667,6,,,,6,,open,false,,,Zebra Mussel,Dreissena polymorpha,Zebra Mussel,Mollusca,116340
233159774,ecf51a85-9fcb-4ae8-91de-d6ef6c17fee7,2024-08-01 15:20:07-04:00,2024-08-01,2024-08-01 19:20:07 UTC,America/Detroit,2251296,lauterbur,Elise Lauterbur,2024-08-01 20:37:46 UTC,2025-09-15 22:00:09 UTC,research,,https://www.inaturalist.org/observations/233159774,https://static.inaturalist.org/photos/414333246/medium.jpeg,,"","",2,0,false,3,"Torch Lake, Bellaire, MI, US",44.975205,-85.2855383333,5,,,,5,,open,false,,,Zebra Mussel,Dreissena polymorpha,Zebra Mussel,Mollusca,116340
233171718,7dd60a2e-0a57-49b8-bf85-c34df45f17e3,2024-08-01 17:42:59-04:00,2024-08-01,2024-08-01 21:42:59 UTC,America/Detroit,5040194,huja,,2024-08-01 21:44:33 UTC,2025-05-01 11:41:00 UTC,research,,https://www.inaturalist.org/observations/233171718,https://static.inaturalist.org/photos/414544052/medium.jpeg,,"","",1,0,false,3,"N US-23, Oscoda, MI, US",44.4675807759,-83.3229309027,53,,,,53,,open,false,,,Wandermuschel,Dreissena polymorpha,Zebra Mussel,Mollusca,116340
233177117,b692d959-d7c1-4fe9-91ec-cbb9923cafc7,2024-08-01 14:36:49-04:00,2024-08-01,2024-08-01 18:36:49 UTC,America/Nipigon,7231720,jax_nasimok,,2024-08-01 22:20:26 UTC,2024-08-02 01:40:28 UTC,research,CC-BY-NC,https://www.inaturalist.org/observations/233177117,https://inaturalist-open-data.s3.amazonaws.com/photos/414366394/medium.jpeg,,"","",1,0,false,3,"Hastings Dr, Norfolk County, ON, CA",42.57525,-80.4713533333,19,,,,19,,open,false,,,Zebra Mussel,Dreissena polymorpha,Zebra Mussel,Mollusca,116340
233267737,cd50762e-89f2-41a9-88f3-827d660d26df,2024-08-02 07:23:50,2024-08-02,2024-08-02 12:23:50 UTC,Central Time (US & Canada),7880802,brycetheplant,Bryce Strobel,2024-08-02 12:34:38 UTC,2024-08-31 14:19:06 UTC,research,CC-BY,https://www.inaturalist.org/observations/233267737,https://inaturalist-open-data.s3.amazonaws.com/photos/414542367/medium.jpeg,,"",,1,0,false,2,"St Croix Falls, WI, USA",45.40535264,-92.54813933,6,,,,6,,open,false,,,Zebra Mussel,Dreissena polymorpha,Zebra Mussel,Mollusca,116340
233316657,a43d8ed7-16b1-424e-8cf2-422a478466da,2024-08-02 10:23:49,2024-08-02,2024-08-02 14:23:49 UTC,America/Detroit,6514840,giannamaria,Gianna Coppola,2024-08-02 17:07:25 UTC,2024-08-02 18:01:39 UTC,research,CC-BY-NC,https://www.inaturalist.org/observations/233316657,https://inaturalist-open-data.s3.amazonaws.com/photos/414630783/medium.jpeg,,"",,1,0,false,2,"Hill Township, MI, USA",44.3410944444,-83.9218694444,,,,,,,open,false,gps,gps,Dreissena polymorpha,Dreissena polymorpha,Zebra Mussel,Mollusca,116340
233365959,35701e26-7e8e-446b-a742-238e08cf8ca2,2024-07-29 19:26:46,2024-07-29,2024-07-29 23:26:46 UTC,Eastern Time (US & Canada),2525248,nbforager,Tristan Hallett,2024-08-02 21:47:33 UTC,2024-08-03 03:29:38 UTC,research,,https://www.inaturalist.org/observations/233365959,https://static.inaturalist.org/photos/414725464/medium.jpeg,,"",,1,0,false,2,"Geneva, NY 14456, USA",42.8574805556,-76.9803305556,,,,,,,open,false,gps,gps,Zebra Mussel,Dreissena polymorpha,Zebra Mussel,Mollusca,116340
233478440,82cb60df-c5bc-4587-b1c0-c85901f9d2a8,2024/07/22 12:15 PM,2024-07-22,2024-07-22 16:15:00 UTC,America/Nipigon,3315401,emmadenomme,Emma Denomme,2024-08-03 13:41:22 UTC,2024-08-03 14:33:31 UTC,research,,https://www.inaturalist.org/observations/233478440,https://static.inaturalist.org/photos/414938143/medium.jpeg,,"","",1,0,false,,"Kawartha Lakes, ON, Canada",44.7422829319,-78.9045552904,184,,,,184,,open,false,,,Zebra Mussel,Dreissena polymorpha,Zebra Mussel,Mollusca,116340
233480554,9344754a-b541-47ba-ab3c-7f33e69027fc,2024-08-03 08:40:29,2024-08-03,2024-08-03 12:40:29 UTC,Eastern Time (US & Canada),6994523,robertstegmann,Robert Stegmann,2024-08-03 13:52:11 UTC,2024-08-03 14:33:28 UTC,research,CC-BY,https://www.inaturalist.org/observations/233480554,https://inaturalist-open-data.s3.amazonaws.com/photos/414941622/medium.jpeg,,"",,1,0,false,2,"Leeds and Grenville, CA-ON, CA",44.6379967495,-76.0326087556,,,,,27285,obscured,open,true,gps,gps,Zebra Mussel,Dreissena polymorpha,Zebra Mussel,Mollusca,116340
233480730,64416679-34db-4c3f-a14f-92ec15c75de8,2024-08-03 08:41:20,2024-08-03,2024-08-03 12:41:20 UTC,Eastern Time (US & Canada),6994523,robertstegmann,Robert Stegmann,2024-08-03 13:53:22 UTC,2024-08-05 21:38:42 UTC,research,CC-BY,https://www.inaturalist.org/observations/233480730,https://inaturalist-open-data.s3.amazonaws.com/photos/414942022/medium.jpeg,,"","",1,0,false,2,"Leeds and Grenville, CA-ON, CA",44.6195222594,-76.1422027813,,,,,27285,obscured,open,true,gps,gps,Zebra Mussel,Dreissena polymorpha,Zebra Mussel,Mollusca,116340
233482323,ce52b2fb-733d-471d-852f-c9d4e1472159,2024-08-03 08:46:19,2024-08-03,2024-08-03 12:46:19 UTC,Eastern Time (US & Canada),6994523,robertstegmann,Robert Stegmann,2024-08-03 14:01:44 UTC,2024-08-03 14:33:20 UTC,research,CC-BY,https://www.inaturalist.org/observations/233482323,https://inaturalist-open-data.s3.amazonaws.com/photos/414944888/medium.jpeg,,"",,1,0,false,2,"Leeds and Grenville, CA-ON, CA",44.6514388786,-76.1873699551,,,,,27285,obscured,open,true,gps,gps,Zebra Mussel,Dreissena polymorpha,Zebra Mussel,Mollusca,116340
233507622,61ad4e57-6838-414d-814d-fd106b2bccb4,2024-08-03 12:01:31-04:00,2024-08-03,2024-08-03 16:01:31 UTC,America/Nipigon,3113652,data_nerd,Andrew Sebastian,2024-08-03 16:01:39 UTC,2024-08-03 23:45:30 UTC,research,CC-BY,https://www.inaturalist.org/observations/233507622,https://inaturalist-open-data.s3.amazonaws.com/photos/414990320/medium.jpeg,,"","",2,0,false,3,"Wasaga Beach, Wasaga Beach, ON, CA",44.4703784502,-80.1031452072,8,,,,8,,open,false,,,Zebra Mussel,Dreissena polymorpha,Zebra Mussel,Mollusca,116340
233520909,0e305a50-3233-404b-932d-7fd3866c048f,Sat Aug 03 2024 12:58:52 GMT -0400 (EDT),2024-08-03,2024-08-03 16:58:52 UTC,Eastern Time (US & Canada),8016062,geronamojeffkong4664,Ethan,2024-08-03 16:59:18 UTC,2024-08-11 20:27:43 UTC,research,CC-BY-NC,https://www.inaturalist.org/observations/233520909,https://inaturalist-open-data.s3.amazonaws.com/photos/415047734/medium.jpeg,,"",,2,0,false,333,L'Île-d'Orléans,46.9804954529,-70.8271026611,9271,,,,9271,,open,false,,,Zebra Mussel,Dreissena polymorpha,Zebra Mussel,Mollusca,116340
233525465,cb4f139c-5781-462c-9d41-460b4197faee,2024-07-29 19:00:12-04:00,2024-07-29,2024-07-29 23:00:12 UTC,Eastern Time (US & Canada),7926322,mks334,,2024-08-03 17:21:27 UTC,2024-09-20 05:41:45 UTC,research,CC-BY,https://www.inaturalist.org/observations/233525465,https://inaturalist-open-data.s3.amazonaws.com/photos/415022978/medium.jpeg,,"","",1,0,false,3,"Mansfield, OH, US",40.70708,-82.6141666667,4,,,,4,,open,false,,,Zebra Mussel,Dreissena polymorpha,Zebra Mussel,Mollusca,116340
233576852,67aad438-fc24-45d9-b1a6-200a1dd33b0e,2024-08-03 17:24:43-04:00,2024-08-03,2024-08-03 21:24:43 UTC,America/Nipigon,8400465,mskristytee,,2024-08-03 21:25:02 UTC,2024-08-03 23:45:17 UTC,research,CC-BY-NC,https://www.inaturalist.org/observations/233576852,https://inaturalist-open-data.s3.amazonaws.com/photos/415119976/medium.jpeg,,"","",1,0,false,3,"Trent Hills, ON, CA",44.2999146134,-77.8016382829,4,,,,4,,open,false,,,Zebra Mussel,Dreissena polymorpha,Zebra Mussel,Mollusca,116340
233611579,929cfa33-9b68-48d5-b4ab-a26509e6fe58,2024-08-03 19:35:15-04:00,2024-08-03,2024-08-03 23:35:15 UTC,America/Nipigon,3113652,data_nerd,Andrew Sebastian,2024-08-04 00:48:05 UTC,2024-08-04 11:15:02 UTC,research,CC-BY,https://www.inaturalist.org/observations/233611579,https://inaturalist-open-data.s3.amazonaws.com/photos/415187147/medium.jpeg,,"","",1,0,false,3,"Wasaga Beach, Wasaga Beach, ON, CA",44.470555,-80.1022638333,6,,,,6,,open,false,,,Zebra Mussel,Dreissena polymorpha,Zebra Mussel,Mollusca,116340
233611630,9f432161-3797-4a90-bb50-6328b03ec38d,2024-08-03 19:37:12-04:00,2024-08-03,2024-08-03 23:37:12 UTC,America/Nipigon,3113652,data_nerd,Andrew Sebastian,2024-08-04 00:48:32 UTC,2024-08-04 04:03:48 UTC,research,CC-BY,https://www.inaturalist.org/observations/233611630,https://inaturalist-open-data.s3.amazonaws.com/photos/415187314/medium.jpeg,,"","",1,0,false,3,"Wasaga Beach, Wasaga Beach, ON, CA",44.4707866667,-80.1010138333,24,,,,24,,open,false,,,Zebra Mussel,Dreissena polymorpha,Zebra Mussel,Mollusca,116340
233643052,16267595-6ef1-4418-a7f5-7f5a607fedfa,2024-08-03 23:19:09-04:00,2024-08-03,2024-08-04 03:19:09 UTC,America/Detroit,5690872,zlang8,Zachary Lang,2024-08-04 04:35:56 UTC,2024-08-04 16:55:22 UTC,research,CC-BY-NC,https://www.inaturalist.org/observations/233643052,https://inaturalist-open-data.s3.amazonaws.com/photos/415250830/medium.jpeg,,"","",1,0,false,3,"Barton Nature Area, Ann Arbor, MI, US",42.3075466667,-83.7561333333,16,,,,16,,open,false,,,Zebra Mussel,Dreissena polymorpha,Zebra Mussel,Mollusca,116340
233727918,e37c13ad-bdee-42fd-826a-5c22d2ce474e,2024/07/28 1:16 PM,2024-07-28,2024-07-28 17:16:00 UTC,America/Nipigon,445687,brendavr,Brenda Van Ryswyk,2024-08-04 15:30:40 UTC,2024-08-04 16:01:17 UTC,research,CC-BY,https://www.inaturalist.org/observations/233727918,https://inaturalist-open-data.s3.amazonaws.com/photos/415410170/medium.jpg,,"",,2,0,false,,"Tillsonburg, ON, Canada",42.8530479722,-80.723858,476,,,,476,,open,false,,,Zebra Mussel,Dreissena polymorpha,Zebra Mussel,Mollusca,116340
233728214,38e55d1b-8e35-4b70-a66e-f3a016d33c63,2024/07/28 1:17 PM,2024-07-28,2024-07-28 17:17:00 UTC,America/Nipigon,445687,brendavr,Brenda Van Ryswyk,2024-08-04 15:32:20 UTC,2024-08-04 15:49:24 UTC,research,CC-BY,https://www.inaturalist.org/observations/233728214,https://inaturalist-open-data.s3.amazonaws.com/photos/415410541/medium.jpg,,"","Many shells, some quite large, hundreds of smaller ones. One large living individual found attached to a stone weir.",1,0,false,,"Tillsonburg, ON, Canada",42.8542906658,-80.7239438422,338,,,,338,,open,false,,,Zebra Mussel,Dreissena polymorpha,Zebra Mussel,Mollusca,116340
233728709,f634dcad-57f4-4846-a51d-1e3c2673079a,2024/07/28 1:30 PM,2024-07-28,2024-07-28 17:30:00 UTC,America/Nipigon,445687,brendavr,Brenda Van Ryswyk,2024-08-04 15:35:19 UTC,2024-08-04 16:01:15 UTC,research,CC-BY,https://www.inaturalist.org/observations/233728709,https://inaturalist-open-data.s3.amazonaws.com/photos/415412136/medium.jpg,,"","",2,0,false,,"Tillsonburg, ON, Canada",42.8533499167,-80.7238649444,434,,,,434,,open,false,,,Zebra Mussel,Dreissena polymorpha,Zebra Mussel,Mollusca,116340
233774449,3dcd977e-c4da-44ba-b487-6a7f1daf419b,2024-08-04 14:25:13-04:00,2024-08-04,2024-08-04 18:25:13 UTC,Eastern Time (US & Canada),3088782,dominid,Dominic DiGregorio,2024-08-04 18:53:16 UTC,2024-08-05 12:01:14 UTC,research,CC-BY-NC,https://www.inaturalist.org/observations/233774449,https://inaturalist-open-data.s3.amazonaws.com/photos/415497360/medium.jpeg,,"","",1,0,false,3,"St. Lawrence River, Cape Vincent, NY, US",44.1665191595,-76.2577635079,34,,,,34,,open,false,,,Zebra Mussel,Dreissena polymorpha,Zebra Mussel,Mollusca,116340
233790739,8112178e-902a-466a-ab0d-6d0f39f4b60c,Sun Aug 04 2024 15:02:27 GMT-0500 (CDT),2024-08-04,2024-08-04 20:02:27 UTC,Central Time (US & Canada),1132847,northcut1,Northcut,2024-08-04 20:03:01 UTC,2024-08-05 00:47:17 UTC,research,CC-BY,https://www.inaturalist.org/observations/233790739,https://inaturalist-open-data.s3.amazonaws.com/photos/415528116/medium.jpeg,,"",,1,0,false,3,"Rogers Park, Chicago, IL, US",42.0095657393,-87.6586545406,104,,,,104,,open,false,,,Zebra Mussel,Dreissena polymorpha,Zebra Mussel,Mollusca,116340
233805638,5479426e-817e-41ea-925c-90eab2700ef0,2024-08-04 13:46:47,2024-08-04,2024-08-04 18:46:47 UTC,Central Time (US & Canada),542981,prairie_anthropocene,Davis Harder,2024-08-04 21:06:00 UTC,2024-08-05 00:47:13 UTC,research,CC-BY-NC,https://www.inaturalist.org/observations/233805638,https://inaturalist-open-data.s3.amazonaws.com/photos/415557447/medium.jpeg,,"",,1,0,false,2,"Orleans, IA 51360, USA",43.456245,-95.115279,,,,,,,open,false,gps,gps,Zebra Mussel,Dreissena polymorpha,Zebra Mussel,Mollusca,116340
233830784,33ffcae6-69ac-43b9-abeb-384f0cfb620f,2024-08-04 18:11:40-05:00,2024-08-04,2024-08-04 23:11:40 UTC,Central Time (US & Canada),5689387,jjmckay,,2024-08-04 23:13:59 UTC,2024-08-05 00:47:07 UTC,research,CC-BY-NC,https://www.inaturalist.org/observations/233830784,https://inaturalist-open-data.s3.amazonaws.com/photos/415605846/medium.jpeg,,"","",1,0,false,3,"E Spirit Dr, Vergas, MN, US",46.601659451,-95.8600784835,8,,,,8,,open,false,,,Zebra Mussel,Dreissena polymorpha,Zebra Mussel,Mollusca,116340
233873700,8ed6f9b1-d372-4771-85b8-d88488c757ac,2024-08-04 13:43:58,2024-08-04,2024-08-04 17:43:58 UTC,America/Detroit,5516379,portablecity,shel kahn,2024-08-05 03:51:20 UTC,2024-08-05 15:34:31 UTC,research,CC-BY,https://www.inaturalist.org/observations/233873700,https://inaturalist-open-data.s3.amazonaws.com/photos/415689205/medium.jpeg,,"",,1,0,false,2,"Michigan, US",44.9870902563,-85.4605261716,61,,,,27253,obscured,open,true,gps,gps,Zebra Mussel,Dreissena polymorpha,Zebra Mussel,Mollusca,116340
234000557,4fb52151-c1ed-4ec6-acd3-755c18e08899,2024-08-05 15:24:44-04:00,2024-08-05,2024-08-05 19:24:44 UTC,America/Nipigon,3113652,data_nerd,Andrew Sebastian,2024-08-05 19:24:51 UTC,2024-08-05 21:10:20 UTC,research,CC-BY,https://www.inaturalist.org/observations/234000557,https://inaturalist-open-data.s3.amazonaws.com/photos/415929087/medium.jpeg,,"","",1,0,false,3,"Shore Ln, Wasaga Beach, ON, CA",44.4699629945,-80.1030377884,15,,,,15,,open,false,,,Zebra Mussel,Dreissena polymorpha,Zebra Mussel,Mollusca,116340
234000647,da11ab90-329e-4617-a871-39e4c334c2f0,2024-08-05 15:25:08-04:00,2024-08-05,2024-08-05 19:25:08 UTC,America/Nipigon,3113652,data_nerd,Andrew Sebastian,2024-08-05 19:25:26 UTC,2024-08-05 21:10:16 UTC,research,CC-BY,https://www.inaturalist.org/observations/234000647,https://inaturalist-open-data.s3.amazonaws.com/photos/415929295/medium.jpeg,,"","",1,0,false,3,"Shore Ln, Wasaga Beach, ON, CA",44.4699210667,-80.1031751875,12,,,,12,,open,false,,,Zebra Mussel,Dreissena polymorpha,Zebra Mussel,Mollusca,116340
234001850,a7d52bec-7769-43c7-92ed-3fe6f74ad71f,2024-08-05 15:31:32-04:00,2024-08-05,2024-08-05 19:31:32 UTC,America/Nipigon,3113652,data_nerd,Andrew Sebastian,2024-08-05 19:31:40 UTC,2024-08-06 01:41:19 UTC,research,CC-BY,https://www.inaturalist.org/observations/234001850,https://inaturalist-open-data.s3.amazonaws.com/photos/415931767/medium.jpeg,,"","",1,0,false,3,"Shore Ln, Wasaga Beach, ON, CA",44.469937931,-80.1031981967,8,,,,8,,open,false,,,Zebra Mussel,Dreissena polymorpha,Zebra Mussel,Mollusca,116340
234028435,c9ff268b-9b6f-4130-b8d9-5ee52237c50c,2024-08-05 17:47:53,2024-08-05,2024-08-05 21:47:53 UTC,America/Nipigon,4739652,sharon_bieck,Sharon Bieck,2024-08-05 21:48:30 UTC,2025-07-07 00:11:55 UTC,research,,https://www.inaturalist.org/observations/234028435,https://static.inaturalist.org/photos/415983122/medium.jpeg,,"",,1,0,false,2,"Simcoe County, ON, Canada",44.60534074,-80.00294998,6,,,,6,,open,false,,,Zebra Mussel,Dreissena polymorpha,Zebra Mussel,Mollusca,116340
234053359,59d8a239-9ca9-4df6-9fd3-66b7132c8b0c,2024/07/10 8:19 AM,2024-07-10,2024-07-10 12:19:00 UTC,Eastern Time (US & Canada),114123,billryerson,Bill Ryerson,2024-08-06 00:23:36 UTC,2024-08-06 01:40:34 UTC,research,CC-BY-NC,https://www.inaturalist.org/observations/234053359,https://inaturalist-open-data.s3.amazonaws.com/photos/416029198/medium.jpeg,,"",,1,0,false,,"Tompkins County, NY, USA",42.5387963208,-76.5508555912,198,,,,198,,open,false,,,Zebra Mussel,Dreissena polymorpha,Zebra Mussel,Mollusca,116340
234089981,abcbfee4-8ab6-4751-a79c-0a2fcbdd3225,2024-04-21 16:07:36,2024-04-21,2024-04-21 20:07:36 UTC,America/Detroit,1781642,calebcatto,Caleb Catto,2024-08-06 05:07:37 UTC,2024-08-07 02:10:36 UTC,research,CC-BY,https://www.inaturalist.org/observations/234089981,https://inaturalist-open-data.s3.amazonaws.com/photos/416100504/medium.jpeg,,"",,1,0,false,2,"Thompson Township, MI, USA",45.9155777778,-86.3158555556,,,,,,,open,false,gps,gps,Zebra Mussel,Dreissena polymorpha,Zebra Mussel,Mollusca,116340
234265512,1ff86f7c-184f-4ea0-ae51-d9f081412e19,2024-07-31 19:04:20,2024-07-31,2024-07-31 23:04:20 UTC,America/Detroit,6906434,scientificsnail,Sabrina,2024-08-07 02:36:23 UTC,2024-08-07 20:22:38 UTC,research,CC-BY-NC,https://www.inaturalist.org/observations/234265512,https://inaturalist-open-data.s3.amazonaws.com/photos/416435900/medium.jpeg,,"",,1,0,false,2,"Haslett, Meridian Charter Township, MI, USA",42.7586099722,-84.3926529722,,,,,,,open,false,gps,gps,Zebra Mussel,Dreissena polymorpha,Zebra Mussel,Mollusca,116340
234387958,e046332c-238d-4f28-a5b6-0cee1f04dc6c,2024-08-07 11:35:46,2024-08-07,2024-08-07 15:35:46 UTC,America/Nipigon,8324249,not_a_loon,,2024-08-07 19:25:38 UTC,2025-09-15 20:05:02 UTC,research,CC-BY-NC,https://www.inaturalist.org/observations/234387958,https://inaturalist-open-data.s3.amazonaws.com/photos/416671933/medium.jpeg,,"",,2,0,false,2,"Lake Huron, CA-ON, CA",44.5213204893,-80.0232141092,9,,,,9,,open,false,gps,gps,Zebra Mussel,Dreissena polymorpha,Zebra Mussel,Mollusca,116340
234390062,1870fdb2-bfba-4f85-bffd-ad87e0a1be17,2024-08-07 11:40:17,2024-08-07,2024-08-07 16:40:17 UTC,Central Time (US & Canada),5416950,funnybro152,Connor Bruemmer,2024-08-07 19:39:16 UTC,2024-10-31 00:48:21 UTC,research,CC-BY-NC,https://www.inaturalist.org/observations/234390062,https://inaturalist-open-data.s3.amazonaws.com/photos/416677345/medium.jpeg,,"",All these must be pretty young as they are on rocks that were underwater for a couple months while river was up,2,0,false,2,"St Charles, MO 63301, USA",38.8611631502,-90.5359358713,5,,,,5,,open,false,gps,gps,Zebra Mussel,Dreissena polymorpha,Zebra Mussel,Mollusca,116340
234429746,68a3d7f8-68cc-462b-afea-7e0fa8947195,2024-08-07 19:44:10-04:00,2024-08-07,2024-08-07 23:44:10 UTC,Eastern Time (US & Canada),6455617,bumpsa1,,2024-08-07 23:56:05 UTC,2024-08-08 13:19:01 UTC,research,CC-BY-NC,https://www.inaturalist.org/observations/234429746,https://inaturalist-open-data.s3.amazonaws.com/photos/416755341/medium.jpeg,,"","",1,0,false,3,"Clinton Lakefront Park, Clinton, TN, US",36.0965966306,-84.1319438674,69,,,,69,,open,false,,,Zebra Mussel,Dreissena polymorpha,Zebra Mussel,Mollusca,116340
234466315,0fb5a956-9aeb-483d-890e-d7c335a7d856,2024-08-06 16:27:20-05:00,2024-08-06,2024-08-06 21:27:20 UTC,Central Time (US & Canada),2645618,threeagoutdoors,Luke Padon,2024-08-08 05:12:44 UTC,2024-08-08 13:18:58 UTC,research,CC-BY,https://www.inaturalist.org/observations/234466315,https://inaturalist-open-data.s3.amazonaws.com/photos/416829207/medium.jpeg,,"","",1,0,false,3,"Park Rd Four W, Burnet, TX, US",30.730125,-98.3829116667,13,,,,13,,open,false,,,Zebra Mussel,Dreissena polymorpha,Zebra Mussel,Mollusca,116340
234527456,14aee3a8-a8bb-4936-b1ab-2867e9861b64,2024-08-08 08:28:23-05:00,2024-08-08,2024-08-08 13:28:23 UTC,Central Time (US & Canada),1093911,dietz_,Jarret Dietzler,2024-08-08 15:17:04 UTC,2024-08-08 20:06:35 UTC,research,,https://www.inaturalist.org/observations/234527456,https://static.inaturalist.org/photos/416944763/medium.jpeg,,"","",1,0,false,3,"Lakeside Rd, Delafield, WI, US",43.0764263962,-88.309608847,5,,,,5,,open,false,,,Zebra Mussel,Dreissena polymorpha,Zebra Mussel,Mollusca,116340
234587988,26b69b09-7606-4e79-8af2-83b77bec0418,2024-08-08 15:27:10,2024-08-08,2024-08-08 19:27:10 UTC,Eastern Time (US & Canada),3313125,gravelbourg,Alain,2024-08-08 21:25:20 UTC,2024-10-11 02:38:15 UTC,research,,https://www.inaturalist.org/observations/234587988,https://static.inaturalist.org/photos/417062560/medium.jpeg,,"",,3,0,false,2,"Saint-Michel-du-Squatec, QC, Canada",47.6904672,-68.8406144,,,,,,,open,false,gps,gps,Moule zébrée,Dreissena polymorpha,Zebra Mussel,Mollusca,116340
234594946,d626aa04-c3b9-446c-ada5-e7580ac06dbd,2024-07-07 14:05:54-05:00,2024-07-07,2024-07-07 19:05:54 UTC,Central Time (US & Canada),5192587,bcfranta,,2024-08-08 22:16:46 UTC,2024-08-09 13:42:50 UTC,research,CC-BY-NC,https://www.inaturalist.org/observations/234594946,https://inaturalist-open-data.s3.amazonaws.com/photos/417087801/medium.jpeg,,"","",1,0,false,3,"Duluth Harbor, Duluth, MN, US",46.7280028481,-92.0482117497,5,,,,5,,open,false,,,Zebra Mussel,Dreissena polymorpha,Zebra Mussel,Mollusca,116340
234621354,e84ec09a-ac8f-4cfb-bee6-8c7ca4dd28d8,2024/07/29 4:56 PM,2024-07-29,2024-07-29 20:56:00 UTC,America/Nipigon,1798416,stphip,SVP,2024-08-09 01:34:38 UTC,2024-08-09 13:42:43 UTC,research,,https://www.inaturalist.org/observations/234621354,https://static.inaturalist.org/photos/417119425/medium.jpg,,"",,2,0,false,,"Peterborough County, ON, Canada",44.5800589722,-78.0805569722,,,,,,,open,false,,,Zebra Mussel,Dreissena polymorpha,Zebra Mussel,Mollusca,116340
234674209,485371b8-1b46-4bd2-8cbe-b587c60cc43e,2024/07/29 5:20 PM,2024-07-29,2024-07-29 21:20:00 UTC,America/Nipigon,4415518,ajphip,"",2024-08-09 11:43:50 UTC,2025-04-02 13:04:06 UTC,research,,https://www.inaturalist.org/observations/234674209,https://static.inaturalist.org/photos/417232772/medium.jpg,,"",,1,0,false,,"Peterborough County, ON, Canada",44.5800927,-78.0804789,,,,,,,open,false,,,Zebra Mussel,Dreissena polymorpha,Zebra Mussel,Mollusca,116340
234744494,600c943f-87b0-4ef1-a4f5-193b6e8bc2b1,2024-08-09 14:27:28-05:00,2024-08-09,2024-08-09 19:27:28 UTC,Central Time (US & Canada),8132753,ben-phillips,,2024-08-09 19:28:00 UTC,2024-08-10 00:09:46 UTC,research,CC-BY-NC,https://www.inaturalist.org/observations/234744494,https://inaturalist-open-data.s3.amazonaws.com/photos/417369786/medium.jpeg,,"","",1,0,false,3,"Beach Ave, Campbellsport, WI, US",43.6832235055,-88.1647735835,4,,,,4,,open,false,,,Zebra Mussel,Dreissena polymorpha,Zebra Mussel,Mollusca,116340
235003694,4a1f54e4-1fd3-4cae-9b77-309e27bc6370,2024-08-10 14:53:42-04:00,2024-08-10,2024-08-10 18:53:42 UTC,Eastern Time (US & Canada),3114690,samhough315,Sam Hough,2024-08-11 00:38:37 UTC,2024-08-11 02:44:08 UTC,research,CC-BY-NC,https://www.inaturalist.org/observations/235003694,https://inaturalist-open-data.s3.amazonaws.com/photos/417871083/medium.jpeg,,"","",2,0,false,3,"Bradley Brook Reservoir, Eaton, NY, US",42.8349716667,-75.6666333333,4,,,,4,,open,false,,,Zebra Mussel,Dreissena polymorpha,Zebra Mussel,Mollusca,116340
235083989,7a03cee7-b2cf-46c6-8b25-62dd64e4cf7b,2024-08-11 07:54:21,2024-08-11,2024-08-11 11:54:21 UTC,America/Nipigon,8065368,ej672,"",2024-08-11 11:57:55 UTC,2024-08-12 20:13:50 UTC,research,CC-BY-NC,https://www.inaturalist.org/observations/235083989,https://inaturalist-open-data.s3.amazonaws.com/photos/418295076/medium.jpeg,,"",,1,0,false,2,"Lansdowne, ON K0E 1L0, Canada",44.4860191344,-76.0423660278,,,,,,,open,false,gps,gps,Zebra Mussel,Dreissena polymorpha,Zebra Mussel,Mollusca,116340
235111330,255b3a23-7448-4003-9c17-0a06e2a59aea,2024-08-11 09:36:47,2024-08-11,2024-08-11 14:36:47 UTC,Central Time (US & Canada),6222360,threeelms,"",2024-08-11 14:38:20 UTC,2024-08-12 01:48:38 UTC,research,CC-BY-NC,https://www.inaturalist.org/observations/235111330,https://inaturalist-open-data.s3.amazonaws.com/photos/418080407/medium.jpeg,,"",,1,0,false,2,"Miltona Township, MN, USA",46.0615541,-95.3184868,,,,,,,open,false,gps,gps,Zebra Mussel,Dreissena polymorpha,Zebra Mussel,Mollusca,116340
235126731,6b6bef5a-5d61-4d79-9b26-b8546b4626f4,2024-06-19 21:03:47,2024-06-19,2024-06-20 01:03:47 UTC,America/Detroit,2520801,russell91,Russell Anderson,2024-08-11 15:44:49 UTC,2024-08-12 01:48:35 UTC,research,,https://www.inaturalist.org/observations/235126731,https://static.inaturalist.org/photos/418108270/medium.jpeg,,"",,1,0,false,2,"MH93+M3 Pontiac Lake Beach, White Lake Charter Township, MI 48327, USA",42.6673722217,-83.4469,,,,,,,open,false,gps,gps,Zebra Mussel,Dreissena polymorpha,Zebra Mussel,Mollusca,116340
235186265,e6d5c772-a3a8-4eef-b105-1fde611c9ce9,2024/06/12 2:05 PM,2024-06-12,2024-06-12 19:05:00 UTC,Central Time (US & Canada),643751,jeffgarner,Jeff Garner,2024-08-11 19:55:20 UTC,2024-08-12 01:48:29 UTC,research,CC-BY-NC,https://www.inaturalist.org/observations/235186265,https://inaturalist-open-data.s3.amazonaws.com/photos/418220770/medium.jpeg,,"",,1,0,false,,"Tennessee River, near Coffee Slough, Lauderdale County, AL, USA",34.7384138611,-87.7842638333,,,,,,,open,false,,,Zebra Mussel,Dreissena polymorpha,Zebra Mussel,Mollusca,116340
235190148,c4e93cbf-9fdf-4e32-a293-789a56960352,2024/06/12 2:06 PM,2024-06-12,2024-06-12 19:06:00 UTC,Central Time (US & Canada),643751,jeffgarner,Jeff Garner,2024-08-11 20:10:46 UTC,2024-08-12 01:48:27 UTC,research,CC-BY-NC,https://www.inaturalist.org/observations/235190148,https://inaturalist-open-data.s3.amazonaws.com/photos/418227932/medium.jpeg,,"",,1,0,false,,"Tennessee River near Coffee Slough, Lauderdale County, AL, USA",34.7384083333,-87.7842638333,,,,,,,open,false,,,Zebra Mussel,Dreissena polymorpha,Zebra Mussel,Mollusca,116340
235226514,d24b7589-a498-4a7d-a5c6-934dda08f37c,2024-07-14 11:45:13-04:00,2024-07-14,2024-07-14 15:45:13 UTC,America/Detroit,7230466,jcl0,,2024-08-11 23:04:04 UTC,2024-08-12 01:48:10 UTC,research,CC-BY-NC,https://www.inaturalist.org/observations/235226514,https://inaturalist-open-data.s3.amazonaws.com/photos/418297582/medium.jpeg,,"","",1,0,false,3,"Elk Lake, Elk Rapids, MI, US",44.8846383333,-85.4070883333,21,,,,21,,open,false,,,Zebra Mussel,Dreissena polymorpha,Zebra Mussel,Mollusca,116340
235229385,b3a02100-20d6-440d-963d-f6d5e82d2d96,2024-08-11 19:17:26-04:00,2024-08-11,2024-08-11 23:17:26 UTC,America/Detroit,8231812,mgsbrown,Megan,2024-08-11 23:21:12 UTC,2024-08-12 20:12:40 UTC,research,CC-BY-NC,https://www.inaturalist.org/observations/235229385,https://inaturalist-open-data.s3.amazonaws.com/photos/418353716/medium.jpeg,,"","",1,0,false,3,"Addison, MI, US",42.0432611711,-84.3112633333,138,,,,138,,open,false,,,Zebra Mussel,Dreissena polymorpha,Zebra Mussel,Mollusca,116340
235252580,ad68c139-8081-4a1b-a09c-b2e9b0f8bd6c,2024/07/14 6:00 PM,2024-07-14,2024-07-14 22:00:00 UTC,America/Detroit,439575,eamonccorbett,"",2024-08-12 01:43:48 UTC,2024-08-14 11:27:18 UTC,research,CC-BY-NC,https://www.inaturalist.org/observations/235252580,https://inaturalist-open-data.s3.amazonaws.com/photos/418348869/medium.jpeg,,"",,2,0,false,,"Grand Traverse County, MI, USA",44.7475849901,-85.5421232669,31,,,,31,,open,false,,,Zebra Mussel,Dreissena polymorpha,Zebra Mussel,Mollusca,116340
235254830,dc47b551-8a54-4ae2-9196-164f5bb489c3,2024/06/13 12:51 PM,2024-06-13,2024-06-13 17:51:00 UTC,Central Time (US & Canada),643751,jeffgarner,Jeff Garner,2024-08-12 01:59:10 UTC,2024-08-12 20:12:38 UTC,research,CC-BY-NC,https://www.inaturalist.org/observations/235254830,https://inaturalist-open-data.s3.amazonaws.com/photos/418355855/medium.jpeg,,"",,1,0,false,,"Tennessee River near Coffee Slough, Lauderdale County, AL, USA",34.7401666667,-87.7787166667,,,,,,,open,false,,,Zebra Mussel,Dreissena polymorpha,Zebra Mussel,Mollusca,116340
235540986,5cba82bc-dd92-462b-88d5-7962dc53e173,2024/07/12 10:42 AM,2024-07-12,2024-07-12 14:42:00 UTC,America/Nipigon,439008,noskcaj55,Patrick Jackson,2024-08-13 15:11:00 UTC,2024-08-13 17:54:36 UTC,research,CC-BY,https://www.inaturalist.org/observations/235540986,https://inaturalist-open-data.s3.amazonaws.com/photos/418906702/medium.jpg,,"",,1,0,false,,"Simcoe, CA-ON, CA",44.4911553656,-79.4090034343,,,,,27317,obscured,open,true,,,Zebra Mussel,Dreissena polymorpha,Zebra Mussel,Mollusca,116340
235541017,2dc4112c-85aa-4643-ae66-118d9ae65161,2024/07/12 10:52 AM,2024-07-12,2024-07-12 14:52:00 UTC,America/Nipigon,439008,noskcaj55,Patrick Jackson,2024-08-13 15:11:06 UTC,2024-12-18 00:57:23 UTC,research,CC-BY,https://www.inaturalist.org/observations/235541017,https://inaturalist-open-data.s3.amazonaws.com/photos/418906922/medium.jpg,,"",,1,0,false,,"Simcoe, CA-ON, CA",44.5719324409,-79.5974823059,,,,,27317,obscured,open,true,,,Zebra Mussel,Dreissena polymorpha,Zebra Mussel,Mollusca,116340
235594397,d8bbc58b-72b0-43cf-86ab-9988debb2243,2024/08/13 1:42 PM,2024-08-13,2024-08-13 18:42:00 UTC,Central Time (US & Canada),8439698,qswang,,2024-08-13 19:46:54 UTC,2024-08-16 08:46:59 UTC,research,CC-BY-NC,https://www.inaturalist.org/observations/235594397,https://inaturalist-open-data.s3.amazonaws.com/photos/419010563/medium.jpg,,"",,2,0,false,,"South Side, Chicago, IL, USA",41.7917895029,-87.5790750216,8,,,,8,,open,false,,,Zebra Mussel,Dreissena polymorpha,Zebra Mussel,Mollusca,116340
235597759,9b8773e2-90e3-46b2-bf67-0d3877726fdb,2024-08-13 09:24:35,2024-08-13,2024-08-13 13:24:35 UTC,Eastern Time (US & Canada),603504,francjp16,Joe Franckiewicz,2024-08-13 20:07:35 UTC,2024-08-14 00:37:56 UTC,research,CC-BY-NC,https://www.inaturalist.org/observations/235597759,https://inaturalist-open-data.s3.amazonaws.com/photos/419018275/medium.jpeg,,"",,1,0,false,2,"Lake City, PA 16423, USA",42.0241359722,-80.3737899722,,,,,,,open,false,gps,gps,Zebra Mussel,Dreissena polymorpha,Zebra Mussel,Mollusca,116340
235736850,4e2ddc7d-19ba-4e2d-9795-51f737c8996e,2024-08-13 19:34:57-05:00,2024-08-13,2024-08-14 00:34:57 UTC,Central Time (US & Canada),1213447,kevin479,Kevin Moore,2024-08-14 15:38:01 UTC,2024-08-18 19:06:23 UTC,research,,https://www.inaturalist.org/observations/235736850,https://static.inaturalist.org/photos/420887700/medium.jpeg,,"","",2,0,false,3,"Red River of the North, East Grand Forks, MN, US",47.92168,-97.0206971667,3,,,,3,,open,false,,,Zebra Mussel,Dreissena polymorpha,Zebra Mussel,Mollusca,116340
235808801,a1a42d63-025e-4043-a746-54ad03e0fa29,2024-08-14 15:24:22,2024-08-14,2024-08-14 19:24:22 UTC,Eastern Time (US & Canada),6601007,anura22,Abigail,2024-08-14 22:36:09 UTC,2024-08-14 23:52:20 UTC,research,,https://www.inaturalist.org/observations/235808801,https://static.inaturalist.org/photos/419422200/medium.jpeg,,"",:(,1,0,false,2,"Beekmantown, NY, USA",44.783125,-73.3708722222,,,,,,,open,false,gps,gps,Zebra Mussel,Dreissena polymorpha,Zebra Mussel,Mollusca,116340
235809786,d98357c5-b1b6-446b-8b92-7b08618f25ac,Wed Aug 14 2024 17:42:13 GMT -0500 (CDT),2024-08-14,2024-08-14 22:42:13 UTC,Central Time (US & Canada),6549954,allisonunplugged,,2024-08-14 22:42:28 UTC,2024-08-14 23:10:22 UTC,research,CC-BY-NC,https://www.inaturalist.org/observations/235809786,https://inaturalist-open-data.s3.amazonaws.com/photos/419423956/medium.jpeg,,"",,2,0,false,333,Godfrey,38.9425048828,-90.1528320313,3452,,,,3452,,open,false,,,Zebra Mussel,Dreissena polymorpha,Zebra Mussel,Mollusca,116340
235926673,f42f5659-6418-4b8c-b3fa-f1a109342c7b,2024-08-15 11:31:31-04:00,2024-08-15,2024-08-15 15:31:31 UTC,America/Detroit,3196303,suhaylah-ahmad-ali,Suhaylah Ahmad Ali,2024-08-15 16:02:51 UTC,2024-08-15 19:53:04 UTC,research,CC-BY-NC,https://www.inaturalist.org/observations/235926673,https://inaturalist-open-data.s3.amazonaws.com/photos/419651530/medium.jpeg,,"","",1,0,false,3,"Newman St, East Tawas, MI, US",44.2782466667,-83.4897616667,35,,,,35,,open,false,,,Zebra Mussel,Dreissena polymorpha,Zebra Mussel,Mollusca,116340
235958864,a0e21bb4-8d2b-412e-b1eb-f0b2540902a3,2024-08-15 10:47:53,2024-08-15,2024-08-15 14:47:53 UTC,America/Nipigon,970971,kelton_ah,Kelton Adderley-Heron,2024-08-15 19:10:17 UTC,2024-08-23 22:37:29 UTC,research,CC-BY-NC,https://www.inaturalist.org/observations/235958864,https://static.inaturalist.org/photos/419713262/medium.jpeg,,"",,1,0,false,2,"Muskoka District Municipality, ON, Canada",44.8874722222,-79.8573916667,,,,,,,open,false,gps,gps,Zebra Mussel,Dreissena polymorpha,Zebra Mussel,Mollusca,116340
235985979,2f36e443-d1da-4a9a-b9d4-52e716d641d8,2024-08-15 17:56:56-04:00,2024-08-15,2024-08-15 21:56:56 UTC,Eastern Time (US & Canada),2606934,lynemorissette,,2024-08-15 21:58:20 UTC,2024-10-23 20:57:55 UTC,research,CC-BY-NC,https://www.inaturalist.org/observations/235985979,https://inaturalist-open-data.s3.amazonaws.com/photos/444628713/medium.jpeg,,"","",1,0,false,3,"Port of Québec Marina, Quebec City, QC, CA",46.8203373601,-71.2057628608,4,,,,4,,open,false,,,Moule zébrée,Dreissena polymorpha,Zebra Mussel,Mollusca,116340
235992928,03c1307e-d667-4afc-82fd-beb3564e9512,2024-08-15 15:36:31,2024-08-15,2024-08-15 19:36:31 UTC,Eastern Time (US & Canada),6601007,anura22,Abigail,2024-08-15 22:48:24 UTC,2024-08-16 01:46:49 UTC,research,,https://www.inaturalist.org/observations/235992928,https://static.inaturalist.org/photos/419781004/medium.jpeg,,"",🦪(2/2) Removed and set on the sidewalk for a gull to find :),1,0,false,2,"Plattsburgh, NY, USA",44.7225916667,-73.421375,,,,,,,open,false,,,Zebra Mussel,Dreissena polymorpha,Zebra Mussel,Mollusca,116340
236020084,e98fb208-d207-4648-8921-61a3e6714057,2024-08-09 13:43:09,2024-08-09,2024-08-09 17:43:09 UTC,Eastern Time (US & Canada),301464,quietlymagical,Laura J. Costello,2024-08-16 02:41:47 UTC,2024-08-16 14:27:17 UTC,research,CC-BY,https://www.inaturalist.org/observations/236020084,https://inaturalist-open-data.s3.amazonaws.com/photos/419955842/medium.jpeg,,"",,2,0,false,2,"Shelburne, VT 05482, USA",44.3873888889,-73.2750333333,,,,,,,open,false,gps,gps,Zebra Mussel,Dreissena polymorpha,Zebra Mussel,Mollusca,116340
236167478,22ceb08e-51a5-4c32-a68e-7bf46f2d1dfc,Fri Aug 16 2024 16:57:34 GMT -0500 (CDT),2024-08-16,2024-08-16 21:57:34 UTC,Central Time (US & Canada),7307112,addiewaltz,,2024-08-16 21:57:48 UTC,2025-09-08 03:53:58 UTC,research,CC-BY-NC,https://www.inaturalist.org/observations/236167478,https://inaturalist-open-data.s3.amazonaws.com/photos/420120815/medium.jpeg,,"",,1,0,false,333,New Carlisle,41.7192382813,-86.5465774536,189,,,,189,,open,false,,,Zebra Mussel,Dreissena polymorpha,Zebra Mussel,Mollusca,116340
236167481,a44cdaab-b56e-488b-a6ec-74918dc4f522,Fri Aug 16 2024 16:57:43 GMT -0500 (CDT),2024-08-16,2024-08-16 21:57:43 UTC,Central Time (US & Canada),7302610,dceglio,,2024-08-16 21:57:49 UTC,2025-09-08 03:54:01 UTC,research,CC-BY-NC,https://www.inaturalist.org/observations/236167481,https://inaturalist-open-data.s3.amazonaws.com/photos/420121299/medium.jpeg,,"",,1,0,false,333,New Carlisle,41.6795959473,-86.5518112183,5766,,,,5766,,open,false,,,Zebra Mussel,Dreissena polymorpha,Zebra Mussel,Mollusca,116340
236183248,e81c8d72-5837-4206-a6c7-77e47a46bffe,2024-08-16 10:21:54,2024-08-16,2024-08-16 14:21:54 UTC,Eastern Time (US & Canada),603504,francjp16,Joe Franckiewicz,2024-08-16 23:52:36 UTC,2024-08-17 12:25:16 UTC,research,CC-BY-NC,https://www.inaturalist.org/observations/236183248,https://inaturalist-open-data.s3.amazonaws.com/photos/420153175/medium.jpeg,,"",,1,0,false,2,"Harmar Township, PA, USA",40.5375709722,-79.8193469722,,,,,,,open,false,gps,gps,Zebra Mussel,Dreissena polymorpha,Zebra Mussel,Mollusca,116340
236263273,8420f7dd-fa58-419d-b303-4164b7e3ed4b,2024-08-16 17:13:50-04:00,2024-08-16,2024-08-16 21:13:50 UTC,America/Nipigon,8314466,orria,,2024-08-17 12:40:01 UTC,2024-08-18 18:13:33 UTC,research,CC-BY-NC,https://www.inaturalist.org/observations/236263273,https://inaturalist-open-data.s3.amazonaws.com/photos/420308064/medium.jpeg,,"","",1,0,false,3,"Murphys Point Provincial Park, Tay Valley, ON, CA",44.7842166667,-76.2084716667,21,,,,21,,open,false,,,Zebra Mussel,Dreissena polymorpha,Zebra Mussel,Mollusca,116340
236320683,a26b65d3-47e6-4aa1-8032-216628aa53f4,2024-08-17 12:08:41,2024-08-17,2024-08-17 16:08:41 UTC,Eastern Time (US & Canada),8222922,mspezio003,Matthew Spezio,2024-08-17 17:19:29 UTC,2024-08-18 04:42:32 UTC,research,CC-BY-NC,https://www.inaturalist.org/observations/236320683,https://inaturalist-open-data.s3.amazonaws.com/photos/420412467/medium.jpeg,,"",,1,0,false,2,"Charlotte, Rochester, NY, USA",43.2544861111,-77.6093222222,,,,,,,open,false,gps,gps,Zebra Mussel,Dreissena polymorpha,Zebra Mussel,Mollusca,116340
236379631,17276f41-3d83-49af-94d9-53ccb3a9ea7e,2024-08-17 17:52:55-04:00,2024-08-17,2024-08-17 21:52:55 UTC,Eastern Time (US & Canada),7688127,smlansdowne,,2024-08-17 21:56:56 UTC,2024-08-18 04:42:27 UTC,research,CC-BY-NC,https://www.inaturalist.org/observations/236379631,https://inaturalist-open-data.s3.amazonaws.com/photos/420523523/medium.jpeg,,"","",1,0,false,3,"Seneca Falls, NY, US",42.9148107841,-76.7855654454,86,,,,86,,open,false,,,Zebra Mussel,Dreissena polymorpha,Zebra Mussel,Mollusca,116340
236388802,75e5165b-3c1a-4271-9938-2f93211fae78,2024-08-17 18:46:30,2024-08-17,2024-08-17 22:46:30 UTC,America/Nipigon,532573,jenna-mcguire,Jenna McGuire,2024-08-17 22:49:12 UTC,2024-08-18 04:42:24 UTC,research,CC-BY-NC,https://www.inaturalist.org/observations/236388802,https://inaturalist-open-data.s3.amazonaws.com/photos/420542177/medium.jpeg,,"",,1,0,false,2,"Mindemoya, ON P0P, Canada",45.7567646592,-82.1578333899,4,,,,4,,open,false,gps,gps,Zebra Mussel,Dreissena polymorpha,Zebra Mussel,Mollusca,116340
236494433,b0fc4f85-51f0-4834-af25-e0b62afa12b4,2024/06/22 3:58 PM,2024-06-22,2024-06-22 19:58:00 UTC,America/Detroit,1891727,donalddavesne,Donald Davesne,2024-08-18 13:15:22 UTC,2024-08-18 18:04:59 UTC,research,CC-BY,https://www.inaturalist.org/observations/236494433,https://inaturalist-open-data.s3.amazonaws.com/photos/420743418/medium.jpg,,"","",2,0,false,,"Northside, Ann Arbor, MI, USA",42.2909047464,-83.7281466285,7,,,,7,,open,false,,,Zebra Mussel,Dreissena polymorpha,Zebra Mussel,Mollusca,116340
236523472,40808eb9-33e8-437d-90db-57ac160e0076,Sun Aug 18 2024 11:34:07 GMT -0400 (EDT),2024-08-18,2024-08-18 15:34:07 UTC,Eastern Time (US & Canada),8371500,syster,Timmie Schramm,2024-08-18 15:34:22 UTC,2025-06-03 13:19:32 UTC,research,CC-BY-NC,https://www.inaturalist.org/observations/236523472,https://inaturalist-open-data.s3.amazonaws.com/photos/420868208/medium.jpeg,,"",,1,0,false,333,Hiawatha First Nation,44.1805419922,-78.2008972168,712,,,,712,,open,false,,,Zebra Mussel,Dreissena polymorpha,Zebra Mussel,Mollusca,116340
236576890,7e9cf948-8f6f-4bdb-9f5c-f7c82ed2159d,2024-08-18 12:40:20,2024-08-18,2024-08-18 17:40:20 UTC,Central Time (US & Canada),1683442,scopic,A. Rector,2024-08-18 19:32:31 UTC,2024-08-19 02:52:46 UTC,research,CC-BY-NC,https://www.inaturalist.org/observations/236576890,https://inaturalist-open-data.s3.amazonaws.com/photos/420899062/medium.jpeg,,"",,1,0,false,2,"Granite Shoals, TX 78654, USA",30.5886080483,-98.4014373645,14,,,,14,,open,false,gps,gps,Zebra Mussel,Dreissena polymorpha,Zebra Mussel,Mollusca,116340
236585154,89fa83b4-f9d9-4698-91fb-1ca30113b3d6,2024-08-18 13:48:45,2024-08-18,2024-08-18 17:48:45 UTC,Eastern Time (US & Canada),5923218,a1dan_see,Aidan Craner,2024-08-18 20:10:11 UTC,2025-01-17 03:03:05 UTC,research,CC0,https://www.inaturalist.org/observations/236585154,https://static.inaturalist.org/photos/420915306/medium.jpeg,,"",,2,0,false,2,"Clay, NY 13039, USA",43.1952305556,-76.0352444444,,,,,,,open,false,gps,gps,Zebra Mussel,Dreissena polymorpha,Zebra Mussel,Mollusca,116340
236636199,d7b2551e-4fcf-45dc-8a3d-5c32cc83310c,2024-08-18 11:05:32-05:00,2024-08-18,2024-08-18 16:05:32 UTC,Central Time (US & Canada),6512592,sa_joe,,2024-08-19 00:59:54 UTC,2024-08-19 13:23:14 UTC,research,CC-BY-NC,https://www.inaturalist.org/observations/236636199,https://inaturalist-open-data.s3.amazonaws.com/photos/421013686/medium.jpeg,,"","",1,0,false,3,"White River, Flippin, AR, US",36.3422616667,-92.575355,5,,,,5,,open,false,,,Zebra Mussel,Dreissena polymorpha,Zebra Mussel,Mollusca,116340
236655155,9a21e85d-fc23-4ba0-9d1e-38c8dc61de60,2024-08-18 18:50:13-04:00,2024-08-18,2024-08-18 22:50:13 UTC,America/Nipigon,2208754,hannahezwawi,Hannah Ezwawi,2024-08-19 03:23:17 UTC,2024-08-19 13:23:08 UTC,research,CC-BY-NC,https://www.inaturalist.org/observations/236655155,https://inaturalist-open-data.s3.amazonaws.com/photos/421053558/medium.jpeg,,"",still attached to rock,2,0,false,3,"Hillman Creek, Leamington, ON, CA",42.0321695,-82.4864716667,3,,,,3,,open,false,,,Zebra Mussel,Dreissena polymorpha,Zebra Mussel,Mollusca,116340
236774033,def351a8-561e-4004-b57d-0cd454981e6a,2024-08-19 15:10:09-04:00,2024-08-19,2024-08-19 19:10:09 UTC,Eastern Time (US & Canada),1360728,hannahtidae,,2024-08-19 19:14:51 UTC,2024-08-20 02:19:29 UTC,research,,https://www.inaturalist.org/observations/236774033,https://static.inaturalist.org/photos/421410997/medium.jpeg,,"","",3,0,false,3,"Karl Boyes Multi-Purpose National Recreation Trail, PA, US",42.1250111667,-80.1487888333,4,,,,4,,open,false,,,Zebra Mussel,Dreissena polymorpha,Zebra Mussel,Mollusca,116340
236790332,1e8393a8-5767-473f-a5e4-4b22cca97367,2024/08/19 4:30 PM,2024-08-19,2024-08-19 20:30:00 UTC,Eastern Time (US & Canada),7278929,drink_more_water,Nick Chirico,2024-08-19 20:57:24 UTC,2024-08-20 01:14:40 UTC,research,CC-BY,https://www.inaturalist.org/observations/236790332,https://inaturalist-open-data.s3.amazonaws.com/photos/421315291/medium.jpeg,,"","",1,0,false,,"Morrow County, OH, USA",40.7088752816,-82.6532850645,2,,,,2,,open,false,,,Zebra Mussel,Dreissena polymorpha,Zebra Mussel,Mollusca,116340
236804733,df250dae-b947-4db7-bac7-4e93e55b8304,2024-08-19 11:15:19,2024-08-19,2024-08-19 15:15:19 UTC,Eastern Time (US & Canada),7145377,camgb,ellimac444,2024-08-19 22:14:39 UTC,2024-08-20 04:13:17 UTC,research,,https://www.inaturalist.org/observations/236804733,https://static.inaturalist.org/photos/421341826/medium.jpeg,,"",,1,0,false,2,"Rock Forest, Sherbrooke, QC, Canada",45.3363555556,-71.9949305556,,,,,,,open,false,gps,gps,Moule zébrée,Dreissena polymorpha,Zebra Mussel,Mollusca,116340
236839246,9cab4bc4-d904-4ccf-84d3-8038603642de,2024-08-19 15:08:35-04:00,2024-08-19,2024-08-19 19:08:35 UTC,Eastern Time (US & Canada),1360728,hannahtidae,,2024-08-20 02:22:11 UTC,2024-08-20 20:27:49 UTC,research,,https://www.inaturalist.org/observations/236839246,https://static.inaturalist.org/photos/421411810/medium.jpeg,,"","",2,0,false,3,"Karl Boyes Multi-Purpose National Recreation Trail, PA, US",42.1249278333,-80.1488805,14,,,,14,,open,false,,,Zebra Mussel,Dreissena polymorpha,Zebra Mussel,Mollusca,116340
236910821,3cd2d046-dcfd-43fa-ba33-f4757d96c7d6,2024-08-20 09:56:24,2024-08-20,2024-08-20 13:56:24 UTC,Eastern Time (US & Canada),115587,dschwartz01,"",2024-08-20 14:02:41 UTC,2024-08-22 11:25:17 UTC,research,CC-BY-NC,https://www.inaturalist.org/observations/236910821,https://inaturalist-open-data.s3.amazonaws.com/photos/421550841/medium.jpeg,,"",,1,0,false,2,"Berlin Township, OH, USA",41.3842933159,-82.5152728613,9,,,,9,,open,false,,,Zebra Mussel,Dreissena polymorpha,Zebra Mussel,Mollusca,116340
236968784,842d1612-9e9a-40d9-b0ae-21b9bc231ed4,2024/08/20 2:22 PM,2024-08-20,2024-08-20 19:22:00 UTC,Central Time (US & Canada),7583970,globalzoological,,2024-08-20 19:28:17 UTC,2024-08-20 23:08:44 UTC,research,CC-BY-NC,https://www.inaturalist.org/observations/236968784,https://inaturalist-open-data.s3.amazonaws.com/photos/421661050/medium.jpeg,,"",Below the dam Conway AR.,1,0,false,,"Conway, AR, USA",35.1056861111,-92.4810777778,5,,,,5,,open,false,,,Zebra Mussel,Dreissena polymorpha,Zebra Mussel,Mollusca,116340
237158622,c4845b60-3d82-4cc4-b977-b29f3ed7cc30,2024-08-21 14:32:44,2024-08-21,2024-08-21 19:32:44 UTC,Central Time (US & Canada),3094379,truebabystar,Sean Prive,2024-08-21 19:40:47 UTC,2024-08-22 02:58:45 UTC,research,CC-BY-NC,https://www.inaturalist.org/observations/237158622,https://inaturalist-open-data.s3.amazonaws.com/photos/422023508/medium.jpeg,,"",,1,0,false,2,"Pelican Township, MN, USA",46.5482537319,-94.1611572562,2,,,,2,,open,false,,,Zebra Mussel,Dreissena polymorpha,Zebra Mussel,Mollusca,116340
237215705,e1185030-f93a-4a10-919f-0f5cbcd3c57d,2024-08-14,2024-08-14,,America/Nipigon,552027,nicktomeo,Nick Tomeo,2024-08-22 02:22:09 UTC,2024-08-22 02:57:55 UTC,research,CC-BY-NC-SA,https://www.inaturalist.org/observations/237215705,https://inaturalist-open-data.s3.amazonaws.com/photos/422135485/medium.jpeg,,"",,1,0,false,2,"South Frontenac, ON, Canada",44.6744999171,-76.5934875235,233,,,,233,,open,false,gps,gps,Zebra Mussel,Dreissena polymorpha,Zebra Mussel,Mollusca,116340
237300409,32474d97-ee7b-47e7-a5ab-262bf952f122,2024-08-22 08:59:13,2024-08-22,2024-08-22 13:59:13 UTC,Central Time (US & Canada),6413499,bucketofseaweed,Landon Marshall,2024-08-22 15:58:46 UTC,2024-08-22 19:32:22 UTC,research,CC-BY-NC,https://www.inaturalist.org/observations/237300409,https://inaturalist-open-data.s3.amazonaws.com/photos/422298055/medium.jpeg,,"",,1,0,false,2,"Kerper Blvd and 16th St, Dubuque, IA 52001, USA",42.5112869082,-90.6518679857,42,,,,42,,open,false,gps,gps,Zebra Mussel,Dreissena polymorpha,Zebra Mussel,Mollusca,116340
237302420,5a9827b2-0cff-44ab-9983-8c4237c55d58,2024-08-12 17:07:00-04:00,2024-08-12,2024-08-12 21:07:00 UTC,America/Nipigon,4113366,cyctrca,"",2024-08-22 16:11:06 UTC,2024-08-30 13:32:25 UTC,research,CC-BY-NC,https://www.inaturalist.org/observations/237302420,https://inaturalist-open-data.s3.amazonaws.com/photos/422302223/medium.jpeg,,"","Identified by Kyle Espinosa 
Module 2",2,0,false,3,"Six Mile Lake, Georgian Bay, ON, CA",44.9097078636,-79.7110887102,2282,,,,2282,,open,false,,,Zebra Mussel,Dreissena polymorpha,Zebra Mussel,Mollusca,116340
237404174,7ba1a034-4a5e-43c1-9929-5c028355bdc9,2024-08-22 18:11:23,2024-08-22,2024-08-22 22:11:23 UTC,Eastern Time (US & Canada),641347,bradleyfishes,Bradley Rasmussen,2024-08-23 03:28:36 UTC,2024-08-23 15:12:38 UTC,research,CC-BY-NC,https://www.inaturalist.org/observations/237404174,https://inaturalist-open-data.s3.amazonaws.com/photos/422505242/medium.jpeg,,"",,2,0,false,2,"Québec, CA",45.2959673034,-71.8583317332,,,,,27190,obscured,open,true,gps,gps,Zebra Mussel,Dreissena polymorpha,Zebra Mussel,Mollusca,116340
237486354,90f69641-625e-4a29-86bf-fc79eade9319,2024-08-23 10:59:25-04:00,2024-08-23,2024-08-23 14:59:25 UTC,Eastern Time (US & Canada),4685687,lin_floyd,Lin Axamethy Floyd,2024-08-23 16:41:09 UTC,2025-09-15 20:03:45 UTC,research,,https://www.inaturalist.org/observations/237486354,https://static.inaturalist.org/photos/422659025/medium.jpeg,,"","Taken at Lock 33 (Henrietta, NY) of Erie Canal from inner wall of the lock. A horizontal crack at about 10 feet below high water was colonized with these. Native? Interlopers?  ",2,0,false,3,"Edgewood Ave, Rochester, NY, US",43.0960013261,-77.5693275714,86,,,,86,,open,false,,,Zebra Mussel,Dreissena polymorpha,Zebra Mussel,Mollusca,116340
237515040,67215fdb-bfd3-48d4-af72-2309b95d8af7,2024-08-15 10:08:38,2024-08-15,2024-08-15 15:08:38 UTC,Central Time (US & Canada),6969400,wbicklein,Emerald Angler,2024-08-23 19:40:41 UTC,2024-08-24 18:58:05 UTC,research,,https://www.inaturalist.org/observations/237515040,https://static.inaturalist.org/photos/422715316/medium.jpeg,,"",,2,0,false,2,"Winfield, MO 63389, USA",38.981901706,-90.6801649556,18,,,,18,,open,false,gps,gps,Zebra Mussel,Dreissena polymorpha,Zebra Mussel,Mollusca,116340
237634665,c207a86a-d98d-4d40-859d-6fb500e971c0,2024-08-24 09:49:03,2024-08-24,2024-08-24 13:49:03 UTC,America/Nipigon,1472192,stephaniemuntean,Steph,2024-08-24 13:49:37 UTC,2024-08-25 03:44:29 UTC,research,,https://www.inaturalist.org/observations/237634665,https://static.inaturalist.org/photos/422948053/medium.jpeg,,"",,2,0,false,2,"Georgian Bay, ON, Canada",44.8496865348,-79.8629591331,20,,,,20,,open,false,,,Zebra Mussel,Dreissena polymorpha,Zebra Mussel,Mollusca,116340
237662519,95f47cff-8745-4ca8-b0e2-0123ab41d0d8,2024-08-24 10:50:36-05:00,2024-08-24,2024-08-24 15:50:36 UTC,Central Time (US & Canada),5500504,kendalljacksonwhinery,Kendall Jackson,2024-08-24 16:00:00 UTC,2025-09-15 20:03:39 UTC,research,,https://www.inaturalist.org/observations/237662519,https://static.inaturalist.org/photos/422998390/medium.jpeg,,"","",2,0,false,3,"William W. Powers State Recreation Area, Chicago, IL, US",41.6602366667,-87.525275,3,,,,3,,open,false,,,Zebra Mussel,Dreissena polymorpha,Zebra Mussel,Mollusca,116340
237663532,9387acde-6c0a-4728-88b6-b8d7d8ea91c1,2024-08-24 11:03:55-05:00,2024-08-24,2024-08-24 16:03:55 UTC,Central Time (US & Canada),2413327,oschweikart,,2024-08-24 16:04:25 UTC,2024-08-26 01:46:25 UTC,research,CC-BY-NC,https://www.inaturalist.org/observations/237663532,https://inaturalist-open-data.s3.amazonaws.com/photos/423000036/medium.jpeg,,"","",1,0,false,3,"Wolf Lake, Chicago, IL, US",41.6601851233,-87.5253304813,4,,,,4,,open,false,,,Zebra Mussel,Dreissena polymorpha,Zebra Mussel,Mollusca,116340
237663649,c5938c99-82b0-46ce-acd2-91993b34dd6d,2024-08-24 11:04:55-05:00,2024-08-24,2024-08-24 16:04:55 UTC,Central Time (US & Canada),2413327,oschweikart,,2024-08-24 16:05:04 UTC,2024-08-26 01:46:18 UTC,research,CC-BY-NC,https://www.inaturalist.org/observations/237663649,https://inaturalist-open-data.s3.amazonaws.com/photos/423000263/medium.jpeg,,"","",1,0,false,3,"Wolf Lake, Chicago, IL, US",41.6601848371,-87.5253533764,4,,,,4,,open,false,,,Zebra Mussel,Dreissena polymorpha,Zebra Mussel,Mollusca,116340
237664170,7bf65bd2-c366-42b6-92a2-37b771e633fd,2024-08-24 11:07:11-05:00,2024-08-24,2024-08-24 16:07:11 UTC,Central Time (US & Canada),2413327,oschweikart,,2024-08-24 16:07:23 UTC,2024-08-25 03:44:35 UTC,research,CC-BY-NC,https://www.inaturalist.org/observations/237664170,https://inaturalist-open-data.s3.amazonaws.com/photos/423001185/medium.jpeg,,"","",2,0,false,3,"Wolf Lake, Chicago, IL, US",41.6602434698,-87.5253413048,4,,,,4,,open,false,,,Zebra Mussel,Dreissena polymorpha,Zebra Mussel,Mollusca,116340
237690993,f52518fe-6c6d-4b5a-9648-622a0b827401,2024-08-24 11:07:23-05:00,2024-08-24,2024-08-24 16:07:23 UTC,Central Time (US & Canada),5500504,kendalljacksonwhinery,Kendall Jackson,2024-08-24 18:17:52 UTC,2024-08-25 13:13:18 UTC,research,,https://www.inaturalist.org/observations/237690993,https://static.inaturalist.org/photos/423050183/medium.jpeg,,"","",2,0,false,3,"William W. Powers State Recreation Area, Chicago, IL, US",41.6602366667,-87.525245,3,,,,3,,open,false,,,Zebra Mussel,Dreissena polymorpha,Zebra Mussel,Mollusca,116340
237703382,9e36fd53-25ec-467a-80be-f0b1a3cdb9b3,2024-08-24 14:18:38-05:00,2024-08-24,2024-08-24 19:18:38 UTC,Central Time (US & Canada),2446196,inmanbio,,2024-08-24 19:18:50 UTC,2025-09-05 18:13:03 UTC,research,CC-BY-NC,https://www.inaturalist.org/observations/237703382,https://inaturalist-open-data.s3.amazonaws.com/photos/423074228/medium.jpeg,,"","",2,0,false,3,"193rd St, Litchfield, MN, US",45.0273827878,-94.5248081688,103,,,,103,,open,false,,,Zebra Mussel,Dreissena polymorpha,Zebra Mussel,Mollusca,116340
237709531,1b03b45b-1293-4630-b206-3a06d66a71f3,Sat Aug 24 2024 15:48:06 GMT -0400 (EDT),2024-08-24,2024-08-24 19:48:06 UTC,America/Detroit,8455403,socks666,,2024-08-24 19:48:39 UTC,2024-08-25 03:43:38 UTC,research,CC-BY-NC,https://www.inaturalist.org/observations/237709531,https://inaturalist-open-data.s3.amazonaws.com/photos/423091589/medium.jpeg,,"",,1,0,false,333,Clark Township,46.005859375,-84.4581680298,90,,,,90,,open,false,,,Zebra Mussel,Dreissena polymorpha,Zebra Mussel,Mollusca,116340
237740894,0c05d5ec-7195-4629-9ede-a10fd0c3f4a8,Sat Aug 24 2024 17:33:43 GMT -0500 (CDT),2024-08-24,2024-08-24 22:33:43 UTC,Central Time (US & Canada),7234127,lovelylemon,,2024-08-24 22:34:16 UTC,2025-09-08 03:54:05 UTC,research,CC-BY-NC,https://www.inaturalist.org/observations/237740894,https://inaturalist-open-data.s3.amazonaws.com/photos/423146937/medium.jpeg,,"",,1,0,false,333,Portage,41.626159668,-87.2101364136,10,,,,10,,open,false,,,Zebra Mussel,Dreissena polymorpha,Zebra Mussel,Mollusca,116340
237798993,cf666921-d927-4198-9891-95eba63164ca,2024-08-23 12:48:57,2024-08-23,2024-08-23 16:48:57 UTC,Eastern Time (US & Canada),5289398,zroz,"",2024-08-25 05:51:39 UTC,2024-08-25 16:25:48 UTC,research,,https://www.inaturalist.org/observations/237798993,https://static.inaturalist.org/photos/423265275/medium.jpeg,,"",,1,0,false,2,"Lewis Center, OH 43035, USA",40.1835099722,-82.962186,,,,,,,open,false,gps,gps,Zebra Mussel,Dreissena polymorpha,Zebra Mussel,Mollusca,116340
237846564,9502cc9c-2140-4e98-a87f-499097d100a6,2024-08-23 19:45:03-04:00,2024-08-23,2024-08-23 23:45:03 UTC,America/Detroit,1773189,cammymolly,Camryn Brent,2024-08-25 13:10:37 UTC,2025-09-05 18:13:10 UTC,research,CC-BY-NC,https://www.inaturalist.org/observations/237846564,https://inaturalist-open-data.s3.amazonaws.com/photos/423356231/medium.jpeg,,"","",2,0,false,3,"Pellston, MI, US",45.5622133333,-84.66703,7,,,,7,,open,false,,,Zebra Mussel,Dreissena polymorpha,Zebra Mussel,Mollusca,116340
237935626,083ef8eb-e233-461f-bc6c-d931a5620bd1,2024-08-25 15:19:41,2024-08-25,2024-08-25 20:19:41 UTC,Central Time (US & Canada),7175381,joshua2937,Joshua Melnick,2024-08-25 20:20:58 UTC,2024-08-26 02:57:23 UTC,research,,https://www.inaturalist.org/observations/237935626,https://static.inaturalist.org/photos/423525464/medium.jpeg,,"",They started appearing in Lake Miltmore about a decade ago.,1,0,false,2,"Venetian Village, IL 60046, USA",42.396674878,-88.0447399523,10,,,,10,,open,false,,,Zebra Mussel,Dreissena polymorpha,Zebra Mussel,Mollusca,116340
237945064,6da08804-ddb2-42a9-82a6-ef8ceb91e854,2024-08-25 17:02:17,2024-08-25,2024-08-25 21:02:17 UTC,America/Nipigon,2110710,pascal_samson,"",2024-08-25 21:09:12 UTC,2024-08-26 02:57:14 UTC,research,CC-BY-NC,https://www.inaturalist.org/observations/237945064,https://inaturalist-open-data.s3.amazonaws.com/photos/423543193/medium.jpeg,,"",,1,0,false,2,"Lyndhurst, ON K0E 1N0, Canada",44.5297374297,-76.2193140853,9,,,,9,,open,false,,,Moule zébrée,Dreissena polymorpha,Zebra Mussel,Mollusca,116340
237951508,0a6886e2-de9a-4473-ab9f-ba121d1bb819,2024-08-24 08:08:43-04:00,2024-08-24,2024-08-24 12:08:43 UTC,America/Nipigon,282160,tyler_miller,Tyler Miller,2024-08-25 21:43:21 UTC,2025-09-16 20:13:38 UTC,research,CC-BY-NC,https://www.inaturalist.org/observations/237951508,https://inaturalist-open-data.s3.amazonaws.com/photos/423555357/medium.jpeg,,"","",2,0,false,3,"Sables-Spanish Rivers, ON, CA",46.1362138333,-81.8701466667,17,,,,17,,open,false,,,Zebra Mussel,Dreissena polymorpha,Zebra Mussel,Mollusca,116340
237971435,c83226fa-7b07-4441-a1aa-f5b8fa477494,2024-08-25 15:21:10-04:00,2024-08-25,2024-08-25 19:21:10 UTC,America/Nipigon,493290,kristinpiston,,2024-08-25 23:43:45 UTC,2024-08-29 20:08:40 UTC,research,CC0,https://www.inaturalist.org/observations/237971435,https://inaturalist-open-data.s3.amazonaws.com/photos/423594163/medium.jpeg,,"","",2,0,false,3,"Lake Erie, Bayham, ON, CA",42.6379883333,-80.8128666667,3,,,,3,,open,false,,,Zebra Mussel,Dreissena polymorpha,Zebra Mussel,Mollusca,116340
238207832,1186df2c-a32a-4f88-8780-5bf900ab1d68,2024-08-19 17:55:00-05:00,2024-08-19,2024-08-19 22:55:00 UTC,Central Time (US & Canada),3169518,m4ttb,Matt Bergstrom,2024-08-27 07:36:54 UTC,2024-08-27 12:40:12 UTC,research,CC-BY-NC,https://www.inaturalist.org/observations/238207832,https://inaturalist-open-data.s3.amazonaws.com/photos/424056128/medium.jpeg,,"","",1,0,false,3,"Mississippi Riverwalk Recreation Trail, Dubuque, IA, US",42.495225,-90.6569583333,5,,,,5,,open,false,,,Zebra Mussel,Dreissena polymorpha,Zebra Mussel,Mollusca,116340
238417978,552ea5b2-8863-406d-afc5-51c7262fde07,2024/08/25 5:38 PM,2024-08-25,2024-08-25 21:38:00 UTC,America/Nipigon,3720750,stewart_blackwell,Stewart Blackwell,2024-08-28 14:09:24 UTC,2024-08-28 18:58:18 UTC,research,,https://www.inaturalist.org/observations/238417978,https://static.inaturalist.org/photos/424427937/medium.jpeg,,"",,1,0,false,,"Simcoe County, ON, Canada",44.7738694444,-79.3913027778,5,,,,5,,open,false,,,Zebra Mussel,Dreissena polymorpha,Zebra Mussel,Mollusca,116340
238417979,339f2206-55d8-4c64-84a1-7e82ab7450b6,2024/08/25 5:39 PM,2024-08-25,2024-08-25 21:39:00 UTC,America/Nipigon,3720750,stewart_blackwell,Stewart Blackwell,2024-08-28 14:09:25 UTC,2024-08-28 18:58:15 UTC,research,,https://www.inaturalist.org/observations/238417979,https://static.inaturalist.org/photos/424427961/medium.jpeg,,"",,1,0,false,,"Simcoe County, ON, Canada",44.7738388889,-79.3912972222,5,,,,5,,open,false,,,Zebra Mussel,Dreissena polymorpha,Zebra Mussel,Mollusca,116340
238604326,e33516ad-de86-4c11-be8b-fc8db77bfd01,2024/08/28 6:24 PM,2024-08-28,2024-08-28 23:24:00 UTC,Central Time (US & Canada),2455686,dejackson2256,Dan Jackson,2024-08-29 14:59:47 UTC,2024-08-30 13:24:24 UTC,research,CC-BY-NC,https://www.inaturalist.org/observations/238604326,https://inaturalist-open-data.s3.amazonaws.com/photos/424817887/medium.jpg,,"",Attached to a mussel shell.,1,0,false,,"La Crosse County, WI, USA",43.7450638889,-91.2136,,,,,,,open,false,,,Zebra Mussel,Dreissena polymorpha,Zebra Mussel,Mollusca,116340
238613990,f7e8d87c-a1cb-44a0-ac37-53b5a2276d02,2024-08-29 11:52:47-04:00,2024-08-29,2024-08-29 15:52:47 UTC,Eastern Time (US & Canada),5327888,socionature,wilson weir,2024-08-29 15:59:39 UTC,2024-08-30 13:26:33 UTC,research,CC-BY-NC,https://www.inaturalist.org/observations/238613990,https://inaturalist-open-data.s3.amazonaws.com/photos/424836180/medium.jpeg,,"","",1,0,false,3,"Kingston, ON, CA",44.2943002854,-76.4435175751,293,,,,293,,open,false,,,Zebra Mussel,Dreissena polymorpha,Zebra Mussel,Mollusca,116340
238631870,2eec6baa-bad6-46b1-b1a0-6bc1d1a8f51b,2024-08-29 12:04:59,2024-08-29,2024-08-29 16:04:59 UTC,Eastern Time (US & Canada),7391196,alexahowansky,Alexa Howansky,2024-08-29 17:52:07 UTC,2024-08-31 04:07:29 UTC,research,CC-BY-NC,https://www.inaturalist.org/observations/238631870,https://inaturalist-open-data.s3.amazonaws.com/photos/424870118/medium.jpeg,,"",,1,0,false,2,"Round Lake, NY, USA",42.9340361111,-73.7911,,,,,,,open,false,gps,gps,Zebra Mussel,Dreissena polymorpha,Zebra Mussel,Mollusca,116340
238632130,79eb90b6-ec3b-45db-9c03-c3fff8343979,2024-08-29 13:42:49-04:00,2024-08-29,2024-08-29 17:42:49 UTC,Eastern Time (US & Canada),6932552,arcurra,,2024-08-29 17:53:16 UTC,2024-08-30 13:10:22 UTC,research,CC-BY-NC,https://www.inaturalist.org/observations/238632130,https://inaturalist-open-data.s3.amazonaws.com/photos/424873304/medium.jpeg,,"","",1,0,false,3,"Glenburnie, Kingston, ON, CA",44.2887316638,-76.4461134053,853,,,,853,,open,false,,,Zebra Mussel,Dreissena polymorpha,Zebra Mussel,Mollusca,116340
238762278,e3e26820-0d1d-4c4f-86b0-3c0fcb8a6bd6,2024-08-28 17:12:59-04:00,2024-08-28,2024-08-28 21:12:59 UTC,America/Detroit,3196303,suhaylah-ahmad-ali,Suhaylah Ahmad Ali,2024-08-30 13:00:50 UTC,2024-08-30 15:28:42 UTC,research,CC-BY-NC,https://www.inaturalist.org/observations/238762278,https://inaturalist-open-data.s3.amazonaws.com/photos/425127605/medium.jpeg,,"",They were everywhere here! Under every rock!,1,0,false,3,"Crystal Lake, Frankfort, MI, US",44.6860083333,-86.1917633333,6,,,,6,,open,false,,,Zebra Mussel,Dreissena polymorpha,Zebra Mussel,Mollusca,116340
238826480,59549cbc-fed7-4bf1-83ed-0339bfbebce5,2024-08-30 14:07:18-05:00,2024-08-30,2024-08-30 19:07:18 UTC,Central Time (US & Canada),4601621,mikehensley,,2024-08-30 19:07:25 UTC,2024-08-30 21:04:49 UTC,research,CC-BY-NC,https://www.inaturalist.org/observations/238826480,https://inaturalist-open-data.s3.amazonaws.com/photos/425249041/medium.jpeg,,"","",1,0,false,3,"Lake Mendota, Madison, WI, US",43.0774760427,-89.4030102425,20,,,,20,,open,false,,,Zebra Mussel,Dreissena polymorpha,Zebra Mussel,Mollusca,116340
238826571,e10eacb1-0f9e-405b-a34f-7b48a4272eb8,2024-08-30 14:07:32-05:00,2024-08-30,2024-08-30 19:07:32 UTC,Central Time (US & Canada),8484017,grahhaam,,2024-08-30 19:07:53 UTC,2024-08-30 21:04:47 UTC,research,CC-BY-NC,https://www.inaturalist.org/observations/238826571,https://inaturalist-open-data.s3.amazonaws.com/photos/425249194/medium.jpeg,,"","",1,0,false,3,"Lake Mendota, Madison, WI, US",43.0773747662,-89.4030397753,4,,,,4,,open,false,,,Zebra Mussel,Dreissena polymorpha,Zebra Mussel,Mollusca,116340
238827053,3bf3df1f-f7d1-44e4-a91c-a8d9d7ce1a4f,2024-08-30 14:10:32-05:00,2024-08-30,2024-08-30 19:10:32 UTC,Central Time (US & Canada),4601621,mikehensley,,2024-08-30 19:10:43 UTC,2025-09-05 18:13:15 UTC,research,CC-BY-NC,https://www.inaturalist.org/observations/238827053,https://inaturalist-open-data.s3.amazonaws.com/photos/425250282/medium.jpeg,,"","",2,0,false,3,"Lake Mendota, Madison, WI, US",43.077508862,-89.4029695598,18,,,,18,,open,false,,,Zebra Mussel,Dreissena polymorpha,Zebra Mussel,Mollusca,116340
238940782,2e0c23f6-59f3-46f2-825d-5c9c49552f8a,2024-08-31 07:44:12-04:00,2024-08-31,2024-08-31 11:44:12 UTC,Eastern Time (US & Canada),604217,beverlij,Bev McBride,2024-08-31 11:46:51 UTC,2024-08-31 14:06:00 UTC,research,CC0,https://www.inaturalist.org/observations/238940782,https://inaturalist-open-data.s3.amazonaws.com/photos/425473105/medium.jpeg,,"",In drift on shore.,1,0,false,3,"Shirleys Bay, Ottawa, ON, CA",45.3652758765,-75.878883244,147,,,,147,,open,false,,,Zebra Mussel,Dreissena polymorpha,Zebra Mussel,Mollusca,116340
239049710,732efe54-0e3a-47c8-a051-37a6dd91db2f,Sat Aug 31 2024 17:14:16 GMT -0400 (EDT),2024-08-31,2024-08-31 21:14:16 UTC,America/Nipigon,5010184,skinoshi,Sarah Kinoshita,2024-08-31 21:14:29 UTC,2024-09-01 02:09:35 UTC,research,,https://www.inaturalist.org/observations/239049710,https://static.inaturalist.org/photos/425679268/medium.jpeg,,"",,1,0,false,333,Severn,44.8904075623,-79.6642303467,149,,,,149,,open,false,,,Zebra Mussel,Dreissena polymorpha,Zebra Mussel,Mollusca,116340
239054290,8bd2a089-fe93-412c-8664-099eb10d39e0,2024-08-31 17:41:48-04:00,2024-08-31,2024-08-31 21:41:48 UTC,America/Nipigon,6726587,janna_w,,2024-08-31 21:42:27 UTC,2024-09-01 02:09:29 UTC,research,CC-BY-NC,https://www.inaturalist.org/observations/239054290,https://inaturalist-open-data.s3.amazonaws.com/photos/425688122/medium.jpeg,,"","",1,0,false,3,"Chesley Lake, South Bruce Peninsula, ON, CA",44.5570611006,-81.22834338,98,,,,98,,open,false,,,Zebra Mussel,Dreissena polymorpha,Zebra Mussel,Mollusca,116340
239181055,d6049af8-5c1c-49a4-beaf-c8cfef530353,Sun Sep 01 2024 10:31:50 GMT -0400 (EDT),2024-09-01,2024-09-01 14:31:50 UTC,America/Nipigon,2019270,dianasmith-bancroft,Diana Smith,2024-09-01 14:32:15 UTC,2024-09-14 12:28:41 UTC,research,CC-BY-NC,https://www.inaturalist.org/observations/239181055,https://inaturalist-open-data.s3.amazonaws.com/photos/430665705/medium.jpeg,,"",,1,0,false,333,Greater Madawaska,45.3460083008,-76.6982727051,4,,,,4,,open,false,,,Zebra Mussel,Dreissena polymorpha,Zebra Mussel,Mollusca,116340
239186596,d263c47c-8b5b-4246-bd9a-b577ae18a4fa,Sun Sep 01 2024 10:57:23 GMT -0400 (EDT),2024-09-01,2024-09-01 14:57:23 UTC,America/Detroit,7009028,mayabosse,,2024-09-01 14:57:44 UTC,2024-09-02 18:18:35 UTC,research,CC-BY-NC,https://www.inaturalist.org/observations/239186596,https://inaturalist-open-data.s3.amazonaws.com/photos/425950719/medium.jpeg,,"",,1,0,false,333,Ann Arbor,42.2950439453,-83.7462463379,253,,,,253,,open,false,,,Zebra Mussel,Dreissena polymorpha,Zebra Mussel,Mollusca,116340
239215864,6ec80722-810f-4c33-b820-5efa107f827c,2024-09-01 12:31:30-04:00,2024-09-01,2024-09-01 16:31:30 UTC,Eastern Time (US & Canada),7759814,eseckel,,2024-09-01 17:07:32 UTC,2024-09-04 11:52:24 UTC,research,CC-BY-NC,https://www.inaturalist.org/observations/239215864,https://inaturalist-open-data.s3.amazonaws.com/photos/426004793/medium.jpeg,,"","",1,0,false,3,"Perry Cove, OH, US",41.524205,-82.9685216667,5,,,,5,,open,false,,,Zebra Mussel,Dreissena polymorpha,Zebra Mussel,Mollusca,116340
239264038,c9feff62-4d7a-43b1-a6a2-b77d2c2b4658,Sun Sep 01 2024 15:36:29 GMT -0500 (CDT),2024-09-01,2024-09-01 20:36:29 UTC,Central Time (US & Canada),4504067,alexholsen,Alex O,2024-09-01 20:49:38 UTC,2024-10-05 18:37:25 UTC,research,CC-BY-NC,https://www.inaturalist.org/observations/239264038,https://inaturalist-open-data.s3.amazonaws.com/photos/438669539/medium.jpeg,,"","Saw a few of these in the lake, but can’t tell if they’re zebra mussels or something else! ",1,0,false,333,Deerwood,46.4083557129,-93.8713607788,53,,,,53,,open,false,,,Zebra Mussel,Dreissena polymorpha,Zebra Mussel,Mollusca,116340
239476574,f46c60a7-35e4-4993-a69b-2a818ff469fb,2024-09-02 13:45:28-04:00,2024-09-02,2024-09-02 17:45:28 UTC,America/Detroit,3797478,aylos,Michael Demetriou,2024-09-02 20:42:26 UTC,2024-09-03 13:21:46 UTC,research,CC-BY-NC,https://www.inaturalist.org/observations/239476574,https://static.inaturalist.org/photos/426515258/medium.jpeg,,"","",2,0,false,3,"Clinton River, Sterling Heights, MI, US",42.5921216667,-83.00695,4,,,,4,,open,false,,,Zebra Mussel,Dreissena polymorpha,Zebra Mussel,Mollusca,116340
239482792,75704a76-6199-4308-bfda-df28bb387985,2024-09-02 15:13:01,2024-09-02,2024-09-02 19:13:01 UTC,America/Nipigon,966966,kalvinchan,Kalvin Chan,2024-09-02 21:10:40 UTC,2024-09-03 16:05:11 UTC,research,CC-BY,https://www.inaturalist.org/observations/239482792,https://inaturalist-open-data.s3.amazonaws.com/photos/426528551/medium.jpeg,,"",,3,0,false,2,"Turkey Point, ON N0E 1T0, Canada",42.5604944444,-80.2844305556,,,,,,,open,false,gps,gps,Zebra Mussel,Dreissena polymorpha,Zebra Mussel,Mollusca,116340
239498824,4bd4145b-5d25-4000-a8c6-dcdcbbcdee34,2024/09/02 12:40 PM,2024-09-02,2024-09-02 16:40:00 UTC,America/Nipigon,2003216,bobl2,"",2024-09-02 22:30:55 UTC,2025-01-28 19:08:41 UTC,research,CC-BY-NC,https://www.inaturalist.org/observations/239498824,https://inaturalist-open-data.s3.amazonaws.com/photos/426556581/medium.jpeg,,"",,1,0,false,,"Leeds and Grenville United Counties, ON, Canada",44.5520216667,-76.2397533333,,,,,,,open,false,,,Zebra Mussel,Dreissena polymorpha,Zebra Mussel,Mollusca,116340
239512502,c727cab1-c94d-430b-bb67-fbad69090ffd,2024-09-02 19:12:08,2024-09-02,2024-09-02 23:12:08 UTC,Eastern Time (US & Canada),1164145,sarah-culliton,Sarah Culliton,2024-09-02 23:46:13 UTC,2024-09-03 02:24:33 UTC,research,CC-BY,https://www.inaturalist.org/observations/239512502,https://inaturalist-open-data.s3.amazonaws.com/photos/426587536/medium.jpeg,,"",,2,0,false,2,"Ashtabula County, OH, USA",41.902222,-80.8085549722,,,,,,,open,false,gps,gps,Zebra Mussel,Dreissena polymorpha,Zebra Mussel,Mollusca,116340
239535609,a616b703-0dea-4060-9970-7474999b68e8,2024-09-02 12:15:29-04:00,2024-09-02,2024-09-02 16:15:29 UTC,Eastern Time (US & Canada),3685243,swampgirl123,Swampgirl,2024-09-03 01:57:33 UTC,2024-09-04 02:38:06 UTC,research,CC-BY-NC,https://www.inaturalist.org/observations/239535609,https://inaturalist-open-data.s3.amazonaws.com/photos/426634391/medium.jpeg,,"","",2,0,false,3,"Lake of Two Mountains, Pointe-des-Cascades, QC, CA",45.3344951441,-73.954114145,124,,,,124,,open,false,,,Zebra Mussel,Dreissena polymorpha,Zebra Mussel,Mollusca,116340
239682224,7837f1af-ad1e-4743-a93a-04684d7c55d3,2024-09-03 12:26:33,2024-09-03,2024-09-03 16:26:33 UTC,America/Nipigon,279103,popb25,Brian Popelier,2024-09-03 20:58:36 UTC,2024-09-04 02:19:14 UTC,research,CC-BY-NC,https://www.inaturalist.org/observations/239682224,https://inaturalist-open-data.s3.amazonaws.com/photos/426913525/medium.jpeg,,"",,2,0,false,2,"Bruce County, ON, Canada",44.9975199594,-81.4073476195,22,,,,22,,open,false,gps,gps,Zebra Mussel,Dreissena polymorpha,Zebra Mussel,Mollusca,116340
239700506,8c979944-57f5-497a-9054-4b5ac73f881b,2024-09-02 10:07:25-04:00,2024-09-02,2024-09-02 14:07:25 UTC,Eastern Time (US & Canada),8466260,camilaeco,Camila Guzman,2024-09-03 22:53:32 UTC,2024-09-04 02:14:53 UTC,research,CC-BY-NC,https://www.inaturalist.org/observations/239700506,https://inaturalist-open-data.s3.amazonaws.com/photos/426948732/medium.jpeg,,"","",2,0,false,3,"Big Walnut Creek, Groveport, OH, US",39.8681366667,-82.9317783333,4,,,,4,,open,false,,,Zebra Mussel,Dreissena polymorpha,Zebra Mussel,Mollusca,116340
239789683,864d76ed-fb2a-4ca3-836d-4dbad659766e,2024-09-04 09:55:01-04:00,2024-09-04,2024-09-04 13:55:01 UTC,Eastern Time (US & Canada),6787058,smpbiologist-bleff,Summit Metro Parks,2024-09-04 13:55:54 UTC,2025-04-04 11:46:47 UTC,research,CC-BY-NC,https://www.inaturalist.org/observations/239789683,https://inaturalist-open-data.s3.amazonaws.com/photos/427122684/medium.jpeg,,"","",1,0,false,3,"Ohio, US",40.9971534405,-81.5137337179,4,,,,27877,obscured,open,true,,,Zebra Mussel,Dreissena polymorpha,Zebra Mussel,Mollusca,116340
239797016,eddcc8ed-a672-4cd2-bc2a-bb7ac99f1316,2024-09-04 09:53:34-04:00,2024-09-04,2024-09-04 13:53:34 UTC,Eastern Time (US & Canada),7883461,smpbiologist-scameron,Summit Metro Parks,2024-09-04 14:42:02 UTC,2024-09-04 18:51:40 UTC,research,CC-BY-NC,https://www.inaturalist.org/observations/239797016,https://inaturalist-open-data.s3.amazonaws.com/photos/427135632/medium.jpeg,,"","",1,0,false,3,"Ohio, US",40.837003236,-81.5851745481,892,,,,27877,obscured,open,true,,,Zebra Mussel,Dreissena polymorpha,Zebra Mussel,Mollusca,116340
239821159,ad0fa0ec-b03d-4ef4-b9b6-3dcde9231eb5,2024-09-04 10:31:15-04:00,2024-09-04,2024-09-04 14:31:15 UTC,Eastern Time (US & Canada),392375,kevtolan,Kevin Tolan,2024-09-04 17:09:26 UTC,2024-09-05 00:02:07 UTC,research,CC-BY-NC,https://www.inaturalist.org/observations/239821159,https://inaturalist-open-data.s3.amazonaws.com/photos/427179119/medium.jpeg,,"","",2,0,false,3,"Sand Beach Rd, Alburgh, VT, US",44.865405,-73.3002383333,10,,,,10,,open,false,,,Zebra Mussel,Dreissena polymorpha,Zebra Mussel,Mollusca,116340
239830428,1603b4c1-d1c9-44b1-a60f-991061b6387b,2024-09-01 14:46:40-04:00,2024-09-01,2024-09-01 18:46:40 UTC,America/Nipigon,7714588,mhens,,2024-09-04 18:03:44 UTC,2024-09-05 00:00:50 UTC,research,CC-BY-NC,https://www.inaturalist.org/observations/239830428,https://inaturalist-open-data.s3.amazonaws.com/photos/427197434/medium.jpeg,,"","",2,0,false,3,"Crozier Road A, Tay Valley, ON, CA",44.722595,-76.5293666667,3,,,,3,,open,false,,,Zebra Mussel,Dreissena polymorpha,Zebra Mussel,Mollusca,116340
239866240,6725f734-08aa-4125-9e58-a790d2dbbb05,2024-09-04 16:15:42-04:00,2024-09-04,2024-09-04 20:15:42 UTC,America/Nipigon,2349822,avrede,,2024-09-04 21:39:52 UTC,2024-09-05 13:38:30 UTC,research,CC-BY-NC,https://www.inaturalist.org/observations/239866240,https://inaturalist-open-data.s3.amazonaws.com/photos/427266179/medium.jpeg,,"","",1,0,false,3,"Pike Bay, Northern Bruce Peninsula, ON, CA",44.8677654456,-81.3289458258,890,,,,890,,open,false,,,Zebra Mussel,Dreissena polymorpha,Zebra Mussel,Mollusca,116340
240127480,1f59d0cf-f21c-4c00-93dc-2b56a2c9759d,2024/09/05 14:53,2024-09-05,2024-09-05 18:53:00 UTC,Eastern Time (US & Canada),1625203,weilival,"",2024-09-06 12:53:28 UTC,2024-09-06 14:54:48 UTC,research,CC-BY-NC,https://www.inaturalist.org/observations/240127480,https://inaturalist-open-data.s3.amazonaws.com/photos/427767803/medium.jpg,,"",,1,0,false,,"Boucherville, QC, Canada",45.6102039,-73.4940296997,,,,,,,open,false,,,Moule zébrée,Dreissena polymorpha,Zebra Mussel,Mollusca,116340
240128327,fe512598-f8be-435b-a8fe-d001ee3647e8,2024/09/03 10:53,2024-09-03,2024-09-03 14:53:00 UTC,Eastern Time (US & Canada),1625203,weilival,"",2024-09-06 12:59:17 UTC,2024-09-06 14:54:43 UTC,research,CC-BY-NC,https://www.inaturalist.org/observations/240128327,https://inaturalist-open-data.s3.amazonaws.com/photos/427769406/medium.jpg,,"",,1,0,false,,"Montérégie, QC, Canada",45.5621717,-73.5011635997,,,,,,,open,false,,,Moule zébrée,Dreissena polymorpha,Zebra Mussel,Mollusca,116340
240328646,0d597da8-239a-4bb3-bbe3-f9231dcf8f59,Sat Sep 07 2024 10:53:21 GMT -0400 (EDT),2024-09-07,2024-09-07 14:53:21 UTC,Eastern Time (US & Canada),1923351,sgalerosen,,2024-09-07 14:53:30 UTC,2024-09-07 17:44:23 UTC,research,,https://www.inaturalist.org/observations/240328646,https://inaturalist-open-data.s3.amazonaws.com/photos/428157598/medium.jpeg,,"",,1,0,false,333,Burlington,44.492401123,-73.2422943115,3,,,,3,,open,false,,,Zebra Mussel,Dreissena polymorpha,Zebra Mussel,Mollusca,116340
240402328,2142e4f8-02a7-49ac-a545-243e1abcbb10,2024-09-07 16:38:21-04:00,2024-09-07,2024-09-07 20:38:21 UTC,Eastern Time (US & Canada),2270106,mild45,Raymond Bailey,2024-09-07 20:39:52 UTC,2024-09-08 01:09:26 UTC,research,,https://www.inaturalist.org/observations/240402328,https://static.inaturalist.org/photos/428295770/medium.jpeg,,"",Lots of them,2,0,false,3,"Solvay Rd, Jamesville, NY, US",42.999855,-76.0718166667,135,,,,135,,open,false,,,Zebra Mussel,Dreissena polymorpha,Zebra Mussel,Mollusca,116340
240402359,9203b415-20d8-492f-916d-79bcfc62a797,2024-09-07 14:38:00-04:00,2024-09-07,2024-09-07 18:38:00 UTC,Eastern Time (US & Canada),2270106,mild45,Raymond Bailey,2024-09-07 20:40:08 UTC,2024-09-07 23:16:12 UTC,research,,https://www.inaturalist.org/observations/240402359,https://static.inaturalist.org/photos/428295859/medium.jpeg,,"",Lots of them,1,0,false,3,"Butternut Creek, Jamesville, NY, US",42.9978466667,-76.0723333333,4,,,,4,,open,false,,,Zebra Mussel,Dreissena polymorpha,Zebra Mussel,Mollusca,116340
240574227,4d9fa11c-8926-4071-ac1d-559cc2bc09f2,2024/09/08 10:46 AM,2024-09-08,2024-09-08 14:46:00 UTC,America/Nipigon,584526,joebartok,Joe Bartok,2024-09-08 16:48:18 UTC,2024-09-09 04:37:59 UTC,research,CC-BY-NC,https://www.inaturalist.org/observations/240574227,https://inaturalist-open-data.s3.amazonaws.com/photos/428627885/medium.jpg,,"",Attached to a gastropod shell.,1,0,false,,"Tweed, ON, Canada",44.473056,-77.307674,5,,,,5,,open,false,,,Zebra Mussel,Dreissena polymorpha,Zebra Mussel,Mollusca,116340
240803271,a28698d0-bac9-475b-8167-8fdebe98ac10,Mon Sep 09 2024 15:06:37 GMT -0400 (EDT),2024-09-09,2024-09-09 19:06:37 UTC,Eastern Time (US & Canada),6049917,polj2015,Jessica Poling,2024-09-09 19:07:37 UTC,2024-09-10 03:47:14 UTC,research,CC-BY-NC,https://www.inaturalist.org/observations/240803271,https://inaturalist-open-data.s3.amazonaws.com/photos/429071457/medium.jpeg,,"",,1,0,false,333,Erie County,42.0017051697,-80.4502792358,4295,,,,4295,,open,false,,,Zebra Mussel,Dreissena polymorpha,Zebra Mussel,Mollusca,116340
240814191,6bc3207e-3a5d-4e64-a60f-22d08665955a,2024-09-09 15:44:48-04:00,2024-09-09,2024-09-09 19:44:48 UTC,America/Detroit,1798003,augustkramer,August Kramer,2024-09-09 20:05:19 UTC,2024-09-10 03:47:06 UTC,research,,https://www.inaturalist.org/observations/240814191,https://static.inaturalist.org/photos/429092435/medium.jpeg,,"","",1,0,false,3,"Little Bay de Noc, Gladstone, MI, US",45.837745,-87.0267721667,5,,,,5,,open,false,,,Zebra Mussel,Dreissena polymorpha,Zebra Mussel,Mollusca,116340
240823650,d2b5f95f-275b-48e6-baf4-aae97364dfce,2024-09-09 15:51:22-05:00,2024-09-09,2024-09-09 20:51:22 UTC,Central Time (US & Canada),5307421,kathleenwells,Kathleen Wells,2024-09-09 20:58:19 UTC,2024-09-10 03:42:28 UTC,research,,https://www.inaturalist.org/observations/240823650,https://static.inaturalist.org/photos/429110331/medium.jpeg,,"","",1,0,false,3,"Illinois River, Ottawa, IL, US",41.3235866667,-88.9839383333,3,,,,3,,open,false,,,Zebra Mussel,Dreissena polymorpha,Zebra Mussel,Mollusca,116340
240837308,bb1b493c-63e3-4117-98ea-11994398bbbf,2024-09-09 17:20:48-05:00,2024-09-09,2024-09-09 22:20:48 UTC,Central Time (US & Canada),7266380,cakevolcano,CheeseFondue,2024-09-09 22:21:10 UTC,2024-09-11 19:56:07 UTC,research,CC-BY-NC,https://www.inaturalist.org/observations/240837308,https://inaturalist-open-data.s3.amazonaws.com/photos/429135758/medium.jpeg,,"","",1,0,false,3,"Cupertino Park, Milwaukee, WI, US",42.9988662332,-87.8855367038,4,,,,4,,open,false,,,Zebra Mussel,Dreissena polymorpha,Zebra Mussel,Mollusca,116340
240854252,8def21cb-34e6-4c93-b8b9-b5c5c185f3a4,Mon Sep 09 2024 19:23:18 GMT -0500 (CDT),2024-09-09,2024-09-10 00:23:18 UTC,Central Time (US & Canada),478434,jdsloughman,Josh Sulman,2024-09-10 00:23:32 UTC,2024-09-24 19:38:22 UTC,research,,https://www.inaturalist.org/observations/240854252,https://static.inaturalist.org/photos/434876680/medium.jpeg,,"",,1,0,false,333,Madison,43.0824890137,-89.4696960449,45,,,,45,,open,false,,,Zebra Mussel,Dreissena polymorpha,Zebra Mussel,Mollusca,116340
241198600,ec727a6f-4782-47bc-bb24-cfddd9f4b472,2024-09-11 19:34:39,2024-09-11,2024-09-11 23:34:39 UTC,America/Nipigon,1069079,gcameron,Graham Cameron,2024-09-11 23:36:45 UTC,2024-09-12 16:13:56 UTC,research,CC-BY-NC,https://www.inaturalist.org/observations/241198600,https://inaturalist-open-data.s3.amazonaws.com/photos/429834798/medium.jpeg,,"",,1,0,false,2,"Wikwemikong, ON P0P 2J0, Canada",45.8957839,-81.9183991,140,,,,140,,open,false,,,Zebra Mussel,Dreissena polymorpha,Zebra Mussel,Mollusca,116340
241201827,bf7e52d2-5429-4aba-9428-95812ff7dac5,2024-09-11 15:49:21-04:00,2024-09-11,2024-09-11 19:49:21 UTC,Eastern Time (US & Canada),4157818,nsgilmore,,2024-09-12 00:04:22 UTC,2024-09-12 16:13:51 UTC,research,CC-BY-NC,https://www.inaturalist.org/observations/241201827,https://inaturalist-open-data.s3.amazonaws.com/photos/429841998/medium.jpeg,,"","",1,0,false,3,"Lake Champlain, Ticonderoga, NY, US",43.8542033333,-73.3853383333,4,,,,4,,open,false,,,Zebra Mussel,Dreissena polymorpha,Zebra Mussel,Mollusca,116340
241331983,ba7aee5a-0323-41b1-97fb-d6a64f6fac45,2024-09-12 15:05:54,2024-09-12,2024-09-12 19:05:54 UTC,Eastern Time (US & Canada),335126,jab7168,James A. Boylan,2024-09-12 19:07:07 UTC,2024-09-13 13:01:32 UTC,research,,https://www.inaturalist.org/observations/241331983,https://static.inaturalist.org/photos/430093415/medium.jpeg,,"",,2,0,false,2,"South End, Burlington, VT, USA",44.4567083333,-73.2246861111,,,,,,,open,false,gps,gps,Zebra Mussel,Dreissena polymorpha,Zebra Mussel,Mollusca,116340
241349495,9f25e3fa-a2f6-4d14-a100-fd25bf2a635a,2024-09-12 14:56:56,2024-09-12,2024-09-12 18:56:56 UTC,Eastern Time (US & Canada),7843386,sambuswell,Sam Buswell,2024-09-12 20:47:03 UTC,2024-09-26 22:29:42 UTC,research,CC-BY-NC,https://www.inaturalist.org/observations/241349495,https://inaturalist-open-data.s3.amazonaws.com/photos/430127156/medium.jpeg,,"",,1,0,false,2,"Ferrisburgh, VT, USA",44.23868268,-73.30812021,7,,,,7,,open,false,,,Zebra Mussel,Dreissena polymorpha,Zebra Mussel,Mollusca,116340
241369296,47482e0e-eccb-4810-abfb-27564a2a6386,2024-09-12 18:55:19,2024-09-12,2024-09-12 22:55:19 UTC,America/Nipigon,4802782,brunofamily,"",2024-09-12 22:56:28 UTC,2024-09-13 17:57:04 UTC,research,CC-BY-NC,https://www.inaturalist.org/observations/241369296,https://inaturalist-open-data.s3.amazonaws.com/photos/430164364/medium.jpeg,,"",,2,0,false,2,"Sheguiandah, ON P0P 1W0, Canada",45.8942442997,-81.9214446997,,,,,,,open,false,gps,gps,Zebra Mussel,Dreissena polymorpha,Zebra Mussel,Mollusca,116340
241583763,b5caa081-9a34-4c61-a213-1148cce2e19f,2024/09/13 5:40 AM,2024-09-13,2024-09-13 09:40:00 UTC,Eastern Time (US & Canada),861881,chilipossum,Cricket Raspet,2024-09-14 03:41:31 UTC,2024-09-14 15:13:11 UTC,research,CC-BY,https://www.inaturalist.org/observations/241583763,https://inaturalist-open-data.s3.amazonaws.com/photos/430578233/medium.jpeg,,"",,1,0,false,,"Lucas County, OH, USA",41.630245,-83.192355,,,,,,,open,false,,,Zebra Mussel,Dreissena polymorpha,Zebra Mussel,Mollusca,116340
241633551,c8e3e605-a525-4d21-aa1e-60d7ccaa49f7,2024-09-14 09:11:50-04:00,2024-09-14,2024-09-14 13:11:50 UTC,Eastern Time (US & Canada),3288,danleavitt,Dan,2024-09-14 13:12:10 UTC,2024-09-14 15:13:09 UTC,research,,https://www.inaturalist.org/observations/241633551,https://static.inaturalist.org/photos/430676227/medium.jpeg,,"","",1,0,false,3,"Lake Champlain, Peru, NY, US",44.6650673636,-73.418098474,8,,,,8,,open,false,,,Zebra Mussel,Dreissena polymorpha,Zebra Mussel,Mollusca,116340
241691296,3a9fcf81-fa13-4bae-bc10-8e71a174445b,2024-09-13 14:45:05-05:00,2024-09-13,2024-09-13 19:45:05 UTC,Central Time (US & Canada),6553938,williamwanders,,2024-09-14 17:58:12 UTC,2024-09-18 14:46:09 UTC,research,CC-BY-NC,https://www.inaturalist.org/observations/241691296,https://inaturalist-open-data.s3.amazonaws.com/photos/432193442/medium.jpeg,,"","",1,0,false,3,"Thunder Lake, Remer, MN, US",46.9354966667,-93.9550333333,4,,,,4,,open,false,,,Zebra Mussel,Dreissena polymorpha,Zebra Mussel,Mollusca,116340
241692328,60686828-af48-42ee-8490-2ab45b613803,2024-09-14 13:02:45-05:00,2024-09-14,2024-09-14 18:02:45 UTC,Central Time (US & Canada),147487,ryanandrews,Ryan Andrews,2024-09-14 18:03:10 UTC,2025-08-05 22:33:44 UTC,research,CC-BY-NC,https://www.inaturalist.org/observations/241692328,https://inaturalist-open-data.s3.amazonaws.com/photos/430781834/medium.jpeg,,"","",1,0,false,3,"E 900 Rd, Lawrence, KS, US",38.912969442,-95.3278013808,4,,,,4,,open,false,,,Zebra Mussel,Dreissena polymorpha,Zebra Mussel,Mollusca,116340
241761455,8a82b8fe-0922-40b9-8cb4-1fbf0a3daf1c,2024-09-13 18:51:38,2024-09-13,2024-09-13 22:51:38 UTC,America/Nipigon,3676808,nikolett6ttn,Nikolett Tóth,2024-09-15 00:01:06 UTC,2025-10-13 17:22:06 UTC,research,CC-BY-ND,https://www.inaturalist.org/observations/241761455,https://inaturalist-open-data.s3.amazonaws.com/photos/430918898/medium.jpeg,,"",,2,0,false,2,"Carling, ON P0G, Canada",45.334006,-80.1676709722,,,,,,,open,false,gps,gps,Zebra Mussel,Dreissena polymorpha,Zebra Mussel,Mollusca,116340
241771975,78377aa3-c68c-4d25-93b4-c42d6946f6ab,2024/09/14 2:22 PM,2024-09-14,2024-09-14 18:22:00 UTC,America/Detroit,284003,ken-potter,Ken Potter,2024-09-15 01:06:18 UTC,2024-10-16 21:51:16 UTC,research,CC-BY-NC,https://www.inaturalist.org/observations/241771975,https://inaturalist-open-data.s3.amazonaws.com/photos/430937868/medium.jpeg,,"",Hell Creek behind Hell Saloon,2,0,false,,"Downtown Hell, MI area",42.4329858395,-83.985386237,176,,,,176,,open,false,,,Zebra Mussel,Dreissena polymorpha,Zebra Mussel,Mollusca,116340
241781458,21d07093-119f-4c1c-8a0a-ef6bfef078a8,2024-09-05 13:38:55-04:00,2024-09-05,2024-09-05 17:38:55 UTC,Eastern Time (US & Canada),7984260,barefoothippie0883,,2024-09-15 02:09:11 UTC,2024-09-15 14:43:11 UTC,research,CC-BY-NC,https://www.inaturalist.org/observations/241781458,https://inaturalist-open-data.s3.amazonaws.com/photos/430958295/medium.jpeg,,"","",2,0,false,3,"Waterfront Park, Burlington, VT, US",44.4787929883,-73.2216346237,4,,,,4,,open,false,,,Zebra Mussel,Dreissena polymorpha,Zebra Mussel,Mollusca,116340
241845449,0d6bdec1-1489-4dce-9a4b-c58200757c1b,2024-09-14 17:20:04,2024-09-14,2024-09-14 21:20:04 UTC,America/Nipigon,1921067,anitapaynedegaia,Anita Payne De Gaia,2024-09-15 11:34:19 UTC,2024-09-16 05:07:55 UTC,research,CC-BY-NC,https://www.inaturalist.org/observations/241845449,https://inaturalist-open-data.s3.amazonaws.com/photos/431104067/medium.jpeg,,"",,2,0,false,2,"Perth, ON K7H 3C5, Canada",44.8142739722,-76.24074,,,,,,,open,false,gps,gps,Zebra Mussel,Dreissena polymorpha,Zebra Mussel,Mollusca,116340
241864997,a4b5d449-6b38-4a7d-b964-009c20d01b01,2024-09-14 16:47:56,2024-09-14,2024-09-14 21:47:56 UTC,Central Time (US & Canada),1126328,ksgardener1,Andrew Mitchell,2024-09-15 13:38:28 UTC,2024-09-16 05:08:03 UTC,research,CC-BY-NC,https://www.inaturalist.org/observations/241864997,https://inaturalist-open-data.s3.amazonaws.com/photos/431119827/medium.jpeg,,"",,1,0,false,2,"Glen Elder, KS, USA",39.498525,-98.3170489722,,,,,,,open,false,gps,gps,Zebra Mussel,Dreissena polymorpha,Zebra Mussel,Mollusca,116340
241924115,3ab4de9f-6cc1-4bee-b965-c8866530f1f9,2024-09-15 14:14:05-04:00,2024-09-15,2024-09-15 18:14:05 UTC,America/Nipigon,8564755,kaiwalters2010,,2024-09-15 18:14:19 UTC,2024-09-17 02:17:24 UTC,research,CC-BY-NC,https://www.inaturalist.org/observations/241924115,https://inaturalist-open-data.s3.amazonaws.com/photos/431228008/medium.jpeg,,"","",1,0,false,3,"N Orr Lake Rd, Springwater, ON, CA",44.6010899612,-79.8052441772,96,,,,96,,open,false,,,Zebra Mussel,Dreissena polymorpha,Zebra Mussel,Mollusca,116340
241983892,347e79df-6a92-4050-a7f6-1a2af271c136,2024/09/13 3:03 PM,2024-09-13,2024-09-13 19:03:00 UTC,America/Nipigon,2368172,salamandersearcher,Janet Elliott,2024-09-15 23:18:10 UTC,2024-09-16 06:25:12 UTC,research,CC-BY-NC,https://www.inaturalist.org/observations/241983892,https://inaturalist-open-data.s3.amazonaws.com/photos/431343398/medium.jpeg,,"",,1,0,false,,"Leeds and Grenville, Ontario, Canada",44.5212055,-76.0351332778,,,,,,,open,false,,,Zebra Mussel,Dreissena polymorpha,Zebra Mussel,Mollusca,116340
241987703,6cb7d003-14dc-43d2-bfeb-6d85a86d11a7,2024/09/14 10:54 AM,2024-09-14,2024-09-14 14:54:00 UTC,America/Nipigon,2003216,bobl2,"",2024-09-15 23:41:51 UTC,2025-01-28 14:45:21 UTC,research,CC-BY-NC,https://www.inaturalist.org/observations/241987703,https://inaturalist-open-data.s3.amazonaws.com/photos/431349184/medium.jpeg,,"",,1,0,false,,"Leeds and Grenville United Counties, ON, Canada",44.544125,-76.236885,,,,,,,open,false,,,Zebra Mussel,Dreissena polymorpha,Zebra Mussel,Mollusca,116340
241989214,4ca697a6-e883-4e68-b9cd-f5ae5ad7e771,2024-09-15 12:48:34,2024-09-15,2024-09-15 16:48:34 UTC,Eastern Time (US & Canada),96919,schultzyr,,2024-09-15 23:50:34 UTC,2025-09-05 18:09:32 UTC,research,CC-BY-NC,https://www.inaturalist.org/observations/241989214,https://inaturalist-open-data.s3.amazonaws.com/photos/431355101/medium.jpeg,,"",,2,0,false,2,"Greece, NY, USA",43.31465,-77.7131111111,,,,,,,open,false,gps,gps,Zebra Mussel,Dreissena polymorpha,Zebra Mussel,Mollusca,116340
241992969,528a1673-d398-4600-bef0-a20fb34734c8,2024/09/14 12:53 PM,2024-09-14,2024-09-14 16:53:00 UTC,America/Nipigon,2003216,bobl2,"",2024-09-16 00:15:02 UTC,2025-01-28 14:11:55 UTC,research,CC-BY-NC,https://www.inaturalist.org/observations/241992969,https://inaturalist-open-data.s3.amazonaws.com/photos/431360946/medium.jpeg,,"",,1,0,false,,"Leeds and Grenville United Counties, ON, Canada",44.5216033333,-76.2235716667,,,,,,,open,false,,,Zebra Mussel,Dreissena polymorpha,Zebra Mussel,Mollusca,116340
242000461,dc28332e-c1e0-4b0c-ab26-e8d62c0683cc,2024-09-15 18:15:08-04:00,2024-09-15,2024-09-15 22:15:08 UTC,America/Nipigon,493290,kristinpiston,,2024-09-16 00:58:13 UTC,2024-12-06 01:59:26 UTC,research,CC0,https://www.inaturalist.org/observations/242000461,https://inaturalist-open-data.s3.amazonaws.com/photos/431378375/medium.jpeg,,"","",1,0,false,3,"Lake Erie, Bayham, ON, CA",42.6380783333,-80.812575,4,,,,4,,open,false,,,Zebra Mussel,Dreissena polymorpha,Zebra Mussel,Mollusca,116340
242000671,4b81ab07-0d48-45c2-b4b3-ee8fd7fa9533,2024-09-15 18:14:50-04:00,2024-09-15,2024-09-15 22:14:50 UTC,America/Nipigon,493290,kristinpiston,,2024-09-16 00:59:13 UTC,2024-12-06 01:59:12 UTC,research,CC0,https://www.inaturalist.org/observations/242000671,https://inaturalist-open-data.s3.amazonaws.com/photos/431378674/medium.jpeg,,"","",1,0,false,3,"Lake Erie, Bayham, ON, CA",42.6380716667,-80.81257,4,,,,4,,open,false,,,Zebra Mussel,Dreissena polymorpha,Zebra Mussel,Mollusca,116340
242107049,f04ae7c5-1424-4f8f-9cdf-61299797a10d,2024-09-15 09:26:40-04:00,2024-09-15,2024-09-15 13:26:40 UTC,Eastern Time (US & Canada),1537014,human_landfill,,2024-09-16 15:14:42 UTC,2024-09-17 04:30:01 UTC,research,CC-BY-NC,https://www.inaturalist.org/observations/242107049,https://inaturalist-open-data.s3.amazonaws.com/photos/431583722/medium.jpeg,,"","",1,0,false,3,"Governors Island, Cape Vincent, NY, US",44.2480235316,-76.0975619091,34,,,,34,,open,false,,,Zebra Mussel,Dreissena polymorpha,Zebra Mussel,Mollusca,116340
242151699,597ec636-bf5a-4053-a928-69d1d056992c,2024-09-15 15:39:13-04:00,2024-09-15,2024-09-15 19:39:13 UTC,America/Nipigon,8580415,marissa63430,Marissa Bydeweg,2024-09-16 19:31:49 UTC,2025-09-05 18:09:36 UTC,research,,https://www.inaturalist.org/observations/242151699,https://static.inaturalist.org/photos/431669240/medium.jpeg,,"","",2,0,false,3,"Lake Erie, Central Elgin, ON, CA",42.6580283333,-81.21512,4,,,,4,,open,false,,,Zebra Mussel,Dreissena polymorpha,Zebra Mussel,Mollusca,116340
242171840,d5ee8b81-37bd-4e25-a793-8381c8d15443,2024-09-16 09:25:02,2024-09-16,2024-09-16 13:25:02 UTC,America/Nipigon,1921067,anitapaynedegaia,Anita Payne De Gaia,2024-09-16 21:25:25 UTC,2024-09-17 02:12:10 UTC,research,CC-BY-NC,https://www.inaturalist.org/observations/242171840,https://inaturalist-open-data.s3.amazonaws.com/photos/431708483/medium.jpeg,,"",,2,0,false,2,"Tay Valley, ON, Canada",44.7767817,-76.2985886,,,,,,,open,false,gps,gps,Zebra Mussel,Dreissena polymorpha,Zebra Mussel,Mollusca,116340
242174434,dbed3230-615f-471b-86a9-d51ed5030473,2024-08-18 15:26:35,2024-08-18,2024-08-18 19:26:35 UTC,Eastern Time (US & Canada),3522197,lakeerie,Cindy Clark,2024-09-16 21:40:47 UTC,2024-09-17 02:12:14 UTC,research,CC-BY-NC,https://www.inaturalist.org/observations/242174434,https://inaturalist-open-data.s3.amazonaws.com/photos/431713413/medium.jpeg,,"",,1,0,false,2,"Berlin Township, OH, USA",41.3839492778,-82.5150298889,,,,,,,open,false,gps,gps,Zebra Mussel,Dreissena polymorpha,Zebra Mussel,Mollusca,116340
242311213,9982aa50-a13b-429d-bfa4-91a4049a2a9a,2024-09-14 11:03:58-05:00,2024-09-14,2024-09-14 16:03:58 UTC,Central Time (US & Canada),1716369,sciencegirl02,Mallory F,2024-09-17 16:15:10 UTC,2024-09-18 04:57:48 UTC,research,CC0,https://www.inaturalist.org/observations/242311213,https://inaturalist-open-data.s3.amazonaws.com/photos/431979302/medium.jpeg,,"","",1,0,false,3,"Lake Menomin, Menomonie, WI, US",44.88903,-91.9270033333,4,,,,4,,open,false,,,Zebra Mussel,Dreissena polymorpha,Zebra Mussel,Mollusca,116340
242409887,bf45f483-458e-4119-9c68-35d71927f37f,2024/09/17 1:33 PM,2024-09-17,2024-09-17 17:33:00 UTC,America/Nipigon,2026124,allenwoodliffe,"",2024-09-18 03:02:50 UTC,2024-09-18 15:38:40 UTC,research,CC-BY-NC,https://www.inaturalist.org/observations/242409887,https://inaturalist-open-data.s3.amazonaws.com/photos/432170449/medium.jpeg,,"","Slightly larger, and 'fatter' than the previous one",1,0,false,,"Rondeau Prov Park, Chatham-Kent, ON, Canada",42.2571786654,-81.879655194,31,,,,31,,open,false,,,Zebra Mussel,Dreissena polymorpha,Zebra Mussel,Mollusca,116340
242487163,fad9bbf1-e82f-4700-bb17-1ceecf01a0a2,2024-09-18 09:47:01-04:00,2024-09-18,2024-09-18 13:47:01 UTC,Eastern Time (US & Canada),8529103,houlemarianne,,2024-09-18 13:47:54 UTC,2024-09-18 14:46:03 UTC,research,CC-BY-NC,https://www.inaturalist.org/observations/242487163,https://inaturalist-open-data.s3.amazonaws.com/photos/432288125/medium.jpeg,,"","",2,0,false,3,"Lac aux Castors, Montréal, QC, CA",45.4990583333,-73.5970616667,8,,,,8,,open,false,,,Zebra Mussel,Dreissena polymorpha,Zebra Mussel,Mollusca,116340
242487236,b8baf707-1ee9-42db-96ca-477313d7ec78,2024-09-18 09:47:07-04:00,2024-09-18,2024-09-18 13:47:07 UTC,Eastern Time (US & Canada),8233163,corinne29758,Corinne Morency,2024-09-18 13:48:29 UTC,2024-09-18 14:46:00 UTC,research,,https://www.inaturalist.org/observations/242487236,https://static.inaturalist.org/photos/432288320/medium.jpeg,,"","",2,0,false,3,"Parc du Mont-Royal, Montréal, QC, CA",45.4990083333,-73.59703,10,,,,10,,open,false,,,Moule zébrée,Dreissena polymorpha,Zebra Mussel,Mollusca,116340
242487456,687e3ffc-e631-4299-ab76-7793f1fca791,2024-09-18 09:49:32-04:00,2024-09-18,2024-09-18 13:49:32 UTC,Eastern Time (US & Canada),8528762,raichatou,,2024-09-18 13:49:59 UTC,2024-09-18 14:45:56 UTC,research,CC-BY-NC,https://www.inaturalist.org/observations/242487456,https://inaturalist-open-data.s3.amazonaws.com/photos/432288951/medium.jpeg,,"","",1,0,false,3,"Parc du Mont-Royal, Montréal, QC, CA",45.4991216667,-73.5970533333,4,,,,4,,open,false,,,Moule zébrée,Dreissena polymorpha,Zebra Mussel,Mollusca,116340
242514916,24917ebb-38b0-4b3e-977b-f58f0cc36d19,2024-09-18 09:47:37-04:00,2024-09-18,2024-09-18 13:47:37 UTC,Eastern Time (US & Canada),6752443,aripla,,2024-09-18 16:33:23 UTC,2024-09-18 18:54:22 UTC,research,CC-BY-NC,https://www.inaturalist.org/observations/242514916,https://inaturalist-open-data.s3.amazonaws.com/photos/432338581/medium.jpeg,,"","",1,0,false,3,"Parc du Mont-Royal, Montréal, QC, CA",45.49912,-73.5970383333,4,,,,4,,open,false,,,Moule zébrée,Dreissena polymorpha,Zebra Mussel,Mollusca,116340
242515267,127030c8-2411-4ac1-bcbf-8d98b248e936,2024-09-18 09:47:32-04:00,2024-09-18,2024-09-18 13:47:32 UTC,Eastern Time (US & Canada),8529095,fredarch,,2024-09-18 16:35:29 UTC,2024-09-18 18:54:20 UTC,research,CC-BY-NC,https://www.inaturalist.org/observations/242515267,https://inaturalist-open-data.s3.amazonaws.com/photos/432339246/medium.jpeg,,"","",1,0,false,3,"Parc du Mont-Royal, Montréal, QC, CA",45.4991283333,-73.59703,4,,,,4,,open,false,,,Moule zébrée,Dreissena polymorpha,Zebra Mussel,Mollusca,116340
242515595,01266a55-e95e-42ab-a213-201459e3fe14,2024-09-18 09:47:50-04:00,2024-09-18,2024-09-18 13:47:50 UTC,Eastern Time (US & Canada),8535625,maryane3816,Maryane Chaussé,2024-09-18 16:36:51 UTC,2024-09-18 18:54:18 UTC,research,,https://www.inaturalist.org/observations/242515595,https://static.inaturalist.org/photos/432340663/medium.jpeg,,"","",1,0,false,3,"Parc du Mont-Royal, Montréal, QC, CA",45.5049195457,-73.5903159256,399,,,,399,,open,false,,,Moule zébrée,Dreissena polymorpha,Zebra Mussel,Mollusca,116340
242521182,e8ed714f-5ec4-4a3e-8039-19b43db4db8c,2024-09-18 09:48:10,2024-09-18,2024-09-18 13:48:10 UTC,Eastern Time (US & Canada),8529100,isabellemonette,,2024-09-18 17:09:00 UTC,2024-09-18 18:54:14 UTC,research,CC-BY-NC,https://www.inaturalist.org/observations/242521182,https://inaturalist-open-data.s3.amazonaws.com/photos/432349491/medium.jpeg,,"",,1,0,false,2,"FCX3+77, Montréal, QC H3H 1A2, Canada",45.4990319933,-73.5968589038,119,,,,119,,open,false,gps,gps,Moule zébrée,Dreissena polymorpha,Zebra Mussel,Mollusca,116340
242531904,3e759fa6-e771-40af-ab50-1b91a96fd5c7,2024-09-18 09:47:13,2024-09-18,2024-09-18 13:47:13 UTC,Eastern Time (US & Canada),8529086,armand63845,Armand Cachot,2024-09-18 18:12:13 UTC,2024-09-18 18:54:04 UTC,research,,https://www.inaturalist.org/observations/242531904,https://static.inaturalist.org/photos/432370671/medium.jpeg,,"",,1,0,false,2,"FCX3+77, Montréal, QC H3H 1A2, Canada",45.4990944444,-73.5970055556,,,,,,,open,false,gps,gps,Moule zébrée,Dreissena polymorpha,Zebra Mussel,Mollusca,116340
242540180,a4c11889-7a68-42b6-aa41-5c762e0fc81d,2024-09-18 09:47:37-04:00,2024-09-18,2024-09-18 13:47:37 UTC,Eastern Time (US & Canada),7375904,justinealloallo,Justine Desmarais,2024-09-18 18:57:31 UTC,2024-09-19 15:02:43 UTC,research,,https://www.inaturalist.org/observations/242540180,https://static.inaturalist.org/photos/432386140/medium.jpeg,,"","",1,0,false,3,"Parc du Mont-Royal, Montréal, QC, CA",45.4995713567,-73.5971517843,525,,,,525,,open,false,,,Moule zébrée,Dreissena polymorpha,Zebra Mussel,Mollusca,116340
242715275,641b42f1-407f-490e-87ef-2f7f5d9a2e3f,2024-09-19 09:54:56,2024-09-19,2024-09-19 13:54:56 UTC,Eastern Time (US & Canada),2071217,macrhybopsis,,2024-09-19 17:44:47 UTC,2024-09-19 19:50:03 UTC,research,CC-BY-NC,https://www.inaturalist.org/observations/242715275,https://inaturalist-open-data.s3.amazonaws.com/photos/432714594/medium.jpeg,,"",,1,0,false,2,"New Franklin, OH 44319, USA",40.9368327454,-81.5315741301,193,,,,193,,open,false,gps,gps,Zebra Mussel,Dreissena polymorpha,Zebra Mussel,Mollusca,116340
242887291,44052901-c212-4bad-bc12-1280a48fd219,2024/09/19 11:59 AM,2024-09-19,2024-09-19 15:59:00 UTC,America/Nipigon,1467132,dalepoulter,Dale Poulter,2024-09-20 15:19:22 UTC,2024-09-20 18:06:20 UTC,research,CC-BY-NC,https://www.inaturalist.org/observations/242887291,https://inaturalist-open-data.s3.amazonaws.com/photos/433041938/medium.jpeg,,"",,1,0,false,,"Lanark County, ON, Canada",44.8020256496,-76.3296371809,191,,,,191,,open,false,,,Zebra Mussel,Dreissena polymorpha,Zebra Mussel,Mollusca,116340
242966776,42b1a650-f601-4d88-b76b-21734af43c4b,2024/09/20 2:07 PM,2024-09-20,2024-09-20 19:07:00 UTC,Central Time (US & Canada),6688459,smegmologist,,2024-09-20 22:39:01 UTC,2024-09-20 23:04:11 UTC,research,CC-BY-NC,https://www.inaturalist.org/observations/242966776,https://inaturalist-open-data.s3.amazonaws.com/photos/433189996/medium.jpeg,,"",,1,0,false,,"South Side, Chicago, IL, USA",41.6727525173,-87.5338197743,15,,,,15,,open,false,,,Zebra Mussel,Dreissena polymorpha,Zebra Mussel,Mollusca,116340
243068354,82f6d99e-b3d6-4376-970c-5ed8e79219fd,2024/09/20 12:50 PM,2024-09-20,2024-09-20 16:50:00 UTC,America/Detroit,5755637,humuhumu22,,2024-09-21 12:33:25 UTC,2024-09-21 12:55:30 UTC,research,CC-BY-NC,https://www.inaturalist.org/observations/243068354,https://inaturalist-open-data.s3.amazonaws.com/photos/433382612/medium.jpeg,,"",,1,0,false,,"Northside, Ann Arbor, MI, USA",42.2908146753,-83.728184095,4,,,,4,,open,false,,,Zebra Mussel,Dreissena polymorpha,Zebra Mussel,Mollusca,116340
243128249,66d93953-e8d5-4693-98fa-31b8515ab376,2024-09-21 10:20:15-04:00,2024-09-21,2024-09-21 14:20:15 UTC,America/Nipigon,2356027,oliviagaetz,Olivia Gaetz,2024-09-21 16:57:29 UTC,2024-09-22 05:24:13 UTC,research,CC-BY-NC,https://www.inaturalist.org/observations/243128249,https://inaturalist-open-data.s3.amazonaws.com/photos/433493693/medium.jpeg,,"","",1,0,false,3,"Six Mile Lake Provincial Park, Georgian Bay, ON, CA",44.8959366667,-79.7526383333,17,,,,17,,open,false,,,Zebra Mussel,Dreissena polymorpha,Zebra Mussel,Mollusca,116340
243136794,0017a361-7890-4f44-87b7-1ecbd6243b7a,2024-09-21 12:35:22,2024-09-21,2024-09-21 17:35:22 UTC,Central Time (US & Canada),4994013,tate_putman,Tate Putman,2024-09-21 17:35:42 UTC,2024-09-22 05:24:06 UTC,research,CC-BY-NC,https://www.inaturalist.org/observations/243136794,https://inaturalist-open-data.s3.amazonaws.com/photos/433509281/medium.jpeg,,"",,1,0,false,2,"La Grand Township, MN, USA",45.86433142,-95.45192203,3,,,,3,,open,false,,,Zebra Mussel,Dreissena polymorpha,Zebra Mussel,Mollusca,116340
243154775,1deaeb03-0909-463e-8a7b-65bf9d1c79d3,2024-09-21 13:55:01-04:00,2024-09-21,2024-09-21 17:55:01 UTC,America/Nipigon,8522990,megan_don,Megan Don,2024-09-21 18:51:10 UTC,2025-01-27 21:10:05 UTC,research,,https://www.inaturalist.org/observations/243154775,https://static.inaturalist.org/photos/433543598/medium.jpeg,,"","",1,0,false,3,"Rideau River, Ottawa, ON, CA",45.0571055,-75.6715166667,4,,,,4,,open,false,,,Zebra Mussel,Dreissena polymorpha,Zebra Mussel,Mollusca,116340
243166976,bc0fcf8b-382c-4405-a2d1-055484198885,Sat Sep 21 2024 15:41:43 GMT -0400 (EDT),2024-09-21,2024-09-21 19:41:43 UTC,Eastern Time (US & Canada),6081670,mamalovesfrogs,Ellen Johnson,2024-09-21 19:41:53 UTC,2024-09-22 05:23:55 UTC,research,CC-BY-NC,https://www.inaturalist.org/observations/243166976,https://inaturalist-open-data.s3.amazonaws.com/photos/433566691/medium.jpeg,,"",,1,0,false,333,Winchester,37.9174499512,-84.2747344971,35,,,,35,,open,false,,,Zebra Mussel,Dreissena polymorpha,Zebra Mussel,Mollusca,116340
243328759,0d4fd2ce-09bc-46a6-a7dc-0d52ad892b17,2024-09-17 11:56:12,2024-09-17,2024-09-17 15:56:12 UTC,Eastern Time (US & Canada),2485112,xavierlamontagne,"",2024-09-22 13:22:53 UTC,2024-09-26 14:37:48 UTC,research,CC-BY-NC,https://www.inaturalist.org/observations/243328759,https://inaturalist-open-data.s3.amazonaws.com/photos/433882146/medium.jpeg,,"",,2,0,false,2,"Dorval, QC, Canada",45.4383199722,-73.724275,,,,,,,open,false,gps,gps,Moule zébrée,Dreissena polymorpha,Zebra Mussel,Mollusca,116340
243475324,1cef2221-28e0-4b5d-b339-0b0a3dff2104,2024-09-22 18:48:59-05:00,2024-09-22,2024-09-22 23:48:59 UTC,Central Time (US & Canada),2033046,erichendrickson,Eric Hendrickson,2024-09-22 23:49:28 UTC,2024-09-23 00:57:21 UTC,research,,https://www.inaturalist.org/observations/243475324,https://static.inaturalist.org/photos/434155185/medium.jpeg,,"","",1,0,false,3,"Cass Lake, Cass Lake, MN, US",47.3839121266,-94.5136097633,5,,,,5,,open,false,,,Zebra Mussel,Dreissena polymorpha,Zebra Mussel,Mollusca,116340
243475404,4d8815ab-e5bd-4673-89b7-810fc8c9d71e,2024-09-22 18:49:29-05:00,2024-09-22,2024-09-22 23:49:29 UTC,Central Time (US & Canada),4137478,elainehendrickson,,2024-09-22 23:50:00 UTC,2024-09-23 00:57:17 UTC,research,CC-BY-NC,https://www.inaturalist.org/observations/243475404,https://inaturalist-open-data.s3.amazonaws.com/photos/434155407/medium.jpeg,,"","",1,0,false,3,"Cass Lake, Cass Lake, MN, US",47.3839694531,-94.5134494951,8,,,,8,,open,false,,,Zebra Mussel,Dreissena polymorpha,Zebra Mussel,Mollusca,116340
243501583,69453488-863f-4a93-8ec1-34972b273b3e,2024-09-22 15:09:36,2024-09-22,2024-09-22 19:09:36 UTC,Eastern Time (US & Canada),8535918,lakegirl888,"",2024-09-23 02:16:46 UTC,2024-09-23 13:30:24 UTC,research,CC-BY-NC,https://www.inaturalist.org/observations/243501583,https://inaturalist-open-data.s3.amazonaws.com/photos/434207304/medium.jpeg,,"",,1,0,false,2,"Ennismore, ON K0L 1T0, Canada",44.4098270281,-78.4318879992,1554,,,,1554,,open,false,gps,gps,Zebra Mussel,Dreissena polymorpha,Zebra Mussel,Mollusca,116340
243597372,a57875a7-56a5-45a6-8ec0-7d754a96ead5,2024-09-18 09:48:36-04:00,2024-09-18,2024-09-18 13:48:36 UTC,Eastern Time (US & Canada),8529130,emilegagnon,,2024-09-23 14:36:40 UTC,2024-09-24 18:34:13 UTC,research,CC-BY-NC,https://www.inaturalist.org/observations/243597372,https://inaturalist-open-data.s3.amazonaws.com/photos/434390884/medium.jpeg,,"","",1,0,false,3,"Cimetière Notre-Dame-des-Neiges, Montréal, QC, CA",45.5033521702,-73.5978371246,1903,,,,1903,,open,false,,,Moule zébrée,Dreissena polymorpha,Zebra Mussel,Mollusca,116340
243782040,7d8f041f-1697-454b-89bc-6c7dff5374f4,2024-09-24 08:56:20-04:00,2024-09-24,2024-09-24 12:56:20 UTC,Eastern Time (US & Canada),3749490,nicolas_laing,Nicolas Laing,2024-09-24 12:56:39 UTC,2024-09-24 18:34:08 UTC,research,,https://www.inaturalist.org/observations/243782040,https://static.inaturalist.org/photos/434753661/medium.jpeg,,"","",1,0,false,3,"St. Lawrence College, Cornwall, ON, CA",45.0158646377,-74.7013353278,9,,,,9,,open,false,,,Zebra Mussel,Dreissena polymorpha,Zebra Mussel,Mollusca,116340
243988973,a230b939-23b5-466c-9007-a25062d6d102,2024-09-25 11:58:41-04:00,2024-09-25,2024-09-25 15:58:41 UTC,America/Nipigon,4979474,aquitaine,EJ,2024-09-25 15:59:20 UTC,2024-09-25 22:54:05 UTC,research,CC-BY-NC,https://www.inaturalist.org/observations/243988973,https://inaturalist-open-data.s3.amazonaws.com/photos/435153147/medium.jpeg,,"","",2,0,false,3,"Fryingpan Harbour, The Archipelago, ON, CA",45.165130701,-80.1323019807,7,,,,7,,open,false,,,Zebra Mussel,Dreissena polymorpha,Zebra Mussel,Mollusca,116340
244048521,07eb0622-7eea-416a-b60f-fd2472875ef2,2024-09-25 17:53:54-04:00,2024-09-25,2024-09-25 21:53:54 UTC,Eastern Time (US & Canada),5933620,th0000,Thomas Howland,2024-09-25 22:28:55 UTC,2024-09-26 01:31:35 UTC,research,CC-BY-NC,https://www.inaturalist.org/observations/244048521,https://inaturalist-open-data.s3.amazonaws.com/photos/435270378/medium.jpeg,,"","",1,0,false,3,"Rideau River, Ottawa, ON, CA",45.37368,-75.6994466667,4,,,,4,,open,false,,,Zebra Mussel,Dreissena polymorpha,Zebra Mussel,Mollusca,116340
244052419,4a62b40f-6722-4d1d-b174-b15efeba4a34,2024-09-25 14:21:39,2024-09-25,2024-09-25 18:21:39 UTC,America/Nipigon,3174710,aeknel,Alex Kinsella,2024-09-25 23:01:12 UTC,2024-09-26 01:31:29 UTC,research,CC-BY-NC,https://www.inaturalist.org/observations/244052419,https://inaturalist-open-data.s3.amazonaws.com/photos/435278884/medium.jpeg,,"",,1,0,false,843,"Tay Valley, ON, CA",44.8276007938,-76.2444640483,102,,,,102,,open,false,,,Zebra Mussel,Dreissena polymorpha,Zebra Mussel,Mollusca,116340
244350441,f8657e98-8581-4413-a664-ccf23ac9d83d,2024-09-27 14:00:38-04:00,2024-09-27,2024-09-27 18:00:38 UTC,America/Detroit,4137478,elainehendrickson,,2024-09-27 18:01:38 UTC,2024-09-28 19:07:26 UTC,research,CC-BY-NC,https://www.inaturalist.org/observations/244350441,https://inaturalist-open-data.s3.amazonaws.com/photos/436194732/medium.jpeg,,"","",1,0,false,3,"Platte Bay, MI, US",44.7294798991,-86.1146513264,9,,,,9,,open,false,,,Zebra Mussel,Dreissena polymorpha,Zebra Mussel,Mollusca,116340
244352763,845063a4-4a2e-418c-8f3b-d20c55e1d54e,2024-09-27 14:13:56-04:00,2024-09-27,2024-09-27 18:13:56 UTC,America/Detroit,2033046,erichendrickson,Eric Hendrickson,2024-09-27 18:14:25 UTC,2024-09-27 22:09:14 UTC,research,,https://www.inaturalist.org/observations/244352763,https://static.inaturalist.org/photos/435849380/medium.jpeg,,"","",1,0,false,3,"Platte Bay, MI, US",44.7291563172,-86.1168932543,5,,,,5,,open,false,,,Zebra Mussel,Dreissena polymorpha,Zebra Mussel,Mollusca,116340
244393848,73dc7c58-1cb5-454d-976b-a654ad462423,2024-09-27 18:42:27-04:00,2024-09-27,2024-09-27 22:42:27 UTC,Eastern Time (US & Canada),8512611,hawley598,,2024-09-27 22:42:34 UTC,2024-09-28 14:17:46 UTC,research,CC-BY-NC,https://www.inaturalist.org/observations/244393848,https://inaturalist-open-data.s3.amazonaws.com/photos/435927965/medium.jpeg,,"","",2,0,false,3,"Cazenovia Lake, Cazenovia, NY, US",42.938881754,-75.8619808965,4,,,,4,,open,false,,,Zebra Mussel,Dreissena polymorpha,Zebra Mussel,Mollusca,116340
244393851,41f24f2c-7401-467b-9d7d-5ae1eba6d336,2024-09-27 18:42:28-04:00,2024-09-27,2024-09-27 22:42:28 UTC,Eastern Time (US & Canada),8514995,kendri653,,2024-09-27 22:42:35 UTC,2024-09-28 14:17:49 UTC,research,CC-BY-NC,https://www.inaturalist.org/observations/244393851,https://inaturalist-open-data.s3.amazonaws.com/photos/435927827/medium.jpeg,,"","",2,0,false,3,"Mill St, Cazenovia, NY, US",42.9377256528,-75.8603754184,570,,,,570,,open,false,,,Zebra Mussel,Dreissena polymorpha,Zebra Mussel,Mollusca,116340
244396163,3557b315-8162-4b54-af9b-daeae553dd8e,2024-09-27 18:15:40-04:00,2024-09-27,2024-09-27 22:15:40 UTC,Eastern Time (US & Canada),5933620,th0000,Thomas Howland,2024-09-27 23:02:29 UTC,2024-09-28 14:17:56 UTC,research,CC-BY-NC,https://www.inaturalist.org/observations/244396163,https://inaturalist-open-data.s3.amazonaws.com/photos/435932890/medium.jpeg,,"","",1,0,false,3,"Rideau River, Ottawa, ON, CA",45.37367,-75.6994166667,4,,,,4,,open,false,,,Zebra Mussel,Dreissena polymorpha,Zebra Mussel,Mollusca,116340
244490878,4d49bb4d-a2c5-40c9-883e-2d4087e04cf5,2024-09-28 10:13:15,2024-09-28,2024-09-28 14:13:15 UTC,Eastern Time (US & Canada),3538151,michaeleverson,Michael Everson,2024-09-28 14:13:47 UTC,2024-10-07 17:19:41 UTC,research,,https://www.inaturalist.org/observations/244490878,https://static.inaturalist.org/photos/436121093/medium.jpeg,,"",,1,0,false,2,"Berlin Township, OH, USA",40.267729,-82.9966871,2569,,,,2569,,open,false,,,Zebra Mussel,Dreissena polymorpha,Zebra Mussel,Mollusca,116340
244722759,1b5d2fc3-e148-45af-b156-7b7212f8c529,2024-09-28 15:33:14,2024-09-28,2024-09-28 20:33:14 UTC,Central Time (US & Canada),4060861,jellyfishmambo,🐦‍⬛ Randolph (Randy) King 🐦‍⬛,2024-09-29 16:10:30 UTC,2024-09-29 19:40:10 UTC,research,CC-BY-NC,https://www.inaturalist.org/observations/244722759,https://inaturalist-open-data.s3.amazonaws.com/photos/436571694/medium.jpeg,,"",,2,0,false,2,"Burbank, OK 74633, USA",36.6998672222,-96.9100646944,,,,,,,open,false,gps,gps,Zebra Mussel,Dreissena polymorpha,Zebra Mussel,Mollusca,116340
244749707,9ba8d905-aae9-484d-8a7c-cc04c023688d,2024-09-29 14:24:16-04:00,2024-09-29,2024-09-29 18:24:16 UTC,Eastern Time (US & Canada),2670345,rlar,,2024-09-29 18:24:31 UTC,2024-09-30 02:05:05 UTC,research,CC-BY-NC,https://www.inaturalist.org/observations/244749707,https://inaturalist-open-data.s3.amazonaws.com/photos/436624775/medium.jpeg,,"","",1,0,false,3,"Lake Champlain, Alburgh, VT, US",44.9967655912,-73.216772033,7,,,,7,,open,false,,,Zebra Mussel,Dreissena polymorpha,Zebra Mussel,Mollusca,116340
244782002,4ac94e63-cce9-4ba6-8bf0-55dcddcfe155,Sun Sep 29 2024 17:07:52 GMT -0400 (EDT),2024-09-29,2024-09-29 21:07:52 UTC,Eastern Time (US & Canada),6918190,thatslimemoldguy,Joshua Reinerio,2024-09-29 21:08:36 UTC,2024-09-30 02:05:01 UTC,research,CC-BY-NC,https://www.inaturalist.org/observations/244782002,https://inaturalist-open-data.s3.amazonaws.com/photos/436687678/medium.jpeg,,"",,1,0,false,333,Farragut,35.8532180786,-84.1482162476,207,,,,207,,open,false,,,Zebra Mussel,Dreissena polymorpha,Zebra Mussel,Mollusca,116340
244817398,3a0ff25d-056c-4028-880c-1498b3dc10cf,2024-09-29 15:24:53-04:00,2024-09-29,2024-09-29 19:24:53 UTC,America/Nipigon,2356027,oliviagaetz,Olivia Gaetz,2024-09-30 00:33:06 UTC,2024-09-30 02:04:32 UTC,research,CC-BY-NC,https://www.inaturalist.org/observations/244817398,https://inaturalist-open-data.s3.amazonaws.com/photos/436757786/medium.jpeg,,"","",1,0,false,3,"Six Mile Lake, Georgian Bay, ON, CA",44.8946083333,-79.7525783333,171,,,,171,,open,false,,,Zebra Mussel,Dreissena polymorpha,Zebra Mussel,Mollusca,116340
244913867,a34d85c9-8f3c-4452-af61-7f92bb356ec7,2024-09-28 17:13:45,2024-09-28,2024-09-28 22:13:45 UTC,Central Time (US & Canada),270115,allysonf,Allyson Frank,2024-09-30 15:30:06 UTC,2025-09-06 17:37:48 UTC,research,,https://www.inaturalist.org/observations/244913867,https://static.inaturalist.org/photos/436951029/medium.jpeg,,"",,2,0,false,2,United States,42.8443465954,-97.5211579382,,,,,27568,obscured,open,true,gps,gps,Zebra Mussel,Dreissena polymorpha,Zebra Mussel,Mollusca,116340
244933975,589e1d9a-bc86-4eee-a085-57239a57884e,2024-09-30 12:42:28-04:00,2024-09-30,2024-09-30 16:42:28 UTC,Eastern Time (US & Canada),5933620,th0000,Thomas Howland,2024-09-30 17:37:48 UTC,2024-09-30 19:09:59 UTC,research,CC-BY-NC,https://www.inaturalist.org/observations/244933975,https://inaturalist-open-data.s3.amazonaws.com/photos/436988822/medium.jpeg,,"","",1,0,false,3,"Rideau River, Ottawa, ON, CA",45.37223,-75.6984716667,4,,,,4,,open,false,,,Zebra Mussel,Dreissena polymorpha,Zebra Mussel,Mollusca,116340
244976096,17881f84-65bf-4bd8-888a-d2a4ac36201a,2024-09-30 17:00:03-05:00,2024-09-30,2024-09-30 22:00:03 UTC,Central Time (US & Canada),8627019,mknaturalist,,2024-09-30 22:00:55 UTC,2025-09-05 18:10:20 UTC,research,CC-BY-NC,https://www.inaturalist.org/observations/244976096,https://inaturalist-open-data.s3.amazonaws.com/photos/437155094/medium.jpeg,,"","",2,0,false,3,"Fort Snelling State Park, Saint Paul, MN, US",44.8923944206,-93.1802782364,1917,,,,1917,,open,false,,,Zebra Mussel,Dreissena polymorpha,Zebra Mussel,Mollusca,116340
245148052,dbe13f4b-078c-44db-b87d-0574804adc68,2024-10-01 16:05:29-05:00,2024-10-01,2024-10-01 21:05:29 UTC,Central Time (US & Canada),6932624,fishmansf4,Sean Ford,2024-10-01 22:42:07 UTC,2024-10-02 03:10:03 UTC,research,CC-BY-NC,https://www.inaturalist.org/observations/245148052,https://inaturalist-open-data.s3.amazonaws.com/photos/437403461/medium.jpeg,,"","",1,0,false,3,"Fort Snelling State Park, Saint Paul, MN, US",44.8933791654,-93.1794398809,135,,,,135,,open,false,,,Zebra Mussel,Dreissena polymorpha,Zebra Mussel,Mollusca,116340
245313849,a8beae7f-74d9-4ecb-8eef-e378d7f1eecb,2024-10-01 09:00:00,2024-10-01,2024-10-01 13:00:00 UTC,America/Nipigon,4731944,catcanoe,Catherine Johns,2024-10-02 23:02:46 UTC,2024-10-03 00:20:01 UTC,research,CC-BY-NC,https://www.inaturalist.org/observations/245313849,https://inaturalist-open-data.s3.amazonaws.com/photos/437726163/medium.jpeg,,"",,1,0,false,2,"Inverary, ON K0H 2L0, Canada",44.5989066548,-76.4123431966,143,,,,143,,open,false,,,Zebra Mussel,Dreissena polymorpha,Zebra Mussel,Mollusca,116340
245315565,b969518b-1979-4dee-b2cd-52214477c861,2024-09-28 16:36:47-05:00,2024-09-28,2024-09-28 21:36:47 UTC,Central Time (US & Canada),3768440,maggieeeee,Maggie,2024-10-02 23:16:14 UTC,2025-01-05 03:18:26 UTC,research,CC-BY-NC,https://www.inaturalist.org/observations/245315565,https://inaturalist-open-data.s3.amazonaws.com/photos/437729877/medium.jpeg,,"","",1,0,false,3,"Yahara Place Park, Madison, WI, US",43.0856083333,-89.3538883333,14,,,,14,,open,false,,,Zebra Mussel,Dreissena polymorpha,Zebra Mussel,Mollusca,116340
245556055,d255e148-402a-4663-a0a7-bf2b01832274,2024-10-03 14:54:54,2024-10-03,2024-10-03 18:54:54 UTC,Eastern Time (US & Canada),7145377,camgb,ellimac444,2024-10-04 12:26:37 UTC,2024-10-04 15:13:39 UTC,research,,https://www.inaturalist.org/observations/245556055,https://static.inaturalist.org/photos/438210036/medium.jpeg,,"",,1,0,false,2,"Mont-Saint-Hilaire, QC, Canada",45.5615027778,-73.2009833333,,,,,,,open,false,gps,gps,Moule zébrée,Dreissena polymorpha,Zebra Mussel,Mollusca,116340
245621599,a173dea2-08e1-43c9-868a-db7b765ae926,2024-10-02 15:23:54,2024-10-02,2024-10-02 19:23:54 UTC,America/Nipigon,8027216,feralspirits,K.H. Klose,2024-10-04 19:45:02 UTC,2025-09-05 18:10:26 UTC,research,CC-BY-NC,https://www.inaturalist.org/observations/245621599,https://inaturalist-open-data.s3.amazonaws.com/photos/438336835/medium.jpeg,,"",,2,0,false,2,"Killarney, ON P0M 2A0, Canada",45.9896967505,-81.4141627774,81,,,,81,,open,false,gps,gps,Zebra Mussel,Dreissena polymorpha,Zebra Mussel,Mollusca,116340
245789218,8cbe00bf-1c14-40fb-b3ec-aadb086bd4dc,Sat Oct 05 2024 14:16:01 GMT -0400 (EDT),2024-10-05,2024-10-05 18:16:01 UTC,Eastern Time (US & Canada),723900,aprilmhb,,2024-10-05 18:16:16 UTC,2024-10-06 16:57:42 UTC,research,,https://www.inaturalist.org/observations/245789218,https://static.inaturalist.org/photos/438663082/medium.jpeg,,"",,1,0,false,333,Saint Albans,44.7802429199,-73.1841812134,132,,,,132,,open,false,,,Zebra Mussel,Dreissena polymorpha,Zebra Mussel,Mollusca,116340
245813651,622c91cc-fdb4-4f55-8101-99c3ad3bf096,2024-10-05 09:49:57-04:00,2024-10-05,2024-10-05 13:49:57 UTC,America/Nipigon,8568851,bandit11,,2024-10-05 20:24:01 UTC,2024-10-06 16:57:39 UTC,research,CC-BY-NC,https://www.inaturalist.org/observations/245813651,https://inaturalist-open-data.s3.amazonaws.com/photos/438709697/medium.jpeg,,"","",1,0,false,3,"Lake Erie, Chatham-Kent, ON, CA",42.2608727721,-81.8456192785,140,,,,140,,open,false,,,Zebra Mussel,Dreissena polymorpha,Zebra Mussel,Mollusca,116340
245982104,fcdcc977-5445-4215-be08-774f59b13aa3,2024-10-04 17:26:11,2024-10-04,2024-10-04 21:26:11 UTC,America/Nipigon,524715,spinuspinus,Dianna Wolfe,2024-10-06 16:57:14 UTC,2024-10-06 23:19:36 UTC,research,CC-BY-NC,https://www.inaturalist.org/observations/245982104,https://inaturalist-open-data.s3.amazonaws.com/photos/439041753/medium.jpeg,,"",,1,0,false,2,"Carling, ON P0G, Canada",45.3404469,-80.1613415,,,,,,,open,false,gps,gps,Zebra Mussel,Dreissena polymorpha,Zebra Mussel,Mollusca,116340
246078359,50c3f8fc-a546-450e-a31d-9c1e2613dfd5,2024-10-04 12:27:14-04:00,2024-10-04,2024-10-04 16:27:14 UTC,America/Nipigon,7399431,erin_colquhoun,Erin Colquhoun,2024-10-07 01:51:19 UTC,2024-10-08 03:02:12 UTC,research,,https://www.inaturalist.org/observations/246078359,https://static.inaturalist.org/photos/439234229/medium.jpeg,,"","",1,0,false,3,"Mink Lake, North Algona Wilberforce, ON, CA",45.5655267101,-77.068265098,162,,,,162,,open,false,,,Zebra Mussel,Dreissena polymorpha,Zebra Mussel,Mollusca,116340
246091728,114f1b81-0b23-4de8-bcf3-a6d04975d68d,2024-09-30 09:19:43-04:00,2024-09-30,2024-09-30 13:19:43 UTC,America/Nipigon,1143530,rhys_birder,Devin R. de Zwaan,2024-10-07 03:25:04 UTC,2024-10-10 03:32:13 UTC,research,CC-BY-NC,https://www.inaturalist.org/observations/246091728,https://inaturalist-open-data.s3.amazonaws.com/photos/440222340/medium.jpeg,,"","",1,0,false,3,"Charleston Lake Provincial Park, Leeds and the Thousand Islands, ON, CA",44.5210833333,-76.0169138333,4,,,,4,,open,false,,,Zebra Mussel,Dreissena polymorpha,Zebra Mussel,Mollusca,116340
246198295,9643b9a6-c90b-4c2f-9398-287607f04c39,2024-10-06 13:08:46-04:00,2024-10-06,2024-10-06 17:08:46 UTC,Eastern Time (US & Canada),6451136,b_kerstetter,Ben Kerstetter,2024-10-07 18:29:59 UTC,2024-10-08 14:48:33 UTC,research,,https://www.inaturalist.org/observations/246198295,https://static.inaturalist.org/photos/439468359/medium.jpeg,,"","",1,0,false,3,"Oneida Lake, West Monroe, NY, US",43.174205958,-75.9288012351,556,,,,556,,open,false,,,Zebra Mussel,Dreissena polymorpha,Zebra Mussel,Mollusca,116340
246200326,916e88d1-e3b8-4eeb-b196-53e1e5e82dea,2024-10-07 14:39:28,2024-10-07,2024-10-07 18:39:28 UTC,Eastern Time (US & Canada),2739480,bheinzen49,"",2024-10-07 18:43:05 UTC,2024-10-08 03:01:49 UTC,research,CC-BY-NC,https://www.inaturalist.org/observations/246200326,https://inaturalist-open-data.s3.amazonaws.com/photos/439475772/medium.jpeg,,"",,2,0,false,2,"Coeymans, NY, USA",42.46537319,-73.78538069,7,,,,7,,open,false,,,Zebra Mussel,Dreissena polymorpha,Zebra Mussel,Mollusca,116340
246211376,a9155648-db87-4a23-bbf5-f92cccf5f786,2024-10-05 13:02:20-04:00,2024-10-05,2024-10-05 17:02:20 UTC,Eastern Time (US & Canada),8489812,hitchha,,2024-10-07 19:53:04 UTC,2024-10-08 03:01:37 UTC,research,CC-BY-NC,https://www.inaturalist.org/observations/246211376,https://inaturalist-open-data.s3.amazonaws.com/photos/439494937/medium.jpeg,,"","",1,0,false,3,"Perimeter Trail, Waynesville, OH, US",39.4906916667,-84.054375,5,,,,5,,open,false,,,Zebra Mussel,Dreissena polymorpha,Zebra Mussel,Mollusca,116340
246257118,931ff003-d4e7-4c5e-a53b-88080f65bc51,2024/08/18 11:06 AM,2024-08-18,2024-08-18 15:06:00 UTC,America/Nipigon,362446,pwdeacon,Pat Deacon,2024-10-08 01:38:31 UTC,2024-10-08 11:16:23 UTC,research,CC-BY-NC,https://www.inaturalist.org/observations/246257118,https://inaturalist-open-data.s3.amazonaws.com/photos/439586738/medium.jpg,,"",,1,0,false,,"Manitoulin, CA-ON, CA",45.8945792529,-82.4259821907,,,,,27095,obscured,open,true,,,Zebra Mussel,Dreissena polymorpha,Zebra Mussel,Mollusca,116340
246330439,a7b5721c-0d37-4d38-b54f-046c3ac52f5e,2024-10-05 14:37:24-05:00,2024-10-05,2024-10-05 19:37:24 UTC,Central Time (US & Canada),2322112,backyard_conservancy,John Tharp,2024-10-08 15:22:33 UTC,2024-10-09 13:30:48 UTC,research,,https://www.inaturalist.org/observations/246330439,https://static.inaturalist.org/photos/439735073/medium.jpeg,,"","",2,0,false,3,"Lake Murray State Park, Overbrook, OK, US",34.0458547455,-97.0961950397,22,,,,22,,open,false,,,Zebra Mussel,Dreissena polymorpha,Zebra Mussel,Mollusca,116340
246330520,67943e62-895b-4554-a028-efa132d86efd,2024-10-05 15:26:00-05:00,2024-10-05,2024-10-05 20:26:00 UTC,Central Time (US & Canada),2322112,backyard_conservancy,John Tharp,2024-10-08 15:23:04 UTC,2024-10-09 13:30:50 UTC,research,,https://www.inaturalist.org/observations/246330520,https://static.inaturalist.org/photos/439735222/medium.jpeg,,"","",2,0,false,3,"Lake Murray State Park, Overbrook, OK, US",34.0457996995,-97.0961272283,33,,,,33,,open,false,,,Zebra Mussel,Dreissena polymorpha,Zebra Mussel,Mollusca,116340
246530069,e7d308a6-8ac4-4656-ab01-7e43ff896caf,2024-10-09 15:55:21-05:00,2024-10-09,2024-10-09 20:55:21 UTC,Central Time (US & Canada),2326830,swq-staff,SWQ Staff,2024-10-09 20:55:43 UTC,2024-10-09 22:37:03 UTC,research,CC-BY-NC,https://www.inaturalist.org/observations/246530069,https://inaturalist-open-data.s3.amazonaws.com/photos/440130047/medium.jpeg,,"","",1,0,false,3,"N Lake Dr, Watertown, SD, US",44.9443419378,-97.1749973966,108,,,,108,,open,false,,,Zebra Mussel,Dreissena polymorpha,Zebra Mussel,Mollusca,116340
246610155,d1ab2cf0-2035-496b-bdc1-680fc465d78a,2024-10-08 10:18:41-04:00,2024-10-08,2024-10-08 14:18:41 UTC,America/Detroit,3196303,suhaylah-ahmad-ali,Suhaylah Ahmad Ali,2024-10-10 12:01:24 UTC,2024-10-10 13:44:05 UTC,research,CC-BY-NC,https://www.inaturalist.org/observations/246610155,https://inaturalist-open-data.s3.amazonaws.com/photos/440290811/medium.jpeg,,"","",1,0,false,3,"Saginaw Bay, Kawkawlin, MI, US",43.7342866667,-83.9450216667,7,,,,7,,open,false,,,Zebra Mussel,Dreissena polymorpha,Zebra Mussel,Mollusca,116340
246697110,d0eb8f00-5a73-4c01-9cf1-e67c0b1dee7d,2024-10-10 17:18:58-04:00,2024-10-10,2024-10-10 21:18:58 UTC,Eastern Time (US & Canada),7607904,whirlaway,,2024-10-10 23:19:43 UTC,2024-10-11 00:57:14 UTC,research,CC-BY-NC,https://www.inaturalist.org/observations/246697110,https://inaturalist-open-data.s3.amazonaws.com/photos/440458079/medium.jpeg,,"","",1,0,false,3,"Monongahela River, Star City, WV, US",39.6598084334,-79.9915814841,23,,,,23,,open,false,,,Zebra Mussel,Dreissena polymorpha,Zebra Mussel,Mollusca,116340
246700456,ff7463a7-d479-41f3-a5e2-6288f8ec4028,2024-10-10 12:00:00-05:00,2024-10-10,2024-10-10 17:00:00 UTC,Central Time (US & Canada),2328821,jesseholifield,Jesse Holifield,2024-10-10 23:49:54 UTC,2024-10-11 00:57:11 UTC,research,CC-BY-NC,https://www.inaturalist.org/observations/246700456,https://inaturalist-open-data.s3.amazonaws.com/photos/440464925/medium.jpeg,,"","",1,0,false,3,"Moundville Archaeological Park, Moundville, AL, US",33.01038055,-87.6383366667,4,,,,4,,open,false,,,Zebra Mussel,Dreissena polymorpha,Zebra Mussel,Mollusca,116340
246824964,ea07078c-899d-4586-8ed5-b8de209b7d26,2024-10-11 11:31:41-05:00,2024-10-11,2024-10-11 16:31:41 UTC,Central Time (US & Canada),2328821,jesseholifield,Jesse Holifield,2024-10-11 20:31:20 UTC,2024-10-11 23:56:46 UTC,research,CC-BY-NC,https://www.inaturalist.org/observations/246824964,https://inaturalist-open-data.s3.amazonaws.com/photos/440712320/medium.jpeg,,"","",2,0,false,3,"William Bacon Oliver Lake, Tuscaloosa, AL, US",33.2239,-87.5254366667,4,,,,4,,open,false,,,Zebra Mussel,Dreissena polymorpha,Zebra Mussel,Mollusca,116340
246825029,583db1db-1b05-4b54-a879-225e21a8e1a1,2024-10-11 11:31:35-05:00,2024-10-11,2024-10-11 16:31:35 UTC,Central Time (US & Canada),2328821,jesseholifield,Jesse Holifield,2024-10-11 20:31:45 UTC,2024-10-11 21:23:16 UTC,research,CC-BY-NC,https://www.inaturalist.org/observations/246825029,https://inaturalist-open-data.s3.amazonaws.com/photos/440712430/medium.jpeg,,"","",1,0,false,3,"William Bacon Oliver Lake, Tuscaloosa, AL, US",33.2238966667,-87.5254366667,4,,,,4,,open,false,,,Zebra Mussel,Dreissena polymorpha,Zebra Mussel,Mollusca,116340
246825061,c0fedbc7-cb44-4bb8-80f9-2b0a6ff14744,2024-10-11 11:31:29-05:00,2024-10-11,2024-10-11 16:31:29 UTC,Central Time (US & Canada),2328821,jesseholifield,Jesse Holifield,2024-10-11 20:31:53 UTC,2024-10-11 21:23:14 UTC,research,CC-BY-NC,https://www.inaturalist.org/observations/246825061,https://inaturalist-open-data.s3.amazonaws.com/photos/440712486/medium.jpeg,,"","",1,0,false,3,"William Bacon Oliver Lake, Tuscaloosa, AL, US",33.2238883333,-87.5254366667,4,,,,4,,open,false,,,Zebra Mussel,Dreissena polymorpha,Zebra Mussel,Mollusca,116340
246825111,7bd078b3-aac0-400a-bdf9-797a51f7162f,2024-10-11 11:31:25-05:00,2024-10-11,2024-10-11 16:31:25 UTC,Central Time (US & Canada),2328821,jesseholifield,Jesse Holifield,2024-10-11 20:32:15 UTC,2024-10-11 21:23:12 UTC,research,CC-BY-NC,https://www.inaturalist.org/observations/246825111,https://inaturalist-open-data.s3.amazonaws.com/photos/440712601/medium.jpeg,,"","",1,0,false,3,"William Bacon Oliver Lake, Tuscaloosa, AL, US",33.2238916667,-87.525445,4,,,,4,,open,false,,,Zebra Mussel,Dreissena polymorpha,Zebra Mussel,Mollusca,116340
246825143,642ad184-2fea-458d-8eab-68c608724c50,2024-10-11 11:31:20-05:00,2024-10-11,2024-10-11 16:31:20 UTC,Central Time (US & Canada),2328821,jesseholifield,Jesse Holifield,2024-10-11 20:32:25 UTC,2024-10-11 21:23:11 UTC,research,CC-BY-NC,https://www.inaturalist.org/observations/246825143,https://inaturalist-open-data.s3.amazonaws.com/photos/440712738/medium.jpeg,,"","",1,0,false,3,"William Bacon Oliver Lake, Tuscaloosa, AL, US",33.2238916667,-87.5254366667,4,,,,4,,open,false,,,Zebra Mussel,Dreissena polymorpha,Zebra Mussel,Mollusca,116340
246825187,a8b09b13-f09a-4f6d-ab78-7c4cda6bb0b9,2024-10-11 11:31:15-05:00,2024-10-11,2024-10-11 16:31:15 UTC,Central Time (US & Canada),2328821,jesseholifield,Jesse Holifield,2024-10-11 20:32:55 UTC,2024-10-11 21:23:10 UTC,research,CC-BY-NC,https://www.inaturalist.org/observations/246825187,https://inaturalist-open-data.s3.amazonaws.com/photos/440712775/medium.jpeg,,"","",1,0,false,3,"William Bacon Oliver Lake, Tuscaloosa, AL, US",33.2238883333,-87.525445,4,,,,4,,open,false,,,Zebra Mussel,Dreissena polymorpha,Zebra Mussel,Mollusca,116340
246825215,f8d611ec-4fe5-45db-b1f8-ffc96e4b0245,2024-10-11 11:31:09-05:00,2024-10-11,2024-10-11 16:31:09 UTC,Central Time (US & Canada),2328821,jesseholifield,Jesse Holifield,2024-10-11 20:33:04 UTC,2024-10-11 21:23:08 UTC,research,CC-BY-NC,https://www.inaturalist.org/observations/246825215,https://inaturalist-open-data.s3.amazonaws.com/photos/440712808/medium.jpeg,,"","",1,0,false,3,"William Bacon Oliver Lake, Tuscaloosa, AL, US",33.2238716667,-87.5254366667,4,,,,4,,open,false,,,Zebra Mussel,Dreissena polymorpha,Zebra Mussel,Mollusca,116340
246826936,f9410722-65a7-489a-959e-fae01ad73e01,2024-10-11 10:30:33-05:00,2024-10-11,2024-10-11 15:30:33 UTC,Central Time (US & Canada),2328821,jesseholifield,Jesse Holifield,2024-10-11 20:42:52 UTC,2024-10-11 23:57:39 UTC,research,CC-BY-NC,https://www.inaturalist.org/observations/246826936,https://inaturalist-open-data.s3.amazonaws.com/photos/440715596/medium.jpeg,,"","",2,0,false,3,"William Bacon Oliver Lake, Tuscaloosa, AL, US",33.223805,-87.525475,4,,,,4,,open,false,,,Zebra Mussel,Dreissena polymorpha,Zebra Mussel,Mollusca,116340
246849700,dd4d9e28-60e3-4b89-b8a8-3e5ffd74fa6b,2024-10-11 19:31:35,2024-10-11,2024-10-11 23:31:35 UTC,America/Detroit,699883,oxalismtp,"",2024-10-11 23:46:47 UTC,2024-10-13 17:38:03 UTC,research,CC-BY-NC,https://www.inaturalist.org/observations/246849700,https://inaturalist-open-data.s3.amazonaws.com/photos/440761476/medium.jpeg,,"",,1,0,false,2,"Union Charter Township, MI, USA",43.5801256337,-84.846239984,36,,,,36,,open,false,gps,gps,Zebra Mussel,Dreissena polymorpha,Zebra Mussel,Mollusca,116340
246958026,54f8b177-e3c5-4eb9-85be-afde2db0de7d,2024-10-12 12:52:02-04:00,2024-10-12,2024-10-12 16:52:02 UTC,America/Nipigon,792800,katederbyshire,Kate Derbyshire,2024-10-12 17:00:57 UTC,2025-09-05 18:21:02 UTC,research,,https://www.inaturalist.org/observations/246958026,https://static.inaturalist.org/photos/446269802/medium.jpeg,,"","",2,0,false,3,"Mersea Rd 12, Leamington, ON, CA",42.0101611167,-82.5581916667,4653,,,,4653,,open,false,,,Zebra Mussel,Dreissena polymorpha,Zebra Mussel,Mollusca,116340
247005229,aeb0edfc-1523-45d0-9447-baf3160e368b,2024-10-12 17:32:51-04:00,2024-10-12,2024-10-12 21:32:51 UTC,Eastern Time (US & Canada),7080636,theodore36482,Theodore Kusbiantoro,2024-10-12 21:33:37 UTC,2024-10-13 00:33:16 UTC,research,,https://www.inaturalist.org/observations/247005229,https://static.inaturalist.org/photos/441064681/medium.jpeg,,"","",1,0,false,3,"Delta Reservoir, Rome, NY, US",43.2924900966,-75.4634754736,25,,,,25,,open,false,,,Zebra Mussel,Dreissena polymorpha,Zebra Mussel,Mollusca,116340
247053171,34a96f2a-adae-4424-863d-74520e4455a9,2024-10-12 12:13:56-04:00,2024-10-12,2024-10-12 16:13:56 UTC,America/Nipigon,919782,vmckay,Vicki McKay,2024-10-13 03:25:15 UTC,2024-10-13 20:37:55 UTC,research,CC-BY-NC,https://www.inaturalist.org/observations/247053171,https://inaturalist-open-data.s3.amazonaws.com/photos/441162833/medium.jpeg,,"","",1,0,false,3,"Ipperwash Beach, Lambton Shores, ON, CA",43.2109014944,-81.9763894068,5,,,,5,,open,false,,,Zebra Mussel,Dreissena polymorpha,Zebra Mussel,Mollusca,116340
247107188,77de1139-e112-4207-8aa5-d63c4eedc5ff,2024-10-12 11:07:02,2024-10-12,2024-10-12 15:07:02 UTC,America/Nipigon,521253,widunlop,Warren Dunlop,2024-10-13 12:53:02 UTC,2024-10-13 20:37:11 UTC,research,CC-BY-NC,https://www.inaturalist.org/observations/247107188,https://inaturalist-open-data.s3.amazonaws.com/photos/441269153/medium.jpeg,,"",,1,0,false,2,"Bobcaygeon, ON K0M 1A0, Canada",44.5639066667,-78.5115483333,5,,,,5,,open,false,,,Zebra Mussel,Dreissena polymorpha,Zebra Mussel,Mollusca,116340
247121200,80c2e94a-8340-48b9-9f86-2dff4ec21db6,Sun Oct 13 2024 10:32:14 GMT -0400 (EDT),2024-10-13,2024-10-13 14:32:14 UTC,Eastern Time (US & Canada),8435616,upstatecaptain518,,2024-10-13 14:32:22 UTC,2024-10-13 20:36:58 UTC,research,CC-BY-NC,https://www.inaturalist.org/observations/247121200,https://inaturalist-open-data.s3.amazonaws.com/photos/441296417/medium.jpeg,,"",,1,0,false,333,Charlotte,44.3029785156,-73.2955093384,1571,,,,1571,,open,false,,,Zebra Mussel,Dreissena polymorpha,Zebra Mussel,Mollusca,116340
247132943,1c88597a-e8f9-4ab5-9f88-3e415d31673b,2024-10-13 11:35:52-04:00,2024-10-13,2024-10-13 15:35:52 UTC,America/Nipigon,5359062,eredhuin,Matt Willis,2024-10-13 15:36:45 UTC,2025-06-26 16:46:31 UTC,research,CC-BY-NC,https://www.inaturalist.org/observations/247132943,https://inaturalist-open-data.s3.amazonaws.com/photos/441319437/medium.jpeg,,"","",2,0,false,3,"L'Amable Lake, Faraday, ON, CA",45.01526945,-77.8059166667,263,,,,263,,open,false,,,Zebra Mussel,Dreissena polymorpha,Zebra Mussel,Mollusca,116340
247156707,3efdbf39-3c59-4a6c-acc4-c89d21d00956,2024-10-13 13:32:32,2024-10-13,2024-10-13 17:32:32 UTC,America/Nipigon,6531052,almondsoda,marton,2024-10-13 17:42:47 UTC,2024-11-29 17:13:35 UTC,research,CC-BY-NC,https://www.inaturalist.org/observations/247156707,https://inaturalist-open-data.s3.amazonaws.com/photos/441364839/medium.jpeg,,"",zebra muscles on Fatmucket,1,0,false,2,"Carling, ON P0G, Canada",45.3885416667,-80.1924305556,,,,,,,open,false,,,Zebra Mussel,Dreissena polymorpha,Zebra Mussel,Mollusca,116340
247192288,a8773cfe-0277-47f3-809c-11d5ad1fe7a2,Sun Oct 13 2024 16:45:49 GMT -0400 (EDT),2024-10-13,2024-10-13 20:45:49 UTC,Eastern Time (US & Canada),2848787,streettwanderer,,2024-10-13 20:45:57 UTC,2025-09-05 18:20:16 UTC,research,CC-BY-NC,https://www.inaturalist.org/observations/247192288,https://inaturalist-open-data.s3.amazonaws.com/photos/446066393/medium.jpeg,,"",,2,0,false,333,North Hero,44.7669754028,-73.3178405762,140,,,,140,,open,false,,,Zebra Mussel,Dreissena polymorpha,Zebra Mussel,Mollusca,116340
247220759,15f75aed-987d-4443-845a-a82cb59369ba,2024-10-13 10:18:06,2024-10-13,2024-10-13 14:18:06 UTC,Eastern Time (US & Canada),427924,visage_will,"",2024-10-13 23:40:58 UTC,2025-09-05 18:10:55 UTC,research,CC-BY-NC,https://www.inaturalist.org/observations/247220759,https://inaturalist-open-data.s3.amazonaws.com/photos/441493039/medium.jpeg,,"",,2,0,false,2,"South Hero, VT 05486, USA",44.6485536439,-73.2721533626,43,,,,43,,open,false,gps,gps,Zebra Mussel,Dreissena polymorpha,Zebra Mussel,Mollusca,116340
247227532,e53cd8eb-0546-457d-93cc-256e351b14c9,2024-10-13 11:15:53,2024-10-13,2024-10-13 15:15:53 UTC,Eastern Time (US & Canada),427924,visage_will,"",2024-10-14 00:29:43 UTC,2024-10-14 19:32:05 UTC,research,CC-BY-NC,https://www.inaturalist.org/observations/247227532,https://inaturalist-open-data.s3.amazonaws.com/photos/441507890/medium.jpeg,,"",,2,0,false,2,"Colchester, VT 05446, USA",44.6359323505,-73.2664432749,35,,,,35,,open,false,gps,gps,Zebra Mussel,Dreissena polymorpha,Zebra Mussel,Mollusca,116340
247319029,a9811f82-e26b-4757-b8b0-45567be98ef8,2024-10-13 11:30:02-05:00,2024-10-13,2024-10-13 16:30:02 UTC,Central Time (US & Canada),451161,daniel_edwards,Daniel_J_Edwards,2024-10-14 15:13:27 UTC,2024-10-14 19:31:01 UTC,research,,https://www.inaturalist.org/observations/247319029,https://static.inaturalist.org/photos/441693166/medium.jpeg,,"","",1,0,false,3,"Harker Heights, TX, US",31.0274945,-97.5978616667,10,,,,10,,open,false,,,Zebra Mussel,Dreissena polymorpha,Zebra Mussel,Mollusca,116340
247327853,71b5d7ed-6fb8-4906-a517-95034ac24620,2024-10-14 12:07:46-04:00,2024-10-14,2024-10-14 16:07:46 UTC,America/Nipigon,8553102,nicolanoor,,2024-10-14 16:11:16 UTC,2025-09-05 18:11:10 UTC,research,CC-BY-NC,https://www.inaturalist.org/observations/247327853,https://inaturalist-open-data.s3.amazonaws.com/photos/441709981/medium.jpeg,,"",Found under a rock in the Thames River on a walk with my Dad,2,0,false,3,"Erie Ave, Middlesex Centre, ON, CA",42.9486016671,-81.4300509511,27833,,,,27833,,open,false,,,Zebra Mussel,Dreissena polymorpha,Zebra Mussel,Mollusca,116340
247355096,48e9133c-4287-4f5d-9e7f-844747de2601,2024-10-14 13:59:20,2024-10-14,2024-10-14 18:59:20 UTC,Central Time (US & Canada),8371436,jaxiraptor06,nature 🍄‍🟫,2024-10-14 18:59:44 UTC,2024-10-14 19:29:45 UTC,research,CC-BY-NC,https://www.inaturalist.org/observations/247355096,https://inaturalist-open-data.s3.amazonaws.com/photos/441764118/medium.jpeg,,"",,1,0,false,2,"Wisconsin, US",42.7723398842,-87.8256166928,3,,,,27599,obscured,open,true,,,Zebra Mussel,Dreissena polymorpha,Zebra Mussel,Mollusca,116340
247361890,50905b48-2d8c-447a-8bbb-92c4a0804086,2024-09-16 15:38:58-04:00,2024-09-16,2024-09-16 19:38:58 UTC,Eastern Time (US & Canada),8672877,agberube,,2024-10-14 19:44:26 UTC,2025-09-15 20:05:20 UTC,research,CC-BY-NC,https://www.inaturalist.org/observations/247361890,https://inaturalist-open-data.s3.amazonaws.com/photos/441777586/medium.jpeg,,"","",2,0,false,3,"Chittenden County, US-VT, US",44.4910617778,-73.2490454615,6,,,,6,,open,false,,,Zebra Mussel,Dreissena polymorpha,Zebra Mussel,Mollusca,116340
247373067,189964fa-96c3-49a0-8d89-0814e54afcb0,2024-10-14 15:32:11,2024-10-14,2024-10-14 20:32:11 UTC,Central Time (US & Canada),1639,tonyg,Tony Gerard,2024-10-14 20:55:17 UTC,2024-10-15 03:53:55 UTC,research,CC-BY-NC,https://www.inaturalist.org/observations/247373067,https://static.inaturalist.org/photos/441799732/medium.jpeg,,"",,1,0,false,2,"Brazeau Township, MO, USA",37.631323,-89.514739,,,,,,,open,false,gps,gps,Zebra Mussel,Dreissena polymorpha,Zebra Mussel,Mollusca,116340
247378571,d3d94b6e-db74-4051-8e7e-215361b6e08d,2024-10-13 17:17:48-05:00,2024-10-13,2024-10-13 22:17:48 UTC,Central Time (US & Canada),8464398,kaitystewart,,2024-10-14 21:32:48 UTC,2024-10-15 03:53:52 UTC,research,CC-BY-NC,https://www.inaturalist.org/observations/247378571,https://inaturalist-open-data.s3.amazonaws.com/photos/441810259/medium.jpeg,,"","",1,0,false,3,"Skiatook Lake, Hominy, OK, US",36.412255,-96.2208866667,9,,,,9,,open,false,,,Zebra Mussel,Dreissena polymorpha,Zebra Mussel,Mollusca,116340
247379590,fab73b44-ea79-4341-a72d-0cbff6386aef,2024-10-14 15:46:17,2024-10-14,2024-10-14 20:46:17 UTC,Central Time (US & Canada),36326,rager001,Amy Rager,2024-10-14 21:40:29 UTC,2024-10-27 14:52:35 UTC,research,CC-BY-NC,https://www.inaturalist.org/observations/247379590,https://inaturalist-open-data.s3.amazonaws.com/photos/442149045/medium.jpeg,,"",,3,1,false,2,"Lac Qui Parle Township, MN, USA",45.03366948,-95.90291455,6,,,,6,,open,false,,,Zebra Mussel,Dreissena polymorpha,Zebra Mussel,Mollusca,116340
247381265,d1215a54-b723-4c47-ad54-84977767025e,2024-10-14 17:54:06-04:00,2024-10-14,2024-10-14 21:54:06 UTC,Eastern Time (US & Canada),107739,sjamieson,SJamieson,2024-10-14 21:54:47 UTC,2024-10-15 15:06:06 UTC,research,CC-BY-NC,https://www.inaturalist.org/observations/247381265,https://inaturalist-open-data.s3.amazonaws.com/photos/441815821/medium.jpeg,,"","",1,0,false,3,"Old Norwood Rd, Peterborough, ON, CA",44.3132684,-78.2991251,4655,,,,4655,,open,false,,,Zebra Mussel,Dreissena polymorpha,Zebra Mussel,Mollusca,116340
247391308,a63879e0-dd85-406e-a4c0-584445b012f0,2024-10-14 13:47:54-05:00,2024-10-14,2024-10-14 18:47:54 UTC,Central Time (US & Canada),2455686,dejackson2256,Dan Jackson,2024-10-14 23:15:41 UTC,2024-10-16 14:01:38 UTC,research,CC-BY-NC,https://www.inaturalist.org/observations/247391308,https://inaturalist-open-data.s3.amazonaws.com/photos/441836377/medium.jpeg,,"","",1,0,false,3,"Goose Island Boat Launch, La Crosse, WI, US",43.7365583333,-91.2291416667,4,,,,4,,open,false,,,Zebra Mussel,Dreissena polymorpha,Zebra Mussel,Mollusca,116340
247403024,967dfbf8-d56e-4a3d-adb1-31fd99d64903,2024/10/10 11:59 AM,2024-10-10,2024-10-10 16:59:00 UTC,Central Time (US & Canada),643751,jeffgarner,Jeff Garner,2024-10-15 00:52:15 UTC,2024-12-08 00:55:50 UTC,research,CC-BY-NC,https://www.inaturalist.org/observations/247403024,https://inaturalist-open-data.s3.amazonaws.com/photos/441861578/medium.jpeg,,"","",1,0,false,,"Black Warrior River, Moundville boat ramp, Tuscaloosa County, AL, USA",33.010452,-87.638343,,,,,,,open,false,,,Zebra Mussel,Dreissena polymorpha,Zebra Mussel,Mollusca,116340
247412497,7c30cedd-4da5-4434-a3c1-253995e35ffc,2024/10/14 11:57 AM,2024-10-14,2024-10-14 15:57:00 UTC,America/Detroit,3146308,ryangrow,Ryan Grow,2024-10-15 02:10:30 UTC,2025-04-05 19:36:39 UTC,research,CC-BY-NC,https://www.inaturalist.org/observations/247412497,https://inaturalist-open-data.s3.amazonaws.com/photos/441879304/medium.jpeg,,"",,1,0,false,,"Mackinac County, MI, USA",45.98149518,-84.1251445729,2,,,,2,,open,false,,,Zebra Mussel,Dreissena polymorpha,Zebra Mussel,Mollusca,116340
247540403,d8083a48-fc2d-4885-834c-1109bb5c8eb6,2024/10/11 10:32 AM,2024-10-11,2024-10-11 15:32:00 UTC,Central Time (US & Canada),643751,jeffgarner,Jeff Garner,2024-10-15 22:29:55 UTC,2025-04-05 20:49:43 UTC,research,CC-BY-NC,https://www.inaturalist.org/observations/247540403,https://inaturalist-open-data.s3.amazonaws.com/photos/442129563/medium.jpeg,,"",,1,0,false,,"Black Warrior River, Riverview boat ramp, Tuscaloosa Co., AL, USA",33.2237343916,-87.5256079508,13,,,,13,,open,false,,,Zebra Mussel,Dreissena polymorpha,Zebra Mussel,Mollusca,116340
247548313,64e4217a-4752-460a-ba9b-e79014e4d4b8,2024/10/11 11:34 AM,2024-10-11,2024-10-11 16:34:00 UTC,Central Time (US & Canada),643751,jeffgarner,Jeff Garner,2024-10-15 23:36:56 UTC,2025-04-05 20:56:09 UTC,research,CC-BY-NC,https://www.inaturalist.org/observations/247548313,https://inaturalist-open-data.s3.amazonaws.com/photos/442145103/medium.jpeg,,"",,1,0,false,,"Black Warrior River, Riverview boat ramp, Tuscaloosa Co., AL, USA",33.2237343916,-87.5256079508,13,,,,13,,open,false,,,Zebra Mussel,Dreissena polymorpha,Zebra Mussel,Mollusca,116340
247556758,7a655480-86d7-4fa8-990d-64fd4a1473e3,2024/10/11 11:40 AM,2024-10-11,2024-10-11 16:40:00 UTC,Central Time (US & Canada),643751,jeffgarner,Jeff Garner,2024-10-16 00:48:18 UTC,2025-04-05 20:59:48 UTC,research,CC-BY-NC,https://www.inaturalist.org/observations/247556758,https://inaturalist-open-data.s3.amazonaws.com/photos/442162281/medium.jpeg,,"",,1,0,false,,"Black Warrior River, Riverview boat ramp, Tuscaloosa Co., AL, USA",33.2237343916,-87.5256079508,13,,,,13,,open,false,,,Zebra Mussel,Dreissena polymorpha,Zebra Mussel,Mollusca,116340
247556942,3edcd104-8e3a-4a53-abf0-627bf9864e21,2024/10/11 11:40 AM,2024-10-11,2024-10-11 16:40:00 UTC,Central Time (US & Canada),643751,jeffgarner,Jeff Garner,2024-10-16 00:49:48 UTC,2024-10-16 14:01:14 UTC,research,CC-BY-NC,https://www.inaturalist.org/observations/247556942,https://inaturalist-open-data.s3.amazonaws.com/photos/442162528/medium.jpeg,,"",,2,0,false,,"Black Warrior River, Riverview boat ramp, Tuscaloosa Co., AL, USA",33.2237343916,-87.5256079508,13,,,,13,,open,false,,,Zebra Mussel,Dreissena polymorpha,Zebra Mussel,Mollusca,116340
247557005,55358c8d-fa49-45e9-95fd-b5bdca980260,2024/10/11 11:40 AM,2024-10-11,2024-10-11 16:40:00 UTC,Central Time (US & Canada),643751,jeffgarner,Jeff Garner,2024-10-16 00:50:40 UTC,2024-10-16 14:01:17 UTC,research,CC-BY-NC,https://www.inaturalist.org/observations/247557005,https://inaturalist-open-data.s3.amazonaws.com/photos/442162783/medium.jpeg,,"",,1,0,false,,"Black Warrior River, Riverview boat ramp, Tuscaloosa Co., AL, USA",33.2237343916,-87.5256079508,13,,,,13,,open,false,,,Zebra Mussel,Dreissena polymorpha,Zebra Mussel,Mollusca,116340
247656793,a139b7d9-dc21-47dc-a597-90c5c958cfc1,2024-10-08 13:51:29,2024-10-08,2024-10-08 19:51:29 UTC,Mountain Time (US & Canada),1099000,catherinehandschke,Catherine Handschke,2024-10-16 18:29:32 UTC,2025-04-01 14:25:38 UTC,research,,https://www.inaturalist.org/observations/247656793,https://static.inaturalist.org/photos/442361823/medium.jpeg,,"",,3,0,false,2,"Silver City, SD 57702, USA",44.0661333333,-103.4944388889,,,,,,,open,false,,,Zebra Mussel,Dreissena polymorpha,Zebra Mussel,Mollusca,116340
247665574,54ae2819-1340-4e56-a02e-611e7bcd2d4e,2024-10-09 12:37:01,2024-10-09,2024-10-09 17:37:01 UTC,Central Time (US & Canada),491114,awenninger,Alexandria 'Alex' Wenninger,2024-10-16 19:34:34 UTC,2025-04-05 23:13:43 UTC,research,CC-BY,https://www.inaturalist.org/observations/247665574,https://inaturalist-open-data.s3.amazonaws.com/photos/442379306/medium.jpeg,,"",,1,0,false,2,"Suamico, WI, USA",44.6617934127,-87.9886453226,500,,,,500,,open,false,gps,gps,Zebra Mussel,Dreissena polymorpha,Zebra Mussel,Mollusca,116340
247723444,90704293-4885-455d-874e-6690dc180d57,2024/10/16 4:01 PM,2024-10-16,2024-10-16 21:01:00 UTC,Central Time (US & Canada),8682872,tonygallucci,Tony Gallucci,2024-10-17 04:56:34 UTC,2024-12-31 23:51:04 UTC,research,,https://www.inaturalist.org/observations/247723444,https://static.inaturalist.org/photos/442499250/medium.jpg,,"",,2,0,false,,"Canyon Lake, TX, USA",29.9046666667,-98.2799266667,,,,,,,open,false,,,Zebra Mussel,Dreissena polymorpha,Zebra Mussel,Mollusca,116340
247783984,d067915f-a5fa-49f2-a906-67900a3053f7,2024-10-16 15:28:00-05:00,2024-10-16,2024-10-16 20:28:00 UTC,Central Time (US & Canada),2455686,dejackson2256,Dan Jackson,2024-10-17 16:29:44 UTC,2025-04-06 02:17:53 UTC,research,CC-BY-NC,https://www.inaturalist.org/observations/247783984,https://inaturalist-open-data.s3.amazonaws.com/photos/442614851/medium.jpeg,,"","",1,0,false,3,"Mississippi River, Bagley, WI, US",42.9506220081,-91.1430905211,916,,,,916,,open,false,,,Zebra Mussel,Dreissena polymorpha,Zebra Mussel,Mollusca,116340
247797159,73d8c2b8-950c-400d-b8fc-53c0a3faf5f8,2024-10-17 13:10:16-05:00,2024-10-17,2024-10-17 18:10:16 UTC,Central Time (US & Canada),2455686,dejackson2256,Dan Jackson,2024-10-17 18:13:01 UTC,2025-04-06 02:35:27 UTC,research,CC-BY-NC,https://www.inaturalist.org/observations/247797159,https://inaturalist-open-data.s3.amazonaws.com/photos/442640580/medium.jpeg,,"","",1,0,false,3,"W Lockwood St, Prairie du Chien, WI, US",43.0314471667,-91.1484,16,,,,16,,open,false,,,Zebra Mussel,Dreissena polymorpha,Zebra Mussel,Mollusca,116340
247819681,30a818ca-ffd5-41c8-a53f-dcb05eac6a0d,2024/10/15 5:28 PM,2024-10-15,2024-10-15 21:28:00 UTC,Eastern Time (US & Canada),4686373,zakqaryroy,Zakqary Roy,2024-10-17 21:03:40 UTC,2025-04-06 03:13:07 UTC,research,CC-BY,https://www.inaturalist.org/observations/247819681,https://inaturalist-open-data.s3.amazonaws.com/photos/442684253/medium.png,,"","",1,0,false,,"Saratoga County, NY, USA",42.7896665985,-73.7950803885,61,,,,61,,open,false,,,Zebra Mussel,Dreissena polymorpha,Zebra Mussel,Mollusca,116340
247822667,25a20230-1b3c-4544-9d1e-70afa0e0eb97,2024-10-17 17:29:05,2024-10-17,2024-10-17 21:29:05 UTC,Eastern Time (US & Canada),5603437,noah531,Noah Ruschak,2024-10-17 21:29:48 UTC,2025-04-06 03:17:54 UTC,research,,https://www.inaturalist.org/observations/247822667,https://static.inaturalist.org/photos/442691059/medium.jpeg,,"",,1,0,false,2,"Charleroi, PA 15022, USA",40.136783,-79.8960359722,,,,,,,open,false,gps,gps,Zebra Mussel,Dreissena polymorpha,Zebra Mussel,Mollusca,116340
247852720,8299c277-afe1-4e2f-8549-3cf746fb88dc,2024-10-16 13:22:04,2024-10-16,2024-10-16 18:22:04 UTC,Central Time (US & Canada),3495410,saraowen,Sara Owen,2024-10-18 02:15:43 UTC,2025-04-06 04:02:16 UTC,research,,https://www.inaturalist.org/observations/247852720,https://static.inaturalist.org/photos/442751503/medium.jpeg,,"",,1,0,false,2,"Bena, MN 56626, USA",47.3645794997,-94.2569180997,,,,,,,open,false,gps,gps,Zebra Mussel,Dreissena polymorpha,Zebra Mussel,Mollusca,116340
247912229,e05c1b86-0139-4fe8-8f65-4a943a4afdbe,2024-10-18 10:28:24-04:00,2024-10-18,2024-10-18 14:28:24 UTC,America/Nipigon,6575994,kingsfordlake,,2024-10-18 14:28:34 UTC,2024-10-21 13:48:30 UTC,research,CC-BY-NC,https://www.inaturalist.org/observations/247912229,https://inaturalist-open-data.s3.amazonaws.com/photos/442868592/medium.jpeg,,"","",1,0,false,3,"Kingsford Lake Dam Rd, South Frontenac, ON, CA",44.5766805321,-76.5225096988,6,,,,6,,open,false,,,Zebra Mussel,Dreissena polymorpha,Zebra Mussel,Mollusca,116340
247912329,6e157140-9c41-4f06-9812-1c0b7e2e7755,2024-10-18 10:29:16-04:00,2024-10-18,2024-10-18 14:29:16 UTC,America/Nipigon,6575994,kingsfordlake,,2024-10-18 14:29:23 UTC,2024-12-13 00:03:17 UTC,research,CC-BY-NC,https://www.inaturalist.org/observations/247912329,https://inaturalist-open-data.s3.amazonaws.com/photos/442868813/medium.jpeg,,"","",1,0,false,3,"Kingsford Lake Dam Rd, South Frontenac, ON, CA",44.5766805321,-76.5225096988,6,,,,6,,open,false,,,Zebra Mussel,Dreissena polymorpha,Zebra Mussel,Mollusca,116340
247957354,d0508923-00be-48b3-b9d0-d5d5e99546c9,2024-10-18 14:11:24,2024-10-18,2024-10-18 18:11:24 UTC,Indiana (East),8565505,austinlikesisopods,Austin Ray,2024-10-18 19:47:24 UTC,2025-09-08 03:54:10 UTC,research,,https://www.inaturalist.org/observations/247957354,https://static.inaturalist.org/photos/442955605/medium.jpeg,,"","Potentially zebra mussel, ive never seen these before in Messick lake in the 20 years ive been visiting",1,0,false,2,"Clearspring Township, IN, USA",41.5556419722,-85.442006,,,,,,,open,false,gps,gps,Zebra Mussel,Dreissena polymorpha,Zebra Mussel,Mollusca,116340
247970167,7988c413-8e17-47b4-be5b-d0d96743d19f,2024-10-18 13:51:52-04:00,2024-10-18,2024-10-18 17:51:52 UTC,America/Nipigon,2356027,oliviagaetz,Olivia Gaetz,2024-10-18 21:14:14 UTC,2025-04-06 06:45:15 UTC,research,CC-BY-NC,https://www.inaturalist.org/observations/247970167,https://inaturalist-open-data.s3.amazonaws.com/photos/442979498/medium.jpeg,,"","",1,0,false,3,"Six Mile Lake, Georgian Bay, ON, CA",44.892925,-79.752595,4,,,,4,,open,false,,,Zebra Mussel,Dreissena polymorpha,Zebra Mussel,Mollusca,116340
247970306,032d8e99-d691-469b-a102-2f8764aef510,2024-10-18 13:51:32-04:00,2024-10-18,2024-10-18 17:51:32 UTC,America/Nipigon,2356027,oliviagaetz,Olivia Gaetz,2024-10-18 21:14:32 UTC,2025-04-06 06:45:23 UTC,research,CC-BY-NC,https://www.inaturalist.org/observations/247970306,https://inaturalist-open-data.s3.amazonaws.com/photos/442979573/medium.jpeg,,"","",1,0,false,3,"Six Mile Lake, Georgian Bay, ON, CA",44.8928216667,-79.7518916667,148,,,,148,,open,false,,,Zebra Mussel,Dreissena polymorpha,Zebra Mussel,Mollusca,116340
247970441,97443733-e617-431b-a63c-a93fac4e2885,2024-10-18 13:50:26-04:00,2024-10-18,2024-10-18 17:50:26 UTC,America/Nipigon,2356027,oliviagaetz,Olivia Gaetz,2024-10-18 21:15:06 UTC,2025-04-06 06:45:30 UTC,research,CC-BY-NC,https://www.inaturalist.org/observations/247970441,https://inaturalist-open-data.s3.amazonaws.com/photos/442979714/medium.jpeg,,"","",1,0,false,3,"Six Mile Lake, Georgian Bay, ON, CA",44.8931366667,-79.7526466667,150,,,,150,,open,false,,,Zebra Mussel,Dreissena polymorpha,Zebra Mussel,Mollusca,116340
247970483,f72fdce4-30e6-4eeb-afc4-e07c8177580c,2024-10-18 13:49:28-04:00,2024-10-18,2024-10-18 17:49:28 UTC,America/Nipigon,2356027,oliviagaetz,Olivia Gaetz,2024-10-18 21:15:31 UTC,2025-04-06 06:45:31 UTC,research,CC-BY-NC,https://www.inaturalist.org/observations/247970483,https://inaturalist-open-data.s3.amazonaws.com/photos/442979890/medium.jpeg,,"","",1,0,false,3,"Six Mile Lake, Georgian Bay, ON, CA",44.89313,-79.7526466667,150,,,,150,,open,false,,,Zebra Mussel,Dreissena polymorpha,Zebra Mussel,Mollusca,116340
247970690,5697ccc0-d851-4505-b6a5-abbb6f431915,2024-10-18 13:44:10-04:00,2024-10-18,2024-10-18 17:44:10 UTC,America/Nipigon,2356027,oliviagaetz,Olivia Gaetz,2024-10-18 21:17:33 UTC,2025-04-06 06:45:40 UTC,research,CC-BY-NC,https://www.inaturalist.org/observations/247970690,https://inaturalist-open-data.s3.amazonaws.com/photos/442980309/medium.jpeg,,"","",1,0,false,3,"Six Mile Lake, Georgian Bay, ON, CA",44.8924666667,-79.7527,3,,,,3,,open,false,,,Zebra Mussel,Dreissena polymorpha,Zebra Mussel,Mollusca,116340
248081180,f19965ab-07a9-4bd7-a0f8-be9d4ff6fc43,2024-10-06 07:41:43,2024-10-06,2024-10-06 12:41:43 UTC,Central Time (US & Canada),6413499,bucketofseaweed,Landon Marshall,2024-10-19 15:17:56 UTC,2025-04-06 09:28:02 UTC,research,CC-BY-NC,https://www.inaturalist.org/observations/248081180,https://inaturalist-open-data.s3.amazonaws.com/photos/443194154/medium.jpeg,,"",,1,0,false,2,"Kerper Blvd and 16th St, Dubuque, IA 52001, USA",42.5112869082,-90.6518679857,42,,,,42,,open,false,gps,gps,Zebra Mussel,Dreissena polymorpha,Zebra Mussel,Mollusca,116340
248081521,4c1d7193-2fc3-45c8-b79c-8e0af57881a6,2024-10-06 07:45:16,2024-10-06,2024-10-06 12:45:16 UTC,Central Time (US & Canada),6413499,bucketofseaweed,Landon Marshall,2024-10-19 15:19:51 UTC,2025-04-06 09:28:18 UTC,research,CC-BY-NC,https://www.inaturalist.org/observations/248081521,https://inaturalist-open-data.s3.amazonaws.com/photos/443194856/medium.jpeg,,"",,1,0,false,2,"Dubuque, IA 52001, USA",42.5112869082,-90.6518679857,42,,,,42,,open,false,gps,gps,Zebra Mussel,Dreissena polymorpha,Zebra Mussel,Mollusca,116340
248083332,74ed537d-668f-4776-a0cb-0c47e415465d,2024-10-06 07:57:08,2024-10-06,2024-10-06 12:57:08 UTC,Central Time (US & Canada),6413499,bucketofseaweed,Landon Marshall,2024-10-19 15:29:18 UTC,2025-04-06 09:29:45 UTC,research,CC-BY-NC,https://www.inaturalist.org/observations/248083332,https://inaturalist-open-data.s3.amazonaws.com/photos/443198052/medium.jpeg,,"",,1,0,false,2,"Dubuque, IA 52001, USA",42.5112869082,-90.6518679857,42,,,,42,,open,false,gps,gps,Zebra Mussel,Dreissena polymorpha,Zebra Mussel,Mollusca,116340
248108298,07843269-64c1-4ea8-af3c-01156a67a063,2024-10-19 10:13:12,2024-10-19,2024-10-19 15:13:12 UTC,Central Time (US & Canada),8572004,littlept,"",2024-10-19 17:44:54 UTC,2025-04-06 10:07:07 UTC,research,CC-BY-NC,https://www.inaturalist.org/observations/248108298,https://inaturalist-open-data.s3.amazonaws.com/photos/443246067/medium.jpeg,,"",,1,0,false,2,"Jefferson National Expansion Memorial, St. Louis city County, US-MO, US",38.62451,-90.186186,,,,,,,open,false,gps,gps,Zebra Mussel,Dreissena polymorpha,Zebra Mussel,Mollusca,116340
248125523,ded5ed20-8b2a-4bb1-9d98-cbb0696f08cd,2024-10-19 14:19:24-05:00,2024-10-19,2024-10-19 19:19:24 UTC,Central Time (US & Canada),290296,adnanilyas,Adnan Ilyas,2024-10-19 19:19:38 UTC,2025-09-08 03:54:15 UTC,research,,https://www.inaturalist.org/observations/248125523,https://inaturalist-open-data.s3.amazonaws.com/photos/443280615/medium.jpeg,,"","",1,0,false,3,"Lake Michigan, Dune Acres, IN, US",41.6494395677,-87.1121116542,3,,,,3,,open,false,,,Zebra Mussel,Dreissena polymorpha,Zebra Mussel,Mollusca,116340
248155326,416caeca-a2a1-4604-92f4-bddbdb144200,2024-10-19 12:24:08-04:00,2024-10-19,2024-10-19 16:24:08 UTC,America/Kentucky/Louisville,4147582,wilderbombyx,"",2024-10-19 22:04:51 UTC,2025-09-15 20:05:26 UTC,research,CC0,https://www.inaturalist.org/observations/248155326,https://inaturalist-open-data.s3.amazonaws.com/photos/443340553/medium.jpeg,,"","",2,0,false,3,"Falls of the Ohio State Park, Clarksville, IN, US",38.27617,-85.76535,4,,,,4,,open,false,,,Zebra Mussel,Dreissena polymorpha,Zebra Mussel,Mollusca,116340
248155685,e25d45b7-78a8-4119-bd5e-26492309009c,2024-10-19 12:28:48-04:00,2024-10-19,2024-10-19 16:28:48 UTC,America/Kentucky/Louisville,4147582,wilderbombyx,"",2024-10-19 22:06:52 UTC,2025-09-10 12:42:39 UTC,research,CC0,https://www.inaturalist.org/observations/248155685,https://inaturalist-open-data.s3.amazonaws.com/photos/443341205/medium.jpeg,,"","",2,0,false,3,"Falls of the Ohio State Park, Louisville, KY, US",38.2759666667,-85.76567,4,,,,4,,open,false,,,Zebra Mussel,Dreissena polymorpha,Zebra Mussel,Mollusca,116340
248276902,d46b0869-d989-4cda-82b2-0e14f18a07b8,2024-10-20 10:51:23-04:00,2024-10-20,2024-10-20 14:51:23 UTC,America/Nipigon,8301101,siggy7,Sigrid Kohler,2024-10-20 14:57:36 UTC,2024-10-21 00:39:35 UTC,research,,https://www.inaturalist.org/observations/248276902,https://static.inaturalist.org/photos/443583441/medium.jpeg,,"","",1,0,false,3,"Kingsford Lake, South Frontenac, ON, CA",44.5579007257,-76.5472183664,48,,,,48,,open,false,,,Zebra Mussel,Dreissena polymorpha,Zebra Mussel,Mollusca,116340
248280684,34b27588-bd8b-4139-be2f-6c9ebb5764fd,2024-10-19 15:36:07,2024-10-19,2024-10-19 19:36:07 UTC,America/Nipigon,521957,thomashossie,Thomas Hossie,2024-10-20 15:18:14 UTC,2025-04-06 14:51:22 UTC,research,,https://www.inaturalist.org/observations/248280684,https://static.inaturalist.org/photos/443623865/medium.jpeg,,"",,1,0,false,2,"Leeds and Grenville United Counties, ON, Canada",44.7710694444,-76.1203583333,,,,,,,open,false,gps,gps,Zebra Mussel,Dreissena polymorpha,Zebra Mussel,Mollusca,116340
248296685,8e48e0d6-75bb-42a6-b110-afdd3c0d2e18,2024-10-18 14:21:41,2024-10-18,2024-10-18 18:21:41 UTC,America/Nipigon,5805445,biospherebathing,Sophie Cheshire,2024-10-20 16:42:21 UTC,2025-04-06 15:29:14 UTC,research,,https://www.inaturalist.org/observations/248296685,https://static.inaturalist.org/photos/443621259/medium.jpeg,,"",,1,0,false,2,"Lyndhurst, ON K0E 1N0, Canada",44.54654957,-76.11394677,5,,,,5,,open,false,,,Zebra Mussel,Dreissena polymorpha,Zebra Mussel,Mollusca,116340
248349855,be1dfd98-5376-41b1-bae5-ae0ace7ac223,2024-10-20 17:36:11,2024-10-20,2024-10-20 21:36:11 UTC,Eastern Time (US & Canada),1612484,alacorazza,Auden,2024-10-20 21:37:06 UTC,2025-04-06 17:46:54 UTC,research,CC-BY-NC,https://www.inaturalist.org/observations/248349855,https://inaturalist-open-data.s3.amazonaws.com/photos/443723443/medium.jpeg,,"",,1,0,false,2,"Grand Isle, VT 05458, USA",44.683705,-73.2934966667,7,,,,7,,open,false,,,Zebra Mussel,Dreissena polymorpha,Zebra Mussel,Mollusca,116340
248361790,2e431164-c1c8-4e90-806d-36d31ad4ea36,2024-10-20 06:59:40-04:00,2024-10-20,2024-10-20 10:59:40 UTC,America/Detroit,656271,cweber1,,2024-10-20 22:55:57 UTC,2025-04-06 18:18:39 UTC,research,,https://www.inaturalist.org/observations/248361790,https://static.inaturalist.org/photos/443747306/medium.jpeg,,"","",1,0,false,3,"Grape Holly St, Scotts, MI, US",42.1887333333,-85.513695,4,,,,4,,open,false,,,Zebra Mussel,Dreissena polymorpha,Zebra Mussel,Mollusca,116340
248479354,b350822e-ba5b-43d5-8280-84a2c3f3ad85,2024-10-21 10:38:46,2024-10-21,2024-10-21 15:38:46 UTC,Central Time (US & Canada),2439369,tony_told_me,"",2024-10-21 17:38:50 UTC,2025-04-06 22:41:54 UTC,research,CC0,https://www.inaturalist.org/observations/248479354,https://inaturalist-open-data.s3.amazonaws.com/photos/443988514/medium.jpeg,,"",,1,0,false,2,"Wisconsin, US",44.0688948354,-88.4331427398,,,,,27380,obscured,open,true,gps,gps,Zebra Mussel,Dreissena polymorpha,Zebra Mussel,Mollusca,116340
248491183,e618c9a0-c0fa-459f-b0db-7d044976a4a4,2024-10-17 13:20:15,2024-10-17,2024-10-17 18:20:15 UTC,Central Time (US & Canada),103717,michellei,"",2024-10-21 18:59:06 UTC,2025-04-10 16:00:14 UTC,research,CC-BY-NC,https://www.inaturalist.org/observations/248491183,https://inaturalist-open-data.s3.amazonaws.com/photos/444011135/medium.jpeg,,"",,1,0,false,2,"Carlos Township, MN, USA",45.9968919,-95.3355154997,,,,,,,open,false,gps,gps,Zebra Mussel,Dreissena polymorpha,Zebra Mussel,Mollusca,116340
248494717,ff5224a0-b1d9-4c9f-8bfb-984ead7824db,2024-10-21 15:06:53-04:00,2024-10-21,2024-10-21 19:06:53 UTC,America/Nipigon,2356027,oliviagaetz,Olivia Gaetz,2024-10-21 19:24:33 UTC,2025-04-06 23:07:19 UTC,research,CC-BY-NC,https://www.inaturalist.org/observations/248494717,https://inaturalist-open-data.s3.amazonaws.com/photos/444018307/medium.jpeg,,"","",1,0,false,3,"Six Mile Lake Provincial Park, Georgian Bay, ON, CA",44.891895,-79.75332,283,,,,283,,open,false,,,Zebra Mussel,Dreissena polymorpha,Zebra Mussel,Mollusca,116340
248592619,1d24b71b-8621-484d-b01c-ef6fe1dcc924,2024-10-21 15:41:04,2024-10-21,2024-10-21 20:41:04 UTC,Central Time (US & Canada),8535594,tatergurl98,Hannah Heacock,2024-10-22 13:08:16 UTC,2025-04-07 01:48:47 UTC,research,,https://www.inaturalist.org/observations/248592619,https://static.inaturalist.org/photos/444218166/medium.jpeg,,"",,1,0,false,2,"Cartwright, OK 74731, USA",33.8969736,-96.5738467997,,,,,,,open,false,gps,gps,Zebra Mussel,Dreissena polymorpha,Zebra Mussel,Mollusca,116340
248640254,0c804202-df03-4c4d-9892-7070565ca597,2024-10-22 14:21:51-05:00,2024-10-22,2024-10-22 19:21:51 UTC,Central Time (US & Canada),4904346,jakedodson,,2024-10-22 19:23:09 UTC,2025-04-07 02:57:29 UTC,research,CC-BY-NC,https://www.inaturalist.org/observations/248640254,https://inaturalist-open-data.s3.amazonaws.com/photos/444308567/medium.jpeg,,"","",1,0,false,3,"Mississippi River, Moline, IL, US",41.51552,-90.4725633333,8,,,,8,,open,false,,,Zebra Mussel,Dreissena polymorpha,Zebra Mussel,Mollusca,116340
248738108,1860337a-705b-42f4-b32e-44926084e346,2024-06-14 13:05:08,2024-06-14,2024-06-14 17:05:08 UTC,America/Nipigon,3324700,rmswainson,,2024-10-23 13:32:39 UTC,2025-09-28 14:59:32 UTC,research,CC-BY-NC,https://www.inaturalist.org/observations/248738108,https://inaturalist-open-data.s3.amazonaws.com/photos/444511931/medium.jpeg,,"",,2,1,false,2,"Thunder Bay, Unorganized, ON, Canada",48.8287270926,-87.7498117089,721,,,,721,,open,false,gps,gps,Zebra Mussel,Dreissena polymorpha,Zebra Mussel,Mollusca,116340
248738417,3df6746d-d24e-4f4d-ba5a-7eb20d04711c,2024/10/19 5:15 PM,2024-10-19,2024-10-19 21:15:00 UTC,America/Nipigon,533473,davidfbird,David Bird,2024-10-23 13:36:09 UTC,2025-04-07 05:24:54 UTC,research,CC0,https://www.inaturalist.org/observations/248738417,https://inaturalist-open-data.s3.amazonaws.com/photos/444512468/medium.jpg,,"",,1,0,false,,"Rock Point Provincial Park, Haldimand County, ON, Canada",42.8479961338,-79.5515905483,1069,,,,1069,,open,false,,,Zebra Mussel,Dreissena polymorpha,Zebra Mussel,Mollusca,116340
248806104,ef5d62be-93d3-4cd8-badd-4ca87f31ee77,2024-10-23 15:43:34,2024-10-23,2024-10-23 20:43:34 UTC,Central Time (US & Canada),8711656,eursella,Eursella Margrette,2024-10-23 21:53:13 UTC,2024-11-28 22:08:11 UTC,research,,https://www.inaturalist.org/observations/248806104,https://static.inaturalist.org/photos/444643143/medium.jpeg,,"",,1,0,false,2,"Forsyth, MO 65653, USA",36.681569,-93.107847,,,,,,,open,false,gps,gps,Zebra Mussel,Dreissena polymorpha,Zebra Mussel,Mollusca,116340
248810166,939c4ac8-3221-4be7-b6a0-605554c06db2,Wed Oct 23 2024 17:35:01 GMT -0500 (CDT),2024-10-23,2024-10-23 22:35:01 UTC,Central Time (US & Canada),1713701,mannac,"",2024-10-23 22:35:08 UTC,2025-04-07 06:57:42 UTC,research,CC-BY-NC,https://www.inaturalist.org/observations/248810166,https://inaturalist-open-data.s3.amazonaws.com/photos/444700579/medium.jpeg,,"",,1,0,false,333,Port Washington,43.4578590393,-87.809173584,6,,,,6,,open,false,,,Zebra Mussel,Dreissena polymorpha,Zebra Mussel,Mollusca,116340
248929674,6909814a-471e-47ca-b9fd-32c5d5b7a659,2024-10-24 12:12:29-05:00,2024-10-24,2024-10-24 17:12:29 UTC,Central Time (US & Canada),2455686,dejackson2256,Dan Jackson,2024-10-24 20:16:45 UTC,2024-10-26 03:23:31 UTC,research,CC-BY-NC,https://www.inaturalist.org/observations/248929674,https://inaturalist-open-data.s3.amazonaws.com/photos/444885043/medium.jpeg,,"","",1,0,false,3,"De Soto, WI, US",43.3707366667,-91.208625,18,,,,18,,open,false,,,Zebra Mussel,Dreissena polymorpha,Zebra Mussel,Mollusca,116340
248941482,97e9e581-7769-42d3-a704-3e3225a0a033,2024-10-10 15:52:29-04:00,2024-10-10,2024-10-10 19:52:29 UTC,Eastern Time (US & Canada),6934329,sugarapsa,,2024-10-24 21:58:32 UTC,2025-04-07 09:49:31 UTC,research,CC-BY-NC,https://www.inaturalist.org/observations/248941482,https://inaturalist-open-data.s3.amazonaws.com/photos/444909509/medium.jpeg,,"","",1,0,false,3,United States,39.1518508189,-84.4160591365,37,,,,28151,obscured,open,true,,,Zebra Mussel,Dreissena polymorpha,Zebra Mussel,Mollusca,116340
249034686,ad27bad6-aac3-48cd-bbc9-d3415f983f04,2024-10-19 09:15:21-04:00,2024-10-19,2024-10-19 13:15:21 UTC,Eastern Time (US & Canada),6563283,spencero0,Spencer Ort,2024-10-25 15:52:32 UTC,2025-04-07 11:57:43 UTC,research,CC-BY-NC,https://www.inaturalist.org/observations/249034686,https://inaturalist-open-data.s3.amazonaws.com/photos/445121949/medium.jpeg,,"","",1,0,false,3,"Lake City, PA, US",42.0239861667,-80.37372,42,,,,42,,open,false,,,Zebra Mussel,Dreissena polymorpha,Zebra Mussel,Mollusca,116340
249191868,21e8d041-ce49-4337-ac3f-1e22141026fb,2024-10-26 12:34:23-04:00,2024-10-26,2024-10-26 16:34:23 UTC,Eastern Time (US & Canada),8499117,sambo5s,,2024-10-26 17:24:16 UTC,2025-04-07 17:02:54 UTC,research,CC-BY-NC,https://www.inaturalist.org/observations/249191868,https://inaturalist-open-data.s3.amazonaws.com/photos/445402070/medium.jpeg,,"","",1,0,false,3,"Waynesville, OH, US",39.48878,-84.0485695,200,,,,200,,open,false,,,Zebra Mussel,Dreissena polymorpha,Zebra Mussel,Mollusca,116340
249198414,5f8bcdf4-fb2e-40e2-ace2-4e0acf2c804c,2024/10/17 9:50 AM,2024-10-17,2024-10-17 14:50:00 UTC,Central Time (US & Canada),4925104,mrodenborg,Morgan Rodenborg,2024-10-26 18:06:03 UTC,2024-10-27 15:43:10 UTC,research,CC-BY-NC,https://www.inaturalist.org/observations/249198414,https://inaturalist-open-data.s3.amazonaws.com/photos/445412065/medium.jpg,,"",,1,0,false,,"Park Point, Duluth, MN 55802, USA",46.7244194444,-92.0423805556,5,,,,5,,open,false,,,Zebra Mussel,Dreissena polymorpha,Zebra Mussel,Mollusca,116340
249198417,bab2ff7a-24bd-4165-af72-e9bbc34240af,2024/10/17 9:52 AM,2024-10-17,2024-10-17 14:52:00 UTC,Central Time (US & Canada),4925104,mrodenborg,Morgan Rodenborg,2024-10-26 18:06:03 UTC,2024-10-27 15:43:06 UTC,research,CC-BY-NC,https://www.inaturalist.org/observations/249198417,https://inaturalist-open-data.s3.amazonaws.com/photos/445412113/medium.jpg,,"",,1,0,false,,"St. Louis, Minnesota, United States",46.7240833333,-92.0419083333,7,,,,7,,open,false,,,Zebra Mussel,Dreissena polymorpha,Zebra Mussel,Mollusca,116340
249228801,e4494cf5-f28d-4211-a98d-9565dd5a9feb,2024/10/26 8:02 AM,2024-10-26,2024-10-26 12:02:00 UTC,America/Nipigon,8653774,jennieb70,Jennifer Barnes Paley,2024-10-26 21:44:46 UTC,2025-04-07 19:11:36 UTC,research,CC-BY-NC,https://www.inaturalist.org/observations/249228801,https://inaturalist-open-data.s3.amazonaws.com/photos/445473700/medium.jpeg,,"",,1,0,false,,"Port Dover, ON, Canada",42.7864798,-80.2032937,1453,,,,1453,,open,false,,,Zebra Mussel,Dreissena polymorpha,Zebra Mussel,Mollusca,116340
249231923,0456c6c8-1b6b-4af4-9309-9a2086c006fd,2024-10-26 17:36:37,2024-10-26,2024-10-26 21:36:37 UTC,Eastern Time (US & Canada),4579636,jsolfrian,Jackson Solfrian,2024-10-26 22:10:45 UTC,2025-04-07 19:18:30 UTC,research,CC-BY-NC,https://www.inaturalist.org/observations/249231923,https://inaturalist-open-data.s3.amazonaws.com/photos/445481669/medium.jpeg,,"",,1,0,false,2,"Fayetteville, NY 13066, USA",43.0484039722,-75.9688649722,,,,,,,open,false,,,Zebra Mussel,Dreissena polymorpha,Zebra Mussel,Mollusca,116340
249341940,defd8dbb-b8a6-46ef-a13f-cbbbd65a09fc,2024-10-27 11:52:46,2024-10-27,2024-10-27 15:52:46 UTC,Eastern Time (US & Canada),8706355,chris34289,Chris,2024-10-27 15:53:44 UTC,2024-11-07 20:42:43 UTC,research,,https://www.inaturalist.org/observations/249341940,https://static.inaturalist.org/photos/445701905/medium.jpeg,,"",,1,0,false,2,"Oakville, ON L6K 3R7, Canada",43.44125006,-79.66914097,5,,,,5,,open,false,,,Zebra Mussel,Dreissena polymorpha,Zebra Mussel,Mollusca,116340
249341961,69709ac0-ede5-42c0-bc0f-19eecff39898,Sun Oct 27 2024 11:53:46 GMT -0400 (EDT),2024-10-27,2024-10-27 15:53:46 UTC,Eastern Time (US & Canada),7759510,natebirder,,2024-10-27 15:53:54 UTC,2025-04-07 23:34:31 UTC,research,CC-BY-NC,https://www.inaturalist.org/observations/249341961,https://inaturalist-open-data.s3.amazonaws.com/photos/446534446/medium.jpeg,,"",,1,0,false,333,Vergennes,44.0934753418,-73.3878631592,69,,,,69,,open,false,,,Zebra Mussel,Dreissena polymorpha,Zebra Mussel,Mollusca,116340
249344911,7e7c8962-be88-479b-bdb4-b4cc3ac8a1c4,2024-10-27 10:34:25-04:00,2024-10-27,2024-10-27 14:34:25 UTC,Eastern Time (US & Canada),3150965,dougsuitor,Doug Suitor,2024-10-27 16:11:42 UTC,2025-04-07 23:36:57 UTC,research,CC-BY,https://www.inaturalist.org/observations/249344911,https://inaturalist-open-data.s3.amazonaws.com/photos/445707816/medium.jpeg,,"","",1,0,false,3,"Waterfront Park, Burlington, VT, US",44.4778283333,-73.2215283333,26,,,,26,,open,false,,,Zebra Mussel,Dreissena polymorpha,Zebra Mussel,Mollusca,116340
249399856,2fd1bb68-96fe-45ef-a627-7f0d31f089d4,Sun Oct 27 2024 16:35:43 GMT -0500 (CDT),2024-10-27,2024-10-27 21:35:43 UTC,Central Time (US & Canada),7876348,missmazzers,,2024-10-27 21:35:57 UTC,2024-11-07 20:42:49 UTC,research,CC-BY-NC,https://www.inaturalist.org/observations/249399856,https://inaturalist-open-data.s3.amazonaws.com/photos/447676026/medium.jpeg,,"",,1,0,false,333,Frontenac,44.5293273926,-92.3293151855,286,,,,286,,open,false,,,Zebra Mussel,Dreissena polymorpha,Zebra Mussel,Mollusca,116340
249402198,76840610-613f-4d33-8c52-b628dee014c4,2024/10/27 2:51 PM,2024-10-27,2024-10-27 18:51:00 UTC,Eastern Time (US & Canada),3720750,stewart_blackwell,Stewart Blackwell,2024-10-27 21:53:27 UTC,2024-11-07 20:41:26 UTC,research,,https://www.inaturalist.org/observations/249402198,https://static.inaturalist.org/photos/445818674/medium.jpeg,,"",thousands on beach,1,0,false,,"Simcoe County, ON, Canada",44.569325,-79.3337861111,3851,,,,3851,,open,false,,,Zebra Mussel,Dreissena polymorpha,Zebra Mussel,Mollusca,116340
249410769,98ecf026-9700-4b86-9874-0022d1034903,2024/10/27 11:25 AM,2024-10-27,2024-10-27 16:25:00 UTC,Central Time (US & Canada),5463204,mo_monocots,Pete Kozich,2024-10-27 22:51:57 UTC,2024-11-07 20:41:33 UTC,research,CC-BY-NC,https://www.inaturalist.org/observations/249410769,https://inaturalist-open-data.s3.amazonaws.com/photos/445837515/medium.jpeg,,"",,2,0,false,,"Perry County, MO, USA",37.6318861111,-89.5144805556,5,,,,5,,open,false,,,Zebra Mussel,Dreissena polymorpha,Zebra Mussel,Mollusca,116340
249435165,8aeb045b-f420-4af1-8ed1-3f613c8b0e50,2024-10-27 16:56:54-04:00,2024-10-27,2024-10-27 20:56:54 UTC,Eastern Time (US & Canada),8625120,dezmurphy,,2024-10-28 02:02:13 UTC,2024-10-28 12:46:58 UTC,research,CC-BY-NC,https://www.inaturalist.org/observations/249435165,https://inaturalist-open-data.s3.amazonaws.com/photos/445887476/medium.jpeg,,"","",1,0,false,3,"Fanshawe Lake, London, ON, CA",43.0422555,-81.1764616667,4,,,,4,,open,false,,,Zebra Mussel,Dreissena polymorpha,Zebra Mussel,Mollusca,116340
249436640,00713dc7-d3d1-425b-81a5-20064aa97a46,2024-10-27 22:01:48,2024-10-27,2024-10-28 02:01:48 UTC,America/Nipigon,3757723,shrimpsoutdoors,"",2024-10-28 02:15:52 UTC,2024-11-07 20:41:05 UTC,research,CC-BY-NC,https://www.inaturalist.org/observations/249436640,https://inaturalist-open-data.s3.amazonaws.com/photos/445890564/medium.jpeg,,"",,1,0,false,2,"Kawartha Lakes, ON, Canada",44.7434985051,-78.9032392949,32,,,,32,,open,false,gps,gps,Zebra Mussel,Dreissena polymorpha,Zebra Mussel,Mollusca,116340
249445074,167acc16-1dfd-4932-9771-0d71eac84b77,2024/05/06 7:35 AM,2024-05-06,2024-05-06 12:35:00 UTC,Central Time (US & Canada),1713701,mannac,"",2024-10-28 03:24:43 UTC,2024-11-07 20:41:40 UTC,research,CC-BY-NC,https://www.inaturalist.org/observations/249445074,https://inaturalist-open-data.s3.amazonaws.com/photos/445904913/medium.jpg,,"",,1,0,false,,Harrington Beach SP,43.4930313852,-87.8011278458,1010,,,,1010,,open,false,,,Zebra Mussel,Dreissena polymorpha,Zebra Mussel,Mollusca,116340
249489924,199c55f2-6d46-42f1-b3d6-48310485a6e9,2024-10-09 11:22:34-05:00,2024-10-09,2024-10-09 16:22:34 UTC,America/Menominee,1885097,mtu-cseo,MTU Center for Science and Environmental Outreach,2024-10-28 12:59:30 UTC,2025-04-08 03:37:20 UTC,research,CC-BY-NC,https://www.inaturalist.org/observations/249489924,https://inaturalist-open-data.s3.amazonaws.com/photos/445996657/medium.jpeg,,"","",1,0,false,3,"Crystal Falls, MI, US",46.0884083333,-88.4157033333,4,,,,4,,open,false,,,Zebra Mussel,Dreissena polymorpha,Zebra Mussel,Mollusca,116340
249498904,856d424f-37d8-43f2-91f5-1feb9d92947c,2024-10-09 13:37:30-05:00,2024-10-09,2024-10-09 18:37:30 UTC,America/Menominee,1885097,mtu-cseo,MTU Center for Science and Environmental Outreach,2024-10-28 14:23:08 UTC,2024-11-07 20:41:58 UTC,research,CC-BY-NC,https://www.inaturalist.org/observations/249498904,https://inaturalist-open-data.s3.amazonaws.com/photos/446013484/medium.jpeg,,"","",2,0,false,3,"Crystal Falls, MI, US",46.088375,-88.415695,4,,,,4,,open,false,,,Zebra Mussel,Dreissena polymorpha,Zebra Mussel,Mollusca,116340
249542119,8b9e4767-4711-4bb7-9a54-a1457e410373,2024-10-28 13:11:13,2024-10-28,2024-10-28 17:11:13 UTC,Eastern Time (US & Canada),5289398,zroz,"",2024-10-28 20:18:10 UTC,2024-11-07 20:42:06 UTC,research,,https://www.inaturalist.org/observations/249542119,https://static.inaturalist.org/photos/446098191/medium.jpeg,,"",,1,0,false,2,"Fredericktown, OH 43019, USA",40.487574,-82.541329,,,,,,,open,false,gps,gps,Zebra Mussel,Dreissena polymorpha,Zebra Mussel,Mollusca,116340
249583858,e0dc0e0b-2701-4e24-8594-105db0dfbfe2,2024-10-28 12:55:05-05:00,2024-10-28,2024-10-28 17:55:05 UTC,Central Time (US & Canada),2430060,blink70050,Richie Blink,2024-10-29 02:52:36 UTC,2025-04-08 05:58:49 UTC,research,CC-BY-NC,https://www.inaturalist.org/observations/249583858,https://inaturalist-open-data.s3.amazonaws.com/photos/446182493/medium.jpeg,,"","",1,0,false,3,"Point Breeze, Vidalia, LA, US",31.0595028333,-91.5675966667,3,,,,3,,open,false,,,Zebra Mussel,Dreissena polymorpha,Zebra Mussel,Mollusca,116340
249626219,218d0832-7231-429f-8e5b-3db43850ed8c,2024-10-12 12:53:37-04:00,2024-10-12,2024-10-12 16:53:37 UTC,America/Nipigon,792800,katederbyshire,Kate Derbyshire,2024-10-29 13:28:33 UTC,2025-04-08 06:57:20 UTC,research,,https://www.inaturalist.org/observations/249626219,https://static.inaturalist.org/photos/446269823/medium.jpeg,,"","",1,0,false,3,"Leamington, ON, CA",41.986655,-82.50007,4,,,,4,,open,false,,,Zebra Mussel,Dreissena polymorpha,Zebra Mussel,Mollusca,116340
249714373,ea2fd39c-0d69-4ad7-b1ab-59af9677cbcd,2024-10-29 21:23:40,2024-10-29,2024-10-30 02:23:40 UTC,Central Time (US & Canada),2590323,bird_bro21,Hudson Wells,2024-10-30 03:16:14 UTC,2025-04-08 09:04:40 UTC,research,CC-BY-NC,https://www.inaturalist.org/observations/249714373,https://inaturalist-open-data.s3.amazonaws.com/photos/446446570/medium.jpeg,,"",,1,0,false,2,"Gilbertsville, KY 42044, USA",36.9644869722,-88.283636,,,,,,,open,false,gps,gps,Zebra Mussel,Dreissena polymorpha,Zebra Mussel,Mollusca,116340
249719313,9f790a27-9576-4922-a95c-9211aaf4f478,2024/10/12 11:38 PM,2024-10-12,2024-10-13 04:38:00 UTC,Central Time (US & Canada),3674711,gusbarksdale,Gus Barksdale,2024-10-30 04:26:58 UTC,2025-04-08 09:10:53 UTC,research,CC-BY-NC,https://www.inaturalist.org/observations/249719313,https://inaturalist-open-data.s3.amazonaws.com/photos/446456179/medium.jpg,,"",,1,0,false,,"Central Oklahoma City, Oklahoma City, OK, USA",35.5673304,-97.5773403,,,,,,,open,false,,,Zebra Mussel,Dreissena polymorpha,Zebra Mussel,Mollusca,116340
249795812,08d68c47-0138-482b-aa32-521d2483e145,2024-10-30 15:47:10-04:00,2024-10-30,2024-10-30 19:47:10 UTC,Eastern Time (US & Canada),4356858,rlysure,Emma Horton,2024-10-30 19:47:33 UTC,2025-02-18 03:58:08 UTC,research,,https://www.inaturalist.org/observations/249795812,https://static.inaturalist.org/photos/470908883/medium.jpg,,"","",1,0,false,3,"Waterfront Park, Burlington, VT, US",44.4789731953,-73.2224542491,4,,,,4,,open,false,,,Zebra Mussel,Dreissena polymorpha,Zebra Mussel,Mollusca,116340
249827047,efff6e66-3773-48d5-aded-a8cd1b36bbd3,2024-10-30 17:58:20,2024-10-30,2024-10-30 22:58:20 UTC,Central Time (US & Canada),5582583,jackinthepulpit34,Jack in the Pulpit,2024-10-31 00:33:47 UTC,2025-04-08 11:38:44 UTC,research,,https://www.inaturalist.org/observations/249827047,https://static.inaturalist.org/photos/446670415/medium.jpeg,,"",,1,0,false,2,"PRTG DE SIOUX, MO 63373, USA",38.937862,-90.3635239997,,,,,,,open,false,gps,gps,Zebra Mussel,Dreissena polymorpha,Zebra Mussel,Mollusca,116340
249953592,f85be0c6-ffae-4cfc-9504-30744c699622,2024-10-31 12:55:52,2024-10-31,2024-10-31 17:55:52 UTC,Central Time (US & Canada),971137,jeffhansen,Jeff D Hansen,2024-11-01 01:25:11 UTC,2025-04-08 16:19:01 UTC,research,CC-BY,https://www.inaturalist.org/observations/249953592,https://inaturalist-open-data.s3.amazonaws.com/photos/446920138/medium.jpeg,,"",,1,0,false,2,"Yankton, SD 57078, USA",42.8499361111,-97.4607722222,,,,,,,open,false,gps,gps,Zebra Mussel,Dreissena polymorpha,Zebra Mussel,Mollusca,116340
249993996,9c7a90c7-417e-4914-9157-60387ccef3f4,2024-10-12 16:20:01,2024-10-12,2024-10-12 20:20:01 UTC,Eastern Time (US & Canada),2585943,mcoulter03,Matt Coulter (he/him),2024-11-01 12:00:30 UTC,2025-04-08 18:50:24 UTC,research,,https://www.inaturalist.org/observations/249993996,https://static.inaturalist.org/photos/447002653/medium.jpeg,,"",,1,0,false,2,"Burlington, VT, USA",44.4790782456,-73.2224657759,33,,,,33,,open,false,gps,gps,Zebra Mussel,Dreissena polymorpha,Zebra Mussel,Mollusca,116340
250193137,95922102-824b-4527-8951-75714f1b5b5e,2024-11-02 15:44:18-05:00,2024-11-02,2024-11-02 20:44:18 UTC,Central Time (US & Canada),8379312,ruebeejay,,2024-11-02 20:48:04 UTC,2025-04-09 01:40:34 UTC,research,CC-BY-NC,https://www.inaturalist.org/observations/250193137,https://inaturalist-open-data.s3.amazonaws.com/photos/447400866/medium.jpeg,,"","",1,0,false,3,"Duluth Harbor, Duluth, MN, US",46.7154083333,-92.0356,34,,,,34,,open,false,,,Zebra Mussel,Dreissena polymorpha,Zebra Mussel,Mollusca,116340
250193241,ab159d69-ed92-4258-b0b4-993ca194aa63,2024-11-02 15:47:00-05:00,2024-11-02,2024-11-02 20:47:00 UTC,Central Time (US & Canada),8379312,ruebeejay,,2024-11-02 20:48:51 UTC,2025-04-09 01:40:39 UTC,research,CC-BY-NC,https://www.inaturalist.org/observations/250193241,https://inaturalist-open-data.s3.amazonaws.com/photos/447401062/medium.jpeg,,"","",1,0,false,3,"Park Point, Duluth, MN, US",46.7154166667,-92.0355833333,7,,,,7,,open,false,,,Zebra Mussel,Dreissena polymorpha,Zebra Mussel,Mollusca,116340
250195730,26b4d934-cc84-461c-b260-5126e7e24423,2024-11-02 16:04:42-05:00,2024-11-02,2024-11-02 21:04:42 UTC,Central Time (US & Canada),8379312,ruebeejay,,2024-11-02 21:06:00 UTC,2025-04-09 01:45:41 UTC,research,CC-BY-NC,https://www.inaturalist.org/observations/250195730,https://inaturalist-open-data.s3.amazonaws.com/photos/447405939/medium.jpeg,,"",rat king ,1,0,false,3,"Park Point, Duluth, MN, US",46.717125,-92.0369333333,10,,,,10,,open,false,,,Zebra Mussel,Dreissena polymorpha,Zebra Mussel,Mollusca,116340
250204599,28057fd9-e082-4ef1-87f5-3505bce19edb,2024-11-02 17:49:22,2024-11-02,2024-11-02 21:49:22 UTC,Eastern Time (US & Canada),4306549,mariejk,"",2024-11-02 22:09:43 UTC,2025-04-09 02:02:26 UTC,research,CC-BY-NC,https://www.inaturalist.org/observations/250204599,https://inaturalist-open-data.s3.amazonaws.com/photos/447424399/medium.jpeg,,"",Found within +/- 0.5 ft of the water line (1005.5 ft asl),1,0,false,2,"Maynardville, TN 37807, USA",36.2871070879,-83.9128959551,16,,,,16,,open,false,,,Zebra Mussel,Dreissena polymorpha,Zebra Mussel,Mollusca,116340
250206069,8ea1e52a-e041-4beb-97c6-078d9e23c547,2024-11-02 13:27:52-05:00,2024-11-02,2024-11-02 18:27:52 UTC,Central Time (US & Canada),1421425,hannah314,Hannah Holmquist,2024-11-02 22:22:09 UTC,2024-11-04 01:05:51 UTC,research,,https://www.inaturalist.org/observations/250206069,https://static.inaturalist.org/photos/447427504/medium.jpeg,,"",Multiple zebra mussels on another species of snail. ,1,0,false,3,"Bear Rd, Ledbetter, KY, US",37.0815778333,-88.4282533333,2524,,,,2524,,open,false,,,Zebra Mussel,Dreissena polymorpha,Zebra Mussel,Mollusca,116340
250218757,f6e2c1a4-a602-41bb-869f-9930e06250e4,2024-11-02 14:12:02-05:00,2024-11-02,2024-11-02 19:12:02 UTC,Central Time (US & Canada),448328,ichaley,"",2024-11-03 00:11:58 UTC,2025-04-09 02:27:08 UTC,research,CC-BY-NC,https://www.inaturalist.org/observations/250218757,https://inaturalist-open-data.s3.amazonaws.com/photos/447454190/medium.jpeg,,"","",1,0,false,3,"Lake Texoma, Denison, TX, US",33.82985,-96.6196883333,8,,,,8,,open,false,,,Zebra Mussel,Dreissena polymorpha,Zebra Mussel,Mollusca,116340
250328012,650d94e7-9fa8-4c44-a628-636e31dc9b65,2024-11-03 13:55:40,2024-11-03,2024-11-03 18:55:40 UTC,Eastern Time (US & Canada),772030,marcelgahbauer,Marcel Gahbauer,2024-11-03 18:57:18 UTC,2025-04-09 05:34:42 UTC,research,,https://www.inaturalist.org/observations/250328012,https://static.inaturalist.org/photos/447676233/medium.jpeg,,"",,1,0,false,2,"Crystal Bay - Lakeview Park - Britannia Village, Ottawa, ON, Canada",45.350583,-75.8218729722,,,,,,,open,false,gps,gps,Zebra Mussel,Dreissena polymorpha,Zebra Mussel,Mollusca,116340
250328823,b548270d-fe3f-49b6-868e-ef4f80ab9edd,2024-11-03 14:02:56,2024-11-03,2024-11-03 19:02:56 UTC,Eastern Time (US & Canada),772030,marcelgahbauer,Marcel Gahbauer,2024-11-03 19:03:38 UTC,2024-11-07 20:38:12 UTC,research,,https://www.inaturalist.org/observations/250328823,https://static.inaturalist.org/photos/447678128/medium.jpeg,,"",,1,0,false,2,"Crystal Bay - Lakeview Park - Britannia Village, Ottawa, ON, Canada",45.3507159722,-75.821809,,,,,,,open,false,gps,gps,Zebra Mussel,Dreissena polymorpha,Zebra Mussel,Mollusca,116340
250341220,2efa6855-2008-4d50-800f-58f70e30e6d8,2024-11-02 14:59:58-05:00,2024-11-02,2024-11-02 19:59:58 UTC,Central Time (US & Canada),6484709,burntretinas7443,,2024-11-03 20:23:39 UTC,2024-11-07 20:38:48 UTC,research,CC-BY-NC,https://www.inaturalist.org/observations/250341220,https://inaturalist-open-data.s3.amazonaws.com/photos/447702329/medium.jpeg,,"","",1,0,false,3,"Minnesota Ave, Duluth, MN, US",46.72675,-92.0451278333,9,,,,9,,open,false,,,Zebra Mussel,Dreissena polymorpha,Zebra Mussel,Mollusca,116340
250364947,d6d7b706-125c-4508-8d7c-77aad17a09df,2024-11-03 10:44:51,2024-11-03,2024-11-03 15:44:51 UTC,Eastern Time (US & Canada),4306549,mariejk,"",2024-11-03 23:17:18 UTC,2024-12-15 04:03:50 UTC,research,CC-BY-NC,https://www.inaturalist.org/observations/250364947,https://inaturalist-open-data.s3.amazonaws.com/photos/447749873/medium.jpeg,,"",Found within +/- 1 ft of the water line (1005.5 ft asl),1,0,false,2,"Union County, TN, USA",36.2580662265,-83.9745146781,16,,,,16,,open,false,,,Zebra Mussel,Dreissena polymorpha,Zebra Mussel,Mollusca,116340
250398405,6c9b2500-4e2f-44b6-b8c2-f70bd4a37063,2024-10-21 12:02:33,2024-10-21,2024-10-21 16:02:33 UTC,America/Detroit,3547558,bluebellprince,Skyler Principe,2024-11-04 04:41:01 UTC,2024-11-05 02:38:54 UTC,research,CC-BY,https://www.inaturalist.org/observations/250398405,https://inaturalist-open-data.s3.amazonaws.com/photos/447819537/medium.jpeg,,"",,1,0,false,2,"Marine City, MI 48039, USA",42.7205222222,-82.4901194444,,,,,,,open,false,gps,gps,Zebra Mussel,Dreissena polymorpha,Zebra Mussel,Mollusca,116340
250471069,1fddebe4-81fb-44c5-9461-033d42ff970c,2024-11-04 12:23:16,2024-11-04,2024-11-04 17:23:16 UTC,Eastern Time (US & Canada),2358995,bec_smythe,bec_smythe,2024-11-04 18:55:43 UTC,2024-11-07 20:39:53 UTC,research,CC-BY-NC,https://www.inaturalist.org/observations/250471069,https://inaturalist-open-data.s3.amazonaws.com/photos/447965588/medium.jpeg,,"",Invasive ,1,0,false,2,"London, ON N5V 5B9, Canada",43.0355194292,-81.1883928627,185,,,,185,,open,false,,,Zebra Mussel,Dreissena polymorpha,Zebra Mussel,Mollusca,116340
250471646,94bfb1a6-92de-4644-92dd-7d2d6ba30ce9,2024-11-04 14:00:53-05:00,2024-11-04,2024-11-04 19:00:53 UTC,Eastern Time (US & Canada),299590,marypcarney,Mary Parnell Carney,2024-11-04 19:01:56 UTC,2024-11-07 20:40:17 UTC,research,,https://www.inaturalist.org/observations/250471646,https://static.inaturalist.org/photos/447966844/medium.jpeg,,"","",1,0,false,3,"PA, US",42.1720866667,-80.1018611667,4,,,,4,,open,false,,,Zebra Mussel,Dreissena polymorpha,Zebra Mussel,Mollusca,116340
250579105,b20fb5ad-c989-47eb-9f51-5904d4d90647,2024-11-05 11:05:50,2024-11-05,2024-11-05 16:05:50 UTC,Eastern Time (US & Canada),8222922,mspezio003,Matthew Spezio,2024-11-05 17:10:10 UTC,2025-04-09 12:25:02 UTC,research,CC-BY-NC,https://www.inaturalist.org/observations/250579105,https://inaturalist-open-data.s3.amazonaws.com/photos/448182133/medium.jpeg,,"",,1,0,false,2,"Sweden, NY, USA",43.2110583333,-77.8939805556,,,,,,,open,false,gps,gps,Zebra Mussel,Dreissena polymorpha,Zebra Mussel,Mollusca,116340
250580311,9d6d8d19-a465-45a8-b192-108f7af6c3ef,2024-11-05 12:18:52,2024-11-05,2024-11-05 17:18:52 UTC,America/Nipigon,6307985,firebreathingcookie,FireBreathingCookie,2024-11-05 17:20:08 UTC,2024-11-07 20:37:24 UTC,research,CC-BY-NC,https://www.inaturalist.org/observations/250580311,https://inaturalist-open-data.s3.amazonaws.com/photos/448184705/medium.jpeg,,"",,1,0,false,2,"Prince Edward, ON, Canada",43.9373715997,-76.8584125,,,,,,,open,false,gps,gps,Zebra Mussel,Dreissena polymorpha,Zebra Mussel,Mollusca,116340
250684706,616605b5-c7a9-4064-b051-80e8b5e42c56,2024-10-30 14:11:52-04:00,2024-10-30,2024-10-30 18:11:52 UTC,Eastern Time (US & Canada),8380344,williamsquirrel,,2024-11-06 15:03:52 UTC,2024-11-07 20:40:07 UTC,research,CC-BY-NC,https://www.inaturalist.org/observations/250684706,https://inaturalist-open-data.s3.amazonaws.com/photos/448395887/medium.jpeg,,"","",1,0,false,3,"St. Lawrence River, Montréal, QC, CA",45.5068224622,-73.547452027,3,,,,3,,open,false,,,Zebra Mussel,Dreissena polymorpha,Zebra Mussel,Mollusca,116340
250724383,775d08e2-1222-48db-a515-a00b3d35015e,2024/11/06 5:39 PM,2024-11-06,2024-11-06 22:39:00 UTC,Eastern Time (US & Canada),5664411,wormslurry,Warren Lussier,2024-11-06 22:02:44 UTC,2024-11-08 16:11:16 UTC,research,CC-BY-NC,https://www.inaturalist.org/observations/250724383,https://inaturalist-open-data.s3.amazonaws.com/photos/448476495/medium.jpeg,,"",,1,0,false,,"Swanton, VT, USA",44.9208322903,-73.1609875652,13,,,,13,,open,false,,,Zebra Mussel,Dreissena polymorpha,Zebra Mussel,Mollusca,116340
250813546,c906d6d0-4db0-49db-9d76-c6db38e8fb35,2024-11-06 14:34:10,2024-11-06,2024-11-06 20:34:10 UTC,Central Time (US & Canada),6513845,rlucine,R. Lucine,2024-11-07 18:07:21 UTC,2025-09-15 20:06:32 UTC,research,CC-BY-NC-SA,https://www.inaturalist.org/observations/250813546,https://inaturalist-open-data.s3.amazonaws.com/photos/448654073/medium.jpeg,,"",,2,0,false,2,"Sucker Lake, Vadnais Heights, MN, USA",45.0763402503,-93.099271059,549,,,,549,,open,false,gps,gps,Zebra Mussel,Dreissena polymorpha,Zebra Mussel,Mollusca,116340
250813565,77bf53b7-62a2-460f-a657-5df9bc48fc1c,2024-11-06 14:34:26,2024-11-06,2024-11-06 20:34:26 UTC,Central Time (US & Canada),6513845,rlucine,R. Lucine,2024-11-07 18:07:35 UTC,2024-11-07 20:40:31 UTC,research,CC-BY-NC-SA,https://www.inaturalist.org/observations/250813565,https://inaturalist-open-data.s3.amazonaws.com/photos/448654130/medium.jpeg,,"",,1,0,false,2,"Sucker Lake, Vadnais Heights, MN, USA",45.0763402503,-93.099271059,550,,,,550,,open,false,gps,gps,Zebra Mussel,Dreissena polymorpha,Zebra Mussel,Mollusca,116340
250813599,982e56fe-5c41-4354-a18c-20f704b6af72,2024-11-06 14:35:18,2024-11-06,2024-11-06 20:35:18 UTC,Central Time (US & Canada),6513845,rlucine,R. Lucine,2024-11-07 18:07:52 UTC,2024-11-07 20:09:32 UTC,research,CC-BY-NC-SA,https://www.inaturalist.org/observations/250813599,https://inaturalist-open-data.s3.amazonaws.com/photos/448654221/medium.jpeg,,"",,1,0,false,2,"Sucker Lake, Vadnais Heights, MN, USA",45.0763402503,-93.099271059,550,,,,550,,open,false,gps,gps,Zebra Mussel,Dreissena polymorpha,Zebra Mussel,Mollusca,116340
250813639,db3abfbf-b83e-490e-9f49-edc836cf2090,2024-11-06 14:39:08,2024-11-06,2024-11-06 20:39:08 UTC,Central Time (US & Canada),6513845,rlucine,R. Lucine,2024-11-07 18:08:13 UTC,2024-11-07 20:09:38 UTC,research,CC-BY-NC-SA,https://www.inaturalist.org/observations/250813639,https://inaturalist-open-data.s3.amazonaws.com/photos/448654321/medium.jpeg,,"",,1,0,false,2,"Sucker Lake, Vadnais Heights, MN, USA",45.0763402503,-93.099271059,550,,,,550,,open,false,gps,gps,Zebra Mussel,Dreissena polymorpha,Zebra Mussel,Mollusca,116340
250813712,7e03d7c3-2cbe-43ca-9365-25f71802b5a1,2024-11-06 14:45:31,2024-11-06,2024-11-06 20:45:31 UTC,Central Time (US & Canada),6513845,rlucine,R. Lucine,2024-11-07 18:09:00 UTC,2024-11-07 20:09:49 UTC,research,CC-BY-NC-SA,https://www.inaturalist.org/observations/250813712,https://inaturalist-open-data.s3.amazonaws.com/photos/448654535/medium.jpeg,,"",infested,1,0,false,2,"Sucker Lake, Vadnais Heights, MN, USA",45.0763402503,-93.099271059,550,,,,550,,open,false,gps,gps,Zebra Mussel,Dreissena polymorpha,Zebra Mussel,Mollusca,116340
250832186,99711b25-e86b-4648-ac66-4f124892b876,2024-11-06 14:48:26,2024-11-06,2024-11-06 20:48:26 UTC,Central Time (US & Canada),6513845,rlucine,R. Lucine,2024-11-07 21:01:40 UTC,2024-11-08 02:27:53 UTC,research,CC-BY-NC-SA,https://www.inaturalist.org/observations/250832186,https://inaturalist-open-data.s3.amazonaws.com/photos/448689372/medium.jpeg,,"",,1,0,false,2,"Sucker Lake, Vadnais Heights, MN, USA",45.0763402503,-93.099271059,550,,,,550,,open,false,gps,gps,Zebra Mussel,Dreissena polymorpha,Zebra Mussel,Mollusca,116340
250832678,286de1b8-d7ec-4c36-a78c-7a50d3fe4b86,2024-11-06 15:03:28,2024-11-06,2024-11-06 21:03:28 UTC,Central Time (US & Canada),6513845,rlucine,R. Lucine,2024-11-07 21:04:57 UTC,2025-04-10 22:33:55 UTC,research,CC-BY-NC-SA,https://www.inaturalist.org/observations/250832678,https://inaturalist-open-data.s3.amazonaws.com/photos/448690138/medium.jpeg,,"",,1,0,false,2,"Sucker Lake, Vadnais Heights, MN, USA",45.0763402503,-93.099271059,550,,,,550,,open,false,gps,gps,Zebra Mussel,Dreissena polymorpha,Zebra Mussel,Mollusca,116340
250931565,4581311b-8472-48d6-929b-e838857dade9,2024-11-08 12:43:39,2024-11-08,2024-11-08 17:43:39 UTC,America/Detroit,7067295,qfc79,Quinn,2024-11-08 18:14:17 UTC,2024-11-10 21:11:02 UTC,research,CC-BY,https://www.inaturalist.org/observations/250931565,https://inaturalist-open-data.s3.amazonaws.com/photos/448886329/medium.jpeg,,"",,1,0,false,2,"Michigan, USA",42.2833777778,-83.1011888889,,,,,,,open,false,gps,gps,Zebra Mussel,Dreissena polymorpha,Zebra Mussel,Mollusca,116340
251044932,d209fa87-a8dd-4056-bf8c-ef34b793341c,2024-11-09 11:26:53,2024-11-09,2024-11-09 16:26:53 UTC,America/Nipigon,3757723,shrimpsoutdoors,"",2024-11-09 16:30:30 UTC,2025-09-15 20:06:46 UTC,research,CC-BY-NC,https://www.inaturalist.org/observations/251044932,https://inaturalist-open-data.s3.amazonaws.com/photos/449113734/medium.jpeg,,"",,2,0,false,2,"Port Severn, ON L0K 1S0, Canada",44.9215300997,-79.7995621,,,,,,,open,false,gps,gps,Zebra Mussel,Dreissena polymorpha,Zebra Mussel,Mollusca,116340
251091030,3f891571-55f1-4bfd-9728-3e1395b481b5,2024-11-09 15:01:27,2024-11-09,2024-11-09 20:01:27 UTC,Eastern Time (US & Canada),1722997,kentross,Kent Ross,2024-11-09 22:40:53 UTC,2025-04-11 04:37:03 UTC,research,CC-BY-NC,https://www.inaturalist.org/observations/251091030,https://inaturalist-open-data.s3.amazonaws.com/photos/449203387/medium.jpeg,,"",,1,0,false,2,"Selwyn, ON, Canada",44.5297611111,-78.2644833333,,,,,,,open,false,gps,gps,Zebra Mussel,Dreissena polymorpha,Zebra Mussel,Mollusca,116340
251112826,12efe32b-e4f1-45ab-9590-f77841a17a73,2024/07/12 3:37 PM,2024-07-12,2024-07-12 20:37:00 UTC,Central Time (US & Canada),824054,eric-schmitty,Eric Schmidt,2024-11-10 02:15:56 UTC,2025-04-11 05:07:28 UTC,research,CC-BY,https://www.inaturalist.org/observations/251112826,https://inaturalist-open-data.s3.amazonaws.com/photos/449249231/medium.jpeg,,"",,1,0,false,,"Okauchee Lake, WI, USA",43.1091842,-88.4537173,,,,,,,open,false,,,Zebra Mussel,Dreissena polymorpha,Zebra Mussel,Mollusca,116340
251113004,133fcc62-78f2-4b91-87d7-5481edba7a7f,2024-11-09 14:08:26-05:00,2024-11-09,2024-11-09 19:08:26 UTC,America/Nipigon,3113652,data_nerd,Andrew Sebastian,2024-11-10 02:17:47 UTC,2025-09-15 21:50:27 UTC,research,CC-BY,https://www.inaturalist.org/observations/251113004,https://inaturalist-open-data.s3.amazonaws.com/photos/449250682/medium.jpeg,,"","",2,1,false,3,"Nottawasaga Bay, Wasaga Beach, ON, CA",44.470355,-80.1050028333,11,,,,11,,open,false,,,Zebra Mussel,Dreissena polymorpha,Zebra Mussel,Mollusca,116340
251188885,8db1d4c2-5f27-4108-be08-d71db149189d,Sun Nov 10 2024 11:40:14 GMT -0500 (EST),2024-11-10,2024-11-10 16:40:14 UTC,Eastern Time (US & Canada),2957140,bmrowlands,,2024-11-10 16:40:26 UTC,2024-11-29 00:32:35 UTC,research,CC-BY-NC,https://www.inaturalist.org/observations/251188885,https://inaturalist-open-data.s3.amazonaws.com/photos/449401810/medium.jpeg,,"",,1,0,false,333,United States,44.0989535352,-73.4822686361,9,,,,27380,obscured,open,true,,,Zebra Mussel,Dreissena polymorpha,Zebra Mussel,Mollusca,116340
251197031,6db948c9-8581-4388-a5ea-22e9114e9c5e,2024-11-10 11:41:37-05:00,2024-11-10,2024-11-10 16:41:37 UTC,America/Detroit,280562,katiegrace,Katie,2024-11-10 17:44:05 UTC,2025-09-15 20:07:30 UTC,research,CC-BY-NC,https://www.inaturalist.org/observations/251197031,https://inaturalist-open-data.s3.amazonaws.com/photos/449417687/medium.jpeg,,"","",2,0,false,3,"MI, US",44.8480916667,-85.452745,4,,,,4,,open,false,,,Zebra Mussel,Dreissena polymorpha,Zebra Mussel,Mollusca,116340
251205737,b4a0e5aa-86bf-440c-be51-82b991f85f44,Sun Nov 10 2024 13:47:25 GMT -0500 (EST),2024-11-10,2024-11-10 18:47:25 UTC,America/Nipigon,5779126,mina8888,,2024-11-10 18:47:50 UTC,2025-09-15 22:50:44 UTC,research,CC-BY-NC,https://www.inaturalist.org/observations/251205737,https://inaturalist-open-data.s3.amazonaws.com/photos/485997611/medium.jpeg,,"",,2,0,false,333,Merrickville-Wolford,44.9186134338,-75.8360977173,128,,,,128,,open,false,,,Zebra Mussel,Dreissena polymorpha,Zebra Mussel,Mollusca,116340
251214497,c09266bc-0c5d-4808-b9ec-5db32725b7a4,2024-11-10 13:36:17-06:00,2024-11-10,2024-11-10 19:36:17 UTC,Central Time (US & Canada),558458,barghestblack,Barg,2024-11-10 19:54:15 UTC,2024-11-29 00:33:09 UTC,research,,https://www.inaturalist.org/observations/251214497,https://static.inaturalist.org/photos/449452866/medium.jpeg,,"","",1,0,false,3,"Canyon Lake, Canyon Lake, TX, US",29.86357,-98.19767,10,,,,10,,open,false,,,Zebra Mussel,Dreissena polymorpha,Zebra Mussel,Mollusca,116340
251249989,73b36311-3090-4f42-a58d-3b876c6515de,2024-11-10 09:20:46,2024-11-10,2024-11-10 15:20:46 UTC,Central Time (US & Canada),6446785,dominicentomology,"",2024-11-11 00:39:24 UTC,2025-09-08 03:54:18 UTC,research,CC-BY-NC,https://www.inaturalist.org/observations/251249989,https://inaturalist-open-data.s3.amazonaws.com/photos/449524951/medium.jpeg,,"",,1,0,false,2,"Westchester Township, IN, USA",41.6663703657,-87.0531759784,388,,,,388,,open,false,gps,gps,Zebra Mussel,Dreissena polymorpha,Zebra Mussel,Mollusca,116340
251250569,1f573964-453f-4fbf-ab8f-b40b54d44bee,2024-11-10 09:20:49,2024-11-10,2024-11-10 15:20:49 UTC,Central Time (US & Canada),6446785,dominicentomology,"",2024-11-11 00:46:05 UTC,2025-09-08 03:54:22 UTC,research,CC-BY-NC,https://www.inaturalist.org/observations/251250569,https://inaturalist-open-data.s3.amazonaws.com/photos/449526658/medium.jpeg,,"",,1,0,false,2,"Westchester Township, IN, USA",41.6671517987,-87.0510194823,373,,,,373,,open,false,gps,gps,Zebra Mussel,Dreissena polymorpha,Zebra Mussel,Mollusca,116340
251269458,d9d1b81e-5e30-43c4-aae5-668f5564b363,2024-11-10 15:41:15-05:00,2024-11-10,2024-11-10 20:41:15 UTC,Eastern Time (US & Canada),2158764,c0ncept,,2024-11-11 03:52:27 UTC,2025-04-11 08:36:38 UTC,research,CC-BY-NC,https://www.inaturalist.org/observations/251269458,https://inaturalist-open-data.s3.amazonaws.com/photos/449565469/medium.jpeg,,"","",1,0,false,3,"Ohio River, South Point, OH, US",38.4197,-82.5913166667,4,,,,4,,open,false,,,Zebra Mussel,Dreissena polymorpha,Zebra Mussel,Mollusca,116340
251307327,23a461ef-8a0b-4e18-9e14-2bb47691fa52,2024/11/09 9:04 AM,2024-11-09,2024-11-09 15:04:00 UTC,Central Time (US & Canada),7431089,sls42,,2024-11-11 13:01:17 UTC,2024-11-18 02:12:42 UTC,research,CC-BY-NC,https://www.inaturalist.org/observations/251307327,https://inaturalist-open-data.s3.amazonaws.com/photos/449638492/medium.jpg,,"",,2,0,false,,"Vadnais Lake, Vadnais Heights, MN, USA",45.0529755062,-93.0973288562,998,,,,998,,open,false,,,Zebra Mussel,Dreissena polymorpha,Zebra Mussel,Mollusca,116340
251327299,bba5a3ad-5a85-4865-ba01-e0350a906999,2024/11/10 2:26 PM,2024-11-10,2024-11-10 20:26:00 UTC,Central Time (US & Canada),6771762,ghostmice,Alex E,2024-11-11 16:23:32 UTC,2025-09-15 20:07:45 UTC,research,CC-BY-NC,https://www.inaturalist.org/observations/251327299,https://inaturalist-open-data.s3.amazonaws.com/photos/449676918/medium.jpg,,"",,2,0,false,,"Cook County, IL, USA",41.9673408,-87.6376192,,,,,,,open,false,,,Zebra Mussel,Dreissena polymorpha,Zebra Mussel,Mollusca,116340
251327312,9829dea4-db93-4d12-84a5-5f3f536dc45c,2024/11/10 2:38 PM,2024-11-10,2024-11-10 20:38:00 UTC,Central Time (US & Canada),6771762,ghostmice,Alex E,2024-11-11 16:23:34 UTC,2024-11-29 00:31:45 UTC,research,CC-BY-NC,https://www.inaturalist.org/observations/251327312,https://inaturalist-open-data.s3.amazonaws.com/photos/449676933/medium.jpg,,"",,1,0,false,,"Cook, Illinois, United States",41.9667069722,-87.6333099722,,,,,,,open,false,,,Zebra Mussel,Dreissena polymorpha,Zebra Mussel,Mollusca,116340
251467841,86cc4dd8-29c8-41be-8f8b-34d871a4d301,2024-11-12 13:20:17,2024-11-12,2024-11-12 18:20:17 UTC,Eastern Time (US & Canada),6260345,lmtaylor,Levana Taylor,2024-11-12 19:01:24 UTC,2025-04-11 12:49:24 UTC,research,CC-BY-NC,https://www.inaturalist.org/observations/251467841,https://inaturalist-open-data.s3.amazonaws.com/photos/449955757/medium.jpeg,,"",Lots and lots of shells on the beach,1,0,false,2,"Braddock Bay, Greece, NY, USA",43.3084047861,-77.7013317123,4,,,,4,,open,false,gps,gps,Zebra Mussel,Dreissena polymorpha,Zebra Mussel,Mollusca,116340
251691455,fdb0c96b-0efb-4291-a7ed-0b723f43109d,2024-08-27 16:22:42-04:00,2024-08-27,2024-08-27 20:22:42 UTC,Eastern Time (US & Canada),7034146,acaciaf,Acacia Frempong-Manso,2024-11-14 19:17:31 UTC,2025-04-11 19:33:10 UTC,research,CC-BY,https://www.inaturalist.org/observations/251691455,https://inaturalist-open-data.s3.amazonaws.com/photos/450399769/medium.jpeg,,"","",1,0,false,3,"Rideau Canal Eastern Pathway, Ottawa, ON, CA",45.3925533333,-75.6984416667,4,,,,4,,open,false,,,Zebra Mussel,Dreissena polymorpha,Zebra Mussel,Mollusca,116340
251723660,c595d5c2-2d6b-4e8f-90c0-89232b842f7f,2024-11-05 09:25:48-05:00,2024-11-05,2024-11-05 14:25:48 UTC,America/Nipigon,68344,c_wassmansdorf,C. Wassmansdorf,2024-11-15 01:32:52 UTC,2024-12-18 00:59:16 UTC,research,CC-BY-NC,https://www.inaturalist.org/observations/251723660,https://inaturalist-open-data.s3.amazonaws.com/photos/450465368/medium.jpeg,,"",Covering a log washed up on the beach near Harrison Trail at Rondeau Provincial Park,1,0,false,3,"Lake Erie, Chatham-Kent, ON, CA",42.256255,-81.85058,4,,,,4,,open,false,,,Zebra Mussel,Dreissena polymorpha,Zebra Mussel,Mollusca,116340
251741579,91ca57fb-3408-4882-90d0-d377ea2128a9,2024/10/13 10:36 AM,2024-10-13,2024-10-13 15:36:00 UTC,Central Time (US & Canada),2495027,cynodon,Joseph Aubert,2024-11-15 05:43:54 UTC,2024-11-17 05:04:05 UTC,research,CC-BY,https://www.inaturalist.org/observations/251741579,https://inaturalist-open-data.s3.amazonaws.com/photos/450498792/medium.jpeg,,"",,1,0,false,,"Bell County, TX, USA",31.026025,-97.6173016667,,,,,,,open,false,,,Zebra Mussel,Dreissena polymorpha,Zebra Mussel,Mollusca,116340
251742597,92ab4964-fce7-4d0c-aa69-addee0a72c4a,2024/10/13 11:29 AM,2024-10-13,2024-10-13 16:29:00 UTC,Central Time (US & Canada),2495027,cynodon,Joseph Aubert,2024-11-15 06:00:24 UTC,2024-11-17 05:04:47 UTC,research,CC-BY,https://www.inaturalist.org/observations/251742597,https://inaturalist-open-data.s3.amazonaws.com/photos/450500912/medium.jpeg,,"",,1,0,false,,"Bell County, TX, USA",31.0274133333,-97.5975483333,,,,,,,open,false,,,Zebra Mussel,Dreissena polymorpha,Zebra Mussel,Mollusca,116340
251778214,e6099e6a-b5d8-4baa-a991-882b03950b5c,2024-11-15 10:36:44-05:00,2024-11-15,2024-11-15 15:36:44 UTC,Eastern Time (US & Canada),6837482,molly_farwell,,2024-11-15 15:36:49 UTC,2025-04-11 21:52:05 UTC,research,CC-BY-NC,https://www.inaturalist.org/observations/251778214,https://inaturalist-open-data.s3.amazonaws.com/photos/453509344/medium.jpeg,,"","",1,0,false,3,"Burlington Bay, Burlington, VT, US",44.4567170579,-73.2261007606,40,,,,40,,open,false,,,Zebra Mussel,Dreissena polymorpha,Zebra Mussel,Mollusca,116340
251906498,1d91ac4a-b7e0-4f77-bb68-52c179aa2045,2024-11-16 12:35:20,2024-11-16,2024-11-16 17:35:20 UTC,America/Nipigon,577059,oridgen10,Owen Ridgen,2024-11-16 17:39:54 UTC,2025-09-15 21:50:07 UTC,research,,https://www.inaturalist.org/observations/251906498,https://static.inaturalist.org/photos/450831387/medium.jpeg,,"",,2,0,false,2,"Wasaga Beach, ON L9Z 2K3, Canada",44.5230472222,-80.0205027778,,,,,,,open,false,gps,gps,Zebra Mussel,Dreissena polymorpha,Zebra Mussel,Mollusca,116340
251914196,d30241a2-c920-4499-ae12-76fe28136d57,2024-11-16 13:38:53-05:00,2024-11-16,2024-11-16 18:38:53 UTC,America/Detroit,3509070,andrew61891,Andrew Simon,2024-11-16 18:41:05 UTC,2024-11-29 04:21:04 UTC,research,,https://www.inaturalist.org/observations/251914196,https://static.inaturalist.org/photos/450845718/medium.jpeg,,"","",1,0,false,3,"Stafford Co Park, Port Hope, MI, US",43.947405,-82.7102883333,9,,,,9,,open,false,,,Zebra Mussel,Dreissena polymorpha,Zebra Mussel,Mollusca,116340
251935468,1fa9ce6b-8a9f-49c2-8d7b-50824457a3e2,2024-11-16 14:07:08-05:00,2024-11-16,2024-11-16 19:07:08 UTC,Eastern Time (US & Canada),1800704,amymacpherson,Amy MacPherson,2024-11-16 21:34:38 UTC,2025-04-12 01:45:43 UTC,research,CC-BY-SA,https://www.inaturalist.org/observations/251935468,https://inaturalist-open-data.s3.amazonaws.com/photos/450886982/medium.jpeg,,"","",1,0,false,3,"Dows Lake, Ottawa, ON, CA",45.394120003,-75.70288,20,,,,20,,open,false,,,Zebra Mussel,Dreissena polymorpha,Zebra Mussel,Mollusca,116340
251936797,6abb0fc1-e7fa-40ab-b346-32d010813d23,2024-11-16 11:52:16-05:00,2024-11-16,2024-11-16 16:52:16 UTC,Eastern Time (US & Canada),6418648,mariahlemurs,mariahlemurs,2024-11-16 21:47:15 UTC,2025-04-12 01:46:49 UTC,research,CC-BY-NC,https://www.inaturalist.org/observations/251936797,https://inaturalist-open-data.s3.amazonaws.com/photos/450890143/medium.jpeg,,"","",1,0,false,3,"Appletree Bay, Burlington, VT, US",44.50182,-73.2550133333,15,,,,15,,open,false,,,Zebra Mussel,Dreissena polymorpha,Zebra Mussel,Mollusca,116340
251953372,1da10678-2ed6-4386-8b9a-fcb1e4550a4a,2024-11-16 13:50:11-06:00,2024-11-16,2024-11-16 19:50:11 UTC,Central Time (US & Canada),2455686,dejackson2256,Dan Jackson,2024-11-17 00:26:40 UTC,2024-11-17 12:43:37 UTC,research,CC-BY-NC,https://www.inaturalist.org/observations/251953372,https://inaturalist-open-data.s3.amazonaws.com/photos/450924328/medium.jpeg,,"","",1,0,false,3,"Mississippi River, De Soto, WI, US",43.4874083333,-91.21502,4,,,,4,,open,false,,,Zebra Mussel,Dreissena polymorpha,Zebra Mussel,Mollusca,116340
251957267,0717ff66-6186-427e-8417-b073c819090b,2024-09-18 09:47:17,2024-09-18,2024-09-18 13:47:17 UTC,Eastern Time (US & Canada),7621588,themclaire,Marie-Claire Thériault,2024-11-17 01:09:00 UTC,2024-11-17 05:04:13 UTC,research,CC-BY-NC,https://www.inaturalist.org/observations/251957267,https://inaturalist-open-data.s3.amazonaws.com/photos/450932438/medium.jpeg,,"",,1,0,false,2,"FCX3+77, Montréal, QC H3H 1A2, Canada",45.499161,-73.597176,,,,,,,open,false,gps,gps,Moule zébrée,Dreissena polymorpha,Zebra Mussel,Mollusca,116340
252027598,22cd7494-01f0-4d3a-be49-8cdac5a51412,2024-11-17 09:42:42,2024-11-17,2024-11-17 15:42:42 UTC,Central Time (US & Canada),200477,nicholus,Nicholus ledbetter,2024-11-17 15:43:00 UTC,2024-11-18 02:12:22 UTC,research,CC-BY-NC,https://www.inaturalist.org/observations/252027598,https://inaturalist-open-data.s3.amazonaws.com/photos/451075196/medium.jpeg,,"",,1,0,false,2,"Blaine County, OK, USA",36.0932017666,-98.6092360924,9,,,,9,,open,false,,,Zebra Mussel,Dreissena polymorpha,Zebra Mussel,Mollusca,116340
252107433,54d08b49-5e0a-4398-825d-bdd63e4fbbb4,2024/11/13 9:53 AM,2024-11-13,2024-11-13 15:53:00 UTC,Central Time (US & Canada),448213,cameralenswrangler,"",2024-11-18 02:48:24 UTC,2025-09-15 21:50:44 UTC,research,CC-BY-NC,https://www.inaturalist.org/observations/252107433,https://inaturalist-open-data.s3.amazonaws.com/photos/451233961/medium.jpg,,"",,2,0,false,,"Grayson County, TX, USA",33.8129953889,-96.6034544444,100,,,,100,,open,false,,,Zebra Mussel,Dreissena polymorpha,Zebra Mussel,Mollusca,116340
252107435,b885f7e3-3920-4f78-88a9-dbbe760d4bf0,2024/11/13 9:54 AM,2024-11-13,2024-11-13 15:54:00 UTC,Central Time (US & Canada),448213,cameralenswrangler,"",2024-11-18 02:48:25 UTC,2025-04-12 05:43:44 UTC,research,CC-BY-NC,https://www.inaturalist.org/observations/252107435,https://inaturalist-open-data.s3.amazonaws.com/photos/451233992/medium.jpg,,"",,1,0,false,,"Grayson County, TX, USA",33.8129968611,-96.6034512778,100,,,,100,,open,false,,,Zebra Mussel,Dreissena polymorpha,Zebra Mussel,Mollusca,116340
252147474,d237f420-7ada-4884-bf6e-bcd3c0ccf218,2024/11/14 8:27 AM,2024-11-14,2024-11-14 14:27:00 UTC,Central Time (US & Canada),7431089,sls42,,2024-11-18 12:33:40 UTC,2025-04-12 06:30:00 UTC,research,CC-BY-NC,https://www.inaturalist.org/observations/252147474,https://inaturalist-open-data.s3.amazonaws.com/photos/451315841/medium.jpeg,,"","",1,0,false,,"Fort Snelling State Park, Hennepin County, MN, USA",44.8914308567,-93.1795471417,282,,,,282,,open,false,,,Zebra Mussel,Dreissena polymorpha,Zebra Mussel,Mollusca,116340
252163817,5d4ebb1e-f721-4663-a4a8-454872094499,2024-11-17 15:08:19,2024-11-17,2024-11-17 20:08:19 UTC,Eastern Time (US & Canada),741295,mathias_dezetter,"",2024-11-18 15:41:23 UTC,2025-04-12 06:46:17 UTC,research,CC-BY-NC,https://www.inaturalist.org/observations/252163817,https://inaturalist-open-data.s3.amazonaws.com/photos/451349364/medium.jpeg,,"",,1,0,false,2,"Somers, Nueva York, EE. UU.",41.2978158484,-73.7442452833,27,,,,27,,open,false,gps,gps,Zebra Mussel,Dreissena polymorpha,Zebra Mussel,Mollusca,116340
252213450,5439f3ba-686f-48b8-9eb6-90615214e567,2024-11-18 15:11:10,2024-11-18,2024-11-18 20:11:10 UTC,Eastern Time (US & Canada),8001055,kathleen_zizzo,Kathleen Zizzo,2024-11-18 23:54:51 UTC,2024-11-29 15:36:54 UTC,research,,https://www.inaturalist.org/observations/252213450,https://static.inaturalist.org/photos/451450691/medium.jpeg,,"",,1,0,false,2,"Flamborough, Hamilton, ON, Canada",43.2821583333,-80.0187805556,,,,,,,open,false,gps,gps,Zebra Mussel,Dreissena polymorpha,Zebra Mussel,Mollusca,116340
252270692,e88f7c56-19bc-4641-a98f-31270faee647,2024/11/18 10:47 AM,2024-11-18,2024-11-18 15:47:00 UTC,Eastern Time (US & Canada),484687,treewanderer,"",2024-11-19 13:39:58 UTC,2025-04-12 08:49:06 UTC,research,,https://www.inaturalist.org/observations/252270692,https://static.inaturalist.org/photos/451565230/medium.jpeg,,"",,1,0,false,,"Croton-On-Hudson, NY 10520, USA",41.2121416667,-73.8691333333,10,,,,10,,open,false,,,Zebra Mussel,Dreissena polymorpha,Zebra Mussel,Mollusca,116340
252335893,fdcb9a7f-f000-45e3-8563-7dfd7f15c187,2024-11-19 17:38:46,2024-11-19,2024-11-19 22:38:46 UTC,Eastern Time (US & Canada),8600804,eljami15,EJM,2024-11-20 00:30:00 UTC,2025-04-12 10:10:07 UTC,research,,https://www.inaturalist.org/observations/252335893,https://static.inaturalist.org/photos/451693073/medium.jpeg,,"",,1,0,false,2,"Lee, NY, USA",43.2904138889,-75.4717944444,,,,,,,open,false,,,Zebra Mussel,Dreissena polymorpha,Zebra Mussel,Mollusca,116340
252351182,25c8d948-3f76-47d7-b067-c6fc60120e12,2024-11-19 10:16:59-05:00,2024-11-19,2024-11-19 15:16:59 UTC,Eastern Time (US & Canada),120779,johnboback,John Boback,2024-11-20 03:47:16 UTC,2025-04-12 10:28:18 UTC,research,CC-BY-NC,https://www.inaturalist.org/observations/252351182,https://inaturalist-open-data.s3.amazonaws.com/photos/451725696/medium.jpeg,,"","",1,0,false,3,"Allegheny River, Ford City, PA, US",40.7248716727,-79.580055,20,,,,20,,open,false,,,Zebra Mussel,Dreissena polymorpha,Zebra Mussel,Mollusca,116340
252408176,e24aee7d-e8ea-4fa4-bdc0-9770b10a2a44,2024-11-20 12:35:13-05:00,2024-11-20,2024-11-20 17:35:13 UTC,America/Nipigon,504108,xander_737,Alexander Campbell,2024-11-20 17:40:16 UTC,2024-11-29 01:12:36 UTC,research,,https://www.inaturalist.org/observations/252408176,https://static.inaturalist.org/photos/451839148/medium.jpeg,,"","",1,0,false,3,"Lake Erie, Leamington, ON, CA",42.0417471667,-82.4812466667,4,,,,4,,open,false,,,Zebra Mussel,Dreissena polymorpha,Zebra Mussel,Mollusca,116340
252451694,35cb003e-6fb4-499b-a9d4-14bce56ab73d,2024/09/11 14:07,2024-09-11,2024-09-11 18:07:00 UTC,Eastern Time (US & Canada),2095120,millsy3,Sylvain Miller,2024-11-21 01:39:16 UTC,2025-04-12 12:25:47 UTC,research,CC-BY-NC,https://www.inaturalist.org/observations/252451694,https://inaturalist-open-data.s3.amazonaws.com/photos/451924251/medium.jpeg,,"","",1,0,false,,"Prescott, ON, Canada",44.708157563,-75.5128262035,2,,,,2,,open,false,,,Moule zébrée,Dreissena polymorpha,Zebra Mussel,Mollusca,116340
252549428,59ab764f-0e78-4c09-8d69-ed1789f7b3fb,2024-11-21 16:26:49-06:00,2024-11-21,2024-11-21 22:26:49 UTC,Central Time (US & Canada),2455686,dejackson2256,Dan Jackson,2024-11-22 00:45:36 UTC,2024-11-29 00:24:30 UTC,research,CC-BY-NC,https://www.inaturalist.org/observations/252549428,https://inaturalist-open-data.s3.amazonaws.com/photos/452117401/medium.jpeg,,"","",1,0,false,3,"Gordons Bay Rd, Eastman, WI, US",43.1995083333,-91.1141278333,4,,,,4,,open,false,,,Zebra Mussel,Dreissena polymorpha,Zebra Mussel,Mollusca,116340
252598261,9f12f733-f081-42eb-8765-74bc5eba59d9,2024/09/09 10:00,2024-09-09,2024-09-09 14:00:00 UTC,Eastern Time (US & Canada),1625203,weilival,"",2024-11-22 14:19:18 UTC,2025-04-12 15:45:18 UTC,research,CC-BY-NC,https://www.inaturalist.org/observations/252598261,https://inaturalist-open-data.s3.amazonaws.com/photos/452210223/medium.png,,"",2-3 cm estimated,1,0,false,,"Montréal, QC, Canada",45.6974718976,-73.4795816509,1,,,,1,,open,false,,,Moule zébrée,Dreissena polymorpha,Zebra Mussel,Mollusca,116340
252767460,3ea71cda-78d2-48bf-9935-3171be56a95f,2024-11-23 15:45:08-05:00,2024-11-23,2024-11-23 20:45:08 UTC,Eastern Time (US & Canada),7623238,steven_wang15636,Steven Wang,2024-11-23 20:45:39 UTC,2024-11-29 00:23:15 UTC,research,CC-BY-NC,https://www.inaturalist.org/observations/252767460,https://inaturalist-open-data.s3.amazonaws.com/photos/452524951/medium.jpeg,,"","",1,0,false,3,"Ohio, US",40.8688519539,-81.5417160053,4,,,,27877,obscured,open,true,,,Zebra Mussel,Dreissena polymorpha,Zebra Mussel,Mollusca,116340
252811870,05b34677-6d18-4918-9395-1644291e1320,2024-11-23 09:50:10-06:00,2024-11-23,2024-11-23 15:50:10 UTC,Central Time (US & Canada),2663890,kingjenna,,2024-11-24 02:06:50 UTC,2024-11-29 00:23:03 UTC,research,CC-BY-NC,https://www.inaturalist.org/observations/252811870,https://inaturalist-open-data.s3.amazonaws.com/photos/452603414/medium.jpeg,,"",Tennessee River,1,0,false,3,"Alabama, US",34.4541179123,-86.6327461581,8,,,,28818,obscured,open,true,,,Zebra Mussel,Dreissena polymorpha,Zebra Mussel,Mollusca,116340
252876253,9710fc69-54af-486b-b8e1-2d56b6593e1d,2024-11-23 12:15:04,2024-11-23,2024-11-23 17:15:04 UTC,Eastern Time (US & Canada),1690326,joshuaganger,Joshua Ganger,2024-11-24 14:45:16 UTC,2025-04-12 22:11:31 UTC,research,,https://www.inaturalist.org/observations/252876253,https://static.inaturalist.org/photos/452727341/medium.jpeg,,"",,1,0,false,2,"Covert, NY, USA",42.5591555556,-76.629275,,,,,,,open,false,gps,gps,Zebra Mussel,Dreissena polymorpha,Zebra Mussel,Mollusca,116340
252912123,7716a7c6-6a3e-4464-889d-95530bad0b23,2024-11-24 10:55:32-06:00,2024-11-24,2024-11-24 16:55:32 UTC,Central Time (US & Canada),3630625,sbrockway,,2024-11-24 18:46:58 UTC,2024-11-29 00:21:30 UTC,research,CC-BY-NC,https://www.inaturalist.org/observations/252912123,https://inaturalist-open-data.s3.amazonaws.com/photos/452788327/medium.jpeg,,"","",1,0,false,3,"Gilbertsville, KY, US",36.9645342185,-88.2830914171,24,,,,24,,open,false,,,Zebra Mussel,Dreissena polymorpha,Zebra Mussel,Mollusca,116340
252913109,128364ba-8acb-4d92-b021-9433605bf2c8,2024-11-24 11:53:13,2024-11-24,2024-11-24 16:53:13 UTC,America/Nipigon,279103,popb25,Brian Popelier,2024-11-24 18:53:59 UTC,2024-11-29 12:57:44 UTC,research,CC-BY-NC,https://www.inaturalist.org/observations/252913109,https://inaturalist-open-data.s3.amazonaws.com/photos/452790143/medium.jpeg,,"",,2,0,false,2,"Bruce County, ON, Canada",44.9960393365,-81.4114597812,28,,,,28,,open,false,,,Zebra Mussel,Dreissena polymorpha,Zebra Mussel,Mollusca,116340
252917148,df7b9199-dc9e-41bb-b907-b8bc881305c3,2024-09-18 09:50:05-04:00,2024-09-18,2024-09-18 13:50:05 UTC,Eastern Time (US & Canada),7360506,suvatmikkag,,2024-11-24 19:19:30 UTC,2024-11-29 20:28:20 UTC,research,CC-BY-NC,https://www.inaturalist.org/observations/252917148,https://inaturalist-open-data.s3.amazonaws.com/photos/452796728/medium.jpeg,,"","",2,0,false,3,"Mount Royal Park, Montréal, QC, CA",45.4990966667,-73.5970166667,9,,,,9,,open,false,,,Zebra Mussel,Dreissena polymorpha,Zebra Mussel,Mollusca,116340
253086327,1b80d3b6-9879-48e9-aa16-49273b78d3fd,2024-11-16 11:50:42-05:00,2024-11-16,2024-11-16 16:50:42 UTC,Eastern Time (US & Canada),4943376,cs1651,,2024-11-25 20:46:00 UTC,2025-04-13 02:01:53 UTC,research,CC-BY-NC,https://www.inaturalist.org/observations/253086327,https://inaturalist-open-data.s3.amazonaws.com/photos/453101031/medium.jpeg,,"",Or quagga?,1,0,false,3,"Peninsula Dr, PA, US",42.16655,-80.1136333333,4,,,,4,,open,false,,,Zebra Mussel,Dreissena polymorpha,Zebra Mussel,Mollusca,116340
253113237,78de6e3f-438e-4fef-98b4-0b8197bf2300,2024/11/25  ,2024-11-25,,Eastern Time (US & Canada),13406,hobiecat,"",2024-11-26 01:08:28 UTC,2024-11-28 22:09:29 UTC,research,CC-BY-NC,https://www.inaturalist.org/observations/253113237,https://inaturalist-open-data.s3.amazonaws.com/photos/453154756/medium.jpg,,"",,1,0,false,,"Grand Isle, VT 05458, USA",44.7466611005,-73.327503799,8,,,,8,,open,false,,,Zebra Mussel,Dreissena polymorpha,Zebra Mussel,Mollusca,116340
253124235,047c463c-2e5f-4b6f-91ca-acd5c56ed304,2024/11/16 1:43 PM,2024-11-16,2024-11-16 18:43:00 UTC,Eastern Time (US & Canada),289536,cotingidae,Bernard Foy,2024-11-26 03:01:08 UTC,2025-04-13 02:51:35 UTC,research,CC-BY-NC,https://www.inaturalist.org/observations/253124235,https://inaturalist-open-data.s3.amazonaws.com/photos/453176622/medium.jpeg,,"","I don't like to post introduced species, but this one has transformed Lake Champlain",1,0,false,,"Shelburne Bay, VT, USA",44.4017156729,-73.2351741271,585,,,,585,,open,false,,,Zebra Mussel,Dreissena polymorpha,Zebra Mussel,Mollusca,116340
253310450,b9da457c-92d4-4f9b-9f64-2b2dd811fe57,2024-11-27 13:15:53,2024-11-27,2024-11-27 18:15:53 UTC,Eastern Time (US & Canada),507359,clementaubert,Clément Aubert,2024-11-27 18:16:33 UTC,2024-12-02 16:11:56 UTC,research,CC-BY-NC,https://www.inaturalist.org/observations/253310450,https://inaturalist-open-data.s3.amazonaws.com/photos/453537216/medium.jpeg,,"",,2,0,false,2,"Katonah, État de New York 10536, États-Unis",41.2958064959,-73.7469747663,191,,,,191,,open,false,gps,gps,Moule zébrée,Dreissena polymorpha,Zebra Mussel,Mollusca,116340
253417911,502c98a8-ecf9-4928-8180-b8b8a450c60d,Thu Nov 28 2024 11:28:02 GMT-0600 (CST),2024-11-28,2024-11-28 17:28:02 UTC,Central Time (US & Canada),447017,jgrahn,Juile Grahn,2024-11-28 17:29:10 UTC,2024-11-30 17:26:22 UTC,research,,https://www.inaturalist.org/observations/253417911,https://static.inaturalist.org/photos/453750795/medium.jpeg,,"","",1,0,false,3,"Charlotte Lake, Long Prairie, MN, US",45.9577516003,-94.8585512051,1410,,,,1410,,open,false,,,Zebra Mussel,Dreissena polymorpha,Zebra Mussel,Mollusca,116340
253545185,475cb759-876f-43a3-b929-92d652852e20,2024-11-29 15:23:33-05:00,2024-11-29,2024-11-29 20:23:33 UTC,Eastern Time (US & Canada),3757392,springtology,Brendan Cramphorn,2024-11-29 20:24:12 UTC,2024-11-30 19:47:42 UTC,research,,https://www.inaturalist.org/observations/253545185,https://static.inaturalist.org/photos/454004232/medium.jpeg,,"","",1,0,false,3,"Seneca Lake, Geneva, NY, US",42.8613081202,-76.9812117331,3,,,,3,,open,false,,,Zebra Mussel,Dreissena polymorpha,Zebra Mussel,Mollusca,116340
253769966,cf37acc4-6d70-4d27-979c-a36cec558b6f,2024-09-18 09:48:04-04:00,2024-09-18,2024-09-18 13:48:04 UTC,Eastern Time (US & Canada),8529110,aubematte,,2024-12-01 17:00:37 UTC,2024-12-02 19:06:49 UTC,research,CC-BY-NC,https://www.inaturalist.org/observations/253769966,https://inaturalist-open-data.s3.amazonaws.com/photos/454451820/medium.jpeg,,"","",1,0,false,3,"Mont Royal, Montréal, QC, CA",45.4990666667,-73.5970466667,7,,,,7,,open,false,,,Moule zébrée,Dreissena polymorpha,Zebra Mussel,Mollusca,116340
253806767,9975d253-d79e-4616-9f15-c0ceaedb0c39,2024-12-01 16:28:58-06:00,2024-12-01,2024-12-01 22:28:58 UTC,Central Time (US & Canada),7907617,photolitherland,,2024-12-01 22:30:26 UTC,2025-04-13 19:23:35 UTC,research,CC-BY-NC,https://www.inaturalist.org/observations/253806767,https://inaturalist-open-data.s3.amazonaws.com/photos/454521923/medium.jpeg,,"","",1,0,false,3,"Shaw Dr, Marble Falls, TX, US",30.5028460757,-98.110647019,4,,,,4,,open,false,,,Zebra Mussel,Dreissena polymorpha,Zebra Mussel,Mollusca,116340
253806866,00b911b6-bf9e-4d37-8363-b129b9fc0f3b,2024-12-01 16:29:31-06:00,2024-12-01,2024-12-01 22:29:31 UTC,Central Time (US & Canada),7907617,photolitherland,,2024-12-01 22:31:02 UTC,2025-04-13 19:23:45 UTC,research,CC-BY-NC,https://www.inaturalist.org/observations/253806866,https://inaturalist-open-data.s3.amazonaws.com/photos/454522076/medium.jpeg,,"","",1,0,false,3,"Shaw Dr, Marble Falls, TX, US",30.5028342347,-98.110655621,4,,,,4,,open,false,,,Zebra Mussel,Dreissena polymorpha,Zebra Mussel,Mollusca,116340
253808659,11a72f82-4fcc-4bdd-becb-cbd33d3f4f2a,2024-12-01 15:34:15-06:00,2024-12-01,2024-12-01 21:34:15 UTC,Central Time (US & Canada),2455686,dejackson2256,Dan Jackson,2024-12-01 22:48:45 UTC,2024-12-02 16:22:32 UTC,research,CC-BY-NC,https://www.inaturalist.org/observations/253808659,https://inaturalist-open-data.s3.amazonaws.com/photos/454525951/medium.jpeg,,"","",2,0,false,3,"Goose Island, La Crosse, WI, US",43.7271083333,-91.2359,4,,,,4,,open,false,,,Zebra Mussel,Dreissena polymorpha,Zebra Mussel,Mollusca,116340
253848213,a851deb5-0078-48ca-9186-26aee0b1fd1b,2024/12/02 12:28 AM,2024-12-02,2024-12-02 05:28:00 UTC,Eastern Time (US & Canada),4148888,woochanseo,Woochan Seo,2024-12-02 06:46:44 UTC,2025-04-13 20:46:40 UTC,research,CC-BY-NC-SA,https://www.inaturalist.org/observations/253848213,https://inaturalist-open-data.s3.amazonaws.com/photos/454603597/medium.jpeg,,"","",1,0,false,,"Old Toronto, Toronto, ON, Canada",43.6262657857,-79.3317185551,1905,,,,1905,,open,false,,,Zebra Mussel,Dreissena polymorpha,Zebra Mussel,Mollusca,116340
253854874,0c0e0805-8978-4852-bf26-66d42bdcc58b,2024-09-28 10:13:21,2024-09-28,2024-09-28 14:13:21 UTC,Eastern Time (US & Canada),3538151,michaeleverson,Michael Everson,2024-12-02 08:40:35 UTC,2024-12-02 22:22:38 UTC,research,,https://www.inaturalist.org/observations/253854874,https://static.inaturalist.org/photos/454618990/medium.jpeg,,"",,1,0,false,2,"Uptown District, Columbus, OH 43215, USA",39.9609241006,-82.998794429,29282,,,,29282,,open,false,gps,gps,Zebra Mussel,Dreissena polymorpha,Zebra Mussel,Mollusca,116340
254006056,e66b6c67-14cd-4c33-9987-372faa476cbc,2024-09-18 09:47:27-04:00,2024-09-18,2024-09-18 13:47:27 UTC,Eastern Time (US & Canada),8528756,hb190819,,2024-12-03 15:23:35 UTC,2025-04-14 00:25:51 UTC,research,CC-BY-NC,https://www.inaturalist.org/observations/254006056,https://inaturalist-open-data.s3.amazonaws.com/photos/454886921/medium.jpeg,,"","",1,0,false,3,"Île de Montréal, Mont-Royal, QC, CA",45.5148034457,-73.6432093081,3572,,,,3572,,open,false,,,Zebra Mussel,Dreissena polymorpha,Zebra Mussel,Mollusca,116340
254016490,f11e52be-5693-4c35-a4a5-9fa103b2c9ad,2024/11/24 5:55 PM,2024-11-24,2024-11-24 23:55:00 UTC,Central Time (US & Canada),3674711,gusbarksdale,Gus Barksdale,2024-12-03 17:41:09 UTC,2025-04-14 00:37:14 UTC,research,CC-BY-NC,https://www.inaturalist.org/observations/254016490,https://inaturalist-open-data.s3.amazonaws.com/photos/454907602/medium.jpg,,"",,1,0,false,,"Central Oklahoma City, Oklahoma City, OK, USA",35.5723703997,-97.5782027,,,,,,,open,false,,,Zebra Mussel,Dreissena polymorpha,Zebra Mussel,Mollusca,116340
254036540,dffdd11c-92c0-4087-a272-4ea672db2b1d,2024-12-03 11:42:11-06:00,2024-12-03,2024-12-03 17:42:11 UTC,Central Time (US & Canada),8531076,koiblenkush,,2024-12-03 21:04:39 UTC,2025-04-14 01:07:43 UTC,research,CC-BY-NC,https://www.inaturalist.org/observations/254036540,https://inaturalist-open-data.s3.amazonaws.com/photos/454945740/medium.jpeg,,"","",1,0,false,3,"University of Wisconsin, Madison, WI, US",43.0773,-89.4020466667,4,,,,4,,open,false,,,Zebra Mussel,Dreissena polymorpha,Zebra Mussel,Mollusca,116340
254055939,f85c48df-4601-41d7-a778-4bc7a4a45a4a,2024/12/03 3:43 PM,2024-12-03,2024-12-03 20:43:00 UTC,America/Nipigon,1079909,mikecowlard,Mike Cowlard,2024-12-04 00:34:37 UTC,2025-04-14 01:40:13 UTC,research,CC-BY-NC,https://www.inaturalist.org/observations/254055939,https://inaturalist-open-data.s3.amazonaws.com/photos/454982967/medium.jpeg,,"",seen with Nancy Douglas,1,0,false,,"Port Burwell Provincial Park, 9 Wilson Ln, Port Burwell, ON N0J 1T0, Canada",42.6475488,-80.8132049,187,,,,187,,open,false,,,Zebra Mussel,Dreissena polymorpha,Zebra Mussel,Mollusca,116340
254063840,3c794976-dffd-4549-af81-132ca34134bb,2024-12-03 19:55:14,2024-12-03,2024-12-04 00:55:14 UTC,Eastern Time (US & Canada),1423234,jason_miller,Jason L Miller,2024-12-04 02:19:29 UTC,2025-04-14 01:50:51 UTC,research,CC-BY,https://www.inaturalist.org/observations/254063840,https://inaturalist-open-data.s3.amazonaws.com/photos/454999433/medium.jpeg,,"",,1,0,false,2,"Hamilton, ON, Canada",43.2753560205,-79.8685301095,3,,,,3,,open,false,gps,gps,Zebra Mussel,Dreissena polymorpha,Zebra Mussel,Mollusca,116340
254108445,d97cad54-553f-4472-82f6-61a7f6771d0d,2024-09-18 09:47:27-04:00,2024-09-18,2024-09-18 13:47:27 UTC,Eastern Time (US & Canada),8528241,loicbenoit,,2024-12-04 14:50:44 UTC,2025-04-14 20:09:37 UTC,research,CC-BY-NC,https://www.inaturalist.org/observations/254108445,https://inaturalist-open-data.s3.amazonaws.com/photos/455087490/medium.jpeg,,"","",2,0,false,3,"Mont Royal, Montréal, QC, CA",45.4991283333,-73.5969783333,7,,,,7,,open,false,,,Moule zébrée,Dreissena polymorpha,Zebra Mussel,Mollusca,116340
254168277,b2e274e0-1150-4736-bb57-7547b5dedc5f,2024-09-18 09:47:45,2024-09-18,2024-09-18 13:47:45 UTC,Eastern Time (US & Canada),8529091,yoganp,,2024-12-05 02:33:22 UTC,2025-04-14 04:13:51 UTC,research,CC-BY-NC,https://www.inaturalist.org/observations/254168277,https://inaturalist-open-data.s3.amazonaws.com/photos/455202777/medium.jpeg,,"",,1,0,false,2,"FCX3+77, Montreal, QC H3H 1A2, Canada",45.4988364712,-73.5974550247,197,,,,197,,open,false,gps,gps,Zebra Mussel,Dreissena polymorpha,Zebra Mussel,Mollusca,116340
254259568,539a4b48-074b-43ff-8e08-c00805817c72,2024/01/29 11:51 AM,2024-01-29,2024-01-29 16:51:00 UTC,America/Detroit,267179,jokurtz,Joseph D Kurtz,2024-12-06 01:11:55 UTC,2024-12-06 21:32:34 UTC,research,CC-BY-NC,https://www.inaturalist.org/observations/254259568,https://inaturalist-open-data.s3.amazonaws.com/photos/455385292/medium.jpeg,,"",,2,0,false,,"Allegan County, MI, USA",42.6762839003,-86.213994579,31,,,,31,,open,false,,,Zebra Mussel,Dreissena polymorpha,Zebra Mussel,Mollusca,116340
254420543,5cf001ed-18c3-4a12-8b24-b78f2b4860cb,2024-12-07 11:07:31,2024-12-07,2024-12-07 17:07:31 UTC,Central Time (US & Canada),1347149,brithikesontario,Stu Hall (BritHikesOntario),2024-12-07 18:05:32 UTC,2024-12-08 01:54:20 UTC,research,CC-BY,https://www.inaturalist.org/observations/254420543,https://static.inaturalist.org/photos/455712313/medium.jpeg,,"",,1,0,false,2,"South Shore, Chicago, IL, USA",41.7584456,-87.5471699997,,,,,,,open,false,gps,gps,Zebra Mussel,Dreissena polymorpha,Zebra Mussel,Mollusca,116340
254448915,3dfdb25d-6953-4f57-ba80-13662cc7afde,2024/12/07 1:01 PM,2024-12-07,2024-12-07 19:01:00 UTC,Central Time (US & Canada),7715789,lkvnko,Lauren Kovanko,2024-12-07 23:07:59 UTC,2024-12-10 01:13:06 UTC,research,CC-BY-NC,https://www.inaturalist.org/observations/254448915,https://inaturalist-open-data.s3.amazonaws.com/photos/455769485/medium.jpeg,,"",,1,0,false,,"Crystal Lake, IL, USA",42.2166436237,-88.3062455542,879,,,,879,,open,false,,,Zebra Mussel,Dreissena polymorpha,Zebra Mussel,Mollusca,116340
254467086,3435bc2c-3fd1-4625-93ae-17659f08720f,2024-12-07 15:39:46-06:00,2024-12-07,2024-12-07 21:39:46 UTC,Central Time (US & Canada),3630625,sbrockway,,2024-12-08 02:51:57 UTC,2025-04-14 10:35:18 UTC,research,CC-BY-NC,https://www.inaturalist.org/observations/254467086,https://inaturalist-open-data.s3.amazonaws.com/photos/455805118/medium.jpg,,"","",1,0,false,3,"Land Between the Lakes National Recreation Area, Kuttawa, KY, US",36.9283645522,-88.1605939913,24,,,,24,,open,false,,,Zebra Mussel,Dreissena polymorpha,Zebra Mussel,Mollusca,116340
254467550,db11a7a3-d114-41c6-9b87-00dc4ec9467a,2024-12-07 15:17:42-06:00,2024-12-07,2024-12-07 21:17:42 UTC,Central Time (US & Canada),3630625,sbrockway,,2024-12-08 02:57:40 UTC,2025-04-14 10:35:40 UTC,research,CC-BY-NC,https://www.inaturalist.org/observations/254467550,https://inaturalist-open-data.s3.amazonaws.com/photos/455806088/medium.jpg,,"","",1,0,false,3,"Smith Bay, Kuttawa, KY, US",36.9085398517,-88.147255961,24,,,,24,,open,false,,,Zebra Mussel,Dreissena polymorpha,Zebra Mussel,Mollusca,116340
254566287,37c874c1-0cbd-40c6-99fe-413385a7efa0,2024-12-08 14:56:21-06:00,2024-12-08,2024-12-08 20:56:21 UTC,Central Time (US & Canada),2455686,dejackson2256,Dan Jackson,2024-12-08 23:39:04 UTC,2024-12-09 20:07:25 UTC,research,CC-BY-NC,https://www.inaturalist.org/observations/254566287,https://inaturalist-open-data.s3.amazonaws.com/photos/456000995/medium.jpg,,"","",1,0,false,3,"Saint Feriole Island, Prairie du Chien, WI, US",43.0604028333,-91.1606,4,,,,4,,open,false,,,Zebra Mussel,Dreissena polymorpha,Zebra Mussel,Mollusca,116340
254596224,2645d7e6-aef8-4434-9eb4-daddd9349e02,2024/12/08 5:49 PM,2024-12-08,2024-12-08 23:49:00 UTC,Central Time (US & Canada),7715789,lkvnko,Lauren Kovanko,2024-12-09 05:47:00 UTC,2025-09-05 13:28:46 UTC,research,CC-BY-NC,https://www.inaturalist.org/observations/254596224,https://inaturalist-open-data.s3.amazonaws.com/photos/456060990/medium.jpeg,,"",,2,0,false,,"Three Oaks Recreation Area, Algonquin Township, IL 60014, USA",42.2151431,-88.3057061,1059,,,,1059,,open,false,,,Zebra Mussel,Dreissena polymorpha,Zebra Mussel,Mollusca,116340
254596227,52139c22-55ed-4063-a154-eb31e326c965,2024/12/08 5:50 PM,2024-12-08,2024-12-08 23:50:00 UTC,Central Time (US & Canada),7715789,lkvnko,Lauren Kovanko,2024-12-09 05:47:01 UTC,2025-04-14 14:10:02 UTC,research,CC-BY-NC,https://www.inaturalist.org/observations/254596227,https://inaturalist-open-data.s3.amazonaws.com/photos/456060998/medium.jpeg,,"",,1,0,false,,"Three Oaks Recreation Area, Algonquin Township, IL 60014, USA",42.2151431,-88.3057061,1059,,,,1059,,open,false,,,Zebra Mussel,Dreissena polymorpha,Zebra Mussel,Mollusca,116340
254596229,0e43915e-7e66-4e4f-8414-09a6e88567e1,2024/12/08 5:50 PM,2024-12-08,2024-12-08 23:50:00 UTC,Central Time (US & Canada),7715789,lkvnko,Lauren Kovanko,2024-12-09 05:47:02 UTC,2025-04-14 14:10:03 UTC,research,CC-BY-NC,https://www.inaturalist.org/observations/254596229,https://inaturalist-open-data.s3.amazonaws.com/photos/456061002/medium.jpeg,,"",,1,0,false,,"Three Oaks Recreation Area, Algonquin Township, IL 60014, USA",42.2151431,-88.3057061,1059,,,,1059,,open,false,,,Zebra Mussel,Dreissena polymorpha,Zebra Mussel,Mollusca,116340
254661322,feae2872-5871-44bd-bbbe-78905057a589,2024-12-09 15:20:27,2024-12-09,2024-12-09 21:20:27 UTC,Central Time (US & Canada),5907921,emcee747,,2024-12-09 21:58:52 UTC,2024-12-13 00:04:32 UTC,research,CC-BY-NC,https://www.inaturalist.org/observations/254661322,https://inaturalist-open-data.s3.amazonaws.com/photos/456192143/medium.jpeg,,"",,1,0,false,2,Lighthouse Beach/Lawson Park/Evanston Arts Center,42.0653583497,-87.6759627834,337,,,,337,,open,false,gps,gps,Zebra Mussel,Dreissena polymorpha,Zebra Mussel,Mollusca,116340
254709533,1ec8b56f-a9f7-47e6-a426-85535fc8dbc3,2024-10-05 13:52:06,2024-10-05,2024-10-05 17:52:06 UTC,Eastern Time (US & Canada),3480941,cam_boucher,Camille Boucher,2024-12-10 10:51:31 UTC,2025-04-14 20:10:16 UTC,research,CC-BY-NC,https://www.inaturalist.org/observations/254709533,https://inaturalist-open-data.s3.amazonaws.com/photos/456295426/medium.jpeg,,"",,1,0,false,2,"Québec, QC, Canada",46.74987928,-71.3147191,4,,,,4,,open,false,,,Moule zébrée,Dreissena polymorpha,Zebra Mussel,Mollusca,116340
254726367,a5c8670d-07a2-4682-b723-ac7bbcf2a4ab,2024-11-28 12:43:42-05:00,2024-11-28,2024-11-28 17:43:42 UTC,Eastern Time (US & Canada),4930304,eb50,,2024-12-10 15:45:18 UTC,2025-04-14 20:52:26 UTC,research,CC-BY-NC,https://www.inaturalist.org/observations/254726367,https://inaturalist-open-data.s3.amazonaws.com/photos/456329196/medium.jpg,,"","",1,0,false,3,"Alum Creek Lake, Delaware, OH, US",40.1975283333,-82.9525966667,19,,,,19,,open,false,,,Zebra Mussel,Dreissena polymorpha,Zebra Mussel,Mollusca,116340
255025498,df200496-fd51-4338-a36c-9c74d95dbcbb,2024-08-31 15:16:31-05:00,2024-08-31,2024-08-31 20:16:31 UTC,America/Detroit,6093521,iainmwalker,Iain Walker,2024-12-13 23:42:30 UTC,2025-04-15 05:02:53 UTC,research,CC-BY-NC,https://www.inaturalist.org/observations/255025498,https://inaturalist-open-data.s3.amazonaws.com/photos/456933292/medium.jpg,,"","",1,0,false,3,"Kircher Municipal Park, Lansing, MI, US",42.7300544215,-84.5036449283,25,,,,25,,open,false,,,Zebra Mussel,Dreissena polymorpha,Zebra Mussel,Mollusca,116340
255112882,7f83f4b0-e668-4d01-ba89-157c22635740,2024-12-14 11:21:11-05:00,2024-12-14,2024-12-14 16:21:11 UTC,Eastern Time (US & Canada),3583239,emp95,stonedfly,2024-12-14 21:51:21 UTC,2025-01-17 02:46:13 UTC,research,CC-BY-NC,https://www.inaturalist.org/observations/255112882,https://inaturalist-open-data.s3.amazonaws.com/photos/457109104/medium.jpg,,"","",1,0,false,3,"Port Weller, St. Catharines, ON, CA",43.2353053794,-79.2129964533,39,,,,39,,open,false,,,Zebra Mussel,Dreissena polymorpha,Zebra Mussel,Mollusca,116340
255209549,74c02ba1-12d2-49d1-b1ab-b5cc7986be7e,2024-12-15 13:46:48-05:00,2024-12-15,2024-12-15 18:46:48 UTC,Eastern Time (US & Canada),8509519,fiwi_bird,Fiwi/Finn L.,2024-12-15 19:41:11 UTC,2024-12-16 05:03:29 UTC,research,,https://www.inaturalist.org/observations/255209549,https://static.inaturalist.org/photos/457310339/medium.jpg,,"","",1,0,false,3,"Lake Ontario, Mississauga, ON, CA",43.5649333429,-79.5616383333,20,,,,20,,open,false,,,Zebra Mussel,Dreissena polymorpha,Zebra Mussel,Mollusca,116340
255247991,389fe32e-05e2-40a7-b2ae-be0478580441,2024/09/04 1:35 PM,2024-09-04,2024-09-04 18:35:00 UTC,Central Time (US & Canada),1153865,echocreek,Peter Jessen,2024-12-16 02:06:00 UTC,2024-12-18 00:46:09 UTC,research,CC-BY-NC,https://www.inaturalist.org/observations/255247991,https://inaturalist-open-data.s3.amazonaws.com/photos/457347310/medium.jpg,,"",,1,0,false,,"Sibley County, MN, USA",44.4723680595,-93.9260595459,2533,,,,2533,,open,false,,,Zebra Mussel,Dreissena polymorpha,Zebra Mussel,Mollusca,116340
255247993,3fcb5507-5a58-4022-a80e-1f621ad90df3,2024/09/04 1:35 PM,2024-09-04,2024-09-04 18:35:00 UTC,Central Time (US & Canada),1153865,echocreek,Peter Jessen,2024-12-16 02:06:01 UTC,2025-04-15 10:40:57 UTC,research,CC-BY-NC,https://www.inaturalist.org/observations/255247993,https://inaturalist-open-data.s3.amazonaws.com/photos/457347339/medium.jpg,,"",,1,0,false,,"Sibley County, MN, USA",44.4723680595,-93.9260595459,2533,,,,2533,,open,false,,,Zebra Mussel,Dreissena polymorpha,Zebra Mussel,Mollusca,116340
255417518,c9c80765-8874-417f-a3e9-57420e08ac6a,2024-12-17 13:42:18,2024-12-17,2024-12-17 19:42:18 UTC,Central Time (US & Canada),1028043,bobhoard,Robert Hoard,2024-12-17 19:44:20 UTC,2024-12-20 03:22:09 UTC,research,CC-BY,https://www.inaturalist.org/observations/255417518,https://inaturalist-open-data.s3.amazonaws.com/photos/457733537/medium.jpeg,,"",,2,0,false,2,"Clinton Township, KS, USA",38.93501661,-95.33392058,5,,,,5,,open,false,,,Zebra Mussel,Dreissena polymorpha,Zebra Mussel,Mollusca,116340
255424915,9ef7b75d-3ffb-4b8e-9669-f307544bd4ad,2024/10/31,2024-10-31,,Central Time (US & Canada),2900906,megan827,Megan Manning,2024-12-17 21:18:57 UTC,2025-04-16 23:35:57 UTC,research,,https://www.inaturalist.org/observations/255424915,https://static.inaturalist.org/photos/457747680/medium.jpeg,,"",,2,0,false,,"Ozaukee County, WI, USA",43.4578976325,-87.8091666498,14,,,,14,,open,false,,,Zebra Mussel,Dreissena polymorpha,Zebra Mussel,Mollusca,116340
255465986,0a0b4a1d-4788-49a9-af5a-05e44e56c3e3,2024-11-30 14:32:25-05:00,2024-11-30,2024-11-30 19:32:25 UTC,Eastern Time (US & Canada),8169124,creek_creature_26,,2024-12-18 03:50:10 UTC,2025-01-17 02:42:12 UTC,research,CC-BY-NC,https://www.inaturalist.org/observations/255465986,https://inaturalist-open-data.s3.amazonaws.com/photos/457807057/medium.jpg,,"",Idk wich kind of mussels they where but they where tons of them washed up on the beach and the seagulls where feasting on them ,1,0,false,3,"Ward's Island Beach, Toronto, ON, CA",43.6299216667,-79.3524633333,14,,,,14,,open,false,,,Zebra Mussel,Dreissena polymorpha,Zebra Mussel,Mollusca,116340
255555080,9ee59b19-74b0-4cd3-9127-6397a3af976d,2024-10-30 15:50:53-05:00,2024-10-30,2024-10-30 20:50:53 UTC,Central Time (US & Canada),1716957,forgottenhiker,Mace Drumright,2024-12-19 03:14:14 UTC,2024-12-21 03:21:59 UTC,research,CC-BY-NC,https://www.inaturalist.org/observations/255555080,https://inaturalist-open-data.s3.amazonaws.com/photos/457991602/medium.jpg,,"","",3,0,false,3,"Lakeshore Nature Preserve, Madison, WI, US",43.0883528333,-89.4262916667,4,,,,4,,open,false,,,Zebra Mussel,Dreissena polymorpha,Zebra Mussel,Mollusca,116340
256051674,f5cb0a22-353a-4aad-a4c4-d7e9eb80f2eb,2024-12-22 09:05:56-06:00,2024-12-22,2024-12-22 15:05:56 UTC,Central Time (US & Canada),5464486,gavinschaefer,Gavin Schaefer,2024-12-24 04:22:07 UTC,2025-05-11 00:01:41 UTC,research,CC-BY-NC,https://www.inaturalist.org/observations/256051674,https://inaturalist-open-data.s3.amazonaws.com/photos/458988646/medium.jpg,,"","",5,0,false,3,"Missouri River, Sibley, MO, US",39.2075083333,-94.2183,7,,,,7,,open,false,,,Zebra Mussel,Dreissena polymorpha,Zebra Mussel,Mollusca,116340
256140872,617ddd85-1fec-4644-aa63-dfc792dc73a6,2024-12-22 16:04:48,2024-12-22,2024-12-22 22:04:48 UTC,Central Time (US & Canada),4455,dannym77,Danny Martin,2024-12-25 03:53:18 UTC,2025-04-16 16:31:58 UTC,research,CC-BY-NC-ND,https://www.inaturalist.org/observations/256140872,https://inaturalist-open-data.s3.amazonaws.com/photos/459174028/medium.jpeg,,"",,1,0,false,2,"Lawrence, KS 66049, USA",38.9356926997,-95.3792483997,,,,,,,open,false,gps,gps,Zebra Mussel,Dreissena polymorpha,Zebra Mussel,Mollusca,116340
256307074,18a74d97-b142-4dec-bd25-e11bf402e4bd,2024-12-26 13:20:20-05:00,2024-12-26,2024-12-26 18:20:20 UTC,America/Detroit,2597818,nick_barba,Nick Barba,2024-12-26 21:05:44 UTC,2025-06-18 09:30:10 UTC,research,CC-BY-NC,https://www.inaturalist.org/observations/256307074,https://inaturalist-open-data.s3.amazonaws.com/photos/459511464/medium.jpg,,"","",2,0,false,3,"Kent Lake, Milford, MI, US",42.5307116667,-83.6484916667,4,,,,4,,open,false,,,Zebra Mussel,Dreissena polymorpha,Zebra Mussel,Mollusca,116340
256328666,de35b8ac-2fe1-44ab-8649-63e41d5ce771,2024/12/25 1:25 PM,2024-12-25,2024-12-25 19:25:00 UTC,Central Time (US & Canada),3163507,hcowan,,2024-12-27 00:54:54 UTC,2024-12-27 16:14:16 UTC,research,CC-BY-NC,https://www.inaturalist.org/observations/256328666,https://inaturalist-open-data.s3.amazonaws.com/photos/459555208/medium.jpeg,,"","",1,0,false,,"Platte County, MO, USA",39.3946516174,-94.8920210037,31,,,,31,,open,false,,,Zebra Mussel,Dreissena polymorpha,Zebra Mussel,Mollusca,116340
256391969,1cfca7b8-1a3c-4bb2-8d87-00201919838d,2024-12-27 09:46:27-06:00,2024-12-27,2024-12-27 15:46:27 UTC,Central Time (US & Canada),5712734,mreen,,2024-12-27 16:38:28 UTC,2025-04-17 01:33:45 UTC,research,CC-BY-NC,https://www.inaturalist.org/observations/256391969,https://inaturalist-open-data.s3.amazonaws.com/photos/459685025/medium.jpg,,"","",1,0,false,3,"Bradford Beach, WI, US",43.0612971667,-87.87327,2,,,,2,,open,false,,,Zebra Mussel,Dreissena polymorpha,Zebra Mussel,Mollusca,116340
256642435,c706e223-700f-4936-a5f0-303e301eda0f,2024-12-29 10:43:12-06:00,2024-12-29,2024-12-29 16:43:12 UTC,Central Time (US & Canada),6585870,pattihinman,,2024-12-29 16:43:48 UTC,2025-04-17 07:53:01 UTC,research,CC-BY-NC,https://www.inaturalist.org/observations/256642435,https://inaturalist-open-data.s3.amazonaws.com/photos/460198785/medium.jpg,,"","",1,0,false,3,"Church Bay Rd, Waubay, SD, US",45.4319969905,-97.2913579835,3,,,,3,,open,false,,,Zebra Mussel,Dreissena polymorpha,Zebra Mussel,Mollusca,116340
256669511,0b08a816-161d-4370-8255-7deaacd51d38,2024-12-28 15:10:30-06:00,2024-12-28,2024-12-28 21:10:30 UTC,Central Time (US & Canada),2455686,dejackson2256,Dan Jackson,2024-12-29 20:24:28 UTC,2024-12-31 03:56:51 UTC,research,CC-BY-NC,https://www.inaturalist.org/observations/256669511,https://inaturalist-open-data.s3.amazonaws.com/photos/460251768/medium.jpg,,"","",1,0,false,3,"Goose Island Boat Launch, Stoddard, WI, US",43.7197583333,-91.2160633333,7,,,,7,,open,false,,,Zebra Mussel,Dreissena polymorpha,Zebra Mussel,Mollusca,116340
256715520,0dd1c7df-2975-4aa5-b04e-512b1aa18d4d,2024-12-28 09:35:00,2024-12-28,2024-12-28 14:35:00 UTC,Eastern Time (US & Canada),7760264,animalmanpa,Matthew StClair,2024-12-30 03:32:12 UTC,2025-04-17 09:52:48 UTC,research,CC-BY-NC,https://www.inaturalist.org/observations/256715520,https://inaturalist-open-data.s3.amazonaws.com/photos/460344757/medium.jpeg,,"",,1,0,false,2,"Erie County, PA, USA",42.1730672985,-80.0893513486,174,,,,174,,open,false,gps,gps,Zebra Mussel,Dreissena polymorpha,Zebra Mussel,Mollusca,116340
256800991,35393a69-b903-4042-b7a7-3bb278fc0d0a,2024-12-30 12:46:33,2024-12-30,2024-12-30 18:46:33 UTC,Central Time (US & Canada),7990335,forcefreetraining,Sol,2024-12-30 21:12:19 UTC,2025-04-17 12:05:02 UTC,research,CC-BY-NC,https://www.inaturalist.org/observations/256800991,https://inaturalist-open-data.s3.amazonaws.com/photos/460515252/medium.jpeg,,"",,1,0,false,2,"Marquette, Madison, WI, USA",43.0894425546,-89.3460338563,126,,,,126,,open,false,gps,gps,Zebra Mussel,Dreissena polymorpha,Zebra Mussel,Mollusca,116340
256811194,82530420-e06e-418c-a6ff-5b8708b62b56,2024/11/10 10:11,2024-11-10,2024-11-10 15:11:00 UTC,Eastern Time (US & Canada),772396,raphaelforns,Raphael Forns,2024-12-30 22:43:22 UTC,2025-04-17 12:27:20 UTC,research,CC-BY-NC,https://www.inaturalist.org/observations/256811194,https://inaturalist-open-data.s3.amazonaws.com/photos/460535832/medium.jpg,,"",,1,0,false,,"Saint-Jean-de-l'Île-d'Orléans, QC, Canada",46.9386066667,-70.8719566667,,,,,,,open,false,,,Moule zébrée,Dreissena polymorpha,Zebra Mussel,Mollusca,116340
257049518,fd71590d-9449-4f5e-b595-f1232195aecf,2024-12-31 09:55:29-05:00,2024-12-31,2024-12-31 14:55:29 UTC,Eastern Time (US & Canada),998873,carsonlambert,Carson Lambert,2025-01-01 22:07:44 UTC,2025-01-09 16:34:51 UTC,research,,https://www.inaturalist.org/observations/257049518,https://static.inaturalist.org/photos/461029406/medium.jpg,,"","",1,0,false,3,"Braddock Bay, Hilton, NY, US",43.31165,-77.710045,3,,,,3,,open,false,,,Zebra Mussel,Dreissena polymorpha,Zebra Mussel,Mollusca,116340
258509986,8c272512-9b1f-49d2-9570-b8b5a7475706,2024/12/19 4:28 PM,2024-12-19,2024-12-19 21:28:00 UTC,Eastern Time (US & Canada),741295,mathias_dezetter,"",2025-01-15 00:13:03 UTC,2025-04-12 06:22:29 UTC,research,CC-BY-NC,https://www.inaturalist.org/observations/258509986,https://inaturalist-open-data.s3.amazonaws.com/photos/463828987/medium.jpeg,,"",,1,0,false,,"Westchester County, NY, USA",41.2940052275,-73.6851759955,4,,,,4,,open,false,,,Zebra Mussel,Dreissena polymorpha,Zebra Mussel,Mollusca,116340
258509994,380cad10-5548-4b2e-9ba5-584312f0c679,2024/12/19 4:33 PM,2024-12-19,2024-12-19 21:33:00 UTC,Eastern Time (US & Canada),741295,mathias_dezetter,"",2025-01-15 00:13:06 UTC,2025-04-12 06:22:31 UTC,research,CC-BY-NC,https://www.inaturalist.org/observations/258509994,https://inaturalist-open-data.s3.amazonaws.com/photos/463829199/medium.jpeg,,"",,1,0,false,,"Westchester County, NY, USA",41.2940698874,-73.6846422359,4,,,,4,,open,false,,,Zebra Mussel,Dreissena polymorpha,Zebra Mussel,Mollusca,116340
258569160,bb9274c7-dad1-4e2f-812f-dea7aea9769c,2024-11-16 15:30:44,2024-11-16,2024-11-16 20:30:44 UTC,Eastern Time (US & Canada),541456,arachnoto,Neville Park,2025-01-15 15:55:54 UTC,2025-09-05 13:29:45 UTC,research,CC0,https://www.inaturalist.org/observations/258569160,https://inaturalist-open-data.s3.amazonaws.com/photos/463949572/medium.jpeg,,"",,2,0,false,2,"Sunnyside, Toronto, ON, Canada",43.637439,-79.455128,,,,,,,open,false,gps,gps,Zebra Mussel,Dreissena polymorpha,Zebra Mussel,Mollusca,116340
258802609,480f408c-e08e-4aca-856e-3639a574be64,2024/07/25 12:16 PM,2024-07-25,2024-07-25 17:16:00 UTC,Central Time (US & Canada),643751,jeffgarner,Jeff Garner,2025-01-18 04:22:25 UTC,2025-04-12 12:11:05 UTC,research,CC-BY-NC,https://www.inaturalist.org/observations/258802609,https://inaturalist-open-data.s3.amazonaws.com/photos/464426770/medium.jpeg,,"",,1,0,false,,"Black Warrior River, Tuscaloosa, Tuscaloosa Co., AL, USA",33.2237505332,-87.5254779236,43,,,,43,,open,false,,,Zebra Mussel,Dreissena polymorpha,Zebra Mussel,Mollusca,116340
258802819,b04e888f-99a5-4e46-b2f1-1c412461ca23,2024/07/25 12:17 PM,2024-07-25,2024-07-25 17:17:00 UTC,Central Time (US & Canada),643751,jeffgarner,Jeff Garner,2025-01-18 04:26:59 UTC,2025-04-12 12:11:13 UTC,research,CC-BY-NC,https://www.inaturalist.org/observations/258802819,https://inaturalist-open-data.s3.amazonaws.com/photos/464427363/medium.jpeg,,"",,1,0,false,,"Black Warrior River, Tuscaloosa, Tuscaloosa Co., AL, USA",33.2237505332,-87.5254779236,43,,,,43,,open,false,,,Zebra Mussel,Dreissena polymorpha,Zebra Mussel,Mollusca,116340
258863951,a943fc23-50ef-42cb-b85b-8517d07c8c1e,2024-12-19 15:15:02,2024-12-19,2024-12-19 21:15:02 UTC,Central Time (US & Canada),8818433,ungenauigkeit,Ann Clay,2025-01-18 19:26:50 UTC,2025-04-12 13:36:22 UTC,research,CC-BY-NC,https://www.inaturalist.org/observations/258863951,https://inaturalist-open-data.s3.amazonaws.com/photos/464548716/medium.jpeg,,"",Cluster seen on bank of river ,1,0,false,2,"Bellevue, NE 68005, USA",41.1390959155,-95.8811455965,22,,,,22,,open,false,gps,gps,Zebra Mussel,Dreissena polymorpha,Zebra Mussel,Mollusca,116340
259186401,cdc4da71-f311-4c2b-94cf-c9451361246d,2024/10/24 9:23 AM,2024-10-24,2024-10-24 13:23:00 UTC,Eastern Time (US & Canada),81145,beepboop,"",2025-01-21 21:00:05 UTC,2025-04-12 22:32:04 UTC,research,CC-BY-NC,https://www.inaturalist.org/observations/259186401,https://inaturalist-open-data.s3.amazonaws.com/photos/465207700/medium.jpeg,,"","",1,0,false,,"Riberty Lane, Saratoga County, NY, USA",42.8059107405,-73.7152909024,8,,,,8,,open,false,,,Zebra Mussel,Dreissena polymorpha,Zebra Mussel,Mollusca,116340
260557914,2acb1e65-dd57-48a2-a02f-5a1ae1e42134,2024/11/19 10:04 AM,2024-11-19,2024-11-19 16:04:00 UTC,Central Time (US & Canada),1153865,echocreek,Peter Jessen,2025-02-04 01:44:11 UTC,2025-04-14 07:44:17 UTC,research,CC-BY-NC,https://www.inaturalist.org/observations/260557914,https://inaturalist-open-data.s3.amazonaws.com/photos/467919657/medium.jpg,,"",,1,0,false,,"Ray Roberts Lake State Park Isle du Bois, 100 P W 4137, Pilot Point, TX 76258, USA",33.380758,-97.0134772,1625,,,,1625,,open,false,,,Zebra Mussel,Dreissena polymorpha,Zebra Mussel,Mollusca,116340
260598619,8540418e-0989-45d1-9cce-d367ef9b80fd,2024-06-03 14:48:38-04:00,2024-06-03,2024-06-03 18:48:38 UTC,Eastern Time (US & Canada),5886684,adamlipo,Adamthedeertracker,2025-02-04 12:44:34 UTC,2025-04-14 08:29:10 UTC,research,CC-BY-NC,https://www.inaturalist.org/observations/260598619,https://inaturalist-open-data.s3.amazonaws.com/photos/468026704/medium.jpg,,"","",1,0,false,3,"St. Lawrence River, Nicolet, QC, CA",46.272645,-72.619355,4,,,,4,,open,false,,,Zebra Mussel,Dreissena polymorpha,Zebra Mussel,Mollusca,116340
262958269,f8bacd6c-655f-47de-8d60-c9c913ab1544,2024-09-27 11:28:00-05:00,2024-09-27,2024-09-27 16:28:00 UTC,Eastern Time (US & Canada),2052691,benjmo,,2025-02-24 17:35:17 UTC,2025-02-27 17:42:09 UTC,research,CC-BY-NC,https://www.inaturalist.org/observations/262958269,https://inaturalist-open-data.s3.amazonaws.com/photos/472310223/medium.jpg,,"","",1,0,false,3,"Green Lakes State Park, Fayetteville, NY, US",43.053116342,-75.9659437212,190,,,,190,,open,false,,,Zebra Mussel,Dreissena polymorpha,Zebra Mussel,Mollusca,116340
264619681,1b1664ff-568c-4341-b033-0f54f468e5e7,2024/07/26 2:41 PM,2024-07-26,2024-07-26 19:41:00 UTC,Central Time (US & Canada),824054,eric-schmitty,Eric Schmidt,2025-03-09 06:02:49 UTC,2025-04-11 22:10:50 UTC,research,CC-BY,https://www.inaturalist.org/observations/264619681,https://inaturalist-open-data.s3.amazonaws.com/photos/475179920/medium.jpeg,,"",,1,0,false,,"Okauchee Lake, WI, USA",43.1175557,-88.438994,,,,,,,open,false,,,Zebra Mussel,Dreissena polymorpha,Zebra Mussel,Mollusca,116340
265391811,514936f9-5f24-4557-8a9e-baa942c125b3,2024-06-03 14:48:38-04:00,2024-06-03,2024-06-03 18:48:38 UTC,Eastern Time (US & Canada),5886684,adamlipo,Adamthedeertracker,2025-03-15 12:12:26 UTC,2025-03-20 23:13:02 UTC,research,CC-BY-NC,https://www.inaturalist.org/observations/265391811,https://inaturalist-open-data.s3.amazonaws.com/photos/476692582/medium.jpg,,"","",1,0,false,3,"St. Lawrence River, Nicolet, QC, CA",46.272645,-72.619355,4,,,,4,,open,false,,,Zebra Mussel,Dreissena polymorpha,Zebra Mussel,Mollusca,116340
267296305,ab64423f-e23e-4a23-9f37-21d0f4b1c53e,2024-04-01 13:53:21,2024-04-01,2024-04-01 17:53:21 UTC,Eastern Time (US & Canada),164015,owenclarkin,Owen Clarkin,2025-03-28 03:17:50 UTC,2025-04-14 13:42:10 UTC,research,CC-BY-NC,https://www.inaturalist.org/observations/267296305,https://inaturalist-open-data.s3.amazonaws.com/photos/480341013/medium.jpeg,,"","",1,0,false,,"Ottawa, CA-ON, CA",45.3366711409,-75.698128492,100,,,,100,,open,false,,,Zebra Mussel,Dreissena polymorpha,Zebra Mussel,Mollusca,116340
270041286,2a113d23-69e0-4064-8891-6228699b7245,2024-07-07 13:24:29,2024-07-07,2024-07-07 18:24:29 UTC,Central Time (US & Canada),9119551,bcmoua,Brandon Moua,2025-04-12 19:52:55 UTC,2025-09-15 19:59:17 UTC,research,CC-BY-NC,https://www.inaturalist.org/observations/270041286,https://inaturalist-open-data.s3.amazonaws.com/photos/485596680/medium.jpeg,,"",,1,0,false,2,"De Pere, WI, USA",44.4507448957,-88.0641324073,184,,,,184,,open,false,gps,gps,Zebra Mussel,Dreissena polymorpha,Zebra Mussel,Mollusca,116340
309850948,9a462de5-d98d-4e97-a207-1602f43e124c,2024/09/17 12:38 PM,2024-09-17,2024-09-17 17:38:00 UTC,Central Time (US & Canada),9683040,forlakessake,Kelly G Moore,2025-08-29 00:25:30 UTC,2025-08-29 02:10:28 UTC,research,CC-BY-NC,https://www.inaturalist.org/observations/309850948,https://inaturalist-open-data.s3.amazonaws.com/photos/559175370/medium.jpg,,"",Bald Eagle Lake,1,0,false,,"Minnesota, US",45.0688459309,-93.1484080288,5,,,,27222,obscured,open,true,,,Zebra Mussel,Dreissena polymorpha,Zebra Mussel,Mollusca,116340
318461843,2a0ad7b1-0bc6-415a-b1d0-d98164506e73,2024-10-26 16:05:16,2024-10-26,2024-10-26 20:05:16 UTC,Eastern Time (US & Canada),5145624,lisbethsalamander,"",2025-10-03 19:16:36 UTC,2025-10-03 23:29:49 UTC,research,,https://www.inaturalist.org/observations/318461843,https://static.inaturalist.org/photos/575564397/medium.jpg,,"",,1,0,false,843,"Barrytown, NY, US",42.0359916667,-73.926605,4,,,,4,,open,false,,,Zebra Mussel,Dreissena polymorpha,Zebra Mussel,Mollusca,116340
