id,uuid,observed_on_string,observed_on,time_observed_at,time_zone,user_id,user_login,user_name,created_at,updated_at,quality_grade,license,url,image_url,sound_url,tag_list,description,num_identification_agreements,num_identification_disagreements,captive_cultivated,oauth_application_id,place_guess,latitude,longitude,positional_accuracy,private_place_guess,private_latitude,private_longitude,public_positional_accuracy,geoprivacy,taxon_geoprivacy,coordinates_obscured,positioning_method,positioning_device,species_guess,scientific_name,common_name,iconic_taxon_name,taxon_id
195999915,bb98405b-567f-4429-a181-58138fc5f016,2024-01-07 01:08:35,2024-01-07,2024-01-07 06:08:35 UTC,Eastern Time (US & Canada),3151147,antnyreda,,2024-01-07 06:27:12 UTC,2024-10-04 11:06:08 UTC,research,CC-BY-NC,https://www.inaturalist.org/observations/195999915,https://inaturalist-open-data.s3.amazonaws.com/photos/344961870/medium.jpeg,,"",,2,0,false,2,"Karns, TN 37921, USA",36.0020517532,-84.0205531195,7,,,,7,,,false,gps,gps,Kudzu Bug,Megacopta cribraria,Kudzu Bug,Insecta,209176
196864476,1726b574-7de7-4cb0-ab5d-4223341bca2e,2024-01-16 15:28:30-05:00,2024-01-16,2024-01-16 20:28:30 UTC,Eastern Time (US & Canada),7730220,mfbanks,Mattilyn B,2024-01-16 20:48:48 UTC,2024-04-10 14:33:40 UTC,research,CC-BY-NC,https://www.inaturalist.org/observations/196864476,https://inaturalist-open-data.s3.amazonaws.com/photos/346579996/medium.jpg,,"","",2,0,false,3,"Meredith College, Raleigh, NC, US",35.7974333333,-78.6907583333,4,,,,4,,,false,,,Kudzu Bug,Megacopta cribraria,Kudzu Bug,Insecta,209176
196864565,7d012a5c-b78b-4592-95d8-e92852dd405c,2024-01-16 15:27:57-05:00,2024-01-16,2024-01-16 20:27:57 UTC,Eastern Time (US & Canada),7730203,angiea_y,Anjali Y.,2024-01-16 20:49:28 UTC,2024-03-15 18:03:11 UTC,research,CC-BY-NC,https://www.inaturalist.org/observations/196864565,https://inaturalist-open-data.s3.amazonaws.com/photos/346580075/medium.jpg,,"","",2,0,false,3,"Meredith College, Raleigh, NC, US",35.797735754,-78.6900022051,372,,,,372,,,false,,,Kudzu Bug,Megacopta cribraria,Kudzu Bug,Insecta,209176
197085300,09771fe8-e45a-454f-9ecc-7ee55103e6bc,2024-01-13 14:12:28-05:00,2024-01-13,2024-01-13 19:12:28 UTC,Eastern Time (US & Canada),7736754,somi_af,,2024-01-19 20:27:46 UTC,2024-04-13 14:29:57 UTC,research,CC-BY-NC,https://www.inaturalist.org/observations/197085300,https://inaturalist-open-data.s3.amazonaws.com/photos/366021224/medium.jpg,,"","",3,0,false,3,"Southern Dr, Columbia, SC, US",33.9594,-80.9941783333,4,,,,4,,,false,,,Kudzu Bug,Megacopta cribraria,Kudzu Bug,Insecta,209176
197186615,3f30f83c-6e77-4a07-b192-06a13eb63414,2024-01-20 19:15:59-06:00,2024-01-20,2024-01-21 01:15:59 UTC,Central Time (US & Canada),6872390,charlesbenfer,,2024-01-21 01:16:10 UTC,2024-03-15 18:02:50 UTC,research,CC-BY-NC,https://www.inaturalist.org/observations/197186615,https://inaturalist-open-data.s3.amazonaws.com/photos/347232134/medium.jpg,,"","",3,0,false,3,"W Glenn Ave, Auburn, AL, US",32.6082244617,-85.4976777182,7,,,,7,,,false,,,Kudzu Bug,Megacopta cribraria,Kudzu Bug,Insecta,209176
197624998,f586f2fb-8d5c-448b-ac11-2670bfd354e7,2024-01-26 13:34:18-05:00,2024-01-26,2024-01-26 18:34:18 UTC,Eastern Time (US & Canada),6283293,buggy293,,2024-01-26 18:34:52 UTC,2024-03-15 18:02:49 UTC,research,CC-BY-NC,https://www.inaturalist.org/observations/197624998,https://inaturalist-open-data.s3.amazonaws.com/photos/348121619/medium.jpg,,"","",2,0,false,3,"Riverbend Pkwy, Athens, GA, US",33.9148608712,-83.3664083408,4,,,,4,,,false,,,Kudzu Bug,Megacopta cribraria,Kudzu Bug,Insecta,209176
197632779,39c4f4c9-1851-4e1c-9c29-ba89da06081f,2024-01-25 16:36:05,2024-01-25,2024-01-25 21:36:05 UTC,Eastern Time (US & Canada),4588488,aputamkiejit,;),2024-01-26 20:29:46 UTC,2024-03-09 18:24:27 UTC,research,CC-BY-NC,https://www.inaturalist.org/observations/197632779,https://inaturalist-open-data.s3.amazonaws.com/photos/348137138/medium.jpeg,,"",sorry for the bad photos,2,0,false,2,"Peachtree St & Buford Spring Conn, Atlanta, GA 30309, USA",33.798,-84.3913239722,,,,,,,,false,gps,gps,Kudzu Bug,Megacopta cribraria,Kudzu Bug,Insecta,209176
198235353,3c6ed310-fbb1-4957-9868-6c5343982521,2024-02-02 15:51:31-05:00,2024-02-02,2024-02-02 20:51:31 UTC,Eastern Time (US & Canada),5401161,mcatto1,,2024-02-02 20:53:41 UTC,2024-03-15 18:02:35 UTC,research,CC-BY-NC,https://www.inaturalist.org/observations/198235353,https://inaturalist-open-data.s3.amazonaws.com/photos/349348628/medium.jpg,,"","",2,0,false,3,"Jack Pine Ln, Athens, GA, US",33.9479116667,-83.4122,6,,,,6,,,false,,,Kudzu Bug,Megacopta cribraria,Kudzu Bug,Insecta,209176
199029917,937d26ae-0a3f-4369-8231-a3f61f95759f,2024-02-11 13:26:56,2024-02-11,2024-02-11 19:26:56 UTC,Central Time (US & Canada),5659552,dtaylorforester,Dylan Taylor,2024-02-11 19:27:26 UTC,2024-03-09 17:27:42 UTC,research,,https://www.inaturalist.org/observations/199029917,https://static.inaturalist.org/photos/350913597/medium.jpeg,,"",,2,0,false,2,"Cottondale, AL, USA",33.19216553,-87.45897141,10,,,,10,,,false,,,Kudzu Bug,Megacopta cribraria,Kudzu Bug,Insecta,209176
199032648,0c370efa-03dc-44a6-8bd3-b60aaeaeb60c,2024-02-11 14:33:17,2024-02-11,2024-02-11 19:33:17 UTC,Eastern Time (US & Canada),7730540,mandabrandmire,,2024-02-11 19:56:45 UTC,2024-03-09 17:27:15 UTC,research,CC-BY-NC,https://www.inaturalist.org/observations/199032648,https://inaturalist-open-data.s3.amazonaws.com/photos/350918975/medium.jpeg,,"",,2,0,false,2,"Pooler, GA, USA",32.1300282997,-81.2574635997,,,,,,,,false,gps,gps,Kudzu Bug,Megacopta cribraria,Kudzu Bug,Insecta,209176
199313196,ab37a87d-d4eb-4817-8eeb-4210ba44724d,2024-02-14 14:33:16-06:00,2024-02-14,2024-02-14 20:33:16 UTC,Central Time (US & Canada),5642935,kevin2287,Kevin Poe,2024-02-14 22:29:39 UTC,2024-03-04 23:14:51 UTC,research,,https://www.inaturalist.org/observations/199313196,https://static.inaturalist.org/photos/351478116/medium.jpg,,"","",2,0,false,3,"Seventh Day Rd, Florence, MS, US",32.1184405516,-90.094695425,24,,,,24,,,false,,,Kudzu Bug,Megacopta cribraria,Kudzu Bug,Insecta,209176
199384299,2d469ec0-3bbc-46f3-aba0-52878ade0d4f,2024-02-15 13:03:21-06:00,2024-02-15,2024-02-15 19:03:21 UTC,Central Time (US & Canada),7786811,pmoulton555,,2024-02-15 19:03:32 UTC,2024-04-21 04:08:27 UTC,research,CC-BY-NC,https://www.inaturalist.org/observations/199384299,https://inaturalist-open-data.s3.amazonaws.com/photos/351614193/medium.jpg,,"","This tiny Kudzu Bug was found outside the West Village dorms in Samford University. It was slowly crawling on a wall, and did not intend to stop.",2,0,false,3,"Samford University, Homewood, AL, US",33.4617594676,-86.7970251013,4,,,,4,,,false,,,Kudzu Bug,Megacopta cribraria,Kudzu Bug,Insecta,209176
199384319,4f354c98-2485-4777-aa80-686e593a3b84,2024-02-15 13:03:26-06:00,2024-02-15,2024-02-15 19:03:26 UTC,Central Time (US & Canada),7783292,alex13b,,2024-02-15 19:03:56 UTC,2024-04-21 00:51:10 UTC,research,CC-BY-NC,https://www.inaturalist.org/observations/199384319,https://inaturalist-open-data.s3.amazonaws.com/photos/351614261/medium.jpg,,"",Found on the outside wall of the Barbara Drummond Hall dormitory at Samford University. There were a couple others observed on the same wall and on a few plants in the area.,2,0,false,3,"Samford University, Homewood, AL, US",33.46178,-86.7970116667,21,,,,21,,,false,,,Kudzu Bug,Megacopta cribraria,Kudzu Bug,Insecta,209176
199609825,55619a82-d9bc-4684-b002-a4f15991ff37,2024-02-16 12:05:14-06:00,2024-02-16,2024-02-16 18:05:14 UTC,Central Time (US & Canada),7720168,lhenry3,,2024-02-17 22:38:49 UTC,2024-03-01 13:35:08 UTC,research,CC-BY-NC,https://www.inaturalist.org/observations/199609825,https://inaturalist-open-data.s3.amazonaws.com/photos/352041029/medium.jpg,,"","",3,0,false,3,"South Ln, Mountain Brook, AL, US",33.48882,-86.7717216667,5,,,,5,,,false,,,Kudzu Bug,Megacopta cribraria,Kudzu Bug,Insecta,209176
199921356,9a50ec67-685a-4651-9417-e50a3195a81d,2024-02-20 13:20:20,2024-02-20,2024-02-20 19:20:20 UTC,Central Time (US & Canada),14232,cft,cft,2024-02-20 19:23:07 UTC,2024-03-01 13:35:07 UTC,research,CC-BY-NC,https://www.inaturalist.org/observations/199921356,https://inaturalist-open-data.s3.amazonaws.com/photos/352629067/medium.jpeg,,"",On native cherry,2,0,false,2,"Fairhope, AL 36532, USA",30.51116039,-87.91516799,6,,,,6,,,false,,,Kudzu Bug,Megacopta cribraria,Kudzu Bug,Insecta,209176
200066829,0a2747f4-2164-4977-ae31-e0b82279d9be,2024-02-21 14:56:10-06:00,2024-02-21,2024-02-21 20:56:10 UTC,Central Time (US & Canada),7719746,ksuch16,Katie Suchman,2024-02-22 06:16:23 UTC,2024-04-15 04:11:51 UTC,research,CC-BY-NC,https://www.inaturalist.org/observations/200066829,https://inaturalist-open-data.s3.amazonaws.com/photos/352911416/medium.jpg,,"",little round bug that landed on my friend’s shoulder outside,3,0,false,3,"Samford University, Homewood, AL, US",33.4642185917,-86.7928094165,25,,,,25,,,false,,,Kudzu Bug,Megacopta cribraria,Kudzu Bug,Insecta,209176
200163530,6b0366d9-1e31-461f-9c89-497e0d2a5c66,2024-02-18 13:15:29-06:00,2024-02-18,2024-02-18 19:15:29 UTC,Central Time (US & Canada),7783183,itsreallyanna,,2024-02-23 07:55:58 UTC,2024-04-21 03:23:33 UTC,research,CC-BY-NC,https://www.inaturalist.org/observations/200163530,https://inaturalist-open-data.s3.amazonaws.com/photos/353100309/medium.jpg,,"",Found this kudzu bug resting on the side of my apartment building. It had been there for hours after this picture had been taken.,2,0,false,3,"Samford University, Homewood, AL, US",33.4619216667,-86.79692,4,,,,4,,,false,,,Kudzu Bug,Megacopta cribraria,Kudzu Bug,Insecta,209176
200191036,35503f20-f2d6-4472-b801-78c5a8dbaab1,2024-02-23 11:05:54-05:00,2024-02-23,2024-02-23 16:05:54 UTC,Eastern Time (US & Canada),7791897,unfriendlyghoul,Tamsin Murphy,2024-02-23 16:07:08 UTC,2024-05-03 01:32:41 UTC,research,,https://www.inaturalist.org/observations/200191036,https://static.inaturalist.org/photos/376487168/medium.jpg,,"","",2,0,false,3,"Baldwin St, Chattanooga, TN, US",35.0322092399,-85.306061541,27030,,,,27030,,,false,,,Kudzu Bug,Megacopta cribraria,Kudzu Bug,Insecta,209176
200351316,ae564e59-ea9f-481c-9e46-0afefedcacac,2024-02-23 14:09:20-05:00,2024-02-23,2024-02-23 19:09:20 UTC,Eastern Time (US & Canada),1520920,conor22,Conor,2024-02-25 02:53:10 UTC,2024-03-09 18:11:24 UTC,research,,https://www.inaturalist.org/observations/200351316,https://static.inaturalist.org/photos/353465716/medium.jpg,,"","",2,0,false,3,"W Washington St, Monticello, FL, US",30.5452533333,-83.8867116667,4,,,,4,,,false,,,Kudzu Bug,Megacopta cribraria,Kudzu Bug,Insecta,209176
200434959,9e7def18-aac1-447c-b5b9-3c9c15b116eb,2024-02-25 14:18:05-06:00,2024-02-25,2024-02-25 20:18:05 UTC,Central Time (US & Canada),7281960,cicinioka,,2024-02-25 20:27:45 UTC,2024-03-01 11:31:37 UTC,research,CC-BY-NC,https://www.inaturalist.org/observations/200434959,https://inaturalist-open-data.s3.amazonaws.com/photos/353629338/medium.jpg,,"","",2,0,false,3,"Bibb St, Montgomery, AL, US",32.3790358153,-86.3129732694,35,,,,35,,,false,,,Kudzu Bug,Megacopta cribraria,Kudzu Bug,Insecta,209176
200479408,5ad2dd5e-7849-4310-9ad7-3e3371c861ba,2024-02-17 14:23:28-06:00,2024-02-17,2024-02-17 20:23:28 UTC,Central Time (US & Canada),5091421,hayden127,Hayden Johnson,2024-02-26 03:30:55 UTC,2024-03-04 22:52:45 UTC,research,,https://www.inaturalist.org/observations/200479408,https://static.inaturalist.org/photos/353719065/medium.jpg,,"","",2,0,false,3,"Quince Rd, Memphis, TN, US",35.0585109484,-89.8311217051,176,,,,176,,,false,,,Kudzu Bug,Megacopta cribraria,Kudzu Bug,Insecta,209176
200487030,93e3b43e-9063-439d-98c1-a830007ff896,2024-02-25 20:45:40-06:00,2024-02-25,2024-02-26 02:45:40 UTC,Central Time (US & Canada),5762671,amb01,A B,2024-02-26 05:20:06 UTC,2024-03-15 18:02:06 UTC,research,,https://www.inaturalist.org/observations/200487030,https://static.inaturalist.org/photos/353734752/medium.jpg,,"","",1,0,false,3,"Philips Dr, Tuskegee, AL, US",32.4271916667,-85.7080083333,3,,,,3,,,false,,,Kudzu Bug,Megacopta cribraria,Kudzu Bug,Insecta,209176
200543072,0ed94afc-28f4-42f7-967a-eb231099bfae,2024-02-26 13:31:28,2024-02-26,2024-02-26 19:31:28 UTC,Central Time (US & Canada),6703129,jgolden20,Josh Golden,2024-02-26 19:46:30 UTC,2024-02-29 11:32:11 UTC,research,CC-BY-NC,https://www.inaturalist.org/observations/200543072,https://inaturalist-open-data.s3.amazonaws.com/photos/353844366/medium.jpeg,,"",,2,0,false,2,"Edgewood, Montgomery, AL, USA",32.3504527778,-86.2875944444,,,,,,,,false,gps,gps,Kudzu Bug,Megacopta cribraria,Kudzu Bug,Insecta,209176
200546958,8f37be8b-baf5-4602-b35b-979cbb0d3cd8,2024-02-26 15:27:14-05:00,2024-02-26,2024-02-26 20:27:14 UTC,Eastern Time (US & Canada),7745745,mattiparker,,2024-02-26 20:27:39 UTC,2024-03-01 13:34:55 UTC,research,CC-BY-NC,https://www.inaturalist.org/observations/200546958,https://inaturalist-open-data.s3.amazonaws.com/photos/353852396/medium.jpg,,"","",3,0,false,3,"University of Georgia, Athens, GA, US",33.94948273,-83.3818188484,4,,,,4,,,false,,,Kudzu Bug,Megacopta cribraria,Kudzu Bug,Insecta,209176
200547431,c97f367b-68a2-4bca-85e6-e8f01897067a,2024-02-26 15:27:11-05:00,2024-02-26,2024-02-26 20:27:11 UTC,Eastern Time (US & Canada),7745745,mattiparker,,2024-02-26 20:32:53 UTC,2024-03-01 13:34:54 UTC,research,CC-BY-NC,https://www.inaturalist.org/observations/200547431,https://inaturalist-open-data.s3.amazonaws.com/photos/353859963/medium.jpg,,"","",3,0,false,3,"University of Georgia, Athens, GA, US",33.949525,-83.3817833333,21,,,,21,,,false,,,Kudzu Bug,Megacopta cribraria,Kudzu Bug,Insecta,209176
200637244,61f677d4-2550-4eb9-b8cb-98ac1680ca2a,2024-02-27 12:00:23-06:00,2024-02-27,2024-02-27 18:00:23 UTC,Central Time (US & Canada),5312327,clrdly,Clair,2024-02-27 18:01:03 UTC,2024-02-28 11:42:59 UTC,research,CC-BY-NC,https://www.inaturalist.org/observations/200637244,https://inaturalist-open-data.s3.amazonaws.com/photos/354023733/medium.jpg,,"","",2,0,false,3,"Auburn University, Auburn, AL, US",32.6026833333,-85.4866783333,35,,,,35,,,false,,,Kudzu Bug,Megacopta cribraria,Kudzu Bug,Insecta,209176
200741201,5f903fb1-40ba-4bbf-af4a-34affbd69c9d,2024-02-28 13:33:56-05:00,2024-02-28,2024-02-28 18:33:56 UTC,Eastern Time (US & Canada),574660,sawyerb,Sawyer Baran,2024-02-28 18:35:06 UTC,2024-03-01 11:30:23 UTC,research,CC-BY,https://www.inaturalist.org/observations/200741201,https://inaturalist-open-data.s3.amazonaws.com/photos/354224786/medium.jpg,,"","",2,0,false,3,"Bull St, Savannah, GA, US",32.0595083333,-81.099075,19,,,,19,,,false,,,Kudzu Bug,Megacopta cribraria,Kudzu Bug,Insecta,209176
200747320,0b9564b5-57d8-4356-acf5-7240188f3b93,2024-02-28 14:46:57-05:00,2024-02-28,2024-02-28 19:46:57 UTC,Eastern Time (US & Canada),7784507,elizabeth_neely,,2024-02-28 19:47:35 UTC,2024-02-29 11:51:49 UTC,research,CC-BY-NC,https://www.inaturalist.org/observations/200747320,https://inaturalist-open-data.s3.amazonaws.com/photos/354236273/medium.jpg,,"","",2,0,false,3,"Epps Bridge Pkwy, Athens, GA, US",33.9429783333,-83.4340366667,4,,,,4,,,false,,,Kudzu Bug,Megacopta cribraria,Kudzu Bug,Insecta,209176
201280437,83f1e5a8-bb28-4d87-b7f4-ba8db398b09a,Mon Mar 04 2024 13:12:21 GMT -0500 (EST),2024-03-04,2024-03-04 18:12:21 UTC,Eastern Time (US & Canada),1334078,sgtbird08,James Hussey,2024-03-04 18:12:34 UTC,2024-03-04 23:18:26 UTC,research,CC-BY-NC,https://www.inaturalist.org/observations/201280437,https://inaturalist-open-data.s3.amazonaws.com/photos/355283558/medium.jpeg,,"",,2,0,false,333,Myrtle Beach,33.6784362793,-78.8990478516,35,,,,35,,,false,,,Kudzu Bug,Megacopta cribraria,Kudzu Bug,Insecta,209176
201296719,0b35730c-b560-454e-b158-b3b0aa17d2c2,2024-03-04 15:55:18-05:00,2024-03-04,2024-03-04 20:55:18 UTC,Eastern Time (US & Canada),4810685,borntorun200,,2024-03-04 20:56:43 UTC,2024-03-04 23:17:34 UTC,research,CC-BY-NC,https://www.inaturalist.org/observations/201296719,https://inaturalist-open-data.s3.amazonaws.com/photos/355337630/medium.jpg,,"","",1,0,false,3,"North Carolina, US",35.7567823016,-78.8856609951,33,,,,28649,obscured,,true,,,Kudzu Bug,Megacopta cribraria,Kudzu Bug,Insecta,209176
201305997,a7685251-7099-4e9d-bfe3-c81d117f04fa,2024-03-04 16:19:22-06:00,2024-03-04,2024-03-04 22:19:22 UTC,Central Time (US & Canada),1266285,stacye,"",2024-03-04 22:19:55 UTC,2024-03-04 22:34:17 UTC,research,,https://www.inaturalist.org/observations/201305997,https://static.inaturalist.org/photos/355333746/medium.jpg,,"","",1,0,false,3,"100 Oaks Mall, Nashville, TN, US",36.1102984101,-86.7642057863,4,,,,4,,,false,,,Kudzu Bug,Megacopta cribraria,Kudzu Bug,Insecta,209176
201392325,1ce81a0b-a929-4e9f-9c56-f12ea3ca6160,2024-03-05 13:36:00,2024-03-05,2024-03-05 18:36:00 UTC,Eastern Time (US & Canada),6065184,sarahskelley,SarahSKelley,2024-03-05 18:36:42 UTC,2024-03-29 18:23:22 UTC,research,CC-BY-NC,https://www.inaturalist.org/observations/201392325,https://inaturalist-open-data.s3.amazonaws.com/photos/355501030/medium.jpeg,,"",,2,0,false,2,"Orangeburg, SC 29118, USA",33.6030583333,-80.9579916667,,,,,,,,false,,,Kudzu Bug,Megacopta cribraria,Kudzu Bug,Insecta,209176
201441794,553116e2-09f0-4062-b7c1-389e24505d90,2024-03-04 12:50:31,2024-03-04,2024-03-04 18:50:31 UTC,Central Time (US & Canada),175524,hydrophilus,Eric C. Maxwell,2024-03-06 04:18:00 UTC,2024-03-06 08:31:56 UTC,research,CC-BY-NC-ND,https://www.inaturalist.org/observations/201441794,https://inaturalist-open-data.s3.amazonaws.com/photos/355598193/medium.jpeg,,"",,1,0,false,2,"Alabama, US",34.7287027256,-86.668915363,,,,,28790,obscured,,true,gps,gps,Kudzu Bug,Megacopta cribraria,Kudzu Bug,Insecta,209176
201608304,7d7f185c-07e3-4e12-80eb-cf73d727b499,2024-02-24 13:03:00-05:00,2024-02-24,2024-02-24 18:03:00 UTC,Eastern Time (US & Canada),7719129,paliceyn,,2024-03-07 20:37:01 UTC,2024-03-24 16:35:07 UTC,research,CC-BY-NC,https://www.inaturalist.org/observations/201608304,https://inaturalist-open-data.s3.amazonaws.com/photos/355915143/medium.jpg,,"","",3,0,false,3,"Myrtle Grove Sound, Wilmington, NC, US",34.1005079808,-77.8798999243,2504,,,,2504,,,false,,,Kudzu Bug,Megacopta cribraria,Kudzu Bug,Insecta,209176
201688133,f5f08262-e5d8-44ff-884b-1f4e212b0b21,2024-03-08 11:31:27-05:00,2024-03-08,2024-03-08 16:31:27 UTC,Eastern Time (US & Canada),7077823,knightdp3,,2024-03-08 16:31:43 UTC,2025-01-13 03:04:54 UTC,research,,https://www.inaturalist.org/observations/201688133,https://static.inaturalist.org/photos/356069916/medium.jpg,,"","",2,0,false,3,"Cdp Industrial Blvd, Grovetown, GA, US",33.4765310644,-82.1344411711,10,,,,10,,,false,,,Kudzu Bug,Megacopta cribraria,Kudzu Bug,Insecta,209176
201863390,a5cc255f-5a67-4ad3-9101-67e509603e52,2024-03-08 13:42:23-05:00,2024-03-08,2024-03-08 18:42:23 UTC,Eastern Time (US & Canada),7719191,kaylapw,,2024-03-10 01:36:01 UTC,2024-03-11 09:31:59 UTC,research,CC-BY-NC,https://www.inaturalist.org/observations/201863390,https://inaturalist-open-data.s3.amazonaws.com/photos/356411975/medium.jpg,,"","",1,0,false,3,"Martin Luther King Jr Blvd, Chapel Hill, NC, US",35.9189616667,-79.0547638333,4,,,,4,,,false,,,Kudzu Bug,Megacopta cribraria,Kudzu Bug,Insecta,209176
201920785,c5413593-cb84-4e00-aa58-03533c00fef2,2024-03-10 10:49:30-04:00,2024-03-10,2024-03-10 14:49:30 UTC,Eastern Time (US & Canada),4394105,spineoil,,2024-03-10 14:49:38 UTC,2024-03-11 09:30:37 UTC,research,CC-BY-NC,https://www.inaturalist.org/observations/201920785,https://inaturalist-open-data.s3.amazonaws.com/photos/356524993/medium.jpg,,"","",1,0,false,3,"Emory University, Atlanta, GA, US",33.794575,-84.3179383333,29,,,,29,,,false,,,Kudzu Bug,Megacopta cribraria,Kudzu Bug,Insecta,209176
202013770,386473c1-116c-4939-886d-f28bd0c275b5,2024-03-10 15:30:15,2024-03-10,2024-03-10 19:30:15 UTC,Eastern Time (US & Canada),495411,helenadams,Helen Adams,2024-03-11 03:52:12 UTC,2024-03-15 14:17:48 UTC,research,,https://www.inaturalist.org/observations/202013770,https://static.inaturalist.org/photos/356703468/medium.jpeg,,"",,2,0,false,2,"Laurinburg, NC 28352, USA",34.8190070493,-79.4987054542,2116,,,,2116,,,false,gps,gps,Kudzu Bug,Megacopta cribraria,Kudzu Bug,Insecta,209176
202068811,407eb415-cd7a-4fb0-a303-0835233fb029,2024-03-11 13:47:11-04:00,2024-03-11,2024-03-11 17:47:11 UTC,Eastern Time (US & Canada),7735184,cgrantham08,,2024-03-11 17:49:56 UTC,2024-03-11 22:44:58 UTC,research,CC-BY-NC,https://www.inaturalist.org/observations/202068811,https://inaturalist-open-data.s3.amazonaws.com/photos/356810291/medium.jpg,,"","",2,0,false,3,"Artisan Pl, Athens, GA, US",33.9708518613,-83.3744745576,4,,,,4,,,false,,,Kudzu Bug,Megacopta cribraria,Kudzu Bug,Insecta,209176
202190641,3e8095e8-745e-4c64-8e33-b2f923c56731,2024/03/12 1:03 PM,2024-03-12,2024-03-12 17:03:00 UTC,Eastern Time (US & Canada),4446031,heatherelle,Heatherelle,2024-03-12 19:21:19 UTC,2025-07-13 22:29:06 UTC,research,CC-BY-NC,https://www.inaturalist.org/observations/202190641,https://inaturalist-open-data.s3.amazonaws.com/photos/357048436/medium.jpg,,"",,2,0,false,,"Athens, GA, USA",33.9417186014,-83.3666665293,15,,,,15,,,false,,,Kudzu Bug,Megacopta cribraria,Kudzu Bug,Insecta,209176
202197172,207cf7a5-98f7-467c-bef1-94a2d0648e03,2024-03-12 16:15:19-04:00,2024-03-12,2024-03-12 20:15:19 UTC,Eastern Time (US & Canada),247924,fmmonk,Francis Stiteler,2024-03-12 20:18:47 UTC,2024-04-02 23:26:14 UTC,research,CC-BY-NC,https://www.inaturalist.org/observations/202197172,https://inaturalist-open-data.s3.amazonaws.com/photos/357061287/medium.jpg,,"","",1,0,false,3,"SR-212, Conyers, GA, US",33.5912216083,-84.0730023757,7,,,,7,,,false,,,Kudzu Bug,Megacopta cribraria,Kudzu Bug,Insecta,209176
202199469,40b6c2f9-7048-4ca0-a857-5b6856cf7f51,2024-03-12 16:36:02-04:00,2024-03-12,2024-03-12 20:36:02 UTC,Eastern Time (US & Canada),5031175,snailtime,,2024-03-12 20:38:57 UTC,2024-03-13 11:27:34 UTC,research,CC-BY-NC,https://www.inaturalist.org/observations/202199469,https://inaturalist-open-data.s3.amazonaws.com/photos/357065896/medium.jpg,,"","",2,0,false,3,"Waterview Ave, Richmond, VA, US",37.5330550026,-77.45755,20,,,,20,,,false,,,Kudzu Bug,Megacopta cribraria,Kudzu Bug,Insecta,209176
202202885,7d65212d-8c56-4577-b085-40cfb9c85530,2024-03-12 17:07:05-04:00,2024-03-12,2024-03-12 21:07:05 UTC,Eastern Time (US & Canada),1285731,ellesbells,,2024-03-12 21:08:05 UTC,2024-03-13 11:26:40 UTC,research,,https://www.inaturalist.org/observations/202202885,https://static.inaturalist.org/photos/357073389/medium.jpg,,"","",2,0,false,3,"Evans St, Greenville, NC, US",35.6121866667,-77.3727416667,4429,,,,4429,,,false,,,Kudzu Bug,Megacopta cribraria,Kudzu Bug,Insecta,209176
202205969,2829201e-3705-41e0-9f72-e1c33af4f11f,2024-03-12 14:44:03-04:00,2024-03-12,2024-03-12 18:44:03 UTC,Eastern Time (US & Canada),7715362,berthajernigan1,Bertha Jernigan,2024-03-12 21:33:58 UTC,2024-03-13 11:25:34 UTC,research,CC-BY-NC,https://www.inaturalist.org/observations/202205969,https://inaturalist-open-data.s3.amazonaws.com/photos/357078630/medium.jpg,,"",Landed on my hand while walking..a little gross but yeah!,2,0,false,3,"UNC Greensboro, Greensboro, NC, US",36.0629388333,-79.810295,61,,,,61,,,false,,,Kudzu Bug,Megacopta cribraria,Kudzu Bug,Insecta,209176
202284301,c52d4ed0-2ff3-46ee-b068-48a6a33d36f3,2024-03-13 11:34:12-04:00,2024-03-13,2024-03-13 15:34:12 UTC,Eastern Time (US & Canada),7427497,isabella_i49,,2024-03-13 15:34:55 UTC,2024-03-15 11:54:37 UTC,research,CC-BY-NC,https://www.inaturalist.org/observations/202284301,https://inaturalist-open-data.s3.amazonaws.com/photos/357233526/medium.jpg,,"","",2,0,false,3,"Warren St, Greensboro, NC, US",36.0649778548,-79.8196101064,8,,,,8,,,false,,,Kudzu Bug,Megacopta cribraria,Kudzu Bug,Insecta,209176
202298230,05fddea5-ca12-4290-bd37-86f29bd45394,2024-03-13 13:38:53-04:00,2024-03-13,2024-03-13 17:38:53 UTC,Eastern Time (US & Canada),7865296,kjburris,,2024-03-13 17:39:13 UTC,2024-03-18 10:31:01 UTC,research,CC-BY-NC,https://www.inaturalist.org/observations/202298230,https://inaturalist-open-data.s3.amazonaws.com/photos/357259042/medium.jpg,,"",Bug,1,0,false,3,"Anderson, SC, US",34.5082134072,-82.6200002711,9,,,,9,,,false,,,Kudzu Bug,Megacopta cribraria,Kudzu Bug,Insecta,209176
202298271,7b33b89b-e47e-4ce1-ad47-c70f2122df75,2024-03-13 13:38:45-04:00,2024-03-13,2024-03-13 17:38:45 UTC,Eastern Time (US & Canada),7865577,giannamuro,,2024-03-13 17:39:32 UTC,2024-03-15 17:52:50 UTC,research,CC-BY-NC,https://www.inaturalist.org/observations/202298271,https://inaturalist-open-data.s3.amazonaws.com/photos/357259158/medium.jpg,,"","",2,0,false,3,"River Heights Cir, Anderson, SC, US",34.5082290564,-82.6202110202,7,,,,7,,,false,,,Kudzu Bug,Megacopta cribraria,Kudzu Bug,Insecta,209176
202299537,ee628fe1-9b77-4b38-b63c-4d12309454b4,2024-03-13 13:47:23-04:00,2024-03-13,2024-03-13 17:47:23 UTC,Eastern Time (US & Canada),7869498,kelly_hamlin,Kelly Hamlin,2024-03-13 17:50:10 UTC,2024-10-04 11:06:08 UTC,research,,https://www.inaturalist.org/observations/202299537,https://static.inaturalist.org/photos/357261747/medium.jpg,,"","",3,0,false,3,"Oak Branch Cir, Maiden, NC, US",35.5669116667,-81.0600278333,6,,,,6,,,false,,,Kudzu Bug,Megacopta cribraria,Kudzu Bug,Insecta,209176
202306572,147d5afd-96af-4ab3-b2a0-c20ff9a29202,2024-03-13 14:46:39-04:00,2024-03-13,2024-03-13 18:46:39 UTC,Eastern Time (US & Canada),2524374,oschapmn,,2024-03-13 18:48:27 UTC,2024-03-22 20:30:08 UTC,research,CC-BY-NC,https://www.inaturalist.org/observations/202306572,https://inaturalist-open-data.s3.amazonaws.com/photos/357275262/medium.jpg,,"","",2,0,false,3,"W Market St, Greensboro, NC, US",36.0740305,-79.8828583333,6,,,,6,,,false,,,Kudzu Bug,Megacopta cribraria,Kudzu Bug,Insecta,209176
202308595,06c94bd1-a663-48cc-b83c-ad03b9b7a6c4,2024-03-13 15:07:03-04:00,2024-03-13,2024-03-13 19:07:03 UTC,Eastern Time (US & Canada),7563469,neb03,,2024-03-13 19:07:14 UTC,2024-03-15 11:42:57 UTC,research,CC-BY-NC,https://www.inaturalist.org/observations/202308595,https://inaturalist-open-data.s3.amazonaws.com/photos/357279704/medium.jpg,,"","",3,0,false,3,"Georgia Institute of Technology, Atlanta, GA, US",33.7788612815,-84.3977124431,9,,,,9,,,false,,,Kudzu Bug,Megacopta cribraria,Kudzu Bug,Insecta,209176
202309746,e8d72182-d807-4aa2-a0d2-55ab23ee8773,Wed Mar 13 2024 15:17:28 GMT -0400 (EDT),2024-03-13,2024-03-13 19:17:28 UTC,Eastern Time (US & Canada),3628602,oggabs,,2024-03-13 19:18:10 UTC,2024-03-15 11:42:39 UTC,research,CC-BY-NC,https://www.inaturalist.org/observations/202309746,https://inaturalist-open-data.s3.amazonaws.com/photos/357282241/medium.jpeg,,"",,2,0,false,333,Athens,33.9252624512,-83.3775100708,69,,,,69,,,false,,,Kudzu Bug,Megacopta cribraria,Kudzu Bug,Insecta,209176
202312460,6945c9c8-c165-442c-8f30-a829b41020f1,2024-03-13 15:39:46-04:00,2024-03-13,2024-03-13 19:39:46 UTC,Central Time (US & Canada),7748659,jenabug,,2024-03-13 19:40:17 UTC,2024-03-15 11:42:15 UTC,research,CC-BY-NC,https://www.inaturalist.org/observations/202312460,https://inaturalist-open-data.s3.amazonaws.com/photos/357287373/medium.jpg,,"","",2,0,false,3,"Auburn University, Auburn, AL, US",32.5997655545,-85.4863834099,35,,,,35,,,false,,,Kudzu Bug,Megacopta cribraria,Kudzu Bug,Insecta,209176
202313495,12eeb28f-2752-4e83-9649-e1c9082c4347,2024-03-13 15:46:57-04:00,2024-03-13,2024-03-13 19:46:57 UTC,Eastern Time (US & Canada),1918087,rlundqvist,Ryan L,2024-03-13 19:47:59 UTC,2024-03-15 11:41:49 UTC,research,,https://www.inaturalist.org/observations/202313495,https://static.inaturalist.org/photos/357289687/medium.jpg,,"","",2,0,false,3,"Georgia Institute of Technology, Atlanta, GA, US",33.7788789673,-84.4011716545,6,,,,6,,,false,,,Kudzu Bug,Megacopta cribraria,Kudzu Bug,Insecta,209176
202319422,c20e7214-b7c6-4fbe-91fa-d648efbe6454,2024-03-13 16:30:30,2024-03-13,2024-03-13 20:30:30 UTC,Eastern Time (US & Canada),6557769,lorasharkey,,2024-03-13 20:32:37 UTC,2024-03-15 11:41:03 UTC,research,CC-BY-NC,https://www.inaturalist.org/observations/202319422,https://inaturalist-open-data.s3.amazonaws.com/photos/357300748/medium.jpeg,,"",,2,0,false,2,"BLNG SPG LKS, NC 28461, USA",33.95753717,-78.02871833,6,,,,6,,,false,,,Kudzu Bug,Megacopta cribraria,Kudzu Bug,Insecta,209176
202325568,15b4597f-f40f-4670-98e4-50effe4ad6b0,2024-03-13 17:09:57,2024-03-13,2024-03-13 21:09:57 UTC,Eastern Time (US & Canada),7730314,karen_alondra,Karen Alondra Saavedra Salomon,2024-03-13 21:22:53 UTC,2024-03-15 18:01:49 UTC,research,,https://www.inaturalist.org/observations/202325568,https://static.inaturalist.org/photos/357312094/medium.jpeg,,"",Found it on our glass screen door ,2,0,false,2,"Clayton, NC 27527, USA",35.6856519997,-78.3863537,,,,,,,,false,gps,gps,Kudzu Bug,Megacopta cribraria,Kudzu Bug,Insecta,209176
202328396,a226fbcc-4ec6-4691-80de-3ae7c6b2da45,Wed Mar 13 2024 17:42:42 GMT -0400 (EDT),2024-03-13,2024-03-13 21:42:42 UTC,Eastern Time (US & Canada),521110,mike2lane,"",2024-03-13 21:43:09 UTC,2024-03-15 18:01:40 UTC,research,CC-BY-NC,https://www.inaturalist.org/observations/202328396,https://inaturalist-open-data.s3.amazonaws.com/photos/357317352/medium.jpeg,,"",,2,0,false,333,"South Carolina, US",34.9653063172,-81.3374763475,17,,,,28762,obscured,,true,,,Kudzu Bug,Megacopta cribraria,Kudzu Bug,Insecta,209176
202330698,44ae5eb2-b6a9-4969-a98e-aea94906d700,2024-03-13 17:23:29,2024-03-13,2024-03-13 21:23:29 UTC,Eastern Time (US & Canada),1630237,dmsandman,,2024-03-13 21:58:19 UTC,2024-03-15 17:49:31 UTC,research,CC-BY-NC,https://www.inaturalist.org/observations/202330698,https://inaturalist-open-data.s3.amazonaws.com/photos/357375485/medium.jpeg,,"",,2,0,false,2,"Research Triangle Park, NC 27709, USA",35.89891493,-78.8554771,7,,,,7,,,false,,,Kudzu Bug,Megacopta cribraria,Kudzu Bug,Insecta,209176
202331135,8fdfea8d-a2be-46d2-a64d-7a8032f668b7,2024-03-13 18:00:35-04:00,2024-03-13,2024-03-13 22:00:35 UTC,Eastern Time (US & Canada),7752758,delaneyogden,Delaney Ogden,2024-03-13 22:01:19 UTC,2024-03-15 17:49:04 UTC,research,CC-BY-NC,https://www.inaturalist.org/observations/202331135,https://inaturalist-open-data.s3.amazonaws.com/photos/357322471/medium.jpg,,"","",3,0,false,3,"Spring St, Richmond, VA, US",37.5379416667,-77.4467466667,9,,,,9,,,false,,,Kudzu Bug,Megacopta cribraria,Kudzu Bug,Insecta,209176
202338309,ed35dd39-12eb-4a7b-966d-7dafb5277492,2024-03-13 16:55:53,2024-03-13,2024-03-13 20:55:53 UTC,Eastern Time (US & Canada),4350938,icopperbug,"",2024-03-13 22:59:10 UTC,2024-03-15 11:52:53 UTC,research,CC-BY-NC,https://www.inaturalist.org/observations/202338309,https://inaturalist-open-data.s3.amazonaws.com/photos/357335443/medium.jpeg,,"",,2,0,false,2,"Athens, GA 30605, USA",33.9417583333,-83.3659916667,,,,,,,,false,gps,gps,Kudzu Bug,Megacopta cribraria,Kudzu Bug,Insecta,209176
202338750,d04f3ffc-a527-4a85-9b08-ae0aaf3e53e2,2024-03-13 17:15:50,2024-03-13,2024-03-13 21:15:50 UTC,Eastern Time (US & Canada),4350938,icopperbug,"",2024-03-13 23:03:16 UTC,2024-03-15 11:52:52 UTC,research,CC-BY-NC,https://www.inaturalist.org/observations/202338750,https://inaturalist-open-data.s3.amazonaws.com/photos/357336331/medium.jpeg,,"",,2,0,false,2,"Athens, GA 30605, USA",33.9425333333,-83.3667472222,,,,,,,,false,gps,gps,Kudzu Bug,Megacopta cribraria,Kudzu Bug,Insecta,209176
202419403,2a90f8d8-8792-4bc2-9281-2c8039757283,2024/03/13 4:57 PM,2024-03-13,2024-03-13 20:57:00 UTC,Eastern Time (US & Canada),64286,supertiger,Leila Dasher,2024-03-14 16:51:59 UTC,2024-03-15 15:50:33 UTC,research,CC-BY,https://www.inaturalist.org/observations/202419403,https://inaturalist-open-data.s3.amazonaws.com/photos/357492433/medium.jpg,,"",,2,0,false,,"Georgia, US",33.7363062546,-83.2443596592,,,,,28930,obscured,,true,,,Kudzu Bug,Megacopta cribraria,Kudzu Bug,Insecta,209176
202424618,554e29c4-254c-457a-8dfe-5a770ddf605d,2024-03-12 13:46:34-04:00,2024-03-12,2024-03-12 17:46:34 UTC,Eastern Time (US & Canada),7750497,lwitzel,,2024-03-14 17:39:34 UTC,2024-04-22 19:29:26 UTC,research,CC-BY-NC,https://www.inaturalist.org/observations/202424618,https://inaturalist-open-data.s3.amazonaws.com/photos/357503256/medium.jpg,,"","",3,0,false,3,"University of South Carolina, Columbia, SC, US",33.9920733279,-81.0284240262,33,,,,33,,,false,,,Kudzu Bug,Megacopta cribraria,Kudzu Bug,Insecta,209176
202426224,899a93ac-7b4d-48e2-9708-c505953090c7,2024-03-12 14:53:17,2024-03-12,2024-03-12 18:53:17 UTC,Eastern Time (US & Canada),7717314,kitkat2296,Katherine Lee,2024-03-14 17:52:01 UTC,2024-04-15 21:42:35 UTC,research,CC-BY-NC,https://www.inaturalist.org/observations/202426224,https://inaturalist-open-data.s3.amazonaws.com/photos/357505868/medium.jpeg,,"",This was found outside my dorm. ,3,0,false,2,"Athens, GA 30605, USA",33.9475418,-83.3796458,,,,,,,,false,gps,gps,Kudzu Bug,Megacopta cribraria,Kudzu Bug,Insecta,209176
202431087,c459bead-cd9f-4f02-aaf2-a6bb03349061,2024-03-14 14:34:06-04:00,2024-03-14,2024-03-14 18:34:06 UTC,Eastern Time (US & Canada),7865608,benmease,,2024-03-14 18:35:10 UTC,2024-03-15 11:36:12 UTC,research,CC-BY-NC,https://www.inaturalist.org/observations/202431087,https://inaturalist-open-data.s3.amazonaws.com/photos/357514694/medium.jpg,,"","",2,0,false,3,"Clemson University, Clemson, SC, US",34.676975,-82.838225,4,,,,4,,,false,,,Kudzu Bug,Megacopta cribraria,Kudzu Bug,Insecta,209176
202435300,11fc6118-9220-41e8-9460-49898f0f1066,2024-03-14 15:06:26-04:00,2024-03-14,2024-03-14 19:06:26 UTC,Eastern Time (US & Canada),7743351,mia_barbieri,,2024-03-14 19:08:00 UTC,2024-03-15 11:35:27 UTC,research,CC-BY-NC,https://www.inaturalist.org/observations/202435300,https://inaturalist-open-data.s3.amazonaws.com/photos/357522569/medium.jpg,,"","",1,0,false,3,"Barber St, Athens, GA, US",33.9621820534,-83.384479154,6,,,,6,,,false,,,Kudzu Bug,Megacopta cribraria,Kudzu Bug,Insecta,209176
202440422,b49d5133-ae41-4c71-8b2a-e5380df9a41e,2024-03-14 15:49:26-04:00,2024-03-14,2024-03-14 19:49:26 UTC,Eastern Time (US & Canada),1720292,katemills,,2024-03-14 19:49:59 UTC,2024-03-15 11:34:52 UTC,research,CC-BY-NC,https://www.inaturalist.org/observations/202440422,https://inaturalist-open-data.s3.amazonaws.com/photos/357532223/medium.jpg,,"","",2,0,false,3,"University of Georgia, Athens, GA, US",33.9496995211,-83.3832373653,19,,,,19,,,false,,,Kudzu Bug,Megacopta cribraria,Kudzu Bug,Insecta,209176
202441251,6e33a39a-2991-40d0-88bc-4c752dccba46,2024-03-14 15:56:24-04:00,2024-03-14,2024-03-14 19:56:24 UTC,Eastern Time (US & Canada),7745745,mattiparker,,2024-03-14 19:56:28 UTC,2024-03-19 16:01:14 UTC,research,CC-BY-NC,https://www.inaturalist.org/observations/202441251,https://inaturalist-open-data.s3.amazonaws.com/photos/358818398/medium.jpg,,"","",3,0,false,3,"Springdale St, Athens, GA, US",33.9474336194,-83.3894214468,8,,,,8,,,false,,,Kudzu Bug,Megacopta cribraria,Kudzu Bug,Insecta,209176
202447102,4e9b2768-c9be-4268-bfc1-b069dd235aab,2024-03-14 15:59:51-04:00,2024-03-14,2024-03-14 19:59:51 UTC,Eastern Time (US & Canada),1597896,buggy_fae,"",2024-03-14 20:41:12 UTC,2024-03-27 22:58:46 UTC,research,CC-BY-NC,https://www.inaturalist.org/observations/202447102,https://inaturalist-open-data.s3.amazonaws.com/photos/357544849/medium.jpg,,"","",3,0,false,3,"Georgia, US",33.9948452446,-83.2899322345,33,,,,28902,obscured,,true,,,Kudzu Bug,Megacopta cribraria,Kudzu Bug,Insecta,209176
202450066,1cb1cc03-ff0c-45d6-84e1-921b4942baaf,2024/03/14 5:04 PM,2024-03-14,2024-03-14 21:04:00 UTC,Eastern Time (US & Canada),7863106,srinidhivan,,2024-03-14 21:06:15 UTC,2024-03-15 11:50:35 UTC,research,CC-BY-NC,https://www.inaturalist.org/observations/202450066,https://inaturalist-open-data.s3.amazonaws.com/photos/357550368/medium.jpeg,,"",,2,0,false,,"Athens, GA, USA",33.9448867677,-83.4449718108,184,,,,184,,,false,,,Kudzu Bug,Megacopta cribraria,Kudzu Bug,Insecta,209176
202453498,8de5e3f1-0182-4617-a734-c7801f4896d0,Thu Mar 14 2024 17:30:24 GMT-0400 (EDT),2024-03-14,2024-03-14 21:30:24 UTC,Eastern Time (US & Canada),1101098,andrewtrevor,,2024-03-14 21:33:16 UTC,2024-03-15 11:50:01 UTC,research,,https://www.inaturalist.org/observations/202453498,https://static.inaturalist.org/photos/357556843/medium.jpg,,"","",2,0,false,3,"N Queen St, Durham, NC, US",35.9980043287,-78.8935560076,40,,,,40,,,false,,,Kudzu Bug,Megacopta cribraria,Kudzu Bug,Insecta,209176
202466652,d74162a8-938f-4f60-a165-11d57bbf2408,2024/03/03 2:24 PM,2024-03-03,2024-03-03 19:24:00 UTC,Eastern Time (US & Canada),7794308,carolinecampbell03,,2024-03-14 23:22:52 UTC,2024-03-15 11:31:35 UTC,research,CC-BY-NC,https://www.inaturalist.org/observations/202466652,https://inaturalist-open-data.s3.amazonaws.com/photos/357582108/medium.jpg,,"",,2,0,false,,"Midtown - Downtown, Columbia, SC, USA",33.9924722222,-81.0220416667,4,,,,4,,,false,,,Kudzu Bug,Megacopta cribraria,Kudzu Bug,Insecta,209176
202541595,8d1609f2-1657-445c-9cad-4bc0da56fc81,2024-03-13 15:50:56-04:00,2024-03-13,2024-03-13 19:50:56 UTC,Eastern Time (US & Canada),7719193,penelopebrocco,,2024-03-15 16:26:20 UTC,2024-03-15 17:48:17 UTC,research,CC-BY-NC,https://www.inaturalist.org/observations/202541595,https://inaturalist-open-data.s3.amazonaws.com/photos/357726202/medium.jpg,,"","",1,0,false,3,"Hillsborough St, Chapel Hill, NC, US",35.9197383333,-79.0543528333,5,,,,5,,,false,,,Kudzu Bug,Megacopta cribraria,Kudzu Bug,Insecta,209176
202596111,2e41f6dc-1a83-4728-9772-8d2777fd8725,2024-03-15 16:43:13,2024-03-15,2024-03-15 20:43:13 UTC,Eastern Time (US & Canada),3486800,lichenprince,Kat,2024-03-16 00:44:41 UTC,2024-03-16 10:21:51 UTC,research,CC-BY-NC,https://www.inaturalist.org/observations/202596111,https://inaturalist-open-data.s3.amazonaws.com/photos/357830590/medium.jpeg,,"",,1,0,false,2,"Richmond city County, US-VA, US",37.5452093,-77.4357621,,,,,,,,false,,,Kudzu Bug,Megacopta cribraria,Kudzu Bug,Insecta,209176
202639026,9ed6b224-573d-433d-8c30-c4749c771f30,2024-03-11 23:38:01-04:00,2024-03-11,2024-03-12 03:38:01 UTC,Eastern Time (US & Canada),7140343,hattiehattie,Hattie Odell,2024-03-16 11:30:02 UTC,2024-03-17 11:30:24 UTC,research,CC-BY-NC,https://www.inaturalist.org/observations/202639026,https://inaturalist-open-data.s3.amazonaws.com/photos/357912627/medium.jpg,,"","",2,0,false,3,"Hale St, Greenville, SC, US",34.8271762878,-82.4163102009,24,,,,24,,,false,,,Kudzu Bug,Megacopta cribraria,Kudzu Bug,Insecta,209176
202653820,839f03e8-296b-4c75-a015-bf5a6155bdd7,2024/03/14 3:08 PM,2024-03-14,2024-03-14 19:08:00 UTC,Eastern Time (US & Canada),7219762,ice_cube79,,2024-03-16 14:03:42 UTC,2024-06-22 16:08:08 UTC,research,CC-BY-NC,https://www.inaturalist.org/observations/202653820,https://inaturalist-open-data.s3.amazonaws.com/photos/357854339/medium.jpeg,,"","",2,0,false,,"Cabarrus County, NC, USA",35.500914,-80.716621,265,,,,265,,,false,,manual,Kudzu Bug,Megacopta cribraria,Kudzu Bug,Insecta,209176
202661942,363dcb63-a0ce-4d03-92bb-371065425e47,2024/03/15 3:33 PM,2024-03-15,2024-03-15 19:33:00 UTC,Eastern Time (US & Canada),185467,emmakaminsky,,2024-03-16 15:11:02 UTC,2024-03-17 11:29:55 UTC,research,CC-BY-NC,https://www.inaturalist.org/observations/202661942,https://inaturalist-open-data.s3.amazonaws.com/photos/357953417/medium.jpg,,"",,2,0,false,,"Northwest Raleigh, Raleigh, NC, USA",35.813784876,-78.7153478336,15,,,,15,,,false,,,Kudzu Bug,Megacopta cribraria,Kudzu Bug,Insecta,209176
202706676,588581cb-5b2b-4db3-a880-c6dbfde7fc38,2024-03-16 16:00:37-04:00,2024-03-16,2024-03-16 20:00:37 UTC,Eastern Time (US & Canada),1428430,mllawing,,2024-03-16 20:01:21 UTC,2024-03-17 11:32:56 UTC,research,CC-BY-NC,https://www.inaturalist.org/observations/202706676,https://inaturalist-open-data.s3.amazonaws.com/photos/358035419/medium.jpg,,"","",1,0,false,3,"E Whitaker Mill Rd, Raleigh, NC, US",35.807925,-78.6224533333,205,,,,205,,,false,,,Kudzu Bug,Megacopta cribraria,Kudzu Bug,Insecta,209176
202710272,6ed20269-5f00-45cd-a288-0075ad6a3615,2024-03-16 16:25:51-04:00,2024-03-16,2024-03-16 20:25:51 UTC,Eastern Time (US & Canada),1334078,sgtbird08,James Hussey,2024-03-16 20:26:01 UTC,2024-03-17 09:28:19 UTC,research,CC-BY-NC,https://www.inaturalist.org/observations/202710272,https://inaturalist-open-data.s3.amazonaws.com/photos/358042160/medium.jpg,,"","",2,0,false,3,"W Broad St, Athens, GA, US",33.9516803157,-83.4008184239,2,,,,2,,,false,,,Kudzu Bug,Megacopta cribraria,Kudzu Bug,Insecta,209176
202744007,3735caa5-5567-43ff-89cb-5d02637758db,2024-03-13 16:12:25,2024-03-13,2024-03-13 20:12:25 UTC,Eastern Time (US & Canada),35662,ammodramus,Alicia Bachman,2024-03-17 00:24:50 UTC,2024-03-17 09:26:43 UTC,research,CC-BY-NC,https://www.inaturalist.org/observations/202744007,https://inaturalist-open-data.s3.amazonaws.com/photos/358108349/medium.jpeg,,"",,2,0,false,2,"Hamlet, NC 28345, USA",34.8438108866,-79.707913734,11382,,,,11382,,,false,gps,gps,Kudzu Bug,Megacopta cribraria,Kudzu Bug,Insecta,209176
202829922,afbea2a8-b572-40f9-a881-794c43b641ab,2024/03/14 4:26 PM,2024-03-14,2024-03-14 20:26:00 UTC,Eastern Time (US & Canada),7776847,jht48779,,2024-03-17 15:56:22 UTC,2024-03-17 22:56:01 UTC,research,CC-BY-NC,https://www.inaturalist.org/observations/202829922,https://inaturalist-open-data.s3.amazonaws.com/photos/358273194/medium.jpeg,,"",,2,0,false,,"Athens, GA, USA",33.9519347,-83.357567,14591,,,,14591,,,false,,,Kudzu Bug,Megacopta cribraria,Kudzu Bug,Insecta,209176
202850416,22a9af6e-95de-4897-9c82-8c2ff8a6722a,2024/02/26 2:20 PM,2024-02-26,2024-02-26 19:20:00 UTC,Eastern Time (US & Canada),7881507,reese-helfrich,,2024-03-17 18:07:27 UTC,2024-03-17 22:59:09 UTC,research,CC-BY-NC,https://www.inaturalist.org/observations/202850416,https://inaturalist-open-data.s3.amazonaws.com/photos/358311057/medium.jpg,,"",,2,0,false,,"Georgia, US",33.9128480767,-83.3293831238,4,,,,28902,obscured,,true,,,Kudzu Bug,Megacopta cribraria,Kudzu Bug,Insecta,209176
202853744,011bcd0f-b071-469a-aeab-13eb2f14a405,2024-03-17 14:03:58-04:00,2024-03-17,2024-03-17 18:03:58 UTC,Eastern Time (US & Canada),7811748,ashleyblalock07,,2024-03-17 18:27:31 UTC,2024-03-17 22:58:56 UTC,research,CC-BY-NC,https://www.inaturalist.org/observations/202853744,https://inaturalist-open-data.s3.amazonaws.com/photos/358317294/medium.jpg,,"","",2,0,false,3,"Windover Ln, Kennesaw, GA, US",34.026929,-84.615469,2631,,,,2631,,,false,,,Kudzu Bug,Megacopta cribraria,Kudzu Bug,Insecta,209176
202853890,2a3618c5-bc76-4b85-b18e-02f46e23b2f4,2024-03-15 14:41:18-04:00,2024-03-15,2024-03-15 18:41:18 UTC,Eastern Time (US & Canada),7881567,mah85779,,2024-03-17 18:28:03 UTC,2024-03-17 22:58:55 UTC,research,CC-BY-NC,https://www.inaturalist.org/observations/202853890,https://inaturalist-open-data.s3.amazonaws.com/photos/358317457/medium.jpg,,"","",2,0,false,3,"University of Georgia, Athens, GA, US",33.9513466667,-83.3755633333,18,,,,18,,,false,,,Kudzu Bug,Megacopta cribraria,Kudzu Bug,Insecta,209176
202859412,b975be86-8944-459e-a5b2-d241445b7270,Sun Mar 17 2024 15:01:19 GMT -0400 (EDT),2024-03-17,2024-03-17 19:01:19 UTC,Eastern Time (US & Canada),6272410,userkody,PoMan,2024-03-17 19:01:30 UTC,2025-04-11 19:21:17 UTC,research,CC-BY,https://www.inaturalist.org/observations/202859412,https://inaturalist-open-data.s3.amazonaws.com/photos/358327703/medium.jpeg,,"",,2,0,false,333,Gainesville,34.2460327148,-84.0175628662,7,,,,7,,,false,,,Kudzu Bug,Megacopta cribraria,Kudzu Bug,Insecta,209176
202862529,510784cb-450e-4037-98fb-d1e9f698516d,2024-03-17 15:19:09-04:00,2024-03-17,2024-03-17 19:19:09 UTC,Eastern Time (US & Canada),7865313,kacicrosby,,2024-03-17 19:20:04 UTC,2024-03-17 22:57:19 UTC,research,CC-BY-NC,https://www.inaturalist.org/observations/202862529,https://inaturalist-open-data.s3.amazonaws.com/photos/358333931/medium.jpg,,"","",2,0,false,3,"N Boulevard, Anderson, SC, US",34.5205130661,-82.6554049629,5,,,,5,,,false,,,Kudzu Bug,Megacopta cribraria,Kudzu Bug,Insecta,209176
202874740,b21d0064-01db-450d-83c6-396a47b1179d,2024-03-12 16:36:00-04:00,2024-03-12,2024-03-12 20:36:00 UTC,Eastern Time (US & Canada),7865274,weston05,,2024-03-17 20:37:13 UTC,2024-03-17 22:54:13 UTC,research,CC-BY-NC,https://www.inaturalist.org/observations/202874740,https://inaturalist-open-data.s3.amazonaws.com/photos/358356814/medium.jpg,,"","",2,0,false,3,"Virginia Cir, Anderson, SC, US",34.5114872642,-82.632892018,201,,,,201,,,false,,,Kudzu Bug,Megacopta cribraria,Kudzu Bug,Insecta,209176
202881331,1ed6c8dd-d827-44ef-9d32-292088321a7f,2024-03-16 16:21:00-04:00,2024-03-16,2024-03-16 20:21:00 UTC,Eastern Time (US & Canada),7865252,bmcloud,,2024-03-17 21:21:26 UTC,2024-03-17 22:53:20 UTC,research,CC-BY-NC,https://www.inaturalist.org/observations/202881331,https://inaturalist-open-data.s3.amazonaws.com/photos/358369450/medium.jpg,,"","",1,0,false,3,"Williamston Rd, Anderson, SC, US",34.5111701637,-82.6273011433,46,,,,46,,,false,,,Kudzu Bug,Megacopta cribraria,Kudzu Bug,Insecta,209176
202889268,d934da72-fa61-4f07-b576-921b3f8ed5e1,2024-03-13 14:39:10-04:00,2024-03-13,2024-03-13 18:39:10 UTC,Eastern Time (US & Canada),7865253,dclamp22,,2024-03-17 22:14:05 UTC,2024-03-17 22:52:32 UTC,research,,https://www.inaturalist.org/observations/202889268,https://static.inaturalist.org/photos/358385458/medium.jpg,,"","",1,0,false,3,"Anderson University, Anderson, SC, US",34.5153366667,-82.637895,35,,,,35,,,false,,,Kudzu Bug,Megacopta cribraria,Kudzu Bug,Insecta,209176
202986275,91ff7e16-6378-4754-8197-b0ea79fbfe78,2024/03/13 6:53 PM,2024-03-13,2024-03-13 22:53:00 UTC,Eastern Time (US & Canada),5491952,pladacryptus_wandatus,,2024-03-18 16:22:47 UTC,2024-03-19 10:01:13 UTC,research,CC-BY-NC-SA,https://www.inaturalist.org/observations/202986275,https://inaturalist-open-data.s3.amazonaws.com/photos/358573073/medium.jpeg,,"",On a wooden handrail. One wing was sticking out of its wing-case.,2,0,false,,"North Carolina, US",35.9436358251,-78.4682824117,50000,,,,50000,obscured,,true,,,Kudzu Bug,Megacopta cribraria,Kudzu Bug,Insecta,209176
203005355,be280fff-92c3-49fd-abb6-ba21ff471612,2024-03-13 14:21:46-04:00,2024-03-13,2024-03-13 18:21:46 UTC,Eastern Time (US & Canada),7752653,rbaker4,,2024-03-18 18:52:36 UTC,2024-03-21 14:17:39 UTC,research,CC-BY-NC,https://www.inaturalist.org/observations/203005355,https://inaturalist-open-data.s3.amazonaws.com/photos/359255422/medium.jpg,,"","",1,0,false,3,"Belle Isle, Richmond, VA, US",37.52475,-77.4549383333,466,,,,466,,,false,,,Kudzu Bug,Megacopta cribraria,Kudzu Bug,Insecta,209176
203187777,2ed0a556-1f95-44c1-89dc-0e9e1b2088d5,2024-03-04 13:31:06-06:00,2024-03-04,2024-03-04 19:31:06 UTC,Central Time (US & Canada),2611755,gr0mmy,"",2024-03-20 02:51:04 UTC,2024-03-21 10:11:37 UTC,research,CC-BY,https://www.inaturalist.org/observations/203187777,https://inaturalist-open-data.s3.amazonaws.com/photos/358958641/medium.jpg,,"","",2,0,false,3,"The University of Alabama at Birmingham, Birmingham, AL, US",33.4999116667,-86.8034883333,5,,,,5,,,false,,,Kudzu Bug,Megacopta cribraria,Kudzu Bug,Insecta,209176
203252079,c07afd64-dbac-4643-bb79-c3ae70e8f1d0,2024-03-20 13:39:24-04:00,2024-03-20,2024-03-20 17:39:24 UTC,Eastern Time (US & Canada),7832078,ellapascale,,2024-03-20 17:40:52 UTC,2024-03-21 10:10:38 UTC,research,CC-BY-NC,https://www.inaturalist.org/observations/203252079,https://inaturalist-open-data.s3.amazonaws.com/photos/359081315/medium.jpg,,"","",1,0,false,3,"Madison Heights, Athens, GA, US",33.9680268324,-83.3716969143,33,,,,33,,,false,,,Kudzu Bug,Megacopta cribraria,Kudzu Bug,Insecta,209176
203254195,fcb5b160-253e-4ab2-9979-1ea78b54e3a9,2024-03-20 13:56:17-04:00,2024-03-20,2024-03-20 17:56:17 UTC,Eastern Time (US & Canada),7825979,azmaveth_cruz,Azmaveth Cruz,2024-03-20 17:56:45 UTC,2024-03-22 14:11:07 UTC,research,,https://www.inaturalist.org/observations/203254195,https://static.inaturalist.org/photos/359085097/medium.jpg,,"","",2,0,false,3,"Davidson College, Davidson, NC, US",35.4988919339,-80.8398204391,17,,,,17,,,false,,,Kudzu Bug,Megacopta cribraria,Kudzu Bug,Insecta,209176
203262215,415f8032-1b1a-4fbb-880f-1e69cf081530,2024-03-17 13:29:39-04:00,2024-03-17,2024-03-17 17:29:39 UTC,Eastern Time (US & Canada),2879067,ism14,"",2024-03-20 19:02:06 UTC,2024-03-21 10:09:56 UTC,research,CC-BY-NC,https://www.inaturalist.org/observations/203262215,https://inaturalist-open-data.s3.amazonaws.com/photos/359099693/medium.jpg,,"","",2,0,false,3,"NC-16, Conover, NC, US",35.8198783333,-81.1877833333,58,,,,58,,,false,,,Kudzu Bug,Megacopta cribraria,Kudzu Bug,Insecta,209176
203273595,455dc2a3-b6fa-4459-9ff9-be4067870e6a,2024-03-20 16:42:32-04:00,2024-03-20,2024-03-20 20:42:32 UTC,Eastern Time (US & Canada),7732778,ethanyc,,2024-03-20 20:43:01 UTC,2024-03-22 14:10:55 UTC,research,CC-BY-NC,https://www.inaturalist.org/observations/203273595,https://inaturalist-open-data.s3.amazonaws.com/photos/359120635/medium.jpg,,"","",2,0,false,3,"Church St, Chapel Hill, NC, US",35.9136787104,-79.0601351113,4,,,,4,,,false,,,Kudzu Bug,Megacopta cribraria,Kudzu Bug,Insecta,209176
203284689,57ff9c6c-c597-473c-9ce9-37346bcfde99,2024-03-20 18:15:12-04:00,2024-03-20,2024-03-20 22:15:12 UTC,Eastern Time (US & Canada),5018080,krasik,,2024-03-20 22:19:42 UTC,2024-03-21 14:14:15 UTC,research,CC-BY,https://www.inaturalist.org/observations/203284689,https://inaturalist-open-data.s3.amazonaws.com/photos/359141691/medium.jpg,,"","",2,0,false,3,"University of South Carolina, Columbia, SC, US",33.9957166667,-81.0302666667,4,,,,4,,,false,,,Kudzu Bug,Megacopta cribraria,Kudzu Bug,Insecta,209176
203302995,24bf6ee1-9b10-4ecf-8f19-326994413406,2024/03/14 1:51 AM,2024-03-14,2024-03-14 05:51:00 UTC,Eastern Time (US & Canada),7852850,walkeru,,2024-03-21 01:20:54 UTC,2024-03-21 10:09:03 UTC,research,CC-BY-NC,https://www.inaturalist.org/observations/203302995,https://inaturalist-open-data.s3.amazonaws.com/photos/359176997/medium.jpg,,"",Hemiptera Order,2,0,false,,"Athens, GA, USA",33.9549416667,-83.3612222222,7,,,,7,,,false,,,Kudzu Bug,Megacopta cribraria,Kudzu Bug,Insecta,209176
203380229,2b5820e8-248d-4f01-abea-8ab24786fabc,2024-03-21 14:33:21,2024-03-21,2024-03-21 18:33:21 UTC,Eastern Time (US & Canada),3150470,jonthebug,Jon,2024-03-21 18:42:06 UTC,2024-03-22 14:10:35 UTC,research,CC-BY-NC,https://www.inaturalist.org/observations/203380229,https://inaturalist-open-data.s3.amazonaws.com/photos/359325993/medium.jpeg,,"",,2,0,false,2,29625,34.5842813441,-82.7994194627,14704,,,,14704,,,false,gps,gps,Kudzu Bug,Megacopta cribraria,Kudzu Bug,Insecta,209176
203388820,86e305cf-6c0a-434b-b9ed-4d21c341d6b1,2024-03-21 15:58:52-04:00,2024-03-21,2024-03-21 19:58:52 UTC,Eastern Time (US & Canada),7865604,makaylaott,,2024-03-21 19:58:57 UTC,2024-03-22 11:20:24 UTC,research,CC-BY-NC,https://www.inaturalist.org/observations/203388820,https://inaturalist-open-data.s3.amazonaws.com/photos/359343122/medium.jpg,,"","",2,0,false,3,"Williamston Rd, Anderson, SC, US",34.511189464,-82.6280085019,4,,,,4,,,false,,,Kudzu Bug,Megacopta cribraria,Kudzu Bug,Insecta,209176
203396213,aeb61020-1cd6-4f98-9aea-5ba5a446e129,2024-03-21 17:04:25,2024-03-21,2024-03-21 21:04:25 UTC,Eastern Time (US & Canada),1000228,casterapple,Jessica Castro-Rappl,2024-03-21 21:05:00 UTC,2024-03-24 13:27:20 UTC,research,,https://www.inaturalist.org/observations/203396213,https://static.inaturalist.org/photos/359356024/medium.jpeg,,"",,2,0,false,2,"North Carolina, US",35.8463713453,-78.8292198625,,,,,28620,obscured,,true,gps,gps,Kudzu Bug,Megacopta cribraria,Kudzu Bug,Insecta,209176
203405870,1041aa55-2a05-4b1e-8363-1cdc89f49f02,2024/03/21 6:32 PM,2024-03-21,2024-03-21 23:32:00 UTC,Central Time (US & Canada),7885458,norratch,,2024-03-21 22:33:54 UTC,2024-03-22 11:26:34 UTC,research,CC-BY-NC,https://www.inaturalist.org/observations/203405870,https://inaturalist-open-data.s3.amazonaws.com/photos/359374328/medium.jpg,,"",,2,0,false,,"Lincoln County, TN, USA",35.2187647507,-86.4411155184,62500,,,,62500,,,false,,,Kudzu Bug,Megacopta cribraria,Kudzu Bug,Insecta,209176
203498135,5e0ea7aa-2d3f-4361-aa6e-bc08c915cd8c,Fri Mar 22 2024 14:44:12 GMT -0400 (EDT),2024-03-22,2024-03-22 18:44:12 UTC,Eastern Time (US & Canada),7704154,kerakis,,2024-03-22 18:44:20 UTC,2024-03-24 14:26:40 UTC,research,CC-BY-NC,https://www.inaturalist.org/observations/203498135,https://inaturalist-open-data.s3.amazonaws.com/photos/359708838/medium.jpeg,,"",,2,0,false,333,Oak Ridge,36.0010986328,-84.1868591309,118,,,,118,,,false,,,Kudzu Bug,Megacopta cribraria,Kudzu Bug,Insecta,209176
203637934,1ceeffea-5c7f-4f7d-b6c8-5f7d871a71e7,2024-03-23 15:46:38,2024-03-23,2024-03-23 19:46:38 UTC,Eastern Time (US & Canada),53153,willkuhn,Will Kuhn,2024-03-23 20:07:25 UTC,2024-03-24 14:25:05 UTC,research,CC-BY,https://www.inaturalist.org/observations/203637934,https://inaturalist-open-data.s3.amazonaws.com/photos/359817275/medium.jpeg,,"",Sheltering on this [Prunus tree](https://www.inaturalist.org/observations/40980577),1,0,false,2,"Karns, TN 37921, USA",36.0003130997,-84.0197067,,,,,,,,false,gps,gps,Kudzu Bug,Megacopta cribraria,Kudzu Bug,Insecta,209176
203666006,6cd72d18-8e45-4730-8def-ab3ddeaa024c,2024-03-16 16:40:13,2024-03-16,2024-03-16 20:40:13 UTC,Eastern Time (US & Canada),4350938,icopperbug,"",2024-03-23 23:41:18 UTC,2024-03-24 14:28:56 UTC,research,CC-BY-NC,https://www.inaturalist.org/observations/203666006,https://inaturalist-open-data.s3.amazonaws.com/photos/359872651/medium.jpeg,,"",,2,0,false,2,"Athens, GA 30601, USA",33.9547319722,-83.369291,,,,,,,,false,gps,gps,Kudzu Bug,Megacopta cribraria,Kudzu Bug,Insecta,209176
203728356,f2d09fef-334b-4efd-9dd9-3340079f997c,2024-03-24 08:48:39-04:00,2024-03-24,2024-03-24 12:48:39 UTC,Eastern Time (US & Canada),7717111,vikcytoria,,2024-03-24 12:49:09 UTC,2024-04-10 14:33:26 UTC,research,CC-BY-NC,https://www.inaturalist.org/observations/203728356,https://inaturalist-open-data.s3.amazonaws.com/photos/359995273/medium.jpg,,"","",2,0,false,3,"Carowinds, Charlotte, NC, US",35.0995559446,-80.9468926845,34,,,,34,,,false,,,Kudzu Bug,Megacopta cribraria,Kudzu Bug,Insecta,209176
203737127,0c6c5b93-d7e5-4d38-9d3d-884f65fa860c,2024-03-23 17:38:00-05:00,2024-03-23,2024-03-23 22:38:00 UTC,Central Time (US & Canada),7728813,eam0138,,2024-03-24 14:06:05 UTC,2024-03-25 16:34:32 UTC,research,CC-BY-NC,https://www.inaturalist.org/observations/203737127,https://inaturalist-open-data.s3.amazonaws.com/photos/360011689/medium.jpg,,"","",2,0,false,3,"Auburn University, Auburn, AL, US",32.6029033333,-85.4844133333,4,,,,4,,,false,,,Kudzu Bug,Megacopta cribraria,Kudzu Bug,Insecta,209176
203781985,b4d78cad-0630-400b-a821-eb0497b915dd,2024/03/21 5:24 PM,2024-03-21,2024-03-21 21:24:00 UTC,Eastern Time (US & Canada),3391632,rtklymlcoop,tom kelley,2024-03-24 19:22:55 UTC,2024-03-25 10:04:19 UTC,research,CC-BY-NC,https://www.inaturalist.org/observations/203781985,https://inaturalist-open-data.s3.amazonaws.com/photos/360092232/medium.jpeg,,"",,1,0,false,,"Miccosukee Land Cooperative, FL 32309, USA",30.5210888889,-84.1154472222,4,,,,4,,,false,,,Kudzu Bug,Megacopta cribraria,Kudzu Bug,Insecta,209176
203799839,239fd0d4-67df-4891-8a3b-cb42bb469211,2024-03-24 17:18:20-04:00,2024-03-24,2024-03-24 21:18:20 UTC,Eastern Time (US & Canada),7740844,adithya_rajendran,,2024-03-24 21:18:44 UTC,2024-03-25 10:09:12 UTC,research,CC-BY-NC,https://www.inaturalist.org/observations/203799839,https://inaturalist-open-data.s3.amazonaws.com/photos/360128548/medium.jpg,,"","",1,0,false,3,"McMasters St, Chapel Hill, NC, US",35.917533841,-79.0649233573,3,,,,3,,,false,,,Kudzu Bug,Megacopta cribraria,Kudzu Bug,Insecta,209176
203799947,85d1fff2-7f5c-44fc-be11-4129518ede28,2024-03-24 17:18:59-04:00,2024-03-24,2024-03-24 21:18:59 UTC,Eastern Time (US & Canada),7740844,adithya_rajendran,,2024-03-24 21:19:12 UTC,2024-03-25 10:09:07 UTC,research,CC-BY-NC,https://www.inaturalist.org/observations/203799947,https://inaturalist-open-data.s3.amazonaws.com/photos/360128683/medium.jpg,,"","",1,0,false,3,"McMasters St, Chapel Hill, NC, US",35.9175612498,-79.0649025702,3,,,,3,,,false,,,Kudzu Bug,Megacopta cribraria,Kudzu Bug,Insecta,209176
203828260,2f3ecdfa-a296-4863-8d25-bc3d18ece76f,2024/03/21 5:29 PM,2024-03-21,2024-03-21 21:29:00 UTC,Eastern Time (US & Canada),7729695,ashleywood,,2024-03-25 00:46:02 UTC,2024-03-25 10:03:12 UTC,research,CC-BY-NC,https://www.inaturalist.org/observations/203828260,https://inaturalist-open-data.s3.amazonaws.com/photos/360181182/medium.jpg,,"",Hemiptera,1,0,false,,"Athens, GA, USA",33.9519347,-83.357567,14591,,,,14591,,,false,,,Kudzu Bug,Megacopta cribraria,Kudzu Bug,Insecta,209176
204090683,fc2dda22-b630-4f9e-9966-dd250d2f58bc,Tue Mar 26 2024 21:09:56 GMT -0400 (EDT),2024-03-26,2024-03-27 01:09:56 UTC,Eastern Time (US & Canada),7767108,reevesfoster,,2024-03-27 01:10:18 UTC,2024-03-28 17:58:16 UTC,research,CC-BY-NC,https://www.inaturalist.org/observations/204090683,https://inaturalist-open-data.s3.amazonaws.com/photos/360689559/medium.jpeg,,"",,2,0,false,333,Athens,33.9577636719,-83.3821182251,35,,,,35,,,false,,,Kudzu Bug,Megacopta cribraria,Kudzu Bug,Insecta,209176
204130982,fd82f5e7-699b-4b86-bda1-e7f7a8d2535a,2024/03/23 2:20 PM,2024-03-23,2024-03-23 18:20:00 UTC,Eastern Time (US & Canada),1262502,peroed,Peter Edelman,2024-03-27 11:50:00 UTC,2024-03-28 17:57:17 UTC,research,CC-BY-NC,https://www.inaturalist.org/observations/204130982,https://inaturalist-open-data.s3.amazonaws.com/photos/360768215/medium.jpg,,"",5mm body length.  n leaf litter near road,2,0,false,,"Forsyth County, GA, USA",34.10563,-84.24461,9,,,,9,,,false,,,Kudzu Bug,Megacopta cribraria,Kudzu Bug,Insecta,209176
204172627,8968c58a-3275-4668-a51e-d992a7e1fa4f,2024-03-27 14:30:29-04:00,2024-03-27,2024-03-27 18:30:29 UTC,Eastern Time (US & Canada),2807184,northerly,northerly,2024-03-27 18:32:25 UTC,2025-05-26 23:09:25 UTC,research,CC-BY,https://www.inaturalist.org/observations/204172627,https://inaturalist-open-data.s3.amazonaws.com/photos/360844885/medium.jpg,,"",Window hitchhiker,1,0,false,3,"Cobb Pkwy N, Marietta, GA, US",33.9791616667,-84.5539083333,4,,,,4,,,false,,,Kudzu Bug,Megacopta cribraria,Kudzu Bug,Insecta,209176
204200355,256e7b9c-c2a9-426d-96b5-132e93584b59,2024-03-27 18:42:07-04:00,2024-03-27,2024-03-27 22:42:07 UTC,Eastern Time (US & Canada),1334078,sgtbird08,James Hussey,2024-03-27 22:43:00 UTC,2024-03-27 22:49:01 UTC,research,CC-BY-NC,https://www.inaturalist.org/observations/204200355,https://inaturalist-open-data.s3.amazonaws.com/photos/360898628/medium.jpg,,"","Aggregation on Wisteria, must be hundreds across the entire plant",1,0,false,3,"Cedar Shoals Dr, Athens, GA, US",33.9118523724,-83.3145081018,4,,,,4,,,false,,,Kudzu Bug,Megacopta cribraria,Kudzu Bug,Insecta,209176
204302254,bc70c5c3-574e-4f7b-8b16-ef4fca75c84c,2024/03/28 3:03 PM,2024-03-28,2024-03-28 19:03:00 UTC,Eastern Time (US & Canada),6388227,tartdragon,,2024-03-28 19:34:33 UTC,2024-04-01 21:50:51 UTC,research,CC-BY-NC,https://www.inaturalist.org/observations/204302254,https://inaturalist-open-data.s3.amazonaws.com/photos/361094576/medium.jpg,,"Megacopta cribraria, Kudzu bug, Megacopta",,3,0,false,,"KSU, Kennesaw, GA",34.0278923513,-84.5853006373,195,,,,195,,,false,,,Kudzu Bug,Megacopta cribraria,Kudzu Bug,Insecta,209176
204446322,4b646cc5-e751-429a-92ce-1eb9f7af2c85,2024/03/29 2:46 PM,2024-03-29,2024-03-29 19:46:00 UTC,Central Time (US & Canada),929743,a24,a f,2024-03-29 20:19:24 UTC,2024-03-30 11:10:31 UTC,research,CC-BY-NC,https://www.inaturalist.org/observations/204446322,https://inaturalist-open-data.s3.amazonaws.com/photos/361371556/medium.jpeg,,"",,2,0,false,,"Wildwood, AL 36278, USA",33.4434448,-85.5799563,195,,,,195,,,false,,,Kudzu Bug,Megacopta cribraria,Kudzu Bug,Insecta,209176
204452379,ed88d097-65fd-42c6-a914-2017a3264428,2024-03-29 17:02:30-04:00,2024-03-29,2024-03-29 21:02:30 UTC,Eastern Time (US & Canada),5673552,middlematt7,,2024-03-29 21:02:39 UTC,2024-03-31 12:22:05 UTC,research,CC-BY-NC,https://www.inaturalist.org/observations/204452379,https://inaturalist-open-data.s3.amazonaws.com/photos/361384530/medium.jpg,,"","",2,0,false,3,"Hicks Dr SE, Rome, GA, US",34.2528786091,-85.1612165664,4,,,,4,,,false,,,Kudzu Bug,Megacopta cribraria,Kudzu Bug,Insecta,209176
204460921,43a7fcff-c648-4dd9-b054-2aec6e9134f5,2024-03-29 18:01:25-04:00,2024-03-29,2024-03-29 22:01:25 UTC,Eastern Time (US & Canada),613363,jennifer362,Jennifer Schlicher Ebert,2024-03-29 22:02:21 UTC,2024-03-30 11:08:46 UTC,research,,https://www.inaturalist.org/observations/204460921,https://static.inaturalist.org/photos/361400621/medium.jpg,,"","",2,0,false,3,"Park Ridge Blvd, Rock Hill, SC, US",34.940612207,-81.1022724052,35,,,,35,,,false,,,Kudzu Bug,Megacopta cribraria,Kudzu Bug,Insecta,209176
204526619,f04b026b-b10a-4b47-a50b-a46eced7edc0,2024-03-29 16:19:52-05:00,2024-03-29,2024-03-29 21:19:52 UTC,Central Time (US & Canada),1257717,oeserjk,Ken Oeser,2024-03-30 10:19:27 UTC,2024-03-30 11:03:01 UTC,research,,https://www.inaturalist.org/observations/204526619,https://static.inaturalist.org/photos/361530718/medium.jpg,,"","",2,0,false,3,"Shelby Park, Nashville, TN, US",36.1644166667,-86.7367466667,4,,,,4,,,false,,,Kudzu Bug,Megacopta cribraria,Kudzu Bug,Insecta,209176
204543537,7367994b-e887-43d5-9b84-9c383ebc308c,2024-03-29 17:13:39-04:00,2024-03-29,2024-03-29 21:13:39 UTC,Eastern Time (US & Canada),7737190,dleonard9,,2024-03-30 13:10:47 UTC,2024-04-10 14:33:19 UTC,research,CC-BY-NC,https://www.inaturalist.org/observations/204543537,https://inaturalist-open-data.s3.amazonaws.com/photos/361560181/medium.jpg,,"","",2,0,false,3,"Northside Hospital Duluth, Duluth, GA, US",33.9998389724,-84.1625547554,37,,,,37,,,false,,,Kudzu Bug,Megacopta cribraria,Kudzu Bug,Insecta,209176
204598811,ad866c3e-0ebd-4998-97f2-c1249ff82eb4,2024-03-30 14:51:38-04:00,2024-03-30,2024-03-30 18:51:38 UTC,Eastern Time (US & Canada),622053,joebrenzel,,2024-03-30 18:51:46 UTC,2024-03-31 11:43:59 UTC,research,,https://www.inaturalist.org/observations/204598811,https://static.inaturalist.org/photos/361660456/medium.jpg,,"","",1,0,false,3,"Deerfoot Dr, Gatlinburg, TN, US",35.7351031015,-83.4987538309,8,,,,8,,,false,,,Kudzu Bug,Megacopta cribraria,Kudzu Bug,Insecta,209176
204612944,66f4e243-f12a-4b63-8789-a4e07a1b6f1a,Sat Mar 30 2024 16:03:50 GMT -0400 (GMT-4),2024-03-30,2024-03-30 20:03:50 UTC,Eastern Time (US & Canada),5681297,faybel,"",2024-03-30 20:04:23 UTC,2024-03-31 11:42:29 UTC,research,CC-BY-NC,https://www.inaturalist.org/observations/204612944,https://inaturalist-open-data.s3.amazonaws.com/photos/361685258/medium.jpeg,,"",,1,0,false,333,Hampton,37.025478363,-76.3339385986,53,,,,53,,,false,,,Kudzu Bug,Megacopta cribraria,Kudzu Bug,Insecta,209176
204613291,757a3d13-1c8a-4110-8c0f-f8170bd8b312,2024-03-30 14:50:56-05:00,2024-03-30,2024-03-30 19:50:56 UTC,Central Time (US & Canada),3788060,dadgum,,2024-03-30 20:06:07 UTC,2024-04-02 20:49:04 UTC,research,CC-BY-NC,https://www.inaturalist.org/observations/204613291,https://inaturalist-open-data.s3.amazonaws.com/photos/361992521/medium.jpg,,"","",3,0,false,3,"David Crockett State Park, Lawrenceburg, TN, US",35.2654744538,-87.3568653189,51,,,,51,,,false,,,Kudzu Bug,Megacopta cribraria,Kudzu Bug,Insecta,209176
204625004,beb871d1-cbd0-46a8-a65f-9af39e0ec419,2024-03-30 17:06:06-04:00,2024-03-30,2024-03-30 21:06:06 UTC,Eastern Time (US & Canada),7903646,jillboyter123,,2024-03-30 21:09:55 UTC,2024-04-24 17:32:09 UTC,research,CC-BY-NC,https://www.inaturalist.org/observations/204625004,https://inaturalist-open-data.s3.amazonaws.com/photos/361706722/medium.jpg,,"",These things are everywhere! Order: Hemiptera. ,1,0,false,3,"Georgia, US",33.9816969001,-83.2746798839,8358,,,,28902,obscured,,true,,,Kudzu Bug,Megacopta cribraria,Kudzu Bug,Insecta,209176
204625792,72f7ccb2-229b-4ccd-92dd-2d790a3c94d2,2024-03-30 17:12:59-04:00,2024-03-30,2024-03-30 21:12:59 UTC,Eastern Time (US & Canada),7292714,ljones618,,2024-03-30 21:13:52 UTC,2024-03-31 11:34:58 UTC,research,CC-BY-NC,https://www.inaturalist.org/observations/204625792,https://inaturalist-open-data.s3.amazonaws.com/photos/361707887/medium.jpg,,"","",2,0,false,3,"White Oak Dr, Greenville, SC, US",34.8688016376,-82.3649172473,39,,,,39,,,false,,,Kudzu Bug,Megacopta cribraria,Kudzu Bug,Insecta,209176
204633556,b7b3107b-20fd-4603-b2c4-6d31ccb12b1a,2024-03-30 16:21:59,2024-03-30,2024-03-30 20:21:59 UTC,Eastern Time (US & Canada),53153,willkuhn,Will Kuhn,2024-03-30 22:02:07 UTC,2024-03-31 11:31:42 UTC,research,CC-BY,https://www.inaturalist.org/observations/204633556,https://inaturalist-open-data.s3.amazonaws.com/photos/361722689/medium.jpeg,,"",On this [Prunus tree](https://www.inaturalist.org/observations/40980577),1,0,false,2,"Karns, TN 37921, USA",36.000284,-84.0195879722,,,,,,,,false,gps,gps,Kudzu Bug,Megacopta cribraria,Kudzu Bug,Insecta,209176
204647176,9d866f66-d290-4dac-aa3e-f18cfb661bb6,2024-03-30 12:09:39,2024-03-30,2024-03-30 16:09:39 UTC,Eastern Time (US & Canada),7859730,amanda83453,Amanda Stage,2024-03-30 23:32:45 UTC,2024-04-01 17:58:57 UTC,research,,https://www.inaturalist.org/observations/204647176,https://static.inaturalist.org/photos/361748440/medium.jpeg,,"",,3,0,false,2,"Flat Lick, KY 40935, USA",36.8534472222,-83.8258361111,,,,,,,,false,gps,gps,Kudzu Bug,Megacopta cribraria,Kudzu Bug,Insecta,209176
204647661,34d03ac2-72bf-45a7-8403-69e9e7818626,2024-03-30 12:09:39,2024-03-30,2024-03-30 16:09:39 UTC,Eastern Time (US & Canada),7859730,amanda83453,Amanda Stage,2024-03-30 23:36:08 UTC,2024-03-31 11:39:59 UTC,research,,https://www.inaturalist.org/observations/204647661,https://static.inaturalist.org/photos/361749275/medium.jpeg,,"",,1,0,false,2,"Flat Lick, KY 40935, USA",36.8534472222,-83.8258361111,,,,,,,,false,gps,gps,Kudzu Bug,Megacopta cribraria,Kudzu Bug,Insecta,209176
204647729,30516879-3b26-4793-8187-8e54944e12dd,2024-03-30 12:09:39,2024-03-30,2024-03-30 16:09:39 UTC,Eastern Time (US & Canada),7859730,amanda83453,Amanda Stage,2024-03-30 23:36:51 UTC,2024-10-04 11:06:07 UTC,research,,https://www.inaturalist.org/observations/204647729,https://static.inaturalist.org/photos/370901316/medium.jpeg,,"",,2,0,false,2,"Flat Lick, KY 40935, USA",36.8534472222,-83.8258361111,,,,,,,,false,,,Kudzu Bug,Megacopta cribraria,Kudzu Bug,Insecta,209176
204667513,3aeeae89-a82c-4922-a595-d20ef31ac9a2,2024-03-12 14:35:16,2024-03-12,2024-03-12 18:35:16 UTC,Eastern Time (US & Canada),7801021,jarvis79590,Jarvis Williams,2024-03-31 02:11:03 UTC,2024-03-31 11:29:27 UTC,research,,https://www.inaturalist.org/observations/204667513,https://static.inaturalist.org/photos/361788550/medium.jpeg,,"",,1,0,false,2,"Athens, GA 30606, USA",33.9161675315,-83.3823969215,619,,,,619,,,false,gps,gps,Kudzu Bug,Megacopta cribraria,Kudzu Bug,Insecta,209176
204669789,d8e33235-4704-42db-8881-b1ced608100f,2024-03-30 15:39:42,2024-03-30,2024-03-30 19:39:42 UTC,Eastern Time (US & Canada),7580155,paisleyrose,"",2024-03-31 02:30:42 UTC,2024-04-03 16:56:28 UTC,research,CC-BY-NC,https://www.inaturalist.org/observations/204669789,https://inaturalist-open-data.s3.amazonaws.com/photos/361792703/medium.jpeg,,"",,1,0,false,2,"Dallas, GA, USA",33.9104552673,-84.8229061067,22,,,,22,,,false,gps,gps,Kudzu Bug,Megacopta cribraria,Kudzu Bug,Insecta,209176
204736179,ccefff54-97cd-4ec0-bf3a-554478b6ec1d,2024-03-31 10:24:27-04:00,2024-03-31,2024-03-31 14:24:27 UTC,Eastern Time (US & Canada),4541316,jemilyjane,MLE,2024-03-31 14:26:45 UTC,2024-04-01 22:01:38 UTC,research,CC-BY-NC,https://www.inaturalist.org/observations/204736179,https://inaturalist-open-data.s3.amazonaws.com/photos/361918835/medium.jpg,,"","",2,0,false,3,"South Carolina, US",34.8674262689,-82.2059741217,4,,,,28762,obscured,,true,,,Kudzu Bug,Megacopta cribraria,Kudzu Bug,Insecta,209176
204750170,4f808345-4e83-4b63-a36e-91d46aada02b,Sun Mar 31 2024 11:50:08 GMT -0400 (EDT),2024-03-31,2024-03-31 15:50:08 UTC,Eastern Time (US & Canada),6608631,avoid42,,2024-03-31 15:50:23 UTC,2024-04-01 17:56:40 UTC,research,CC-BY-NC,https://www.inaturalist.org/observations/204750170,https://inaturalist-open-data.s3.amazonaws.com/photos/361943592/medium.jpeg,,"",,2,0,false,333,Covington,33.5976257324,-83.8709945679,4,,,,4,,,false,,,Kudzu Bug,Megacopta cribraria,Kudzu Bug,Insecta,209176
204769299,50417f47-397c-44e5-969d-1591a8179c20,2024-03-31 13:30:59-04:00,2024-03-31,2024-03-31 17:30:59 UTC,Eastern Time (US & Canada),3145255,ghar,G Harrison (they/them),2024-03-31 17:33:31 UTC,2024-04-01 17:56:08 UTC,research,,https://www.inaturalist.org/observations/204769299,https://static.inaturalist.org/photos/361978078/medium.jpg,,"","",3,0,false,3,"Robin Dr, Loganville, GA, US",33.845755,-83.8267133333,4,,,,4,,,false,,,Kudzu Bug,Megacopta cribraria,Kudzu Bug,Insecta,209176
204790996,06ffa74d-734e-4cb5-8165-ee6a0e8d3316,2024-03-31 15:29:43-04:00,2024-03-31,2024-03-31 19:29:43 UTC,Eastern Time (US & Canada),7808063,btobvs,,2024-03-31 19:29:56 UTC,2024-04-01 17:58:02 UTC,research,CC-BY-NC,https://www.inaturalist.org/observations/204790996,https://inaturalist-open-data.s3.amazonaws.com/photos/362017489/medium.jpg,,"","",2,0,false,3,"Lakeside St, Knoxville, TN, US",36.0003937378,-83.881614205,12,,,,12,,,false,,,Kudzu Bug,Megacopta cribraria,Kudzu Bug,Insecta,209176
204792143,b1dfb0ae-3a1b-4c86-b047-6b6e108ad3f0,2024-03-30 13:56:58-05:00,2024-03-30,2024-03-30 18:56:58 UTC,Central Time (US & Canada),3750575,luci25,Luci McCraney,2024-03-31 19:36:24 UTC,2024-04-16 00:49:19 UTC,research,,https://www.inaturalist.org/observations/204792143,https://static.inaturalist.org/photos/362019639/medium.jpg,,"","",1,0,false,3,"Virginia Dr, Meridian, MS, US",32.3576732836,-88.6775695182,14755,,,,14755,,,false,,,Kudzu Bug,Megacopta cribraria,Kudzu Bug,Insecta,209176
204797341,26dd1098-ad7d-452d-b668-2eadbb063764,2024-03-31 14:16:42-04:00,2024-03-31,2024-03-31 18:16:42 UTC,Eastern Time (US & Canada),7715753,mcampbell00,,2024-03-31 20:03:00 UTC,2024-04-03 14:53:28 UTC,research,CC-BY-NC,https://www.inaturalist.org/observations/204797341,https://inaturalist-open-data.s3.amazonaws.com/photos/362029762/medium.jpg,,"","",2,0,false,3,"Pembroke Ave, Winston-Salem, NC, US",36.068725,-80.2866966667,5,,,,5,,,false,,,Kudzu Bug,Megacopta cribraria,Kudzu Bug,Insecta,209176
204809804,8c73a8e0-148e-4db6-a2f7-22d15371bbc0,Sun Mar 31 2024 17:05:34 GMT -0400 (EDT),2024-03-31,2024-03-31 21:05:34 UTC,Eastern Time (US & Canada),2697897,okinney,,2024-03-31 21:05:44 UTC,2024-04-01 21:56:37 UTC,research,CC-BY-NC,https://www.inaturalist.org/observations/204809804,https://inaturalist-open-data.s3.amazonaws.com/photos/362051849/medium.jpeg,,"",,1,0,false,333,Rome,34.2409362793,-85.1202163696,19,,,,19,,,false,,,Kudzu Bug,Megacopta cribraria,Kudzu Bug,Insecta,209176
204813828,8d5831e6-8aa7-4747-868b-28d151dcc57f,2024-03-31 15:14:08,2024-03-31,2024-03-31 20:14:08 UTC,Central Time (US & Canada),1012723,adfloyd,,2024-03-31 21:27:02 UTC,2024-04-01 17:57:43 UTC,research,CC-BY-NC,https://www.inaturalist.org/observations/204813828,https://inaturalist-open-data.s3.amazonaws.com/photos/362059410/medium.jpeg,,"",,1,0,false,2,"Grenada, MS 38901, USA",33.8547527778,-89.8115444444,,,,,,,,false,gps,gps,Kudzu Bug,Megacopta cribraria,Kudzu Bug,Insecta,209176
204827614,5cd7eb3a-a6d8-44a0-b66c-b21182d56530,2024-03-31 11:29:28,2024-03-31,2024-03-31 16:29:28 UTC,Central Time (US & Canada),2766307,pauljgier,pauljgier,2024-03-31 22:48:04 UTC,2024-04-01 17:57:36 UTC,research,CC-BY-NC,https://www.inaturalist.org/observations/204827614,https://inaturalist-open-data.s3.amazonaws.com/photos/362084415/medium.jpeg,,"",,1,0,false,2,"Dadeville, AL 36853, USA",32.6667411997,-85.9089319997,,,,,,,,false,gps,gps,Kudzu Bug,Megacopta cribraria,Kudzu Bug,Insecta,209176
204829757,8115ae07-e96e-4285-b74e-e41b4f10b5eb,2024-03-31 18:58:15-04:00,2024-03-31,2024-03-31 22:58:15 UTC,Eastern Time (US & Canada),3966003,awearp,Ashleigh Earp,2024-03-31 23:01:49 UTC,2024-04-01 17:57:46 UTC,research,CC-BY-NC,https://www.inaturalist.org/observations/204829757,https://inaturalist-open-data.s3.amazonaws.com/photos/362088368/medium.jpg,,"","",2,0,false,3,"Snow Peak Ct, Raleigh, NC, US",35.6120083333,-78.6243533333,14,,,,14,,,false,,,Kudzu Bug,Megacopta cribraria,Kudzu Bug,Insecta,209176
204837702,712e9f52-5fa3-4b9c-9f81-9de4cc243392,2024/03/31 2:57 PM,2024-03-31,2024-03-31 18:57:00 UTC,Eastern Time (US & Canada),7715931,sophym,Sophy,2024-03-31 23:52:28 UTC,2024-04-03 20:32:42 UTC,research,CC-BY-NC,https://www.inaturalist.org/observations/204837702,https://inaturalist-open-data.s3.amazonaws.com/photos/362102804/medium.jpeg,,"",,2,0,false,,"O Henry Oaks, Greensboro, NC 27405, USA",36.1151694444,-79.7691416667,4,,,,4,,,false,,,Kudzu Bug,Megacopta cribraria,Kudzu Bug,Insecta,209176
204854015,cfefce69-1a71-4e30-844f-a0c911648995,2024/03/31 2:16 PM,2024-03-31,2024-03-31 18:16:00 UTC,Eastern Time (US & Canada),147794,gmskupien,,2024-04-01 01:48:28 UTC,2024-04-01 17:45:28 UTC,research,CC-BY-NC,https://www.inaturalist.org/observations/204854015,https://inaturalist-open-data.s3.amazonaws.com/photos/362137056/medium.jpeg,,"",,1,0,false,,"7501 Drayton Ct, Raleigh, NC 27615, USA",35.8881377,-78.6235819,26,,,,26,,,false,,,Kudzu Bug,Megacopta cribraria,Kudzu Bug,Insecta,209176
204858469,cd57ede5-065f-4b26-8f9c-de422eeded22,2024-03-31 13:21:12,2024-03-31,2024-03-31 17:21:12 UTC,Eastern Time (US & Canada),7902821,rachael77822,Rachael Miller,2024-04-01 02:19:09 UTC,2024-04-01 17:44:58 UTC,research,,https://www.inaturalist.org/observations/204858469,https://static.inaturalist.org/photos/362145604/medium.jpeg,,"",,1,0,false,2,"Druid Hills South, Charlotte, NC 28206, USA",35.24709353,-80.83256337,4,,,,4,,,false,,,Kudzu Bug,Megacopta cribraria,Kudzu Bug,Insecta,209176
204862506,6d5fee6c-2077-46d0-bd13-46fbe4e0b093,2024-03-27 15:06:25-04:00,2024-03-27,2024-03-27 19:06:25 UTC,Eastern Time (US & Canada),7811782,hds86512,,2024-04-01 02:52:35 UTC,2024-04-01 22:04:57 UTC,research,CC-BY-NC,https://www.inaturalist.org/observations/204862506,https://inaturalist-open-data.s3.amazonaws.com/photos/362153694/medium.jpg,,"","",2,0,false,3,"University of Georgia, Athens, GA, US",33.9508833333,-83.374275,4,,,,4,,,false,,,Kudzu Bug,Megacopta cribraria,Kudzu Bug,Insecta,209176
204902714,f0f08a88-5e74-47a7-9924-beb5faca3630,2024-03-31 17:25:28,2024-03-31,2024-03-31 21:25:28 UTC,Eastern Time (US & Canada),53153,willkuhn,Will Kuhn,2024-04-01 10:53:46 UTC,2024-04-01 17:57:16 UTC,research,CC-BY,https://www.inaturalist.org/observations/204902714,https://inaturalist-open-data.s3.amazonaws.com/photos/362233907/medium.jpeg,,"",,1,0,false,2,"Karns, TN 37921, USA",36.0003236,-84.0196023,,,,,,,,false,gps,gps,Kudzu Bug,Megacopta cribraria,Kudzu Bug,Insecta,209176
204933883,d654ccb8-c415-4cbf-9965-4d3cbb5318b9,2024-03-31 16:29:00-04:00,2024-03-31,2024-03-31 20:29:00 UTC,Eastern Time (US & Canada),7713645,tay_griff,,2024-04-01 15:13:32 UTC,2024-04-02 16:07:35 UTC,research,CC-BY-NC,https://www.inaturalist.org/observations/204933883,https://inaturalist-open-data.s3.amazonaws.com/photos/362289285/medium.jpg,,"","",2,0,false,3,"Rucker Ln, Statesboro, GA, US",32.4233272067,-81.7957523805,172,,,,172,,,false,,,Kudzu Bug,Megacopta cribraria,Kudzu Bug,Insecta,209176
204966819,28819684-a1bd-4390-b480-49265548dd88,2024-04-01 14:48:13-04:00,2024-04-01,2024-04-01 18:48:13 UTC,Eastern Time (US & Canada),7787070,jordynmeeks,,2024-04-01 18:50:06 UTC,2024-04-02 00:58:52 UTC,research,CC-BY-NC,https://www.inaturalist.org/observations/204966819,https://inaturalist-open-data.s3.amazonaws.com/photos/362353591/medium.jpg,,"",This fella was on my car when I got out of class!,2,0,false,3,"Oconee St, Athens, GA, US",33.9568283333,-83.3700633333,44,,,,44,,,false,,,Kudzu Bug,Megacopta cribraria,Kudzu Bug,Insecta,209176
204988563,a2465124-b859-458e-9acf-4301d12861d3,2024-04-01 17:01:36-04:00,2024-04-01,2024-04-01 21:01:36 UTC,Eastern Time (US & Canada),5749564,bugpix,,2024-04-01 21:02:39 UTC,2024-04-01 21:47:53 UTC,research,CC-BY-NC,https://www.inaturalist.org/observations/204988563,https://inaturalist-open-data.s3.amazonaws.com/photos/362392204/medium.jpg,,"","",2,0,false,3,United States,36.5938960672,-79.6214295076,9549,,,,28534,obscured,,true,,,Kudzu Bug,Megacopta cribraria,Kudzu Bug,Insecta,209176
204993442,7cd8a2cb-baa9-4608-a8ce-774f5472f1e2,2024-04-01 17:29:49-04:00,2024-04-01,2024-04-01 21:29:49 UTC,Eastern Time (US & Canada),623412,greengras2000,"",2024-04-01 21:31:31 UTC,2024-04-01 21:47:24 UTC,research,CC-BY-NC,https://www.inaturalist.org/observations/204993442,https://inaturalist-open-data.s3.amazonaws.com/photos/362400744/medium.jpg,,"","",1,0,false,3,"Hollins Mill Rd, Lynchburg, VA, US",37.4205666667,-79.1577833333,38,,,,38,,,false,,,Kudzu Bug,Megacopta cribraria,Kudzu Bug,Insecta,209176
205024207,5f07b989-9fe5-4f5e-b4bd-a19286a19fdd,2024-04-01 21:10:44,2024-04-01,2024-04-02 01:10:44 UTC,Eastern Time (US & Canada),7743912,albiorix321,Jake L,2024-04-02 01:11:33 UTC,2024-04-03 01:32:00 UTC,research,,https://www.inaturalist.org/observations/205024207,https://static.inaturalist.org/photos/362458787/medium.jpeg,,"",,2,0,false,2,"Chatham County, NC, USA",35.7306230671,-79.0192998201,343743,,,,343743,,,false,gps,gps,Kudzu Bug,Megacopta cribraria,Kudzu Bug,Insecta,209176
205040921,17a75c82-5fb1-47cb-b603-88144149ca81,2024-03-13 14:56:55-05:00,2024-03-13,2024-03-13 19:56:55 UTC,Central Time (US & Canada),7520694,struck_179stars,,2024-04-02 03:43:59 UTC,2024-04-02 14:41:16 UTC,research,CC-BY-NC,https://www.inaturalist.org/observations/205040921,https://inaturalist-open-data.s3.amazonaws.com/photos/362493360/medium.jpg,,"","",2,0,false,3,"E Samford Ave, Auburn, AL, US",32.6036116667,-85.4469,7,,,,7,,,false,,,Kudzu Bug,Megacopta cribraria,Kudzu Bug,Insecta,209176
205044525,72b0a525-28a0-4e29-ac33-0b8bd1a4b363,2024-03-31 15:17:47-04:00,2024-03-31,2024-03-31 19:17:47 UTC,Eastern Time (US & Canada),1409860,bettys-garden,Betty Burks,2024-04-02 04:22:02 UTC,2024-04-02 14:40:30 UTC,research,,https://www.inaturalist.org/observations/205044525,https://static.inaturalist.org/photos/362499949/medium.jpg,,"","",2,0,false,3,"Butterfield Ln, Kinston, NC, US",35.2761027558,-77.6082978894,33,,,,33,,,false,,,Kudzu Bug,Megacopta cribraria,Kudzu Bug,Insecta,209176
205047052,97cc3467-8b7a-4452-8c43-b1d18da984f5,2024-04-01 16:27:06-04:00,2024-04-01,2024-04-01 20:27:06 UTC,Eastern Time (US & Canada),7730179,glfulghum,,2024-04-02 04:52:47 UTC,2024-04-03 14:50:08 UTC,research,CC-BY-NC,https://www.inaturalist.org/observations/205047052,https://inaturalist-open-data.s3.amazonaws.com/photos/362505057/medium.jpg,,"","",2,0,false,3,"Meredith College, Raleigh, NC, US",35.800525,-78.68843,4,,,,4,,,false,,,Kudzu Bug,Megacopta cribraria,Kudzu Bug,Insecta,209176
205103787,4a5f70e4-db77-403d-b860-e3b503c8fd5a,2024-04-02 02:26:14,2024-04-02,2024-04-02 06:26:14 UTC,Eastern Time (US & Canada),7795093,lunedabloom,Lune,2024-04-02 16:02:05 UTC,2024-04-22 14:40:53 UTC,research,,https://www.inaturalist.org/observations/205103787,https://static.inaturalist.org/photos/362610552/medium.jpeg,,"",little guy i accidentally brought inside,2,0,false,2,"Montclaire South, Charlotte, NC, USA",35.1428133615,-80.8900668472,9,,,,9,,,false,gps,gps,Kudzu Bug,Megacopta cribraria,Kudzu Bug,Insecta,209176
205116955,ca0f0391-90ce-4cbb-8380-9e44a7ee2d7e,2024-04-02 13:36:43-04:00,2024-04-02,2024-04-02 17:36:43 UTC,Eastern Time (US & Canada),2968610,garden2bhappy,,2024-04-02 17:38:15 UTC,2024-04-15 10:02:54 UTC,research,CC-BY-NC,https://www.inaturalist.org/observations/205116955,https://inaturalist-open-data.s3.amazonaws.com/photos/366614817/medium.jpg,,"","",1,0,false,3,"Crestline Pl, Chattanooga, TN, US",35.1054525655,-85.2677065507,6,,,,6,,,false,,,Kudzu Bug,Megacopta cribraria,Kudzu Bug,Insecta,209176
205126678,2e33b68a-3b99-4b4f-97c9-9fded18486d3,2024-04-02 14:39:22-04:00,2024-04-02,2024-04-02 18:39:22 UTC,Eastern Time (US & Canada),5874713,combatwombat830,,2024-04-02 18:42:36 UTC,2024-04-03 10:19:01 UTC,research,CC-BY-NC,https://www.inaturalist.org/observations/205126678,https://inaturalist-open-data.s3.amazonaws.com/photos/362652559/medium.jpg,,"","",1,0,false,3,"Coastal Carolina University, Conway, SC, US",33.7966916667,-79.0104833333,35,,,,35,,,false,,,Kudzu Bug,Megacopta cribraria,Kudzu Bug,Insecta,209176
205127459,c4181bf3-d321-4d97-9f5a-02b2ef1af41f,2024-04-02 14:48:46-04:00,2024-04-02,2024-04-02 18:48:46 UTC,Eastern Time (US & Canada),7746055,aidanreesing,,2024-04-02 18:48:50 UTC,2024-04-04 08:58:09 UTC,research,CC-BY-NC,https://www.inaturalist.org/observations/205127459,https://inaturalist-open-data.s3.amazonaws.com/photos/362654291/medium.jpg,,"","",2,0,false,3,"N Finley St, Athens, GA, US",33.9578342004,-83.3829237706,23,,,,23,,,false,,,Kudzu Bug,Megacopta cribraria,Kudzu Bug,Insecta,209176
205135952,3cec980f-9759-4755-87a8-3fae50b555f7,2024-04-02 15:51:10-04:00,2024-04-02,2024-04-02 19:51:10 UTC,Eastern Time (US & Canada),7929126,sophiaiorio1,,2024-04-02 19:51:28 UTC,2024-04-04 08:57:28 UTC,research,CC-BY-NC,https://www.inaturalist.org/observations/205135952,https://inaturalist-open-data.s3.amazonaws.com/photos/362671741/medium.jpg,,"","",3,0,false,3,"Greensboro College, Greensboro, NC, US",36.0712797032,-79.8005576894,4,,,,4,,,false,,,Kudzu Bug,Megacopta cribraria,Kudzu Bug,Insecta,209176
205136038,4eca946a-3ab5-4602-ae8b-9264ce3398f2,2024-04-02 15:51:38-04:00,2024-04-02,2024-04-02 19:51:38 UTC,Eastern Time (US & Canada),7929093,emilynicole123,,2024-04-02 19:51:59 UTC,2024-04-03 20:04:54 UTC,research,CC-BY-NC,https://www.inaturalist.org/observations/205136038,https://inaturalist-open-data.s3.amazonaws.com/photos/362671883/medium.jpg,,"","",2,0,false,3,"Greensboro College, Greensboro, NC, US",36.0711580329,-79.7995020357,3,,,,3,,,false,,,Kudzu Bug,Megacopta cribraria,Kudzu Bug,Insecta,209176
205143868,57be8446-1932-4840-90c6-6fc4b3f0ddc4,2024-04-02 15:48:02,2024-04-02,2024-04-02 20:48:02 UTC,Central Time (US & Canada),7722226,kmccandless,,2024-04-02 20:51:01 UTC,2024-10-04 11:06:06 UTC,research,CC-BY-NC,https://www.inaturalist.org/observations/205143868,https://inaturalist-open-data.s3.amazonaws.com/photos/362804500/medium.jpeg,,"",,2,0,false,2,"Jefferson County, US-AL, US",33.4783186516,-86.6474178127,13,,,,28957,obscured,,true,,,Kudzu Bug,Megacopta cribraria,Kudzu Bug,Insecta,209176
205148527,09745534-3e9f-4ae9-a470-3c1ebbc26d02,Tue Apr 02 2024 17:25:37 GMT -0400 (GMT-4),2024-04-02,2024-04-02 21:25:37 UTC,Eastern Time (US & Canada),6433354,oneworld001,,2024-04-02 21:26:05 UTC,2024-04-03 09:46:56 UTC,research,CC-BY-NC,https://www.inaturalist.org/observations/205148527,https://inaturalist-open-data.s3.amazonaws.com/photos/362695283/medium.jpeg,,"",,2,0,false,333,Dallas,35.3044433594,-81.1542358398,38,,,,38,,,false,,,Kudzu Bug,Megacopta cribraria,Kudzu Bug,Insecta,209176
205154324,98dd5a8e-acde-43be-8171-598a4d218b63,2024-04-02 18:15:00,2024-04-02,2024-04-02 22:15:00 UTC,Eastern Time (US & Canada),2248202,lawsoncope,Lawson Cope,2024-04-02 22:16:55 UTC,2024-04-04 00:09:28 UTC,research,CC-BY,https://www.inaturalist.org/observations/205154324,https://inaturalist-open-data.s3.amazonaws.com/photos/362705879/medium.jpeg,,"",,2,0,false,2,"North Carolina, US",35.5178011469,-78.451756522,705,,,,28677,obscured,,true,gps,gps,Kudzu Bug,Megacopta cribraria,Kudzu Bug,Insecta,209176
205221217,8475a094-cc23-4ea4-8cb2-da98cdbe0d8c,2024-03-31 15:02:41-04:00,2024-03-31,2024-03-31 19:02:41 UTC,Eastern Time (US & Canada),7217838,lizsharp,,2024-04-03 12:08:30 UTC,2024-04-03 14:47:31 UTC,research,CC-BY-NC,https://www.inaturalist.org/observations/205221217,https://inaturalist-open-data.s3.amazonaws.com/photos/362838019/medium.jpg,,"","",1,0,false,3,"State Barn Rd, Cumming, GA, US",34.2564827816,-84.1019377211,291,,,,291,,,false,,,Kudzu Bug,Megacopta cribraria,Kudzu Bug,Insecta,209176
205274590,9fc430e2-159e-47f9-8f0a-d2fb7e21c1bc,2024-04-03 15:04:54-04:00,2024-04-03,2024-04-03 19:04:54 UTC,Eastern Time (US & Canada),4720989,bonesigh,Jacob Weston,2024-04-03 19:41:57 UTC,2024-04-04 08:54:23 UTC,research,CC-BY-NC,https://www.inaturalist.org/observations/205274590,https://inaturalist-open-data.s3.amazonaws.com/photos/362941845/medium.jpg,,"","",2,0,false,3,"Third Creek, Knoxville, TN, US",35.9493416667,-83.939445,5,,,,5,,,false,,,Kudzu Bug,Megacopta cribraria,Kudzu Bug,Insecta,209176
205292801,f5a455e8-7ab3-410e-ad32-26bf4e6f25bc,2024/03/29 5:59 PM,2024-03-29,2024-03-29 21:59:00 UTC,Eastern Time (US & Canada),7735873,xobelle04,belle ♡,2024-04-03 22:00:51 UTC,2024-04-05 10:18:30 UTC,research,CC-BY-NC,https://www.inaturalist.org/observations/205292801,https://inaturalist-open-data.s3.amazonaws.com/photos/362977302/medium.jpeg,,"",idk what else to say ,3,0,false,,"211 Pittsboro St, Chapel Hill, NC 27516, USA",35.9097578,-79.0542753,220,,,,220,,,false,,,Kudzu Bug,Megacopta cribraria,Kudzu Bug,Insecta,209176
205311628,26d1d6ec-5917-4811-ba42-c920d7e02226,2024/03/27 4:31 PM,2024-03-27,2024-03-27 20:31:00 UTC,Eastern Time (US & Canada),1343349,smithjg1954,smithjg1954,2024-04-04 00:52:34 UTC,2024-04-04 08:51:59 UTC,research,CC-BY-NC,https://www.inaturalist.org/observations/205311628,https://inaturalist-open-data.s3.amazonaws.com/photos/363007100/medium.jpg,,"",,1,0,false,,"Oak Ridge, TN, USA",36.0348505966,-84.2168078918,2,,,,2,,,false,,,Kudzu Bug,Megacopta cribraria,Kudzu Bug,Insecta,209176
205368115,e7b5f160-ce05-4e8f-9391-d01e9a1f9127,2024-04-02 13:48:15-04:00,2024-04-02,2024-04-02 17:48:15 UTC,Eastern Time (US & Canada),5984905,harleywyrm,,2024-04-04 13:01:45 UTC,2024-04-07 14:02:07 UTC,research,CC-BY-NC,https://www.inaturalist.org/observations/205368115,https://inaturalist-open-data.s3.amazonaws.com/photos/363121564/medium.jpg,,"","",1,0,false,3,"North Carolina, US",34.3243915873,-77.804309409,5,,,,28846,obscured,,true,,,Kudzu Bug,Megacopta cribraria,Kudzu Bug,Insecta,209176
205448245,509f0c57-8ef5-40ad-a06c-9a59b01bf9ab,2024-04-02 16:15:32-04:00,2024-04-02,2024-04-02 20:15:32 UTC,Eastern Time (US & Canada),7779055,maddiewad,Maddie Waddleton,2024-04-05 00:00:27 UTC,2024-04-05 10:40:55 UTC,research,CC-BY-NC,https://www.inaturalist.org/observations/205448245,https://inaturalist-open-data.s3.amazonaws.com/photos/363271884/medium.jpg,,"","",2,0,false,3,"N Thomas St, Athens, GA, US",33.9619837991,-83.3736775328,69,,,,69,,,false,,,Kudzu Bug,Megacopta cribraria,Kudzu Bug,Insecta,209176
205478001,62736ee1-a1c7-4dbc-8b54-d974f222cfeb,2024-03-31 12:54:54,2024-03-31,2024-03-31 16:54:54 UTC,Eastern Time (US & Canada),101301,steph_thecnidarian,Stephanie Michelle Soto,2024-04-05 06:23:16 UTC,2024-12-02 20:16:57 UTC,research,CC-BY-NC,https://www.inaturalist.org/observations/205478001,https://inaturalist-open-data.s3.amazonaws.com/photos/363331347/medium.jpeg,,"",,1,0,false,2,Northshore,35.0667502932,-85.3110369667,2054,,,,2054,,,false,gps,gps,Kudzu Bug,Megacopta cribraria,Kudzu Bug,Insecta,209176
205547247,ce0dc45e-675e-422f-86e8-273f3ac58f73,2024-04-05 14:19:08,2024-04-05,2024-04-05 18:19:08 UTC,Eastern Time (US & Canada),1597394,kristenmoore,Kristen Moore,2024-04-05 18:20:30 UTC,2024-04-10 14:33:11 UTC,research,,https://www.inaturalist.org/observations/205547247,https://static.inaturalist.org/photos/363457421/medium.jpeg,,"",,1,0,false,2,"Coronado Village, Cary, NC 27511, USA",35.7821472222,-78.7713972222,,,,,,,,false,gps,gps,Kudzu Bug,Megacopta cribraria,Kudzu Bug,Insecta,209176
205733214,4f1721aa-a056-42dd-a4e4-6a0f081888e1,2024-04-06 16:09:53,2024-04-06,2024-04-06 20:09:53 UTC,Eastern Time (US & Canada),1449441,brdnk,Braeden K,2024-04-06 20:13:44 UTC,2024-04-14 11:28:26 UTC,research,CC-BY-NC,https://www.inaturalist.org/observations/205733214,https://inaturalist-open-data.s3.amazonaws.com/photos/363804124/medium.jpeg,,"","Found congregating enmasse on wisteria, wondering if they are also invasive.  Emits a smell like a stinkbug or ladybug when disturbed.  ",1,0,false,2,"Clinton, NC 28328, USA",35.03554751,-78.26035586,8,,,,8,,,false,,,Kudzu Bug,Megacopta cribraria,Kudzu Bug,Insecta,209176
205769541,1bdf666f-a817-4ccc-b32d-e0264ffc7022,2024/04/06 6:14 PM,2024-04-06,2024-04-06 23:14:00 UTC,Central Time (US & Canada),3524952,curtisburke,Curtis Burke,2024-04-06 23:41:19 UTC,2024-08-30 15:46:16 UTC,research,CC-BY,https://www.inaturalist.org/observations/205769541,https://inaturalist-open-data.s3.amazonaws.com/photos/363873748/medium.jpg,,"",,2,0,false,,"Marion County, TN, USA",35.0923394434,-85.527219559,2,,,,2,,,false,,,Kudzu Bug,Megacopta cribraria,Kudzu Bug,Insecta,209176
205871410,736b765e-78fd-47ad-b145-a6c999a64475,2024-04-01 15:58:23,2024-04-01,2024-04-01 19:58:23 UTC,Eastern Time (US & Canada),1084055,kmosbruger,"",2024-04-07 14:53:06 UTC,2024-04-10 14:32:49 UTC,research,CC-BY-NC,https://www.inaturalist.org/observations/205871410,https://inaturalist-open-data.s3.amazonaws.com/photos/364076577/medium.jpg,,"","",2,0,false,2,"Buncombe County, US-NC, US",35.5940719143,-82.5728378445,144,,,,144,,,false,gps,gps,Kudzu Bug,Megacopta cribraria,Kudzu Bug,Insecta,209176
205948925,0c3c14c6-f588-4bb8-ab14-fbcae5f0efca,2024-04-07 16:57:07,2024-04-07,2024-04-07 20:57:07 UTC,Eastern Time (US & Canada),7734424,aryan_patil,Aryan Patil,2024-04-07 21:07:15 UTC,2024-04-10 14:32:44 UTC,research,,https://www.inaturalist.org/observations/205948925,https://static.inaturalist.org/photos/364208892/medium.jpeg,,"",Found this bug on my bag ,2,0,false,2,"Broad and Lumpkin OB, Athens, GA 30601, USA",33.9575888889,-83.3764916667,,,,,,,,false,gps,gps,Kudzu Bug,Megacopta cribraria,Kudzu Bug,Insecta,209176
205953876,e9b6e1c1-8a46-4dd8-ab59-908730b7bcf3,Sun Apr 07 2024 17:31:56 GMT -0400 (EDT),2024-04-07,2024-04-07 21:31:56 UTC,Eastern Time (US & Canada),3322653,tinaphonekeo,,2024-04-07 21:32:18 UTC,2024-04-08 14:42:30 UTC,research,CC-BY-NC,https://www.inaturalist.org/observations/205953876,https://inaturalist-open-data.s3.amazonaws.com/photos/364218097/medium.jpeg,,"",,1,0,false,333,Lawrenceville,33.983001709,-84.0812759399,95,,,,95,,,false,,,Kudzu Bug,Megacopta cribraria,Kudzu Bug,Insecta,209176
205977725,3ebb1adb-7e8f-4997-b4be-dd10c0b88a1f,Sun Apr 07 2024 18:34:14 GMT -0500 (CDT),2024-04-07,2024-04-07 23:34:14 UTC,Central Time (US & Canada),5478828,dennavox,,2024-04-07 23:35:00 UTC,2024-04-08 14:39:38 UTC,research,CC-BY-NC,https://www.inaturalist.org/observations/205977725,https://inaturalist-open-data.s3.amazonaws.com/photos/364262867/medium.jpeg,,"",,1,0,false,333,Kosciusko,33.0384140015,-89.5436325073,19,,,,19,,,false,,,Kudzu Bug,Megacopta cribraria,Kudzu Bug,Insecta,209176
206094491,12ff198e-0212-4567-aaf0-fef8f01099c8,2024-04-08 12:35:26-04:00,2024-04-08,2024-04-08 16:35:26 UTC,Eastern Time (US & Canada),7718169,dalacey_wylie,,2024-04-08 16:37:11 UTC,2024-04-09 14:56:56 UTC,research,CC-BY-NC,https://www.inaturalist.org/observations/206094491,https://inaturalist-open-data.s3.amazonaws.com/photos/364483427/medium.jpg,,"","",2,0,false,3,"Georgia Southern University, Statesboro, GA, US",32.423825,-81.77925,35,,,,35,,,false,,,Kudzu Bug,Megacopta cribraria,Kudzu Bug,Insecta,209176
206108147,1a983915-261b-4d5f-b761-5a7517f44b8b,2024-04-08 13:55:41-04:00,2024-04-08,2024-04-08 17:55:41 UTC,Eastern Time (US & Canada),1579342,cma1073,,2024-04-08 17:56:33 UTC,2024-04-10 14:32:38 UTC,research,CC-BY-NC,https://www.inaturalist.org/observations/206108147,https://inaturalist-open-data.s3.amazonaws.com/photos/364507162/medium.jpg,,"","",2,0,false,3,"Lindsay Rd, Clemson, SC, US",34.6951116667,-82.8235033333,9,,,,9,,,false,,,Kudzu Bug,Megacopta cribraria,Kudzu Bug,Insecta,209176
206121525,cba9e67b-460c-4a42-9a20-5c33a8e7801b,2024-04-08 15:14:28-04:00,2024-04-08,2024-04-08 19:14:28 UTC,Eastern Time (US & Canada),5399585,maddiepotterbsci337,,2024-04-08 19:17:37 UTC,2024-04-09 14:55:36 UTC,research,CC-BY-NC,https://www.inaturalist.org/observations/206121525,https://inaturalist-open-data.s3.amazonaws.com/photos/364532001/medium.jpg,,"","",2,0,false,3,"Bunker Hill Rd, Mount Rainier, MD, US",38.9382133333,-76.9642333333,5,,,,5,,,false,,,Kudzu Bug,Megacopta cribraria,Kudzu Bug,Insecta,209176
206131815,e7165aeb-78ee-4cc0-a4ac-ced43bc40239,2024/04/08 1:58 PM,2024-04-08,2024-04-08 17:58:00 UTC,Eastern Time (US & Canada),5178278,mabuva2021,,2024-04-08 20:16:55 UTC,2024-04-09 14:54:35 UTC,research,CC-BY-NC,https://www.inaturalist.org/observations/206131815,https://inaturalist-open-data.s3.amazonaws.com/photos/364550293/medium.jpeg,,"",,2,0,false,,"Lynchburg, VA, USA",37.4137536,-79.1422464,7967,,,,7967,,,false,,,Kudzu Bug,Megacopta cribraria,Kudzu Bug,Insecta,209176
206165348,df1fca51-2298-463f-9cbf-21b2093612e0,2024-04-08 19:49:29-04:00,2024-04-08,2024-04-08 23:49:29 UTC,Eastern Time (US & Canada),7767102,peter_joseph,,2024-04-08 23:49:40 UTC,2024-04-16 15:33:05 UTC,research,CC-BY-NC,https://www.inaturalist.org/observations/206165348,https://inaturalist-open-data.s3.amazonaws.com/photos/367207321/medium.jpg,,"","",2,0,false,3,"International Dr, Athens, GA, US",33.9266580566,-83.3484274733,6,,,,6,,,false,,,Kudzu Bug,Megacopta cribraria,Kudzu Bug,Insecta,209176
206305319,5fbe0977-c279-48f9-b6b5-4d52958ef3d5,2024-04-09 16:19:01-04:00,2024-04-09,2024-04-09 20:19:01 UTC,Eastern Time (US & Canada),2151855,kaivonkai,,2024-04-09 20:21:33 UTC,2024-04-30 20:13:51 UTC,research,CC-BY-NC,https://www.inaturalist.org/observations/206305319,https://inaturalist-open-data.s3.amazonaws.com/photos/364876889/medium.jpg,,"","",3,0,false,3,"Hollywood Cemetery, Richmond, VA, US",37.5342093194,-77.4564391585,117,,,,117,,,false,,,Kudzu Bug,Megacopta cribraria,Kudzu Bug,Insecta,209176
206359142,7690994f-f4d2-4405-8b2c-b024515d1d61,2024/04/09 2:33 PM,2024-04-09,2024-04-09 18:33:00 UTC,Eastern Time (US & Canada),297369,matthewbeziat,Matthew Beziat,2024-04-10 03:02:32 UTC,2025-03-07 00:15:02 UTC,research,CC-BY-NC,https://www.inaturalist.org/observations/206359142,https://inaturalist-open-data.s3.amazonaws.com/photos/364980919/medium.jpg,,"Megacopta cribraria, Kudzu Bug, Annapolis, Maryland, Anne Arundel County","This is a picture of a Megacopta cribraria on one of the buildings along Old Mill Bottom Road near Annapolis, Maryland.",3,0,false,,"Arnold, MD, USA",39.0219085833,-76.4778631667,,,,,,,,false,,,Kudzu Bug,Megacopta cribraria,Kudzu Bug,Insecta,209176
206385849,40097979-b22c-4538-a519-693721b68520,2024-04-09 12:35:02,2024-04-09,2024-04-09 16:35:02 UTC,Eastern Time (US & Canada),5288008,verticallychallengedalligator,,2024-04-10 06:58:29 UTC,2024-04-10 08:23:48 UTC,research,CC-BY-NC,https://www.inaturalist.org/observations/206385849,https://inaturalist-open-data.s3.amazonaws.com/photos/365017633/medium.jpeg,,"",,1,0,false,2,"Oxford, GA 30054, USA",33.6215861111,-83.8706666667,,,,,,,,false,gps,gps,Kudzu Bug,Megacopta cribraria,Kudzu Bug,Insecta,209176
206464531,8043376e-8c90-404c-8409-92f81b9ecc48,2024-04-10 14:33:31-04:00,2024-04-10,2024-04-10 18:33:31 UTC,Eastern Time (US & Canada),6119758,milly_,Milly Rosenberg,2024-04-10 18:52:42 UTC,2024-04-11 17:10:33 UTC,research,,https://www.inaturalist.org/observations/206464531,https://static.inaturalist.org/photos/365273416/medium.jpg,,"","",2,0,false,3,"Flynn Rd, Walland, TN, US",35.6990651926,-83.8500135765,4,,,,4,,,false,,,Kudzu Bug,Megacopta cribraria,Kudzu Bug,Insecta,209176
206500192,85252f19-ea00-4fe1-bf32-a2b0fec6e381,2024-04-10 18:41:28-04:00,2024-04-10,2024-04-10 22:41:28 UTC,Eastern Time (US & Canada),2697148,carol446,Carol Gore,2024-04-10 22:43:10 UTC,2024-04-15 10:02:49 UTC,research,,https://www.inaturalist.org/observations/206500192,https://static.inaturalist.org/photos/365226052/medium.jpg,,"","",2,0,false,3,"Whiteville, NC, US",34.298384,-78.69034525,11674,,,,11674,,,false,,,Kudzu Bug,Megacopta cribraria,Kudzu Bug,Insecta,209176
206526729,3799851f-403d-4574-a102-385bb8c5938b,2024-03-26 18:53:34-04:00,2024-03-26,2024-03-26 22:53:34 UTC,Eastern Time (US & Canada),7717669,guerrero404,,2024-04-11 01:56:54 UTC,2024-04-11 17:04:36 UTC,research,CC-BY-NC,https://www.inaturalist.org/observations/206526729,https://inaturalist-open-data.s3.amazonaws.com/photos/365278022/medium.jpg,,"","",2,0,false,3,"Georgia State University - Perimeter College’s Clarkston Campus, Stone Mountain, GA, US",33.791655,-84.23427,4,,,,4,,,false,,,Kudzu Bug,Megacopta cribraria,Kudzu Bug,Insecta,209176
206612266,174c2e7b-3351-4d08-a585-666369e96bea,2024-04-11 09:57:24,2024-04-11,2024-04-11 13:57:24 UTC,Eastern Time (US & Canada),5654970,rweed1,"",2024-04-11 13:57:55 UTC,2024-04-11 16:51:44 UTC,research,CC-BY-NC,https://www.inaturalist.org/observations/206612266,https://inaturalist-open-data.s3.amazonaws.com/photos/365372903/medium.jpeg,,"",,2,0,false,2,"College Park, MD 20742, USA",38.9888170997,-76.9411122,,,,,,,,false,,,Kudzu Bug,Megacopta cribraria,Kudzu Bug,Insecta,209176
206630433,721476e4-c505-4463-906b-c25e867e7f36,2024-04-11 11:55:23-04:00,2024-04-11,2024-04-11 15:55:23 UTC,Eastern Time (US & Canada),7964485,anmol84996,Anmol Malviya,2024-04-11 15:55:58 UTC,2024-04-22 14:40:45 UTC,research,,https://www.inaturalist.org/observations/206630433,https://static.inaturalist.org/photos/365406416/medium.jpg,,"","",2,0,false,3,"Georgetown University, Washington, DC, US",38.9095646935,-77.0748448,266,,,,266,,,false,,,Kudzu Bug,Megacopta cribraria,Kudzu Bug,Insecta,209176
206649434,7e8a9118-6bde-49f4-b2d2-cc2520b0f2a9,Thu Apr 11 2024 13:53:43 GMT -0400 (GMT-4),2024-04-11,2024-04-11 17:53:43 UTC,Eastern Time (US & Canada),2895480,cronchild,,2024-04-11 17:54:00 UTC,2024-04-15 09:45:58 UTC,research,CC-BY-NC,https://www.inaturalist.org/observations/206649434,https://inaturalist-open-data.s3.amazonaws.com/photos/365441967/medium.jpeg,,"",,2,0,false,333,Carrollton,33.5628509521,-85.0752105713,13,,,,13,,,false,,,Kudzu Bug,Megacopta cribraria,Kudzu Bug,Insecta,209176
206662787,8595e96f-134b-44c9-9abf-a9577649baf7,2024-04-08 16:19:11-04:00,2024-04-08,2024-04-08 20:19:11 UTC,Eastern Time (US & Canada),7719766,louisamai,,2024-04-11 19:23:21 UTC,2024-04-22 19:28:35 UTC,research,CC-BY-NC,https://www.inaturalist.org/observations/206662787,https://inaturalist-open-data.s3.amazonaws.com/photos/365467006/medium.jpg,,"","",3,0,false,3,"University of South Carolina, Columbia, SC, US",33.99307,-81.0281833333,33,,,,33,,,false,,,Kudzu Bug,Megacopta cribraria,Kudzu Bug,Insecta,209176
206789622,678a6efa-78cb-47d1-a571-a69f3804bde0,2024-03-30 14:18:56-04:00,2024-03-30,2024-03-30 18:18:56 UTC,Eastern Time (US & Canada),7713346,jhlalex,,2024-04-12 15:25:30 UTC,2024-04-15 09:42:34 UTC,research,CC-BY-NC,https://www.inaturalist.org/observations/206789622,https://inaturalist-open-data.s3.amazonaws.com/photos/365703078/medium.jpg,,"","",3,0,false,3,"Hillsborough St, Chapel Hill, NC, US",35.9179681418,-79.051356666,4284,,,,4284,,,false,,,Kudzu Bug,Megacopta cribraria,Kudzu Bug,Insecta,209176
206797930,606299de-6f65-457e-8117-7671f4917000,2024-03-31 10:40:18-04:00,2024-03-31,2024-03-31 14:40:18 UTC,Eastern Time (US & Canada),7730238,stacyvelasquez,,2024-04-12 16:22:26 UTC,2024-04-15 09:42:26 UTC,research,CC-BY-NC,https://www.inaturalist.org/observations/206797930,https://inaturalist-open-data.s3.amazonaws.com/photos/365717453/medium.jpg,,"",Bug that landed on me. ,2,0,false,3,"W Falcon Ct, Clayton, NC, US",35.6364866667,-78.4569466667,4,,,,4,,,false,,,Kudzu Bug,Megacopta cribraria,Kudzu Bug,Insecta,209176
206817845,835b8058-7ae8-4182-b4fc-a842ac5af106,2024-04-12 14:23:15-04:00,2024-04-12,2024-04-12 18:23:15 UTC,Eastern Time (US & Canada),1867527,hobofreeman,HoboFreeman710,2024-04-12 18:23:49 UTC,2024-04-15 09:40:55 UTC,research,CC-BY-NC,https://www.inaturalist.org/observations/206817845,https://inaturalist-open-data.s3.amazonaws.com/photos/365858834/medium.jpg,,"","",2,0,false,3,"Bryce Ln, Richmond, VA, US",37.4815545833,-77.4804444641,6,,,,6,,,false,,,Kudzu Bug,Megacopta cribraria,Kudzu Bug,Insecta,209176
206835692,cd511f30-33bf-49c8-b5a1-f545a4f906a8,2024-04-12 16:11:48-04:00,2024-04-12,2024-04-12 20:11:48 UTC,Eastern Time (US & Canada),7730250,hannahregister,,2024-04-12 20:18:13 UTC,2024-04-15 10:02:42 UTC,research,CC-BY-NC,https://www.inaturalist.org/observations/206835692,https://inaturalist-open-data.s3.amazonaws.com/photos/365788021/medium.jpg,,"",Found in my porch,2,0,false,3,"West Rd, Turkey, NC, US",34.9705116667,-78.1926033333,4,,,,4,,,false,,,Kudzu Bug,Megacopta cribraria,Kudzu Bug,Insecta,209176
207012590,43dba21f-c515-4264-bc69-34f504758c48,Sat Apr 13 2024 15:04:11 GMT -0400 (EDT),2024-04-13,2024-04-13 19:04:11 UTC,Eastern Time (US & Canada),437783,appalachianary,Nicholas Hendershot,2024-04-13 19:04:25 UTC,2024-10-04 11:06:05 UTC,research,,https://www.inaturalist.org/observations/207012590,https://static.inaturalist.org/photos/367027033/medium.jpeg,,"",,2,0,false,333,"Knox County, US-TN, US",35.8876953125,-84.1954269409,3,,,,3,,,false,,,Kudzu Bug,Megacopta cribraria,Kudzu Bug,Insecta,209176
207039703,96c61484-840b-4547-882d-8b0c5a4bfd17,2024-04-13 15:35:23-04:00,2024-04-13,2024-04-13 19:35:23 UTC,Eastern Time (US & Canada),2234789,kristip1027,,2024-04-13 21:15:28 UTC,2024-04-15 09:31:27 UTC,research,CC-BY-NC,https://www.inaturalist.org/observations/207039703,https://inaturalist-open-data.s3.amazonaws.com/photos/366172402/medium.jpg,,"","",2,0,false,3,"Daisywood Dr, Knoxville, TN, US",35.9306666667,-84.21875,7,,,,7,,,false,,,Kudzu Bug,Megacopta cribraria,Kudzu Bug,Insecta,209176
207078300,cd891d96-ac78-4753-ade3-1ad174c980f1,2024-04-13 17:09:16-04:00,2024-04-13,2024-04-13 21:09:16 UTC,Eastern Time (US & Canada),5442053,lillienestor,,2024-04-14 00:57:03 UTC,2024-04-15 09:29:18 UTC,research,CC-BY-NC,https://www.inaturalist.org/observations/207078300,https://inaturalist-open-data.s3.amazonaws.com/photos/366245433/medium.jpg,,"","",2,0,false,3,"Roper Mountain Rd, Greenville, SC, US",34.8363633333,-82.3158416667,4,,,,4,,,false,,,Kudzu Bug,Megacopta cribraria,Kudzu Bug,Insecta,209176
207194901,0dd04e9b-4a8c-48bf-9dd0-8f9cf2bbbfd9,2024-04-14 12:13:42-04:00,2024-04-14,2024-04-14 16:13:42 UTC,Eastern Time (US & Canada),3278812,gibdoodler,,2024-04-14 16:14:39 UTC,2024-04-15 08:51:35 UTC,research,CC-BY-NC,https://www.inaturalist.org/observations/207194901,https://inaturalist-open-data.s3.amazonaws.com/photos/366465294/medium.jpg,,"","",1,0,false,3,"North Bank Trail, Richmond, VA, US",37.5328630685,-77.4559515182,10,,,,10,,,false,,,Kudzu Bug,Megacopta cribraria,Kudzu Bug,Insecta,209176
207225085,89ce6b3e-bcdb-4e9e-9cbb-ee26d79a737c,2024-04-14 14:31:22-04:00,2024-04-14,2024-04-14 18:31:22 UTC,Eastern Time (US & Canada),1927719,chris_paradise,"",2024-04-14 18:32:37 UTC,2024-04-15 08:48:14 UTC,research,CC-BY-NC,https://www.inaturalist.org/observations/207225085,https://inaturalist-open-data.s3.amazonaws.com/photos/366521338/medium.jpg,,"","",1,0,false,3,"Beech Hill Dr, Huntersville, NC, US",35.439155,-80.8892283333,11,,,,11,,,false,,,Kudzu Bug,Megacopta cribraria,Kudzu Bug,Insecta,209176
207228377,f59c32ee-90c2-416c-ba4f-a4e35ff270ed,2024-04-14 14:43:02-04:00,2024-04-14,2024-04-14 18:43:02 UTC,Eastern Time (US & Canada),7904176,allyreynolds,,2024-04-14 18:47:36 UTC,2024-04-15 18:00:19 UTC,research,CC-BY-NC,https://www.inaturalist.org/observations/207228377,https://inaturalist-open-data.s3.amazonaws.com/photos/366527557/medium.jpg,,"","",2,0,false,3,"Baxter St, Athens, GA, US",33.9471268,-83.3951762,33,,,,33,,,false,,,Kudzu Bug,Megacopta cribraria,Kudzu Bug,Insecta,209176
207232788,068b09e1-623f-4e1f-84a2-7ad34c466737,2024-04-14 14:04:00,2024-04-14,2024-04-14 18:04:00 UTC,Eastern Time (US & Canada),7340659,saurona_aurigera,Tirzah Overbee,2024-04-14 19:05:45 UTC,2024-04-15 09:47:29 UTC,research,CC-BY-NC,https://www.inaturalist.org/observations/207232788,https://inaturalist-open-data.s3.amazonaws.com/photos/366535070/medium.jpeg,,"",,1,0,false,2,"Bulan, KY 41722, USA",37.3527828861,-83.1098056957,526,,,,526,,,false,gps,gps,Kudzu Bug,Megacopta cribraria,Kudzu Bug,Insecta,209176
207238772,30f7b7fd-d3ba-48d9-93bc-f6461623b6da,2024-04-14 14:30:14-05:00,2024-04-14,2024-04-14 19:30:14 UTC,Central Time (US & Canada),708149,kristen81,Kristen Garrison,2024-04-14 19:31:03 UTC,2024-04-15 09:47:38 UTC,research,,https://www.inaturalist.org/observations/207238772,https://static.inaturalist.org/photos/366546356/medium.jpg,,"","",1,0,false,3,"Sparta, TN, US",35.95863,-85.664095,14,,,,14,,,false,,,Kudzu Bug,Megacopta cribraria,Kudzu Bug,Insecta,209176
207242580,4ee281a0-5d62-45a0-a3de-0affd3948800,2024-04-14 15:45:57-04:00,2024-04-14,2024-04-14 19:45:57 UTC,Eastern Time (US & Canada),4003038,musicinmybrain,,2024-04-14 19:46:26 UTC,2024-04-15 09:24:24 UTC,research,CC0,https://www.inaturalist.org/observations/207242580,https://inaturalist-open-data.s3.amazonaws.com/photos/366553161/medium.jpg,,"","",1,0,false,3,"Progress Ct, Raleigh, NC, US",35.8084956743,-78.6231702381,3,,,,3,,,false,,,Kudzu Bug,Megacopta cribraria,Kudzu Bug,Insecta,209176
207253046,8290c0bf-8d8f-42ca-a979-a00f2e914d93,2024-04-14 13:30:04-04:00,2024-04-14,2024-04-14 17:30:04 UTC,Eastern Time (US & Canada),4723038,bramblefruits,,2024-04-14 20:29:39 UTC,2024-08-01 23:30:06 UTC,research,CC-BY-NC,https://www.inaturalist.org/observations/207253046,https://inaturalist-open-data.s3.amazonaws.com/photos/366572620/medium.jpg,,"","",3,0,false,3,"Upshur Recreation Center, Washington, DC, US",38.94272,-77.0319361667,34,,,,34,,,false,,,Kudzu Bug,Megacopta cribraria,Kudzu Bug,Insecta,209176
207257427,82b821a7-42d1-485f-99b4-82873d59b225,2024-04-14 13:56:55-04:00,2024-04-14,2024-04-14 17:56:55 UTC,Eastern Time (US & Canada),7901048,avajaakkola,,2024-04-14 20:46:53 UTC,2024-04-15 08:47:17 UTC,research,CC-BY-NC,https://www.inaturalist.org/observations/207257427,https://inaturalist-open-data.s3.amazonaws.com/photos/366580328/medium.jpg,,"","",1,0,false,3,"W Ten Rd, Mebane, NC, US",36.0708666667,-79.2321166667,4,,,,4,,,false,,,Kudzu Bug,Megacopta cribraria,Kudzu Bug,Insecta,209176
207260404,106d077e-aae9-47e7-9cec-751ac7d1a8ca,Sun Apr 14 2024 16:59:54 GMT -0400 (EDT),2024-04-14,2024-04-14 20:59:54 UTC,Eastern Time (US & Canada),3464974,akparrell,,2024-04-14 20:59:59 UTC,2024-04-15 08:47:09 UTC,research,CC-BY-NC,https://www.inaturalist.org/observations/207260404,https://inaturalist-open-data.s3.amazonaws.com/photos/366586417/medium.jpeg,,"",,2,0,false,333,Falls Church,38.9005126953,-77.1716918945,16,,,,16,,,false,,,Kudzu Bug,Megacopta cribraria,Kudzu Bug,Insecta,209176
207269069,d6d5144d-de20-4f7e-b29f-4afef038a55c,2024-04-14 17:31:14-04:00,2024-04-14,2024-04-14 21:31:14 UTC,Eastern Time (US & Canada),7977837,justinebollman,,2024-04-14 21:38:42 UTC,2024-04-15 09:24:14 UTC,research,CC-BY-NC,https://www.inaturalist.org/observations/207269069,https://inaturalist-open-data.s3.amazonaws.com/photos/366602530/medium.jpg,,"","",2,0,false,3,"Magnolia Bluff Dr, Athens, GA, US",33.9703216724,-83.3729466667,20,,,,20,,,false,,,Kudzu Bug,Megacopta cribraria,Kudzu Bug,Insecta,209176
207277629,e37e8b70-2135-46b4-a577-ceb36acdfa04,Sun Apr 14 2024 18:12:57 GMT -0400 (EDT),2024-04-14,2024-04-14 22:12:57 UTC,Eastern Time (US & Canada),5329145,emmasoutiere,Emma Soutiere,2024-04-14 22:17:47 UTC,2024-04-15 10:02:37 UTC,research,CC-BY-NC,https://www.inaturalist.org/observations/207277629,https://inaturalist-open-data.s3.amazonaws.com/photos/366617794/medium.jpeg,,"",,1,0,false,333,Richmond,37.5472106934,-77.4473495483,15,,,,15,,,false,,,Kudzu Bug,Megacopta cribraria,Kudzu Bug,Insecta,209176
207296036,643a4430-1322-41b5-91f4-b95e0078c73a,2024/04/14 2:57 PM,2024-04-14,2024-04-14 19:57:00 UTC,Central Time (US & Canada),1432151,rshive,Rickey Shive,2024-04-14 23:53:31 UTC,2024-04-15 08:44:10 UTC,research,CC-BY-NC-ND,https://www.inaturalist.org/observations/207296036,https://inaturalist-open-data.s3.amazonaws.com/photos/366653485/medium.png,,"",,2,0,false,,"4680 Randolph Summer Shade Rd, Summer Shade, KY 42166, USA",36.9364601,-85.7221929,177,,,,177,,,false,,,Kudzu Bug,Megacopta cribraria,Kudzu Bug,Insecta,209176
207304942,273fc32a-086c-4fb4-bc29-87465c137862,2024-04-13 15:10:17-04:00,2024-04-13,2024-04-13 19:10:17 UTC,Eastern Time (US & Canada),7389404,alexis_tinker,Alexis Tinker,2024-04-15 00:42:37 UTC,2024-04-15 09:20:31 UTC,research,,https://www.inaturalist.org/observations/207304942,https://static.inaturalist.org/photos/366671112/medium.jpg,,"","",2,0,false,3,"Johnson St, Chattanooga, TN, US",35.0355611667,-85.3038166667,4,,,,4,,,false,,,Kudzu Bug,Megacopta cribraria,Kudzu Bug,Insecta,209176
207344198,7d206845-713a-452a-ae64-07a1ba307624,2024-04-14 13:16:25-05:00,2024-04-14,2024-04-14 18:16:25 UTC,Central Time (US & Canada),7887155,stella74749,Stella A,2024-04-15 05:45:58 UTC,2024-04-15 08:38:56 UTC,research,,https://www.inaturalist.org/observations/207344198,https://static.inaturalist.org/photos/366749745/medium.jpg,,"","",1,0,false,3,"N College St, Auburn, AL, US",32.607145,-85.4814083333,35,,,,35,,,false,,,Kudzu Bug,Megacopta cribraria,Kudzu Bug,Insecta,209176
207408191,748c08cb-0153-4ff3-8c1b-ba26d67384b5,2024/04/11 2:02 PM,2024-04-11,2024-04-11 18:02:00 UTC,Eastern Time (US & Canada),7981174,kbruns01,,2024-04-15 15:40:46 UTC,2024-04-16 14:32:53 UTC,research,CC-BY-NC,https://www.inaturalist.org/observations/207408191,https://inaturalist-open-data.s3.amazonaws.com/photos/366867575/medium.jpeg,,"",,2,0,false,,"Athens, GA, USA",33.9400138889,-83.3801638889,4,,,,4,,,false,,,Kudzu Bug,Megacopta cribraria,Kudzu Bug,Insecta,209176
207428111,d1c26d8a-f10c-455e-80cf-87138f854596,2024-04-15 13:31:46-04:00,2024-04-15,2024-04-15 17:31:46 UTC,Eastern Time (US & Canada),7982445,annafreeman,,2024-04-15 17:33:14 UTC,2024-04-16 14:30:25 UTC,research,CC-BY-NC,https://www.inaturalist.org/observations/207428111,https://inaturalist-open-data.s3.amazonaws.com/photos/366902758/medium.jpg,,"","",2,0,false,3,"Magnolia Bluff Dr, Athens, GA, US",33.9709883333,-83.372895,8,,,,8,,,false,,,Kudzu Bug,Megacopta cribraria,Kudzu Bug,Insecta,209176
207439264,921083c4-df26-4439-a28c-6f58e93a093e,2024-04-15 13:36:09-05:00,2024-04-15,2024-04-15 18:36:09 UTC,Central Time (US & Canada),7718864,mccoywoodham,,2024-04-15 18:36:25 UTC,2024-04-16 14:29:41 UTC,research,CC-BY-NC,https://www.inaturalist.org/observations/207439264,https://inaturalist-open-data.s3.amazonaws.com/photos/366922993/medium.jpg,,"","",1,0,false,3,"Auburn University, Auburn, AL, US",32.6043372976,-85.4823322762,11,,,,11,,,false,,,Kudzu Bug,Megacopta cribraria,Kudzu Bug,Insecta,209176
207448683,1ced34f2-0c01-4372-9fdd-945fc275ebad,Mon Apr 15 2024 15:30:38 GMT -0400 (EDT),2024-04-15,2024-04-15 19:30:38 UTC,Eastern Time (US & Canada),4778726,rhaxid,,2024-04-15 19:30:48 UTC,2024-04-16 14:45:29 UTC,research,,https://www.inaturalist.org/observations/207448683,https://static.inaturalist.org/photos/366940071/medium.jpeg,,"",,1,0,false,333,Statesboro,32.4408569336,-81.7853775024,35,,,,35,,,false,,,Kudzu Bug,Megacopta cribraria,Kudzu Bug,Insecta,209176
207469837,2da7ae8d-41de-4562-b7fa-9f1ce690a660,2024-04-15 17:31:21,2024-04-15,2024-04-15 21:31:21 UTC,Eastern Time (US & Canada),6097493,adam1643,Adam Sima,2024-04-15 21:32:18 UTC,2024-04-16 14:41:22 UTC,research,,https://www.inaturalist.org/observations/207469837,https://static.inaturalist.org/photos/366980019/medium.jpeg,,"",,2,0,false,2,"Bon Air, VA, USA",37.5187106859,-77.6120560616,1866,,,,1866,,,false,gps,gps,Kudzu Bug,Megacopta cribraria,Kudzu Bug,Insecta,209176
207480673,6a016d68-3752-42cf-a8e2-6aa8b765b3b1,2024-04-15 18:41:24,2024-04-15,2024-04-15 22:41:24 UTC,Eastern Time (US & Canada),1702408,rolltoad23,Gregory Roliardi,2024-04-15 22:43:38 UTC,2024-05-06 02:51:44 UTC,research,,https://www.inaturalist.org/observations/207480673,https://static.inaturalist.org/photos/367001400/medium.jpeg,,"",,2,0,false,2,"Norfolk, VA, USA",36.9615083333,-76.2597805556,,,,,,,,false,gps,gps,Kudzu Bug,Megacopta cribraria,Kudzu Bug,Insecta,209176
207486305,f60a4556-b2e6-4d85-a4b6-e11ce5536aa0,2024-04-15 19:18:04-04:00,2024-04-15,2024-04-15 23:18:04 UTC,Eastern Time (US & Canada),6318875,crinklemonkey,,2024-04-15 23:20:23 UTC,2024-04-16 14:25:39 UTC,research,CC-BY-NC,https://www.inaturalist.org/observations/207486305,https://inaturalist-open-data.s3.amazonaws.com/photos/367012724/medium.jpg,,"","",2,0,false,3,"N Lake Dr, Irmo, SC, US",34.0977833333,-81.22152,10,,,,10,,,false,,,Kudzu Bug,Megacopta cribraria,Kudzu Bug,Insecta,209176
207500921,1ea277c1-1e63-4de4-b66a-53d1f00ca7e9,2024-04-13 16:49:19-04:00,2024-04-13,2024-04-13 20:49:19 UTC,Eastern Time (US & Canada),7862435,cml73761,Christina Le,2024-04-16 01:05:01 UTC,2024-04-16 14:24:32 UTC,research,CC-BY-NC,https://www.inaturalist.org/observations/207500921,https://inaturalist-open-data.s3.amazonaws.com/photos/367041755/medium.jpg,,"","",2,0,false,3,"Hugh Howell Rd, Tucker, GA, US",33.8516383333,-84.209975,35,,,,35,,,false,,,Kudzu Bug,Megacopta cribraria,Kudzu Bug,Insecta,209176
207553612,668e2001-8dfd-41ba-8f93-c815c525aa7e,2024-04-01 15:56:22,2024-04-01,2024-04-01 19:56:22 UTC,Eastern Time (US & Canada),7867182,thewanderthing,Andrew Gneiting,2024-04-16 10:48:41 UTC,2024-04-16 14:21:21 UTC,research,,https://www.inaturalist.org/observations/207553612,https://static.inaturalist.org/photos/367145491/medium.jpeg,,"",,2,0,false,2,"Carrsbrook, VA 22901, USA",38.0924511935,-78.4536507726,241,,,,241,,,false,gps,gps,Kudzu Bug,Megacopta cribraria,Kudzu Bug,Insecta,209176
207559759,a2fff7bb-c425-423c-a32c-047a0d198a0f,2024-04-14 14:52:21-04:00,2024-04-14,2024-04-14 18:52:21 UTC,Eastern Time (US & Canada),7925787,madieellis,,2024-04-16 12:01:00 UTC,2024-04-16 14:21:10 UTC,research,CC-BY-NC,https://www.inaturalist.org/observations/207559759,https://inaturalist-open-data.s3.amazonaws.com/photos/367156691/medium.jpg,,"","",2,0,false,3,"Baxter St, Athens, GA, US",33.9473283333,-83.3952783333,23,,,,23,,,false,,,Kudzu Bug,Megacopta cribraria,Kudzu Bug,Insecta,209176
207583455,26a89144-ece6-4e58-97ec-3e84a2bc7ea4,2024-04-15 16:23:04-04:00,2024-04-15,2024-04-15 20:23:04 UTC,Eastern Time (US & Canada),7737014,taylorstockel,,2024-04-16 15:00:58 UTC,2024-04-16 15:02:44 UTC,research,CC-BY-NC,https://www.inaturalist.org/observations/207583455,https://inaturalist-open-data.s3.amazonaws.com/photos/367198382/medium.jpg,,"","",1,0,false,3,"E Broad St, Athens, GA, US",33.9596533333,-83.3688666667,72,,,,72,,,false,,,Kudzu Bug,Megacopta cribraria,Kudzu Bug,Insecta,209176
207583660,bda11f9a-25b9-44f7-816f-e72c11db51a8,2024/03/31 10:49 AM,2024-03-31,2024-03-31 14:49:00 UTC,Eastern Time (US & Canada),7862211,klawyer04,,2024-04-16 15:02:51 UTC,2024-04-16 15:31:36 UTC,research,,https://www.inaturalist.org/observations/207583660,https://static.inaturalist.org/photos/367196913/medium.jpg,,"",,1,0,false,,"909 E Broad St, Athens, GA 30601, USA",33.959202,-83.3685043,128,,,,128,,,false,,,Kudzu Bug,Megacopta cribraria,Kudzu Bug,Insecta,209176
207591328,93fac5c5-6f6c-408c-8405-00dc43957e0e,2024-04-16 11:45:30,2024-04-16,2024-04-16 15:45:30 UTC,Eastern Time (US & Canada),5288255,matthew1567,Matthew Piziak,2024-04-16 15:45:45 UTC,2024-04-19 13:24:15 UTC,research,CC-BY,https://www.inaturalist.org/observations/207591328,https://inaturalist-open-data.s3.amazonaws.com/photos/367211672/medium.jpeg,,"",,2,0,false,2,"Kure Beach, NC, USA",34.0012824,-77.9049957,13,,,,13,,,false,,,Kudzu Bug,Megacopta cribraria,Kudzu Bug,Insecta,209176
207591474,ca138f40-f330-4620-a9b6-6595dcd4d68b,2024-04-16 11:45:45,2024-04-16,2024-04-16 15:45:45 UTC,Eastern Time (US & Canada),5288255,matthew1567,Matthew Piziak,2024-04-16 15:46:35 UTC,2024-04-19 13:24:15 UTC,research,CC-BY,https://www.inaturalist.org/observations/207591474,https://inaturalist-open-data.s3.amazonaws.com/photos/367211997/medium.jpeg,,"",,2,0,false,2,"Kure Beach, NC, USA",34.0012758,-77.9050129,12,,,,12,,,false,,,Kudzu Bug,Megacopta cribraria,Kudzu Bug,Insecta,209176
207622326,5ebeadca-fe3d-4f2b-8c80-62681c3a74e8,2024/03/25 2:41 PM,2024-03-25,2024-03-25 18:41:00 UTC,Eastern Time (US & Canada),7988289,briannareed,,2024-04-16 18:37:11 UTC,2024-04-17 10:18:23 UTC,research,CC-BY-NC,https://www.inaturalist.org/observations/207622326,https://inaturalist-open-data.s3.amazonaws.com/photos/367266187/medium.jpg,,"",,1,0,false,,"Gainesville, GA, USA",34.2911111111,-83.8227472222,4,,,,4,,,false,,,Kudzu Bug,Megacopta cribraria,Kudzu Bug,Insecta,209176
207630777,69659b57-e633-47f3-b111-7454a6bca741,2024-04-16 15:20:56-04:00,2024-04-16,2024-04-16 19:20:56 UTC,Eastern Time (US & Canada),7714687,blaneholliday,,2024-04-16 19:23:49 UTC,2024-04-17 10:23:42 UTC,research,CC-BY-NC,https://www.inaturalist.org/observations/207630777,https://inaturalist-open-data.s3.amazonaws.com/photos/367281745/medium.jpg,,"","",1,0,false,3,"University of Georgia, Athens, GA, US",33.938127204,-83.3693970408,25,,,,25,,,false,,,Kudzu Bug,Megacopta cribraria,Kudzu Bug,Insecta,209176
207640390,0e3706f6-b44a-456b-80c6-be8d7c7237b2,2024-04-16 16:19:58,2024-04-16,2024-04-16 20:19:58 UTC,Eastern Time (US & Canada),1084441,matthewrine,Matt Rine,2024-04-16 20:21:39 UTC,2024-04-17 10:33:18 UTC,research,,https://www.inaturalist.org/observations/207640390,https://static.inaturalist.org/photos/367299638/medium.jpeg,,"",,2,0,false,2,"Wheaton, Wheaton-Glenmont, MD, USA",39.0586643997,-77.0383522,,,,,,,,false,gps,gps,Kudzu Bug,Megacopta cribraria,Kudzu Bug,Insecta,209176
207651017,da6fbb81-9b2e-4d07-85d8-bd6cfe1d3e6d,2024-04-16 17:23:13-04:00,2024-04-16,2024-04-16 21:23:13 UTC,Eastern Time (US & Canada),862589,lilacnat,,2024-04-16 21:23:45 UTC,2024-04-17 10:15:18 UTC,research,,https://www.inaturalist.org/observations/207651017,https://static.inaturalist.org/photos/367319121/medium.jpg,,"","",2,0,false,3,"E Arrowood Rd, Charlotte, NC, US",35.1382778333,-80.8773583333,5,,,,5,,,false,,,Kudzu Bug,Megacopta cribraria,Kudzu Bug,Insecta,209176
207693933,5bf76cef-9aea-451c-b73f-484d47660a70,2024-04-16 14:06:22-05:00,2024-04-16,2024-04-16 19:06:22 UTC,Central Time (US & Canada),449307,fieldfalcon,J. Fields Falcone,2024-04-17 02:16:48 UTC,2024-04-17 10:12:23 UTC,research,,https://www.inaturalist.org/observations/207693933,https://static.inaturalist.org/photos/367401653/medium.jpg,,"","",2,0,false,3,"Overton Park, Memphis, TN, US",35.1468370694,-89.9865175008,335,,,,335,,,false,,,Kudzu Bug,Megacopta cribraria,Kudzu Bug,Insecta,209176
207763093,11459a4e-a5a5-4160-84d0-e97da84ca26a,2024-04-16 18:39:48-04:00,2024-04-16,2024-04-16 22:39:48 UTC,Eastern Time (US & Canada),161086,cypselurus,Larry Chen,2024-04-17 14:51:17 UTC,2024-04-19 13:19:18 UTC,research,CC-BY-NC,https://www.inaturalist.org/observations/207763093,https://inaturalist-open-data.s3.amazonaws.com/photos/367531898/medium.jpg,,"","",2,0,false,3,"Western Byp, Durham, NC, US",35.9802966667,-78.956995,4,,,,4,,,false,,,Kudzu Bug,Megacopta cribraria,Kudzu Bug,Insecta,209176
207777701,3c462fdf-40f7-4a88-9643-1c4ad875128c,2024-04-17 12:30:10-04:00,2024-04-17,2024-04-17 16:30:10 UTC,Eastern Time (US & Canada),147794,gmskupien,,2024-04-17 16:30:22 UTC,2024-04-19 13:17:57 UTC,research,CC-BY-NC,https://www.inaturalist.org/observations/207777701,https://inaturalist-open-data.s3.amazonaws.com/photos/367559491/medium.jpg,,"","",2,0,false,3,"W Jones St, Raleigh, NC, US",35.7824350498,-78.6406588824,35,,,,35,,,false,,,Kudzu Bug,Megacopta cribraria,Kudzu Bug,Insecta,209176
207794805,e98d52a0-2d81-4b09-8b36-b742d390c820,2024-01-09 11:22:08-05:00,2024-01-09,2024-01-09 16:22:08 UTC,Eastern Time (US & Canada),7684284,madelyn25358,Madelyn A,2024-04-17 18:12:29 UTC,2024-04-18 11:11:19 UTC,research,,https://www.inaturalist.org/observations/207794805,https://static.inaturalist.org/photos/367591031/medium.jpg,,"","",1,0,false,3,"Indian River Rd, Virginia Beach, VA, US",36.8034982151,-76.1898817373,35,,,,35,,,false,,,Kudzu Bug,Megacopta cribraria,Kudzu Bug,Insecta,209176
207796825,43e280e7-31fe-4740-984e-bd9d886a6e6c,2024-04-17 14:23:55-04:00,2024-04-17,2024-04-17 18:23:55 UTC,Eastern Time (US & Canada),283591,cary2,Cary Brief,2024-04-17 18:25:04 UTC,2024-04-18 11:10:58 UTC,research,,https://www.inaturalist.org/observations/207796825,https://static.inaturalist.org/photos/367594861/medium.jpg,,"","",2,0,false,3,"Royal St, Raleigh, NC, US",35.79065,-78.688745,35,,,,35,,,false,,,Kudzu Bug,Megacopta cribraria,Kudzu Bug,Insecta,209176
207971375,984eafdd-2015-4fc5-8938-49562a495d88,Thu Apr 18 2024 15:02:35 GMT -0400 (EDT),2024-04-18,2024-04-18 19:02:35 UTC,Eastern Time (US & Canada),14373,jshunter,JSHunter,2024-04-18 19:02:44 UTC,2024-09-04 01:36:17 UTC,research,CC-BY-NC,https://www.inaturalist.org/observations/207971375,https://inaturalist-open-data.s3.amazonaws.com/photos/367921090/medium.jpeg,,"",,2,0,false,333,Arlington,38.8890686035,-77.0858383179,16,,,,16,,,false,,,Kudzu Bug,Megacopta cribraria,Kudzu Bug,Insecta,209176
207973800,8ebe3f2d-afb3-4872-aee9-3c726402ac1d,2024-04-18 15:16:23-04:00,2024-04-18,2024-04-18 19:16:23 UTC,Eastern Time (US & Canada),7160016,cavesprout,,2024-04-18 19:17:58 UTC,2024-06-03 18:40:56 UTC,research,CC-BY-NC,https://www.inaturalist.org/observations/207973800,https://inaturalist-open-data.s3.amazonaws.com/photos/390031673/medium.jpg,,"","",2,0,false,3,"Clemson University, Clemson, SC, US",34.6754216667,-82.8377616667,30,,,,30,,,false,,,Kudzu Bug,Megacopta cribraria,Kudzu Bug,Insecta,209176
208014555,49369aa4-a8e9-4377-8d9d-fabf79d41e8b,2024-04-18 10:12:44,2024-04-18,2024-04-18 14:12:44 UTC,Eastern Time (US & Canada),5348947,daighbc,,2024-04-18 23:49:57 UTC,2024-04-19 17:16:09 UTC,research,CC-BY-NC,https://www.inaturalist.org/observations/208014555,https://inaturalist-open-data.s3.amazonaws.com/photos/368002075/medium.jpeg,,"",,2,0,false,2,"Florence, SC 29501, USA",34.2414586,-79.8100806,,,,,,,,false,gps,gps,Kudzu Bug,Megacopta cribraria,Kudzu Bug,Insecta,209176
208021176,4e3bcffc-1f14-412c-a336-05553910261e,2024-04-18 12:09:50-04:00,2024-04-18,2024-04-18 16:09:50 UTC,Eastern Time (US & Canada),7778365,ocamhi18,,2024-04-19 00:42:59 UTC,2024-04-19 10:58:42 UTC,research,CC-BY-NC,https://www.inaturalist.org/observations/208021176,https://inaturalist-open-data.s3.amazonaws.com/photos/368014343/medium.jpg,,"","",2,0,false,3,"University of Georgia, Athens, GA, US",33.9431033333,-83.3839333333,4,,,,4,,,false,,,Kudzu Bug,Megacopta cribraria,Kudzu Bug,Insecta,209176
208346093,78acd95c-f8a7-438d-a28b-7a0a891b1199,2024-04-20 16:15:18-04:00,2024-04-20,2024-04-20 20:15:18 UTC,Eastern Time (US & Canada),6723872,nature4kiddos,,2024-04-20 20:27:30 UTC,2024-05-02 18:43:59 UTC,research,CC-BY-NC,https://www.inaturalist.org/observations/208346093,https://inaturalist-open-data.s3.amazonaws.com/photos/368617829/medium.jpg,,"","",2,0,false,3,"Lawrenceville Hwy, Tucker, GA, US",33.8364387647,-84.240183749,305,,,,305,,,false,,,Kudzu Bug,Megacopta cribraria,Kudzu Bug,Insecta,209176
208631215,e7a6724e-0e2b-484d-9697-b91db7c5d100,2024-04-17 17:45:59-04:00,2024-04-17,2024-04-17 21:45:59 UTC,Eastern Time (US & Canada),984027,stumpwaterdunn,,2024-04-22 02:24:30 UTC,2024-04-23 14:05:38 UTC,research,,https://www.inaturalist.org/observations/208631215,https://static.inaturalist.org/photos/369151171/medium.jpg,,"","",2,0,false,3,"Pasture Rd, Hillsborough, NC, US",35.9833128739,-79.1511082591,82,,,,82,,,false,,,Kudzu Bug,Megacopta cribraria,Kudzu Bug,Insecta,209176
208765052,4250c8c8-27b7-4e80-94c9-50f680cd3af5,2024-03-17 14:37:12-04:00,2024-03-17,2024-03-17 18:37:12 UTC,Eastern Time (US & Canada),4598218,rachel1477,Rachel Robinson,2024-04-22 20:04:38 UTC,2024-04-29 14:09:49 UTC,research,,https://www.inaturalist.org/observations/208765052,https://static.inaturalist.org/photos/369396768/medium.jpg,,"","",1,0,false,3,"Beaucatcher Rd, Asheville, NC, US",35.5927730631,-82.5361612347,6,,,,6,,,false,,,Kudzu Bug,Megacopta cribraria,Kudzu Bug,Insecta,209176
208785649,15ab7f1b-54ef-496a-97be-f4e558504b81,2024/04/22 4:12 PM,2024-04-22,2024-04-22 20:12:00 UTC,Eastern Time (US & Canada),7715703,alexisdodd1,Alexis Dodd,2024-04-22 21:51:51 UTC,2024-04-23 13:53:13 UTC,research,CC-BY-NC,https://www.inaturalist.org/observations/208785649,https://inaturalist-open-data.s3.amazonaws.com/photos/369430621/medium.jpg,,"",,2,0,false,,"Peabody Park, W Market St, Greensboro, NC 27412, USA",36.0722348,-79.8088372,251,,,,251,,,false,,,Kudzu Bug,Megacopta cribraria,Kudzu Bug,Insecta,209176
208836204,839c6e19-8957-4e76-86b6-53d97ca1c154,2024-02-20 13:43:01-05:00,2024-02-20,2024-02-20 18:43:01 UTC,Eastern Time (US & Canada),6538851,haileygregorich,,2024-04-23 03:20:33 UTC,2024-04-23 13:52:05 UTC,research,CC-BY-NC,https://www.inaturalist.org/observations/208836204,https://inaturalist-open-data.s3.amazonaws.com/photos/369529912/medium.jpg,,"","",2,0,false,3,"Reinhardt University, Waleska, GA, US",34.3204273405,-84.5546861193,49,,,,49,,,false,,,Kudzu Bug,Megacopta cribraria,Kudzu Bug,Insecta,209176
209136490,5ec1aaa5-aad0-4a0f-b563-cf4687e00fa3,2024-04-24 13:33:13,2024-04-24,2024-04-24 18:33:13 UTC,Central Time (US & Canada),8019949,brooklyn57855,brooklyn george,2024-04-24 20:18:35 UTC,2024-04-24 21:16:43 UTC,research,,https://www.inaturalist.org/observations/209136490,https://static.inaturalist.org/photos/370084774/medium.jpeg,,"",,3,1,false,2,"Oxford, MS 38655, USA",34.3531194444,-89.5401694444,,,,,,,,false,gps,gps,Kudzu Bug,Megacopta cribraria,Kudzu Bug,Insecta,209176
209401300,3d95918c-66e6-4abe-9dd6-005f0810fda3,2024-04-07 16:13:14,2024-04-07,2024-04-07 20:13:14 UTC,Eastern Time (US & Canada),7227847,chaoticsymphony,"",2024-04-26 04:07:02 UTC,2024-04-26 15:21:15 UTC,research,,https://www.inaturalist.org/observations/209401300,https://static.inaturalist.org/photos/370573636/medium.jpeg,,"",,1,0,false,2,"Olde Whitehall, Charlotte, NC, USA",35.1457819328,-80.931513682,415,,,,415,,,false,gps,gps,Kudzu Bug,Megacopta cribraria,Kudzu Bug,Insecta,209176
209412896,3c30b544-2805-4df7-95aa-949eac52757d,2024-03-20 14:50:36,2024-03-20,2024-03-20 18:50:36 UTC,Eastern Time (US & Canada),7789122,courtneynavarro,,2024-04-26 05:23:10 UTC,2024-04-26 15:20:39 UTC,research,CC-BY-NC,https://www.inaturalist.org/observations/209412896,https://inaturalist-open-data.s3.amazonaws.com/photos/370594014/medium.jpeg,,"",,2,0,false,2,"Athens, GA 30601, USA",33.9518840068,-83.3575670421,14632,,,,14632,,,false,gps,gps,Kudzu Bug,Megacopta cribraria,Kudzu Bug,Insecta,209176
209658273,01563344-9b29-4dc2-b507-6aeeeb2965af,Fri Apr 26 2024 10:51:57 GMT -0500 (CDT),2024-04-26,2024-04-26 15:51:57 UTC,Central Time (US & Canada),6009424,wdrhin,Wesley Rhinehart,2024-04-26 16:57:39 UTC,2024-05-01 23:55:40 UTC,research,CC-BY-NC,https://www.inaturalist.org/observations/209658273,https://inaturalist-open-data.s3.amazonaws.com/photos/370968424/medium.jpeg,,"",,2,0,false,333,Millington,35.3615951538,-90.0101318359,,,,,,,,false,,,Kudzu Bug,Megacopta cribraria,Kudzu Bug,Insecta,209176
209888610,c5c900ad-30a2-4880-b22e-42873cc1486a,2024-04-26 14:07:53-05:00,2024-04-26,2024-04-26 19:07:53 UTC,Central Time (US & Canada),6625264,sheastatenms,Shea Staten,2024-04-27 00:55:15 UTC,2024-04-27 10:07:35 UTC,research,CC-BY-NC,https://www.inaturalist.org/observations/209888610,https://inaturalist-open-data.s3.amazonaws.com/photos/371592062/medium.jpg,,"",Observed on Southern arrowwood.,1,0,false,3,"Sardis, MS, US",34.421050171,-89.8108347911,24,,,,24,,,false,,,Kudzu Bug,Megacopta cribraria,Kudzu Bug,Insecta,209176
210269401,6f858c51-5730-4c2e-b8bd-0548759adb90,2024-04-27 12:57:20-04:00,2024-04-27,2024-04-27 16:57:20 UTC,Eastern Time (US & Canada),1334078,sgtbird08,James Hussey,2024-04-27 16:57:26 UTC,2024-04-27 23:00:17 UTC,research,CC-BY-NC,https://www.inaturalist.org/observations/210269401,https://inaturalist-open-data.s3.amazonaws.com/photos/371936640/medium.jpg,,"","",1,0,false,3,"Cedar Shoals Dr, Athens, GA, US",33.9118206543,-83.3143565508,3,,,,3,,,false,,,Kudzu Bug,Megacopta cribraria,Kudzu Bug,Insecta,209176
210464787,cb84aa79-c71d-41a4-9f19-77e4bc43b9b6,2024-04-27 17:21:32-05:00,2024-04-27,2024-04-27 22:21:32 UTC,Central Time (US & Canada),7669476,kacie24582,Kacie Berger,2024-04-27 22:22:36 UTC,2024-04-28 14:56:26 UTC,research,,https://www.inaturalist.org/observations/210464787,https://static.inaturalist.org/photos/372253221/medium.jpg,,"","",1,0,false,3,"Richton, MS, US",31.421208255,-88.7942345033,5,,,,5,,,false,,,Kudzu Bug,Megacopta cribraria,Kudzu Bug,Insecta,209176
210926511,41ff67a7-32bd-43fb-879a-ae7d2fc21d66,2024-04-28 12:17:21-04:00,2024-04-28,2024-04-28 16:17:21 UTC,Eastern Time (US & Canada),39703,lauralovesbirds,Laura Mae,2024-04-28 16:34:37 UTC,2025-02-03 15:48:13 UTC,research,CC-BY,https://www.inaturalist.org/observations/210926511,https://inaturalist-open-data.s3.amazonaws.com/photos/372993307/medium.jpg,,"",I just left the Great Dismal Swamp in Suffolk and found this bug on my shoulder,1,0,false,3,"Greenbrier Pkwy, Chesapeake, VA, US",36.7751533333,-76.2300716667,18,,,,18,,,false,,,Kudzu Bug,Megacopta cribraria,Kudzu Bug,Insecta,209176
210949768,618f0ab7-b7d3-413b-bcbf-25e5c49130cb,2024-04-28 13:07:02-04:00,2024-04-28,2024-04-28 17:07:02 UTC,Eastern Time (US & Canada),7774822,transpinestwins,,2024-04-28 17:08:10 UTC,2025-02-03 15:48:07 UTC,research,CC-BY-NC,https://www.inaturalist.org/observations/210949768,https://inaturalist-open-data.s3.amazonaws.com/photos/373029853/medium.jpg,,"","",1,0,false,3,"The Beacon, Atlanta, GA, US",33.7252594296,-84.3777491805,7,,,,7,,,false,,,Kudzu Bug,Megacopta cribraria,Kudzu Bug,Insecta,209176
210983287,9b4589df-9f8e-405f-9710-e7589932f4f7,2024/04/28 12:34 PM,2024-04-28,2024-04-28 16:34:00 UTC,Eastern Time (US & Canada),175052,johndidiego,John DiDiego,2024-04-28 17:57:33 UTC,2025-02-05 21:34:08 UTC,research,CC-BY-NC,https://www.inaturalist.org/observations/210983287,https://inaturalist-open-data.s3.amazonaws.com/photos/373080742/medium.jpeg,,"",Curious little critter!  ,1,0,false,,"College Hill Historic District, Maryville, TN 37803, USA",35.7468914386,-83.9660066046,61,,,,61,,,false,,,Kudzu Bug,Megacopta cribraria,Kudzu Bug,Insecta,209176
211034761,8114034d-24ee-4677-b926-529d9faedd10,2024-04-28 16:13:17-03:00,2024-04-28,2024-04-28 19:13:17 UTC,Eastern Time (US & Canada),8028463,annawilson256,,2024-04-28 19:13:34 UTC,2025-02-05 21:33:53 UTC,research,CC-BY-NC,https://www.inaturalist.org/observations/211034761,https://inaturalist-open-data.s3.amazonaws.com/photos/373166977/medium.jpg,,"","",2,0,false,3,"Old Liberty Rd, Franklinville, NC, US",35.7941703368,-79.7308912535,303507,,,,303507,,,false,,,Kudzu Bug,Megacopta cribraria,Kudzu Bug,Insecta,209176
211084021,48433f32-22cb-4868-b3cb-abd614573fc3,Sun Apr 28 2024 16:24:54 GMT -0400 (EDT),2024-04-28,2024-04-28 20:24:54 UTC,Eastern Time (US & Canada),3364429,jobius19,,2024-04-28 20:25:25 UTC,2025-02-03 15:48:02 UTC,research,CC-BY-NC,https://www.inaturalist.org/observations/211084021,https://inaturalist-open-data.s3.amazonaws.com/photos/373245029/medium.jpeg,,"",,1,0,false,333,Emporia,36.5465698242,-77.5750808716,77,,,,77,,,false,,,Kudzu Bug,Megacopta cribraria,Kudzu Bug,Insecta,209176
211099704,50c4ca26-6ec5-40b9-9118-e34dc2f90368,2024-04-28 15:31:00-04:00,2024-04-28,2024-04-28 19:31:00 UTC,Eastern Time (US & Canada),6603432,madstolefrogs,,2024-04-28 20:48:51 UTC,2025-02-03 15:48:01 UTC,research,CC-BY-NC,https://www.inaturalist.org/observations/211099704,https://inaturalist-open-data.s3.amazonaws.com/photos/373269668/medium.jpg,,"","",1,0,false,3,"Clarke St, Henrico, VA, US",37.6043916507,-77.4702264084,22,,,,22,,,false,,,Kudzu Bug,Megacopta cribraria,Kudzu Bug,Insecta,209176
211104447,27d4896b-07e1-4c6a-a38e-c9329c978666,2024-04-28 16:29:39-04:00,2024-04-28,2024-04-28 20:29:39 UTC,Eastern Time (US & Canada),1060164,jwfehrer,,2024-04-28 20:55:57 UTC,2025-02-05 21:33:44 UTC,research,,https://www.inaturalist.org/observations/211104447,https://static.inaturalist.org/photos/373277633/medium.jpg,,"","",1,0,false,3,"Patuxent Pl, Chocowinity, NC, US",35.5,-77.0537638333,3,,,,3,,,false,,,Kudzu Bug,Megacopta cribraria,Kudzu Bug,Insecta,209176
211107503,bf62a71c-6a34-42ba-836b-b542cbd74d3a,2024/04/28 9:45 AM,2024-04-28,2024-04-28 13:45:00 UTC,Eastern Time (US & Canada),3133703,mmmmbugs,Adrienne van den Beemt,2024-04-28 21:00:23 UTC,2025-03-24 22:43:16 UTC,research,CC-BY,https://www.inaturalist.org/observations/211107503,https://inaturalist-open-data.s3.amazonaws.com/photos/373277769/medium.jpg,,"",,2,0,false,,"Prince George's County, MD, USA",38.8024222222,-77.0126111111,,,,,,,,false,,,Kudzu Bug,Megacopta cribraria,Kudzu Bug,Insecta,209176
211132173,ea07ddf3-17df-4cf0-abd2-e01e197626e7,2024/04/28 9:23 AM,2024-04-28,2024-04-28 13:23:00 UTC,Eastern Time (US & Canada),3133703,mmmmbugs,Adrienne van den Beemt,2024-04-28 21:37:33 UTC,2025-03-24 22:43:16 UTC,research,CC-BY,https://www.inaturalist.org/observations/211132173,https://inaturalist-open-data.s3.amazonaws.com/photos/373316503/medium.jpg,,"",Oxon Cove Park- locations approximate. On black locust,2,0,false,,"Prince George's County, MD, USA",38.8025610836,-77.0105515758,332,,,,332,,,false,,,Kudzu Bug,Megacopta cribraria,Kudzu Bug,Insecta,209176
211239246,dac00f51-1882-4f80-ab09-bd762a8e70a2,2024/04/08 2:56 PM,2024-04-08,2024-04-08 18:56:00 UTC,Eastern Time (US & Canada),7778650,gracestephens02,,2024-04-29 00:40:17 UTC,2025-02-05 21:33:35 UTC,research,CC-BY-NC,https://www.inaturalist.org/observations/211239246,https://inaturalist-open-data.s3.amazonaws.com/photos/373499243/medium.jpeg,,"",,1,0,false,,"Athens, GA, USA",33.9520111111,-83.3774027778,4,,,,4,,,false,,,Kudzu Bug,Megacopta cribraria,Kudzu Bug,Insecta,209176
211647413,d8491269-a193-4f0c-862d-29f99d7ffe4a,2024-04-29 11:25:30-04:00,2024-04-29,2024-04-29 15:25:30 UTC,Eastern Time (US & Canada),143724,johnoridden,Johnathon Ridden,2024-04-29 16:03:27 UTC,2025-02-03 15:47:43 UTC,research,CC0,https://www.inaturalist.org/observations/211647413,https://inaturalist-open-data.s3.amazonaws.com/photos/374134614/medium.jpg,,"","",2,0,false,3,"Edwin St NW, Atlanta, GA, US",33.7807423004,-84.4459221436,738,,,,738,,,false,,,Kudzu Bug,Megacopta cribraria,Kudzu Bug,Insecta,209176
211676424,bb7d037f-51dd-432c-b7ea-5001d1cb88b4,2024-04-29 12:45:44-04:00,2024-04-29,2024-04-29 16:45:44 UTC,Eastern Time (US & Canada),8071755,jeeplifesaltlife13,,2024-04-29 16:47:39 UTC,2024-04-30 14:33:19 UTC,research,CC-BY-NC,https://www.inaturalist.org/observations/211676424,https://inaturalist-open-data.s3.amazonaws.com/photos/374178099/medium.jpg,,"","",1,0,false,3,"Lankford Hwy, Machipongo, VA, US",37.38788,-75.91558,4,,,,4,,,false,,,Kudzu Bug,Megacopta cribraria,Kudzu Bug,Insecta,209176
211694055,e11ee816-14fa-4ed2-a0c3-d6d9281a6a1f,2024-04-29 13:12:59,2024-04-29,2024-04-29 17:12:59 UTC,Eastern Time (US & Canada),80545,srmyers,"",2024-04-29 17:13:59 UTC,2025-02-03 15:47:42 UTC,research,,https://www.inaturalist.org/observations/211694055,https://static.inaturalist.org/photos/374204880/medium.jpeg,,"",,1,0,false,2,"Asheville, NC, USA",35.6031769,-82.6199273,,,,,,,,false,gps,gps,Kudzu Bug,Megacopta cribraria,Kudzu Bug,Insecta,209176
211746187,e1291cad-537e-40d0-83e2-a9df3f41df2c,2024-04-29 13:33:37-04:00,2024-04-29,2024-04-29 17:33:37 UTC,Eastern Time (US & Canada),1635226,ozarkakerzfarm,"",2024-04-29 18:31:36 UTC,2024-04-30 14:30:08 UTC,research,CC-BY-NC,https://www.inaturalist.org/observations/211746187,https://inaturalist-open-data.s3.amazonaws.com/photos/374285375/medium.jpg,,"","",2,0,false,3,"Parks Crossroads Church Rd, Ramseur, NC, US",35.6840690303,-79.6111738254,155,,,,155,,,false,,,Kudzu Bug,Megacopta cribraria,Kudzu Bug,Insecta,209176
211857818,9da83f1f-a638-4a75-b038-5e64a4cbfee5,2024-04-29 15:39:14,2024-04-29,2024-04-29 19:39:14 UTC,Eastern Time (US & Canada),5891369,braindecay,"",2024-04-29 21:12:03 UTC,2024-04-30 10:19:44 UTC,research,CC-BY-NC,https://www.inaturalist.org/observations/211857818,https://inaturalist-open-data.s3.amazonaws.com/photos/374460372/medium.jpeg,,"",,2,0,false,2,"Johnson City, TN 37604, USA",36.3133299395,-82.3534727097,14575,,,,14575,,,false,gps,gps,Kudzu Bug,Megacopta cribraria,Kudzu Bug,Insecta,209176
211898856,08a0cc59-3727-48fc-9d70-fcc80c4937a5,2024-04-29 18:08:42-04:00,2024-04-29,2024-04-29 22:08:42 UTC,Eastern Time (US & Canada),179627,ambertripodi,"",2024-04-29 22:08:52 UTC,2024-04-30 14:26:24 UTC,research,CC-BY-NC,https://www.inaturalist.org/observations/211898856,https://inaturalist-open-data.s3.amazonaws.com/photos/374610174/medium.jpg,,"","",2,0,false,3,"Brentwood Rd, Raleigh, NC, US",35.8205472028,-78.5964106341,13,,,,13,,,false,,,Kudzu Bug,Megacopta cribraria,Kudzu Bug,Insecta,209176
211941285,933a7f95-df55-4835-9e6c-fe9a7e4e376b,2024-04-29 18:17:40-05:00,2024-04-29,2024-04-29 23:17:40 UTC,Central Time (US & Canada),3565741,eagleheadblue,,2024-04-29 23:17:54 UTC,2025-04-23 03:23:29 UTC,research,CC-BY-NC,https://www.inaturalist.org/observations/211941285,https://inaturalist-open-data.s3.amazonaws.com/photos/374591895/medium.jpeg,,"","",3,0,false,333,"Tennessee, US",35.3170552566,-89.6850350716,35,,,,28706,obscured,,true,,,Kudzu Bug,Megacopta cribraria,Kudzu Bug,Insecta,209176
211979125,ed8642ae-a1a1-4311-8ff2-d72158a86511,2024/04/29 5:04 PM,2024-04-29,2024-04-29 21:04:00 UTC,Eastern Time (US & Canada),7251323,alexstach,Alex Stach,2024-04-30 00:21:45 UTC,2024-04-30 10:15:41 UTC,research,CC-BY,https://www.inaturalist.org/observations/211979125,https://inaturalist-open-data.s3.amazonaws.com/photos/374638381/medium.jpg,,"",on kudzu stem,2,0,false,,"Glennwood Estates, Decatur, GA 30030, USA",33.7825891478,-84.2903124121,4,,,,4,,,false,,,Kudzu Bug,Megacopta cribraria,Kudzu Bug,Insecta,209176
212119042,cf98f93b-f825-45d1-86f3-e77b78fdeea7,2024/04/29 4:21 PM,2024-04-29,2024-04-29 20:21:00 UTC,Eastern Time (US & Canada),64286,supertiger,Leila Dasher,2024-04-30 04:07:13 UTC,2024-04-30 14:20:27 UTC,research,CC-BY,https://www.inaturalist.org/observations/212119042,https://inaturalist-open-data.s3.amazonaws.com/photos/374848465/medium.jpg,,"",,2,0,false,,"Athens, GA, USA",33.9392866111,-83.3634828056,,,,,,,,false,,,Kudzu Bug,Megacopta cribraria,Kudzu Bug,Insecta,209176
212295920,cf67a46d-a333-40d0-b5b2-f6545e01b861,2024-04-28 14:35:54-04:00,2024-04-28,2024-04-28 18:35:54 UTC,Eastern Time (US & Canada),6184192,i-spy-critters,amber,2024-04-30 16:27:39 UTC,2025-02-05 21:33:27 UTC,research,CC-BY-NC,https://www.inaturalist.org/observations/212295920,https://inaturalist-open-data.s3.amazonaws.com/photos/375174903/medium.jpg,,"","",1,0,false,3,"Virginia Beach, VA, US",36.8952783333,-75.986695,4,,,,4,,,false,,,Kudzu Bug,Megacopta cribraria,Kudzu Bug,Insecta,209176
212378671,1b8adde9-96d0-48ee-9096-1f1b319f282a,Tue Apr 30 2024 16:45:09 GMT -0400 (EDT),2024-04-30,2024-04-30 20:45:09 UTC,Eastern Time (US & Canada),7371027,lfowl5,,2024-04-30 20:45:19 UTC,2025-02-03 15:47:40 UTC,research,CC-BY-NC,https://www.inaturalist.org/observations/212378671,https://inaturalist-open-data.s3.amazonaws.com/photos/375317364/medium.jpeg,,"",,1,0,false,333,Raleigh,35.7852172852,-78.6736068726,35,,,,35,,,false,,,Kudzu Bug,Megacopta cribraria,Kudzu Bug,Insecta,209176
212563003,a3527ad9-4a5e-45d3-9994-2e056c62e943,2024/04/15 9:58 AM,2024-04-15,2024-04-15 13:58:00 UTC,Eastern Time (US & Canada),204678,pmk00001,"",2024-05-01 11:48:33 UTC,2025-02-03 15:47:37 UTC,research,CC-BY-NC,https://www.inaturalist.org/observations/212563003,https://inaturalist-open-data.s3.amazonaws.com/photos/375635812/medium.jpg,,"",,1,0,false,,"Huntington, VA, USA",38.7931472222,-77.0652583333,,,,,,,,false,,,Kudzu Bug,Megacopta cribraria,Kudzu Bug,Insecta,209176
212652666,b288fa7f-0298-430a-8d0d-108eb4c56575,2024-05-01 13:18:26,2024-05-01,2024-05-01 17:18:26 UTC,Eastern Time (US & Canada),998723,invasiveassassin,Nate,2024-05-01 17:19:21 UTC,2025-02-03 15:47:34 UTC,research,CC-BY-NC,https://www.inaturalist.org/observations/212652666,https://inaturalist-open-data.s3.amazonaws.com/photos/375793437/medium.jpeg,,"",,1,0,false,2,"Arlington, VA 22207, USA",38.9042275997,-77.0925854,,,,,,,,false,gps,gps,Kudzu Bug,Megacopta cribraria,Kudzu Bug,Insecta,209176
212700105,5bd8b77f-d4ef-4525-8c2f-1a1d3c4cceaa,2024-05-01 16:03:21-04:00,2024-05-01,2024-05-01 20:03:21 UTC,Eastern Time (US & Canada),6487774,linaaita,,2024-05-01 20:04:21 UTC,2025-02-03 15:47:27 UTC,research,CC-BY-NC,https://www.inaturalist.org/observations/212700105,https://inaturalist-open-data.s3.amazonaws.com/photos/375898336/medium.jpg,,"","",1,0,false,3,"Randolph County, US-NC, US",35.6371101877,-79.7682760936,10,,,,10,,,false,,,Kudzu Bug,Megacopta cribraria,Kudzu Bug,Insecta,209176
212712958,ada138ed-5b80-48da-b891-3c6397051bbe,2024/05/01 3:38 PM,2024-05-01,2024-05-01 19:38:00 UTC,Eastern Time (US & Canada),2416507,tango3,Jerry Corgier,2024-05-01 20:54:22 UTC,2025-02-05 21:33:20 UTC,research,CC-BY-NC,https://www.inaturalist.org/observations/212712958,https://inaturalist-open-data.s3.amazonaws.com/photos/375900829/medium.jpeg,,"",,2,0,false,,"Johnston County, NC, USA",35.477425,-78.6450888889,3,,,,3,,,false,,,Kudzu Bug,Megacopta cribraria,Kudzu Bug,Insecta,209176
212722473,0b04f413-9d2e-4e2b-85ff-dd2fb570a390,Wed May 01 2024 17:29:45 GMT -0400 (GMT-4),2024-05-01,2024-05-01 21:29:45 UTC,Eastern Time (US & Canada),4234560,sophielius,,2024-05-01 21:30:00 UTC,2025-02-05 21:33:09 UTC,research,CC-BY-NC,https://www.inaturalist.org/observations/212722473,https://inaturalist-open-data.s3.amazonaws.com/photos/375918432/medium.jpeg,,"",,1,0,false,333,Durham,36.088558197,-78.8934402466,100,,,,100,,,false,,,Kudzu Bug,Megacopta cribraria,Kudzu Bug,Insecta,209176
212747864,3fba7366-d86e-409c-ad5e-1ef5d47f8c4c,2024/05/01 3:41 PM,2024-05-01,2024-05-01 19:41:00 UTC,Eastern Time (US & Canada),7887859,avaweichel,,2024-05-01 23:12:14 UTC,2025-02-03 15:47:06 UTC,research,CC-BY-NC,https://www.inaturalist.org/observations/212747864,https://inaturalist-open-data.s3.amazonaws.com/photos/375964090/medium.jpg,,"",,1,0,false,,"Athens, GA, USA",33.9710361111,-83.3728472222,4,,,,4,,,false,,,Kudzu Bug,Megacopta cribraria,Kudzu Bug,Insecta,209176
212765122,811150e4-842a-4b77-89d8-fb82da806e9a,2024-05-01 16:33:17-06:00,2024-05-01,2024-05-01 22:33:17 UTC,Central Time (US & Canada),3242626,drnancyjackson,,2024-05-02 00:36:43 UTC,2024-10-04 11:05:59 UTC,research,CC-BY-NC,https://www.inaturalist.org/observations/212765122,https://inaturalist-open-data.s3.amazonaws.com/photos/375995788/medium.jpg,,"","",2,0,false,3,"Crow Crossing Rd, Eupora, MS, US",33.4868366751,-89.2719033333,500,,,,500,,,false,,,Kudzu Bug,Megacopta cribraria,Kudzu Bug,Insecta,209176
212948884,71e4cbd9-f9dd-4a12-b642-e317f13ba554,2024-05-01 14:05:42-04:00,2024-05-01,2024-05-01 18:05:42 UTC,Eastern Time (US & Canada),4950439,mtolliver,,2024-05-02 18:21:50 UTC,2024-10-04 11:05:58 UTC,research,CC-BY-NC,https://www.inaturalist.org/observations/212948884,https://inaturalist-open-data.s3.amazonaws.com/photos/376321369/medium.jpg,,"","",2,0,false,3,"Ava St, Cawood, KY, US",36.7858521354,-83.2302326687,394,,,,394,,,false,,,Kudzu Bug,Megacopta cribraria,Kudzu Bug,Insecta,209176
212961971,4f03d8b6-2f7b-471b-bf55-4faec2fa5820,2024-05-02 14:15:51-05:00,2024-05-02,2024-05-02 19:15:51 UTC,Central Time (US & Canada),8095784,lauren79052,Lauren Glover,2024-05-02 19:16:03 UTC,2024-10-04 14:44:52 UTC,research,,https://www.inaturalist.org/observations/212961971,https://static.inaturalist.org/photos/376343604/medium.jpg,,"","",3,0,false,3,"Woodward Dr, Pelham, AL, US",33.3379143337,-86.7727610004,4,,,,4,,,false,,,Kudzu Bug,Megacopta cribraria,Kudzu Bug,Insecta,209176
213021148,a45e9aee-0354-4edf-bfa9-519f72564269,2024-05-02 19:47:00-04:00,2024-05-02,2024-05-02 23:47:00 UTC,Eastern Time (US & Canada),7962518,ishp03,,2024-05-02 23:47:49 UTC,2024-10-04 11:05:50 UTC,research,CC-BY-NC,https://www.inaturalist.org/observations/213021148,https://inaturalist-open-data.s3.amazonaws.com/photos/376451602/medium.jpg,,"","",2,0,false,3,"Vanguard Ct, Centerville, GA, US",32.6325047716,-83.7008503518,230,,,,230,,,false,,,Kudzu Bug,Megacopta cribraria,Kudzu Bug,Insecta,209176
213040261,1cf4f340-be6c-438f-8024-3aa05d33b1fc,2024-05-02 15:24:21,2024-05-02,2024-05-02 19:24:21 UTC,Eastern Time (US & Canada),2729817,rrathburn,"",2024-05-03 01:33:14 UTC,2024-10-04 11:05:49 UTC,research,CC-BY-NC-ND,https://www.inaturalist.org/observations/213040261,https://inaturalist-open-data.s3.amazonaws.com/photos/376487392/medium.jpeg,,"",,2,0,false,2,"East Forest, Charlotte, NC, USA",35.138186199,-80.7320092991,104,,,,104,,,false,gps,gps,Kudzu Bug,Megacopta cribraria,Kudzu Bug,Insecta,209176
213064698,752b125f-4641-4382-a5cc-85e83aa1fc9c,2024/05/02 3:04 PM,2024-05-02,2024-05-02 20:04:00 UTC,Central Time (US & Canada),7623724,courtneyhallmark,Courtney Hallmark,2024-05-03 04:06:18 UTC,2024-10-04 11:05:45 UTC,research,,https://www.inaturalist.org/observations/213064698,https://static.inaturalist.org/photos/376505787/medium.jpeg,,"",,2,0,false,,"Alabama, US",33.7158129391,-87.1693598423,307,,,,28930,obscured,,true,,,Kudzu Bug,Megacopta cribraria,Kudzu Bug,Insecta,209176
213130920,9bbacef3-5785-4b16-a9c1-37061e634f5b,2024-05-03 08:50:43-04:00,2024-05-03,2024-05-03 12:50:43 UTC,Eastern Time (US & Canada),2203832,ehobbsbrown,,2024-05-03 12:51:07 UTC,2024-10-04 11:05:44 UTC,research,,https://www.inaturalist.org/observations/213130920,https://inaturalist-open-data.s3.amazonaws.com/photos/376652241/medium.jpg,,"","",2,0,false,3,"Redwood Rd, Durham, NC, US",36.0467817528,-78.7727570823,10,,,,10,,,false,,,Kudzu Bug,Megacopta cribraria,Kudzu Bug,Insecta,209176
213170187,d0e6a961-a0db-4018-9d42-4425575b87a4,2024-05-03 11:50:35,2024-05-03,2024-05-03 15:50:35 UTC,Eastern Time (US & Canada),5188889,larsenslovenature,Larsen Family,2024-05-03 15:52:03 UTC,2024-10-04 11:05:38 UTC,research,,https://www.inaturalist.org/observations/213170187,https://static.inaturalist.org/photos/376721886/medium.jpeg,,"",,2,0,false,2,"Reynolds Mill, Wake Forest, NC 27587, USA",35.9645833333,-78.5336416667,,,,,,,,false,gps,gps,Kudzu Bug,Megacopta cribraria,Kudzu Bug,Insecta,209176
213247344,d0035128-81ca-486b-be4d-da27761e06be,2024-05-03 16:25:42-04:00,2024-05-03,2024-05-03 20:25:42 UTC,Eastern Time (US & Canada),2970176,rustinasharpe1,Rustina Sharpe,2024-05-03 21:06:09 UTC,2024-10-04 11:05:37 UTC,research,,https://www.inaturalist.org/observations/213247344,https://static.inaturalist.org/photos/376858698/medium.jpg,,"","",2,0,false,3,"Water Front Ln, Timberlake, NC, US",36.2596783333,-79.0315028333,4,,,,4,,,false,,,Kudzu Bug,Megacopta cribraria,Kudzu Bug,Insecta,209176
213268886,e5064cae-0132-4a7d-b05a-c35886d72536,2024/05/03 6:24 PM,2024-05-03,2024-05-03 22:24:00 UTC,Eastern Time (US & Canada),460187,pbmgarden,Susie Moffat,2024-05-03 22:46:00 UTC,2024-10-04 11:05:36 UTC,research,CC-BY-NC,https://www.inaturalist.org/observations/213268886,https://inaturalist-open-data.s3.amazonaws.com/photos/376896321/medium.jpeg,,"",,2,0,false,,"Chatham County, NC, USA",35.8527722222,-79.0284416667,4,,,,4,,,false,,,Kudzu Bug,Megacopta cribraria,Kudzu Bug,Insecta,209176
213684850,02c13b05-c122-4730-b209-ea48e39eb5cd,2024/04/28 7:47 PM,2024-04-28,2024-04-28 23:47:00 UTC,Eastern Time (US & Canada),86078,michaelwall,Michael Wall,2024-05-05 13:49:05 UTC,2024-10-04 11:05:34 UTC,research,CC-BY-NC,https://www.inaturalist.org/observations/213684850,https://inaturalist-open-data.s3.amazonaws.com/photos/377638794/medium.jpg,,"",,2,0,false,,"Sylva, NC 28779, USA",35.3718222222,-83.2286694444,,,,,,,,false,,,Kudzu Bug,Megacopta cribraria,Kudzu Bug,Insecta,209176
213732523,c7f71669-1e0d-43bb-aecb-3ce4887eadcf,2024-05-05 11:12:08,2024-05-05,2024-05-05 15:12:08 UTC,Eastern Time (US & Canada),6942613,ccthevampire,CC,2024-05-05 16:45:32 UTC,2024-10-04 11:05:33 UTC,research,,https://www.inaturalist.org/observations/213732523,https://static.inaturalist.org/photos/377735709/medium.jpeg,,"",,2,0,false,2,"North Carolina, US",35.2300343673,-80.9609933699,,,,,28706,obscured,,true,gps,gps,Kudzu Bug,Megacopta cribraria,Kudzu Bug,Insecta,209176
213762829,2043f74b-d768-462f-b09b-07ffc31f6363,2024/05/01 2:01 PM,2024-05-01,2024-05-01 18:01:00 UTC,Eastern Time (US & Canada),8107772,graciemorrissss,,2024-05-05 18:32:49 UTC,2024-10-04 11:05:32 UTC,research,CC-BY-NC,https://www.inaturalist.org/observations/213762829,https://inaturalist-open-data.s3.amazonaws.com/photos/377780290/medium.png,,"",Order: Hemiptera,2,0,false,,"Clarke, Georgia, United States",33.95250833,-83.36768333,,,,,,,,false,,,Kudzu Bug,Megacopta cribraria,Kudzu Bug,Insecta,209176
213789180,9c88d3b3-6ae3-48f9-ba6e-b5df6c0217f3,2024-05-05 16:07:23-04:00,2024-05-05,2024-05-05 20:07:23 UTC,Eastern Time (US & Canada),3116979,winston12345,,2024-05-05 20:08:17 UTC,2024-10-04 11:05:32 UTC,research,CC-BY,https://www.inaturalist.org/observations/213789180,https://inaturalist-open-data.s3.amazonaws.com/photos/377838707/medium.jpg,,"",It was on kudzu,2,0,false,3,"Hawley Ave, Belmont, NC, US",35.2480760962,-81.036122013,4,,,,4,,,false,,,Kudzu Bug,Megacopta cribraria,Kudzu Bug,Insecta,209176
213790258,7fc7c4b8-94a0-48e0-97a1-e29d28784ac9,2024-05-05 16:11:44-04:00,2024-05-05,2024-05-05 20:11:44 UTC,Eastern Time (US & Canada),8100423,trevorj,,2024-05-05 20:11:54 UTC,2024-10-04 11:05:29 UTC,research,CC-BY-NC,https://www.inaturalist.org/observations/213790258,https://inaturalist-open-data.s3.amazonaws.com/photos/377840453/medium.jpg,,"","",2,0,false,3,"Fern Ridge Ct, Athens, GA, US",33.9758408578,-83.3756012375,9,,,,9,,,false,,,Kudzu Bug,Megacopta cribraria,Kudzu Bug,Insecta,209176
213801989,d3cd376c-745d-4423-83ef-13f019bb0363,2024/04/25 1:58 PM,2024-04-25,2024-04-25 17:58:00 UTC,Eastern Time (US & Canada),673431,boabernethy,Bo Abernethy,2024-05-05 20:53:51 UTC,2025-06-10 03:34:24 UTC,research,CC-BY-NC,https://www.inaturalist.org/observations/213801989,https://inaturalist-open-data.s3.amazonaws.com/photos/377854912/medium.jpeg,,"",Ovipositing?  On Kudzu (Pueraria montana).,2,0,false,,"Cary, NC, USA",35.8393087998,-78.782022432,25,,,,25,,,false,,,Kudzu Bug,Megacopta cribraria,Kudzu Bug,Insecta,209176
213865257,4ddffe9c-fc94-4783-a375-cab13d47a047,2024-05-05 14:03:41-05:00,2024-05-05,2024-05-05 19:03:41 UTC,Central Time (US & Canada),3953234,tohmi,Tohmi Barrett,2024-05-06 01:04:14 UTC,2024-10-04 11:05:28 UTC,research,CC-BY-NC,https://www.inaturalist.org/observations/213865257,https://inaturalist-open-data.s3.amazonaws.com/photos/377976230/medium.jpg,,"","",3,0,false,3,"Bankhead National Forest, Houston, AL, US",34.28253,-87.2997883333,17,,,,17,,,false,,,Kudzu Bug,Megacopta cribraria,Kudzu Bug,Insecta,209176
213884295,5c762b4e-8cde-47a8-b694-2dfe9ad057b7,2024-05-01 15:55:05-04:00,2024-05-01,2024-05-01 19:55:05 UTC,Eastern Time (US & Canada),8074841,jackvitter,,2024-05-06 02:32:34 UTC,2024-10-04 11:05:27 UTC,research,CC-BY-NC,https://www.inaturalist.org/observations/213884295,https://inaturalist-open-data.s3.amazonaws.com/photos/378010122/medium.jpg,,"","",2,0,false,3,"E Clayton St, Athens, GA, US",33.9591216667,-83.374755,4,,,,4,,,false,,,Kudzu Bug,Megacopta cribraria,Kudzu Bug,Insecta,209176
213990463,8d5a9ede-b009-4e1e-914f-72e6e993a82f,2024-05-04 13:52:18-05:00,2024-05-04,2024-05-04 18:52:18 UTC,Central Time (US & Canada),5091421,hayden127,Hayden Johnson,2024-05-06 15:13:41 UTC,2024-10-04 11:05:26 UTC,research,,https://www.inaturalist.org/observations/213990463,https://static.inaturalist.org/photos/378199292/medium.jpg,,"","",2,0,false,3,"Swan Ridge Cir S, Memphis, TN, US",35.1421278333,-89.9348216667,40,,,,40,,,false,,,Kudzu Bug,Megacopta cribraria,Kudzu Bug,Insecta,209176
214030863,0581fefc-5d3e-4650-8bd5-eed7eeed3e49,2024-05-06 14:35:01-04:00,2024-05-06,2024-05-06 18:35:01 UTC,Eastern Time (US & Canada),1334078,sgtbird08,James Hussey,2024-05-06 18:35:07 UTC,2024-10-04 14:44:45 UTC,research,CC-BY-NC,https://www.inaturalist.org/observations/214030863,https://inaturalist-open-data.s3.amazonaws.com/photos/378271259/medium.jpg,,"","",2,0,false,3,"Cedar Shoals Dr, Athens, GA, US",33.9118589398,-83.3144201907,5,,,,5,,,false,,,Kudzu Bug,Megacopta cribraria,Kudzu Bug,Insecta,209176
214064265,e12bf467-da63-433b-bf87-162af484e943,2024-05-06 17:20:54-04:00,2024-05-06,2024-05-06 21:20:54 UTC,Eastern Time (US & Canada),7567848,karsten33266,Karsten Bobb,2024-05-06 21:22:56 UTC,2024-10-04 11:05:19 UTC,research,,https://www.inaturalist.org/observations/214064265,https://static.inaturalist.org/photos/378331532/medium.jpg,,"","",2,0,false,3,"N Decatur Rd, Atlanta, GA, US",33.78863,-84.3207383333,14,,,,14,,,false,,,Kudzu Bug,Megacopta cribraria,Kudzu Bug,Insecta,209176
214410258,889958bf-6773-40b2-972a-0e2df78ced06,2024-05-03 16:47:28,2024-05-03,2024-05-03 20:47:28 UTC,Eastern Time (US & Canada),5625662,zhtanusha,Tatyana Zhabina,2024-05-08 16:19:41 UTC,2024-10-04 11:05:18 UTC,research,,https://www.inaturalist.org/observations/214410258,https://static.inaturalist.org/photos/378979825/medium.jpeg,,"",,2,0,false,2,"Jacksonville, NC 28540, USA",34.6956044262,-77.5114085153,5126,,,,5126,,,false,gps,gps,Kudzu Bug,Megacopta cribraria,Kudzu Bug,Insecta,209176
214413879,213da3e9-29a3-4660-b959-817fb2a44485,2024-05-08 12:38:33-04:00,2024-05-08,2024-05-08 16:38:33 UTC,Eastern Time (US & Canada),3353487,mgranda,Many Ways Farm,2024-05-08 16:39:46 UTC,2025-02-03 15:47:02 UTC,research,CC-BY-NC,https://www.inaturalist.org/observations/214413879,https://inaturalist-open-data.s3.amazonaws.com/photos/378985634/medium.jpg,,"","",1,0,false,3,"North Carolina, US",35.8684569029,-79.0499864154,34,,,,28620,obscured,,true,,,Kudzu Bug,Megacopta cribraria,Kudzu Bug,Insecta,209176
214578164,7137cea4-0702-412a-bab3-8d984ab3183a,2024/05/02 10:58 AM,2024-05-02,2024-05-02 14:58:00 UTC,Eastern Time (US & Canada),673431,boabernethy,Bo Abernethy,2024-05-09 13:24:35 UTC,2024-10-04 11:05:17 UTC,research,CC-BY-NC,https://www.inaturalist.org/observations/214578164,https://inaturalist-open-data.s3.amazonaws.com/photos/379288475/medium.jpeg,,"",On  Kudzu (Pueraria montana).,2,0,false,,"Cary, NC, USA",35.8393316667,-78.7821783333,,,,,,,,false,,,Kudzu Bug,Megacopta cribraria,Kudzu Bug,Insecta,209176
214579249,e208060b-abc8-4e02-9364-fa8ba5d0300e,2024/04/28 2:51 PM,2024-04-28,2024-04-28 18:51:00 UTC,Eastern Time (US & Canada),375342,udcmrk,Martin Kalfatovic,2024-05-09 13:30:13 UTC,2024-10-04 11:05:14 UTC,research,CC0,https://www.inaturalist.org/observations/214579249,https://inaturalist-open-data.s3.amazonaws.com/photos/379293928/medium.jpg,,"2024, Arlington, Virginia",,2,0,false,,"Rosslyn, Arlington, VA, USA",38.8920833333,-77.0713888889,,,,,,,,false,,,Kudzu Bug,Megacopta cribraria,Kudzu Bug,Insecta,209176
214678589,e8609acf-e444-44c9-b100-7bf031dab278,2024-05-09 16:03:13-04:00,2024-05-09,2024-05-09 20:03:13 UTC,Eastern Time (US & Canada),3116979,winston12345,,2024-05-09 22:19:50 UTC,2024-10-04 11:05:13 UTC,research,CC-BY,https://www.inaturalist.org/observations/214678589,https://inaturalist-open-data.s3.amazonaws.com/photos/379478804/medium.jpg,,"","",2,0,false,3,"E Woodrow Ave, Belmont, NC, US",35.2472583333,-81.0364221667,8,,,,8,,,false,,,Kudzu Bug,Megacopta cribraria,Kudzu Bug,Insecta,209176
214681309,f2ee3059-064f-4d21-ba55-7eb01549b257,2024-05-09 16:22:25-04:00,2024-05-09,2024-05-09 20:22:25 UTC,Eastern Time (US & Canada),3116979,winston12345,,2024-05-09 22:39:03 UTC,2024-10-04 11:05:13 UTC,research,CC-BY,https://www.inaturalist.org/observations/214681309,https://inaturalist-open-data.s3.amazonaws.com/photos/379484102/medium.jpg,,"","",2,0,false,3,"E Woodrow Ave, Belmont, NC, US",35.2467283333,-81.0357278333,4,,,,4,,,false,,,Kudzu Bug,Megacopta cribraria,Kudzu Bug,Insecta,209176
214681466,25447f5d-55a7-4206-8b8f-fe8648bc077a,2024-05-09 17:44:35,2024-05-09,2024-05-09 21:44:35 UTC,Eastern Time (US & Canada),1979915,pinkpetasma,Candace Harrell,2024-05-09 22:40:02 UTC,2024-10-04 11:05:12 UTC,research,CC-BY-NC,https://www.inaturalist.org/observations/214681466,https://static.inaturalist.org/photos/379484477/medium.jpeg,,"",,2,0,false,2,"Delco, NC 28436, USA",34.3147599722,-78.226836,,,,,,,,false,gps,gps,Kudzu Bug,Megacopta cribraria,Kudzu Bug,Insecta,209176
214694091,539063fd-37da-4521-9595-b082e085815a,2024-05-09 17:05:28-04:00,2024-05-09,2024-05-09 21:05:28 UTC,Eastern Time (US & Canada),3116979,winston12345,,2024-05-10 00:00:23 UTC,2024-10-04 11:05:11 UTC,research,CC-BY,https://www.inaturalist.org/observations/214694091,https://inaturalist-open-data.s3.amazonaws.com/photos/379507065/medium.jpg,,"","",2,0,false,3,"E Catawba St, Belmont, NC, US",35.2429883333,-81.0351861667,4,,,,4,,,false,,,Kudzu Bug,Megacopta cribraria,Kudzu Bug,Insecta,209176
214708892,6e6c09f5-659a-451e-812f-497023c99d01,2024-03-13 13:42:36-04:00,2024-03-13,2024-03-13 17:42:36 UTC,Eastern Time (US & Canada),799963,amber113,Amber Ashley,2024-05-10 01:52:47 UTC,2025-02-03 15:46:58 UTC,research,,https://www.inaturalist.org/observations/214708892,https://static.inaturalist.org/photos/379536621/medium.jpg,,"","",1,0,false,3,"Sentell Dr, Clinton, SC, US",34.4876801766,-81.9208926489,9,,,,9,,,false,,,Kudzu Bug,Megacopta cribraria,Kudzu Bug,Insecta,209176
214848496,d1cc4862-134c-4d0c-93d7-4dacd94b6656,2024-05-10 15:23:37-04:00,2024-05-10,2024-05-10 19:23:37 UTC,Eastern Time (US & Canada),1334078,sgtbird08,James Hussey,2024-05-10 19:23:48 UTC,2025-02-03 15:46:52 UTC,research,CC-BY-NC,https://www.inaturalist.org/observations/214848496,https://inaturalist-open-data.s3.amazonaws.com/photos/379794386/medium.jpg,,"","",1,0,false,3,"Clarke County, US-GA, US",33.9119538475,-83.3505331617,13,,,,13,,,false,,,Kudzu Bug,Megacopta cribraria,Kudzu Bug,Insecta,209176
214946279,4dfb0aff-ef6e-4a3e-81f5-be979d251768,2024-05-10 17:29:44-04:00,2024-05-10,2024-05-10 21:29:44 UTC,Eastern Time (US & Canada),1234774,rolandia,Roland Sauerland,2024-05-11 07:01:50 UTC,2025-02-03 20:00:30 UTC,research,CC-BY-NC,https://www.inaturalist.org/observations/214946279,https://inaturalist-open-data.s3.amazonaws.com/photos/379982276/medium.jpg,,"","",1,0,false,3,"Stone Mountain Park, Stone Mountain, GA, US",33.8128083333,-84.1446305,4,,,,4,,,false,,,Kudzu Bug,Megacopta cribraria,Kudzu Bug,Insecta,209176
215019941,39f8b92a-2943-492b-81c4-c7652175c409,2024-05-03 17:43:27-04:00,2024-05-03,2024-05-03 21:43:27 UTC,Eastern Time (US & Canada),6068410,jessica3625,Jessica Lipschultz,2024-05-11 15:43:06 UTC,2025-02-03 15:46:49 UTC,research,,https://www.inaturalist.org/observations/215019941,https://static.inaturalist.org/photos/381839563/medium.jpg,,"","",1,0,false,3,"Duke University, Durham, NC, US",35.998120266,-78.9402065054,4,,,,4,,,false,,,Megacopta cribraria,Megacopta cribraria,Kudzu Bug,Insecta,209176
215082142,03378fd5-3cc7-431a-8a01-846d674941d1,2024-05-11 16:00:55-04:00,2024-05-11,2024-05-11 20:00:55 UTC,Eastern Time (US & Canada),185467,emmakaminsky,,2024-05-11 20:02:10 UTC,2025-02-03 15:46:45 UTC,research,CC-BY-NC,https://www.inaturalist.org/observations/215082142,https://inaturalist-open-data.s3.amazonaws.com/photos/380226138/medium.jpg,,"","",1,0,false,3,"Northwest Raleigh, Raleigh, NC, US",35.8113198976,-78.7156216847,157,,,,157,,,false,,,Kudzu Bug,Megacopta cribraria,Kudzu Bug,Insecta,209176
215087542,2af4c6b9-bb7f-4b22-83cc-8b3e37c8ceda,2024-05-11 16:22:44-04:00,2024-05-11,2024-05-11 20:22:44 UTC,Eastern Time (US & Canada),7101996,really_offkey,Offkey,2024-05-11 20:23:24 UTC,2025-04-17 15:33:09 UTC,research,CC0,https://www.inaturalist.org/observations/215087542,https://inaturalist-open-data.s3.amazonaws.com/photos/380235704/medium.jpg,,"","",1,0,false,3,"River Bluff Trail, Rocky Top, TN, US",36.2169138972,-84.0905147117,118,,,,118,,,false,,,Kudzu Bug,Megacopta cribraria,Kudzu Bug,Insecta,209176
215154699,9a96fcaf-4459-44d1-b78a-6727d1a0695f,2024-05-11 10:09:20,2024-05-11,2024-05-11 14:09:20 UTC,Eastern Time (US & Canada),507022,shaunpogacnik95,Shaun Pogacnik,2024-05-12 02:05:36 UTC,2024-05-15 11:09:03 UTC,research,,https://www.inaturalist.org/observations/215154699,https://inaturalist-open-data.s3.amazonaws.com/photos/380364185/medium.jpeg,,"",,2,0,false,2,"North Carolina, US",34.8051854409,-77.1774231135,,,,,28762,obscured,,true,gps,gps,Kudzu Bug,Megacopta cribraria,Kudzu Bug,Insecta,209176
215163008,37a009c1-4d79-4c3d-9357-4cbee419dc5a,2024-05-11 21:53:51-05:00,2024-05-11,2024-05-12 02:53:51 UTC,Central Time (US & Canada),779762,dakotahshirt,"",2024-05-12 03:01:15 UTC,2025-02-03 15:46:38 UTC,research,,https://www.inaturalist.org/observations/215163008,https://static.inaturalist.org/photos/380380733/medium.jpg,,"",I think it’s a stink bug,1,0,false,3,"Railroad Park, Birmingham, AL, US",33.5107635621,-86.8072104348,33,,,,33,,,false,,,Kudzu Bug,Megacopta cribraria,Kudzu Bug,Insecta,209176
215222786,db4ffa71-3783-4a06-9e97-ee445ed8265f,2024/05/11 3:11 PM,2024-05-11,2024-05-11 19:11:00 UTC,Eastern Time (US & Canada),297369,matthewbeziat,Matthew Beziat,2024-05-12 11:40:00 UTC,2024-05-15 11:08:31 UTC,research,CC-BY-NC,https://www.inaturalist.org/observations/215222786,https://inaturalist-open-data.s3.amazonaws.com/photos/380491402/medium.jpg,,"Megacopta cribraria, Kudzu Bug, Patuxent Research Refuge, Patuxent Research Refuge South Tract, Maryland, Prince George's County","This is a picture of a Megacopta cribraria on the South Tract of the Patuxent Research Refuge near Laurel, Maryland.",3,0,false,,"Prince George's County, MD, USA",39.0267661667,-76.8003429444,,,,,,,,false,,,Kudzu Bug,Megacopta cribraria,Kudzu Bug,Insecta,209176
215283061,abd2522b-3eb3-43ec-a514-2f2c24061aa3,2024-05-11 12:06:15-04:00,2024-05-11,2024-05-11 16:06:15 UTC,Eastern Time (US & Canada),179022,johncarlson,John Carlson,2024-05-12 16:30:13 UTC,2024-05-15 10:47:06 UTC,research,CC-BY-NC,https://www.inaturalist.org/observations/215283061,https://inaturalist-open-data.s3.amazonaws.com/photos/380601726/medium.jpg,,"","",2,0,false,3,"South Bend Center for Art & Culture, Atlanta, GA, US",33.7006383333,-84.386705,,,,,,,,false,,,Kudzu Bug,Megacopta cribraria,Kudzu Bug,Insecta,209176
215321992,33130fee-f3bf-450d-89ca-ec685fc0bace,2024-05-12 15:06:09,2024-05-12,2024-05-12 19:06:09 UTC,Eastern Time (US & Canada),8041685,stempleston,,2024-05-12 19:07:02 UTC,2024-05-15 10:46:10 UTC,research,CC-BY-NC,https://www.inaturalist.org/observations/215321992,https://inaturalist-open-data.s3.amazonaws.com/photos/380673301/medium.jpeg,,"",,2,0,false,2,"Tennessee, US",35.8113132631,-83.9326534107,20,,,,28620,obscured,,true,,,Kudzu Bug,Megacopta cribraria,Kudzu Bug,Insecta,209176
215390942,1bdb479e-eea4-423c-8beb-a828e6701a0d,2024-05-12 15:50:31,2024-05-12,2024-05-12 19:50:31 UTC,Eastern Time (US & Canada),7928682,skitscat,"",2024-05-13 00:07:49 UTC,2024-05-13 00:24:11 UTC,research,CC-BY-NC,https://www.inaturalist.org/observations/215390942,https://inaturalist-open-data.s3.amazonaws.com/photos/380800831/medium.jpeg,,"",,1,0,false,2,"Raleigh, NC 27603, USA",35.6265828474,-78.6386718974,206,,,,206,,,false,,,Kudzu Bug,Megacopta cribraria,Kudzu Bug,Insecta,209176
215537808,1f4d50ac-d79e-4e53-8331-309cf760cbcb,2024-05-13 12:59:45,2024-05-13,2024-05-13 16:59:45 UTC,Eastern Time (US & Canada),438488,alisonnorthup,Alison Northup,2024-05-13 17:46:33 UTC,2024-05-15 10:36:20 UTC,research,CC0,https://www.inaturalist.org/observations/215537808,https://inaturalist-open-data.s3.amazonaws.com/photos/381080712/medium.jpeg,,"",,1,0,false,2,"Rural Hall, NC, USA",36.231675,-80.3033166667,,,,,,,,false,gps,gps,Kudzu Bug,Megacopta cribraria,Kudzu Bug,Insecta,209176
215548202,8e6b957c-0f90-4f80-b5ee-abc4aba19931,2024/05/12 4:16 PM,2024-05-12,2024-05-12 20:16:00 UTC,Eastern Time (US & Canada),64286,supertiger,Leila Dasher,2024-05-13 18:37:11 UTC,2024-09-08 04:05:19 UTC,research,CC-BY,https://www.inaturalist.org/observations/215548202,https://inaturalist-open-data.s3.amazonaws.com/photos/381088369/medium.jpg,,"",,2,0,false,,"Habersham County, GA, USA",34.6979926111,-83.4192365833,,,,,,,,false,,,Kudzu Bug,Megacopta cribraria,Kudzu Bug,Insecta,209176
215563353,06bebc0e-e220-4724-9831-4e0a49785fe2,2024-05-13 15:33:35-04:00,2024-05-13,2024-05-13 19:33:35 UTC,Eastern Time (US & Canada),6315067,anthony1597,Anthony D'Angelo,2024-05-13 19:49:47 UTC,2024-05-15 11:01:52 UTC,research,,https://www.inaturalist.org/observations/215563353,https://static.inaturalist.org/photos/381129824/medium.jpg,,"","",2,0,false,3,"Powhatan Rd, Clayton, NC, US",35.6183466667,-78.4101033333,13,,,,13,,,false,,,Kudzu Bug,Megacopta cribraria,Kudzu Bug,Insecta,209176
215574475,8602aad8-bc70-407e-b9c5-22d281dcc2e0,2024-05-13 16:43:26,2024-05-13,2024-05-13 20:43:26 UTC,Eastern Time (US & Canada),5468249,katelynm52,"",2024-05-13 20:44:00 UTC,2024-05-13 22:13:09 UTC,research,CC-BY-NC,https://www.inaturalist.org/observations/215574475,https://inaturalist-open-data.s3.amazonaws.com/photos/381151346/medium.jpeg,,"",,1,0,false,2,"Deep Creek South, Chesapeake, VA 23323, USA",36.72749668,-76.33022609,4,,,,4,,,false,,,Kudzu Bug,Megacopta cribraria,Kudzu Bug,Insecta,209176
215582827,c298fde8-c8c8-4c54-9252-47d79f569753,2024-05-13 12:24:22-04:00,2024-05-13,2024-05-13 16:24:22 UTC,Eastern Time (US & Canada),19891,awharvey,Alan Harvey,2024-05-13 21:28:04 UTC,2024-05-15 10:33:45 UTC,research,CC-BY-NC,https://www.inaturalist.org/observations/215582827,https://inaturalist-open-data.s3.amazonaws.com/photos/381167468/medium.jpg,,"",Looks like they are back big time this year ,2,0,false,3,"Georgia Southern University, Statesboro, GA, US",32.4196616667,-81.7883916667,,,,,,,,false,,,Kudzu Bug,Megacopta cribraria,Kudzu Bug,Insecta,209176
215771640,d23e4804-0fff-4860-a1c5-6699d5bdfd3a,2024-05-14 14:53:52-05:00,2024-05-14,2024-05-14 19:53:52 UTC,Central Time (US & Canada),5762671,amb01,A B,2024-05-14 19:54:47 UTC,2024-05-15 21:29:58 UTC,research,,https://www.inaturalist.org/observations/215771640,https://static.inaturalist.org/photos/381523605/medium.jpg,,"","",1,0,false,3,"Philips Dr, Tuskegee, AL, US",32.42708,-85.7080216667,3,,,,3,,,false,,,Kudzu Bug,Megacopta cribraria,Kudzu Bug,Insecta,209176
215939977,ad37a303-bea5-4f2f-8e92-0fefed008653,2024-05-15 12:52:01-04:00,2024-05-15,2024-05-15 16:52:01 UTC,Eastern Time (US & Canada),1334078,sgtbird08,James Hussey,2024-05-15 16:52:07 UTC,2024-05-15 21:39:01 UTC,research,CC-BY-NC,https://www.inaturalist.org/observations/215939977,https://inaturalist-open-data.s3.amazonaws.com/photos/381841021/medium.jpg,,"","",1,0,false,3,"Cedar Shoals Dr, Athens, GA, US",33.91168564,-83.3146111628,30,,,,30,,,false,,,Kudzu Bug,Megacopta cribraria,Kudzu Bug,Insecta,209176
215964233,2b360c56-61bf-4363-a739-25132a193d1b,2024-05-15 14:47:40-04:00,2024-05-15,2024-05-15 18:47:40 UTC,Eastern Time (US & Canada),6359847,joieous15,,2024-05-15 18:54:12 UTC,2024-05-17 13:52:19 UTC,research,CC-BY-NC,https://www.inaturalist.org/observations/215964233,https://inaturalist-open-data.s3.amazonaws.com/photos/381885846/medium.jpg,,"","Found on car, could’ve traveled with us from previous location. ",1,0,false,3,"Columbus Park Crossing, Columbus, GA, US",32.5457974093,-84.9460276507,35,,,,35,,,false,,,Kudzu Bug,Megacopta cribraria,Kudzu Bug,Insecta,209176
216202487,5168adb6-272e-4b70-9ebf-e825a74a5655,2024-05-16 15:27:13-04:00,2024-05-16,2024-05-16 19:27:13 UTC,Eastern Time (US & Canada),526608,dorn78,,2024-05-16 22:45:49 UTC,2024-05-17 13:51:47 UTC,research,,https://www.inaturalist.org/observations/216202487,https://static.inaturalist.org/photos/382338053/medium.jpg,,"","",1,0,false,3,"Tumbling River Dr, Wendell, NC, US",35.7712583333,-78.4214633333,4,,,,4,,,false,,,Kudzu Bug,Megacopta cribraria,Kudzu Bug,Insecta,209176
216361623,c6eca53a-3ad9-4549-967f-18af47b2b9b7,2024-05-17 12:47:39,2024-05-17,2024-05-17 17:47:39 UTC,Central Time (US & Canada),851223,kzoebel,Kristi Zoebelein,2024-05-17 18:43:59 UTC,2024-08-19 01:16:29 UTC,research,,https://www.inaturalist.org/observations/216361623,https://static.inaturalist.org/photos/382637524/medium.jpeg,,"",,1,0,false,2,"Redmont Park, Birmingham, AL, USA",33.4876571276,-86.7797495797,63,,,,63,,,false,gps,gps,Kudzu Bug,Megacopta cribraria,Kudzu Bug,Insecta,209176
216384227,ecd9f4f6-f01a-45b7-8097-9afebf64c6f8,2024-05-17 16:41:50-04:00,2024-05-17,2024-05-17 20:41:50 UTC,Eastern Time (US & Canada),8104819,rebecca_weber1,Rebecca Weber,2024-05-17 20:43:03 UTC,2024-06-04 02:11:14 UTC,research,,https://www.inaturalist.org/observations/216384227,https://static.inaturalist.org/photos/382680181/medium.jpg,,"","",2,0,false,3,"Dandridge, TN, US",36.0187868541,-83.2969248948,18,,,,18,,,false,,,Kudzu Bug,Megacopta cribraria,Kudzu Bug,Insecta,209176
216461822,1b261225-136b-460a-a9f9-32397b6cd682,2024-05-17 21:33:05,2024-05-17,2024-05-18 02:33:05 UTC,Central Time (US & Canada),5642777,meowdle,,2024-05-18 05:40:54 UTC,2024-05-18 11:22:35 UTC,research,CC-BY-NC,https://www.inaturalist.org/observations/216461822,https://inaturalist-open-data.s3.amazonaws.com/photos/382831692/medium.jpeg,,"",,1,0,false,2,"Vidalia, LA 71373, USA",31.5539449722,-91.4367749722,,,,,,,,false,gps,gps,Kudzu Bug,Megacopta cribraria,Kudzu Bug,Insecta,209176
216616510,8879eb76-d10e-4e22-a35e-cf6f86512006,Sat May 18 2024 16:05:23 GMT -0400 (GMT-4),2024-05-18,2024-05-18 20:05:23 UTC,Eastern Time (US & Canada),788995,amybrownfield,Amy Brownfield,2024-05-18 20:05:40 UTC,2024-05-19 06:48:59 UTC,research,,https://www.inaturalist.org/observations/216616510,https://static.inaturalist.org/photos/383110312/medium.jpeg,,"",,1,0,false,333,Pigeon Forge,35.79454422,-83.5664672852,2099,,,,2099,,,false,,,Kudzu Bug,Megacopta cribraria,Kudzu Bug,Insecta,209176
216616917,e87df947-a4af-43aa-ae6f-e4dbb4b65e06,2024-05-18 13:09:24,2024-05-18,2024-05-18 18:09:24 UTC,Central Time (US & Canada),5642777,meowdle,,2024-05-18 20:06:58 UTC,2024-05-19 06:49:06 UTC,research,CC-BY-NC,https://www.inaturalist.org/observations/216616917,https://inaturalist-open-data.s3.amazonaws.com/photos/383110986/medium.jpeg,,"",,1,0,false,2,"Natchez, MS 39120, USA",31.559539,-91.411462,,,,,,,,false,gps,gps,Kudzu Bug,Megacopta cribraria,Kudzu Bug,Insecta,209176
216631033,aae3ad4e-47db-476b-b631-d9e8481bcd02,2024-05-18 16:58:18,2024-05-18,2024-05-18 20:58:18 UTC,Eastern Time (US & Canada),7876852,ashtonmuffin,Ashton,2024-05-18 21:05:41 UTC,2024-05-19 18:40:54 UTC,research,CC-BY-NC,https://www.inaturalist.org/observations/216631033,https://inaturalist-open-data.s3.amazonaws.com/photos/383138398/medium.jpeg,,"",,1,0,false,2,"Simpsonville, SC 29681, USA",34.7682583333,-82.2829666667,,,,,,,,false,gps,gps,Kudzu Bug,Megacopta cribraria,Kudzu Bug,Insecta,209176
216652510,bb2a4ffb-c444-4e01-a75c-7de5cf0e19af,2024-05-18 17:42:08,2024-05-18,2024-05-18 21:42:08 UTC,Eastern Time (US & Canada),2854522,melodymcmichael,Melody McMichael,2024-05-18 22:47:28 UTC,2024-05-19 00:51:39 UTC,research,,https://www.inaturalist.org/observations/216652510,https://static.inaturalist.org/photos/383179007/medium.jpeg,,"",,1,0,false,2,"Broad Street & YMCA Way, Winston-Salem, NC 27127, USA",36.0791888889,-80.2458305556,,,,,,,,false,gps,gps,Kudzu Bug,Megacopta cribraria,Kudzu Bug,Insecta,209176
216671094,313d182b-bb21-4177-948e-18ea5ec5edfd,2024-05-13 20:07:25-04:00,2024-05-13,2024-05-14 00:07:25 UTC,Eastern Time (US & Canada),1654431,suzieleslie,"",2024-05-19 00:37:44 UTC,2024-05-30 02:19:06 UTC,research,CC-BY-NC,https://www.inaturalist.org/observations/216671094,https://inaturalist-open-data.s3.amazonaws.com/photos/383214937/medium.jpg,,"","On buttonbush in the garden close to scale, but apparently not in association with the scale? There is quite a bit of scale on the buttonbush, but only one kudzu bug and only observed that one time",1,0,false,3,"William Dance Way, Powhatan, VA, US",37.5359533333,-77.9235216667,4,,,,4,,,false,,,Kudzu Bug,Megacopta cribraria,Kudzu Bug,Insecta,209176
216854781,6db20068-6d7b-4b35-983a-c37739168657,2024-05-19 14:12:01,2024-05-19,2024-05-19 18:12:01 UTC,Eastern Time (US & Canada),2564499,ashleywirges,Ashley Wirges,2024-05-19 18:13:21 UTC,2024-05-20 01:36:29 UTC,research,,https://www.inaturalist.org/observations/216854781,https://static.inaturalist.org/photos/383559054/medium.jpeg,,"",,1,0,false,2,"Pigeon Forge, TN 37862, USA",35.7222599,-83.6416263,24,,,,24,,,false,,,Kudzu Bug,Megacopta cribraria,Kudzu Bug,Insecta,209176
216909558,5038639a-612f-46b7-871c-5a0d34cc52ec,2024-05-19 16:29:05,2024-05-19,2024-05-19 21:29:05 UTC,Central Time (US & Canada),8158304,christopher4123,Christopher Potter,2024-05-19 21:33:48 UTC,2024-05-20 01:36:44 UTC,research,,https://www.inaturalist.org/observations/216909558,https://static.inaturalist.org/photos/383660039/medium.jpeg,,"",I made friends with him :) ,1,0,false,2,"St Florian, AL 35630, USA",34.7964866667,-87.6741233333,8,,,,8,,,false,,,Kudzu Bug,Megacopta cribraria,Kudzu Bug,Insecta,209176
216917609,47e66fd4-0159-465c-90f1-df342afc3a57,2024-05-19 14:33:42-04:00,2024-05-19,2024-05-19 18:33:42 UTC,Eastern Time (US & Canada),1407983,susancolman,,2024-05-19 22:06:38 UTC,2024-05-21 19:01:49 UTC,research,CC-BY-NC,https://www.inaturalist.org/observations/216917609,https://inaturalist-open-data.s3.amazonaws.com/photos/383674199/medium.jpg,,"","",1,0,false,3,"Bunting Dr, Raleigh, NC, US",35.8527616667,-78.4979166667,3,,,,3,,,false,,,Kudzu Bug,Megacopta cribraria,Kudzu Bug,Insecta,209176
216974310,aaf5e21a-ee75-4e63-af3f-39aefbb7ec56,2024-05-19 12:30:47-04:00,2024-05-19,2024-05-19 16:30:47 UTC,Eastern Time (US & Canada),622593,nomolosx,solomon v. hendrix,2024-05-20 03:10:02 UTC,2024-05-20 04:35:08 UTC,research,CC-BY-NC,https://www.inaturalist.org/observations/216974310,https://inaturalist-open-data.s3.amazonaws.com/photos/383786304/medium.jpg,,"","",1,0,false,3,"University of Delaware, Newark, DE, US",39.667605,-75.7518916667,4,,,,4,,,false,,,Kudzu Bug,Megacopta cribraria,Kudzu Bug,Insecta,209176
217092673,39497e06-b7f9-4f9c-b257-a24f8b74f7cd,2024/05/19 11:09 AM,2024-05-19,2024-05-19 15:09:00 UTC,Eastern Time (US & Canada),2664772,levines2,Simone Levine,2024-05-20 16:45:27 UTC,2024-05-20 16:49:45 UTC,research,,https://www.inaturalist.org/observations/217092673,https://static.inaturalist.org/photos/383967069/medium.jpeg,,"","",1,0,false,,"North Carolina, US",35.006732757,-80.9667419792,157,,,,28734,obscured,,true,,,Kudzu Bug,Megacopta cribraria,Kudzu Bug,Insecta,209176
217125301,f896b86b-30ee-4df0-9891-859a0d1587a8,2024-05-20 14:39:04-04:00,2024-05-20,2024-05-20 18:39:04 UTC,Eastern Time (US & Canada),464659,abednarcik,,2024-05-20 19:01:17 UTC,2024-05-21 20:54:36 UTC,research,,https://www.inaturalist.org/observations/217125301,https://static.inaturalist.org/photos/384068188/medium.jpg,,"","",1,0,false,3,"Lacers Way, Currie, NC, US",34.4434621325,-78.1177776866,3,,,,3,,,false,,,Kudzu Bug,Megacopta cribraria,Kudzu Bug,Insecta,209176
217143978,270f215c-9258-4b85-8d85-648ea0e3a822,2024-05-20 16:01:00-04:00,2024-05-20,2024-05-20 20:01:00 UTC,Eastern Time (US & Canada),537994,folez26,,2024-05-20 20:25:08 UTC,2024-05-21 20:51:35 UTC,research,,https://www.inaturalist.org/observations/217143978,https://static.inaturalist.org/photos/384103103/medium.jpg,,"","",1,0,false,3,"New Sharon Church Rd, Hillsborough, NC, US",36.1201138333,-79.0405888333,4,,,,4,,,false,,,Kudzu Bug,Megacopta cribraria,Kudzu Bug,Insecta,209176
217155254,10f29969-c94d-4b26-9a2c-666e947a91af,2024/05/20 3:53 AM,2024-05-20,2024-05-20 08:53:00 UTC,Central Time (US & Canada),1121466,alfred_daniel_j,Alfred Daniel J,2024-05-20 21:17:23 UTC,2024-06-14 22:39:42 UTC,research,CC-BY-NC,https://www.inaturalist.org/observations/217155254,https://inaturalist-open-data.s3.amazonaws.com/photos/384123481/medium.jpeg,,"","",1,0,false,,"472 Cadillac Ln, McMinnville, TN 37110, USA",35.7076319,-85.7445145,119,,,,119,,,false,,,Kudzu Bug,Megacopta cribraria,Kudzu Bug,Insecta,209176
217163350,c1713fc9-c008-4d2b-8efd-be9d4ea129e7,Mon May 20 2024 17:56:33 GMT -0400 (EDT),2024-05-20,2024-05-20 21:56:33 UTC,Eastern Time (US & Canada),4237123,lucar1975,Redaelli Luca,2024-05-20 21:57:11 UTC,2024-05-20 22:07:09 UTC,research,,https://www.inaturalist.org/observations/217163350,https://static.inaturalist.org/photos/384138739/medium.jpeg,,"",,1,0,false,333,Atlanta,33.8489379883,-84.3758773804,35,,,,35,,,false,,,Kudzu Bug,Megacopta cribraria,Kudzu Bug,Insecta,209176
217163626,dbbe2aa6-14bc-4066-b432-035cc71b7087,2024-05-20 17:56:10-04:00,2024-05-20,2024-05-20 21:56:10 UTC,Eastern Time (US & Canada),860090,joncaskey,,2024-05-20 21:58:43 UTC,2024-05-21 20:50:11 UTC,research,,https://www.inaturalist.org/observations/217163626,https://static.inaturalist.org/photos/384139271/medium.jpg,,"","",1,0,false,3,"Concord, NC, US",35.4023477456,-80.6467759545,3,,,,3,,,false,,,Kudzu Bug,Megacopta cribraria,Kudzu Bug,Insecta,209176
217169917,4e91da45-0382-491b-9752-3b00276fd931,2024/05/20 3:36 PM,2024-05-20,2024-05-20 20:36:00 UTC,Central Time (US & Canada),5810263,pupbungalo,"",2024-05-20 22:33:18 UTC,2024-05-21 20:49:46 UTC,research,CC-BY-NC,https://www.inaturalist.org/observations/217169917,https://inaturalist-open-data.s3.amazonaws.com/photos/384144233/medium.jpg,,"","",1,0,false,,"St. Tammany County, US-LA, US",30.5310531514,-89.7485045016,3544,,,,29356,obscured,,true,,,Kudzu Bug,Megacopta cribraria,Kudzu Bug,Insecta,209176
217177395,933ef58b-72a3-4765-b57f-1b87e910fee0,Mon May 20 2024 18:15:33 GMT -0500 (CDT),2024-05-20,2024-05-20 23:15:33 UTC,Central Time (US & Canada),6691722,shooter-_44,,2024-05-20 23:15:42 UTC,2024-10-04 11:05:04 UTC,research,CC-BY-NC,https://www.inaturalist.org/observations/217177395,https://inaturalist-open-data.s3.amazonaws.com/photos/384167347/medium.jpeg,,"",,2,0,false,333,Philadelphia,32.8737487793,-89.1300430298,5,,,,5,,,false,,,Kudzu Bug,Megacopta cribraria,Kudzu Bug,Insecta,209176
217193238,8b4e7db7-37b7-4b48-90f3-c4ed15959a91,2024-05-20 15:14:06,2024-05-20,2024-05-20 19:14:06 UTC,Eastern Time (US & Canada),595077,rebecca145,Rebecca Gimenez Husted,2024-05-21 00:53:12 UTC,2025-09-24 12:41:36 UTC,research,CC-BY,https://www.inaturalist.org/observations/217193238,https://inaturalist-open-data.s3.amazonaws.com/photos/384199975/medium.jpeg,,"",,2,0,false,2,"Macon, GA 31217, USA",32.9429815,-83.4195880997,,,,,,,,false,gps,gps,Kudzu Bug,Megacopta cribraria,Kudzu Bug,Insecta,209176
217337457,e29154ad-8c95-4320-a1b7-383a8a908ac2,Tue May 21 2024 14:42:39 GMT -0400 (EDT),2024-05-21,2024-05-21 18:42:39 UTC,Eastern Time (US & Canada),3231294,katasaur,,2024-05-21 18:42:59 UTC,2024-10-04 11:05:02 UTC,research,CC-BY-NC,https://www.inaturalist.org/observations/217337457,https://inaturalist-open-data.s3.amazonaws.com/photos/384472617/medium.jpeg,,"",,2,0,false,333,Greenville,34.8846740723,-82.3776473999,13,,,,13,,,false,,,Kudzu Bug,Megacopta cribraria,Kudzu Bug,Insecta,209176
217357799,17935354-8979-4c46-b421-ee89aa565847,2024-05-21 15:43:51-04:00,2024-05-21,2024-05-21 19:43:51 UTC,Eastern Time (US & Canada),575491,miridae1,David,2024-05-21 20:32:16 UTC,2024-10-04 11:04:56 UTC,research,CC-BY-NC,https://www.inaturalist.org/observations/217357799,https://inaturalist-open-data.s3.amazonaws.com/photos/384512510/medium.jpg,,"","",2,0,false,3,"Knollview Dr, Greenville, SC, US",34.83458,-82.479325,3,,,,3,,,false,,,Kudzu Bug,Megacopta cribraria,Kudzu Bug,Insecta,209176
217368046,d8ce72f2-d340-4f8b-9bb6-5c9eac0ac8ae,2024-05-21 17:24:08-04:00,2024-05-21,2024-05-21 21:24:08 UTC,Eastern Time (US & Canada),1369675,iredwards,Indigo Roper-Edwards,2024-05-21 21:24:39 UTC,2024-10-04 11:04:55 UTC,research,,https://www.inaturalist.org/observations/217368046,https://static.inaturalist.org/photos/384532538/medium.jpg,,"","",2,0,false,3,"Rams Plaza, Chapel Hill, NC, US",35.9369389668,-79.0222965855,35,,,,35,,,false,,,Kudzu Bug,Megacopta cribraria,Kudzu Bug,Insecta,209176
217368787,75f25b80-d411-4251-bc63-82dea16fce48,2024-05-21 15:20:59-05:00,2024-05-21,2024-05-21 20:20:59 UTC,Central Time (US & Canada),3087976,sullysmith8,Sullivan Smith,2024-05-21 21:28:54 UTC,2024-10-04 11:04:52 UTC,research,CC-BY-NC,https://www.inaturalist.org/observations/217368787,https://inaturalist-open-data.s3.amazonaws.com/photos/384534203/medium.jpg,,"","",2,0,false,3,"Lanark Rd, Millbrook, AL, US",32.479490748,-86.3846347847,73,,,,73,,,false,,,Kudzu Bug,Megacopta cribraria,Kudzu Bug,Insecta,209176
217373147,6053e3d0-15a3-4997-8c86-7ab7f84c122a,2024-05-21 17:52:25-04:00,2024-05-21,2024-05-21 21:52:25 UTC,Eastern Time (US & Canada),8176706,benslepp,,2024-05-21 21:53:53 UTC,2024-10-04 11:04:51 UTC,research,CC-BY-NC,https://www.inaturalist.org/observations/217373147,https://inaturalist-open-data.s3.amazonaws.com/photos/384541711/medium.jpg,,"","",2,0,false,3,"Jones Lake Rd, Fuquay-Varina, NC, US",35.5755363215,-78.7418481022,25,,,,25,,,false,,,Kudzu Bug,Megacopta cribraria,Kudzu Bug,Insecta,209176
217401373,63c35f03-1e89-496b-982a-e225e9ef80d5,2024-05-21 18:24:04,2024-05-21,2024-05-21 22:24:04 UTC,Eastern Time (US & Canada),5560524,adye1960,Team Belle and Allen,2024-05-22 00:59:28 UTC,2024-10-04 11:04:50 UTC,research,CC-BY-NC,https://www.inaturalist.org/observations/217401373,https://inaturalist-open-data.s3.amazonaws.com/photos/384597339/medium.jpeg,,"",,2,0,false,2,"Swannanoa, NC 28778, USA",35.6086956997,-82.3884862997,,,,,,,,false,gps,gps,Kudzu Bug,Megacopta cribraria,Kudzu Bug,Insecta,209176
217475174,77cdc17b-075e-49e7-beab-c243161a4628,2024-05-21 13:45:20,2024-05-21,2024-05-21 17:45:20 UTC,Eastern Time (US & Canada),4253768,aurelia_cathey,Aurelia Cathey,2024-05-22 12:36:37 UTC,2024-10-04 11:04:49 UTC,research,,https://www.inaturalist.org/observations/217475174,https://static.inaturalist.org/photos/384737005/medium.jpeg,,"",,2,0,false,2,Knoxville,35.9604905503,-83.9207394049,24106,,,,24106,,,false,gps,gps,Kudzu Bug,Megacopta cribraria,Kudzu Bug,Insecta,209176
217521981,9a84cf38-d316-46f5-9f4a-e93eb87ffdf9,2024-05-22 06:46:23-04:00,2024-05-22,2024-05-22 10:46:23 UTC,Eastern Time (US & Canada),97928,mmkimberly,"",2024-05-22 16:46:47 UTC,2024-10-04 11:04:48 UTC,research,CC-BY-NC,https://www.inaturalist.org/observations/217521981,https://inaturalist-open-data.s3.amazonaws.com/photos/384820955/medium.jpg,,"","",2,0,false,3,"Piedmont Rd NE, Atlanta, GA, US",33.8463166667,-84.371825,14,,,,14,,,false,,,Kudzu Bug,Megacopta cribraria,Kudzu Bug,Insecta,209176
217536877,b1263e33-f646-4940-a193-a7dbb7a51c39,2024-05-21 18:34:57,2024-05-21,2024-05-21 22:34:57 UTC,Eastern Time (US & Canada),8140518,sophieengelhardt,,2024-05-22 18:08:45 UTC,2024-10-04 11:04:42 UTC,research,CC-BY-NC,https://www.inaturalist.org/observations/217536877,https://inaturalist-open-data.s3.amazonaws.com/photos/384848734/medium.jpeg,,"",,2,0,false,2,"Chapel Hill, NC, USA",35.9462819722,-79.078359,,,,,,,,false,gps,gps,Kudzu Bug,Megacopta cribraria,Kudzu Bug,Insecta,209176
217557331,dcf8b89f-ac40-4c0f-b661-fb373fdd0380,2024-05-22 15:52:54,2024-05-22,2024-05-22 19:52:54 UTC,Eastern Time (US & Canada),7227847,chaoticsymphony,"",2024-05-22 19:54:37 UTC,2024-10-04 11:04:40 UTC,research,,https://www.inaturalist.org/observations/217557331,https://static.inaturalist.org/photos/384885496/medium.jpeg,,"",,2,0,false,2,"Mecklenburg County, US-NC, US",35.1766436674,-80.7999620587,4,,,,4,,,false,gps,gps,Kudzu Bug,Megacopta cribraria,Kudzu Bug,Insecta,209176
217586651,e56fc4ab-6aa8-47e2-b742-6cd8921189ae,2024/05/22 10:55 AM,2024-05-22,2024-05-22 14:55:00 UTC,Eastern Time (US & Canada),1416798,mfawver,Melinda Fawver,2024-05-22 22:39:10 UTC,2024-10-04 11:04:32 UTC,research,CC-BY-NC,https://www.inaturalist.org/observations/217586651,https://inaturalist-open-data.s3.amazonaws.com/photos/384939721/medium.jpg,,"",,2,0,false,,"Blount County, TN, USA",35.6062245564,-83.7754685453,31,,,,31,,,false,,,Kudzu Bug,Megacopta cribraria,Kudzu Bug,Insecta,209176
217778914,069109d9-66b2-4941-91a4-9ddbd7b2b177,2024/05/23 4:30 PM,2024-05-23,2024-05-23 20:30:00 UTC,Eastern Time (US & Canada),1706937,brauhaus,"",2024-05-23 21:59:42 UTC,2024-10-04 11:04:31 UTC,research,CC-BY-NC,https://www.inaturalist.org/observations/217778914,https://inaturalist-open-data.s3.amazonaws.com/photos/385303082/medium.jpg,,"",,2,0,false,,"Arlington Forest, Arlington, VA, USA",38.868156,-77.127227,,,,,,,,false,,,Kudzu Bug,Megacopta cribraria,Kudzu Bug,Insecta,209176
217805184,b00c5bb6-4bfe-4568-83fc-f0a43b6a4569,2024-05-05 17:42:21,2024-05-05,2024-05-05 22:42:21 UTC,Central Time (US & Canada),238197,ericvanbergen,Eric Vanbergen,2024-05-24 00:50:58 UTC,2024-10-04 11:04:30 UTC,research,CC-BY-NC,https://www.inaturalist.org/observations/217805184,https://inaturalist-open-data.s3.amazonaws.com/photos/385353576/medium.jpeg,,"",,2,0,false,2,"Bruce, FL 32455, USA",30.7677416667,-85.9483138889,,,,,,,,false,gps,gps,Kudzu Bug,Megacopta cribraria,Kudzu Bug,Insecta,209176
217990856,fc15301c-04ba-40c7-bfdb-0df809c3591e,2024-05-23 14:37:17-04:00,2024-05-23,2024-05-23 18:37:17 UTC,Eastern Time (US & Canada),6490197,organism_enthusiast,,2024-05-24 22:34:21 UTC,2024-10-04 11:04:28 UTC,research,CC-BY-NC,https://www.inaturalist.org/observations/217990856,https://inaturalist-open-data.s3.amazonaws.com/photos/385703618/medium.jpg,,"","",2,0,false,3,"Enloe Magnet High School, Raleigh, NC, US",35.7838895182,-78.6041374849,23,,,,23,,,false,,,Kudzu Bug,Megacopta cribraria,Kudzu Bug,Insecta,209176
218002760,29d5b7b0-b73a-42a6-9ec5-cb3161225542,2024-05-24 18:42:10-05:00,2024-05-24,2024-05-24 23:42:10 UTC,Central Time (US & Canada),928763,charlotteeg,Charlotte Gregg Falls,2024-05-24 23:44:27 UTC,2024-10-04 11:04:28 UTC,research,,https://www.inaturalist.org/observations/218002760,https://static.inaturalist.org/photos/385725175/medium.jpg,,"","",2,0,false,3,"Dogwood Dr, Columbiana, AL, US",33.1685737381,-86.5943780077,3,,,,3,,,false,,,Kudzu Bug,Megacopta cribraria,Kudzu Bug,Insecta,209176
218193080,e33cc10b-7458-4510-89af-62b811b5cee7,2024/05/25 12:48 PM,2024-05-25,2024-05-25 16:48:00 UTC,Eastern Time (US & Canada),1228140,marytschopp,Mary Tschopp,2024-05-25 19:43:52 UTC,2024-10-04 11:04:19 UTC,research,,https://www.inaturalist.org/observations/218193080,https://static.inaturalist.org/photos/386077368/medium.jpeg,,"",,2,0,false,,"2424 State Rd 2710, Garner, NC 27529, USA",35.6800045,-78.626318,175,,,,175,,,false,,,Kudzu Bug,Megacopta cribraria,Kudzu Bug,Insecta,209176
218204495,7507947c-96b2-4174-a5ca-6e4c3e40b134,2024-05-25 16:24:42,2024-05-25,2024-05-25 20:24:42 UTC,Eastern Time (US & Canada),3384390,jeremywrenn,Jeremy Wrenn,2024-05-25 20:28:50 UTC,2024-10-04 11:04:18 UTC,research,,https://www.inaturalist.org/observations/218204495,https://static.inaturalist.org/photos/386099298/medium.jpeg,,"",,2,0,false,2,"Wallridge, Wake Forest, NC 27587, USA",36.0035208997,-78.5148090997,,,,,,,,false,gps,gps,Kudzu Bug,Megacopta cribraria,Kudzu Bug,Insecta,209176
218255803,5c13725e-3286-490d-b875-dce591a24f0a,2024-05-21 13:45:20,2024-05-21,2024-05-21 17:45:20 UTC,Eastern Time (US & Canada),4253768,aurelia_cathey,Aurelia Cathey,2024-05-26 00:41:27 UTC,2024-10-04 11:04:18 UTC,research,,https://www.inaturalist.org/observations/218255803,https://static.inaturalist.org/photos/386194719/medium.jpeg,,"",,2,0,false,2,Knoxville,35.9604905503,-83.9207394049,24106,,,,24106,,,false,gps,gps,Kudzu Bug,Megacopta cribraria,Kudzu Bug,Insecta,209176
218441237,1664af4c-f93e-4c98-a76e-9140d03bab86,2024-05-22 15:10:56-04:00,2024-05-22,2024-05-22 19:10:56 UTC,Eastern Time (US & Canada),3416732,nginipro,,2024-05-26 18:23:53 UTC,2024-10-04 14:44:32 UTC,research,CC-BY-NC,https://www.inaturalist.org/observations/218441237,https://inaturalist-open-data.s3.amazonaws.com/photos/386537879/medium.jpg,,"","",3,0,false,3,"W Institute Dr, Durham, NC, US",35.9057083333,-78.8652633333,3,,,,3,,,false,,,Kudzu Bug,Megacopta cribraria,Kudzu Bug,Insecta,209176
218459791,0d7f08e6-e586-45db-ad7e-a8452ef555ba,2024/05/26 9:38 AM,2024-05-26,2024-05-26 13:38:00 UTC,Eastern Time (US & Canada),1039087,swanlefitte,swanlefitte,2024-05-26 19:33:58 UTC,2024-10-04 11:04:15 UTC,research,CC-BY-NC,https://www.inaturalist.org/observations/218459791,https://inaturalist-open-data.s3.amazonaws.com/photos/386560570/medium.jpg,,"",,2,0,false,,"Arlington Forest, Arlington, VA, USA",38.8667638399,-77.121531903,4,,,,4,,,false,,,Kudzu Bug,Megacopta cribraria,Kudzu Bug,Insecta,209176
218541403,3b7c16f2-4ec5-430c-89f6-55a169107400,2024/05/26 11:39 AM,2024-05-26,2024-05-26 15:39:00 UTC,Eastern Time (US & Canada),5897595,georgebaileysbirds,George Bailey,2024-05-27 01:47:58 UTC,2024-10-04 11:04:14 UTC,research,,https://www.inaturalist.org/observations/218541403,https://static.inaturalist.org/photos/386726096/medium.png,,"",,2,0,false,,"151 Stable Rd, Oneida, TN 37841, USA",36.4877467,-84.697486,187,,,,187,,,false,,,Kudzu Bug,Megacopta cribraria,Kudzu Bug,Insecta,209176
218734638,bdaa1aee-c08a-46c9-87f1-93c848e23d43,2024/05/27 11:47 AM,2024-05-27,2024-05-27 15:47:00 UTC,Eastern Time (US & Canada),1039087,swanlefitte,swanlefitte,2024-05-27 20:27:28 UTC,2024-10-04 11:04:14 UTC,research,CC-BY-NC,https://www.inaturalist.org/observations/218734638,https://inaturalist-open-data.s3.amazonaws.com/photos/387084903/medium.jpg,,"",,3,0,false,,"Arlington Forest, Arlington, VA, USA",38.8668519098,-77.121682454,15,,,,15,,,false,,,Kudzu Bug,Megacopta cribraria,Kudzu Bug,Insecta,209176
218741180,ecb0895b-0f27-4d5b-a6ac-7723cbb23337,2024-05-26 13:32:41-04:00,2024-05-26,2024-05-26 17:32:41 UTC,Eastern Time (US & Canada),1853666,errrosie,Erin,2024-05-27 20:50:23 UTC,2024-10-04 11:04:14 UTC,research,CC-BY-NC,https://www.inaturalist.org/observations/218741180,https://inaturalist-open-data.s3.amazonaws.com/photos/387100809/medium.jpg,,"","",2,0,false,3,"Great Smoky Mountains National Park, Gatlinburg, TN, US",35.653725,-83.5793133333,13,,,,13,,,false,,,Kudzu Bug,Megacopta cribraria,Kudzu Bug,Insecta,209176
218764083,1a6cbad5-6249-4ddb-a0cb-134a5511f5ae,2024-05-27 18:37:28-04:00,2024-05-27,2024-05-27 22:37:28 UTC,Eastern Time (US & Canada),2125908,leach,The Leach,2024-05-27 22:38:10 UTC,2024-10-04 11:04:11 UTC,research,CC-BY-NC,https://www.inaturalist.org/observations/218764083,https://inaturalist-open-data.s3.amazonaws.com/photos/387144803/medium.jpg,,"","",2,0,false,3,"Andrew Young International Blvd NW, Atlanta, GA, US",33.7578883333,-84.3975966667,4,,,,4,,,false,,,Kudzu Bug,Megacopta cribraria,Kudzu Bug,Insecta,209176
218769430,1af4b37e-187b-4ca9-b744-3564e28668b9,Mon May 27 2024 19:06:45 GMT -0400 (EDT),2024-05-27,2024-05-27 23:06:45 UTC,Eastern Time (US & Canada),5102637,fart_monster87,stoob,2024-05-27 23:06:55 UTC,2024-10-04 11:04:10 UTC,research,CC-BY-NC,https://www.inaturalist.org/observations/218769430,https://inaturalist-open-data.s3.amazonaws.com/photos/387821818/medium.jpeg,,"",,2,0,false,333,Canton,34.1643371582,-84.4508895874,19,,,,19,,,false,,,Kudzu Bug,Megacopta cribraria,Kudzu Bug,Insecta,209176
218808087,ad89d4f5-e2de-4657-a3a2-601f03c71889,2024-05-27 17:47:10,2024-05-27,2024-05-27 21:47:10 UTC,Eastern Time (US & Canada),3137627,arisphotolog,Arianna,2024-05-28 02:31:49 UTC,2024-10-04 11:04:09 UTC,research,,https://www.inaturalist.org/observations/218808087,https://static.inaturalist.org/photos/387232207/medium.jpeg,,"",,2,0,false,2,"Lawrenceville, GA 30045, USA",33.916625,-84.0061361111,,,,,,,,false,gps,gps,Kudzu Bug,Megacopta cribraria,Kudzu Bug,Insecta,209176
218895913,861b226a-5288-46bf-9c49-cb5ef8e9abc7,2024-05-27 14:57:54-04:00,2024-05-27,2024-05-27 18:57:54 UTC,Eastern Time (US & Canada),5108869,bernadettelo,,2024-05-28 14:15:10 UTC,2024-10-04 11:04:08 UTC,research,CC-BY-NC,https://www.inaturalist.org/observations/218895913,https://inaturalist-open-data.s3.amazonaws.com/photos/387393558/medium.jpg,,"","",2,0,false,3,"James River, Richmond, VA, US",37.5339383333,-77.44438,3,,,,3,,,false,,,Kudzu Bug,Megacopta cribraria,Kudzu Bug,Insecta,209176
218935679,ce1450b8-9616-41e7-b931-262848e34141,Tue May 28 2024 13:32:13 GMT -0400 (GMT-4),2024-05-28,2024-05-28 17:32:13 UTC,Eastern Time (US & Canada),4034551,brdrxtra,,2024-05-28 17:30:58 UTC,2024-10-04 11:04:01 UTC,research,CC-BY-NC,https://www.inaturalist.org/observations/218935679,https://inaturalist-open-data.s3.amazonaws.com/photos/387464909/medium.jpeg,,"",,2,0,false,333,Norfolk,36.8631095886,-76.2928161621,100,,,,100,,,false,,,Kudzu Bug,Megacopta cribraria,Kudzu Bug,Insecta,209176
218985487,aeffcca7-3495-43d7-98c6-aa93b9ded18e,Tue May 28 2024 17:43:30 GMT -0400 (GMT-4),2024-05-28,2024-05-28 21:43:30 UTC,Eastern Time (US & Canada),5696240,jka3,Justin,2024-05-28 21:43:46 UTC,2024-05-28 22:31:26 UTC,research,CC-BY-NC,https://www.inaturalist.org/observations/218985487,https://inaturalist-open-data.s3.amazonaws.com/photos/387557144/medium.jpeg,,"",,1,0,false,333,Greenville,34.9238700867,-82.4446258545,68,,,,68,,,false,,,Kudzu Bug,Megacopta cribraria,Kudzu Bug,Insecta,209176
219001169,d3648cf8-9847-4c53-8006-9af4e51ce055,2024-05-28 19:09:50-04:00,2024-05-28,2024-05-28 23:09:50 UTC,Eastern Time (US & Canada),5714322,lacasus,Laura Casas,2024-05-28 23:12:36 UTC,2024-06-04 02:12:50 UTC,research,,https://www.inaturalist.org/observations/219001169,https://static.inaturalist.org/photos/387587199/medium.jpg,,"",these guys are only on my bean and soy bean plants ,1,0,false,3,"North Carolina, US",35.964695301,-78.3941971905,375,,,,28620,obscured,,true,,,Kudzu Bug,Megacopta cribraria,Kudzu Bug,Insecta,209176
219007718,43a9eb9c-3106-482a-94a3-0cc56ea26b14,2024-05-07 07:07:43,2024-05-07,2024-05-07 11:07:43 UTC,Eastern Time (US & Canada),2905191,e-a,"",2024-05-28 23:53:59 UTC,2024-05-29 01:27:24 UTC,research,CC-BY-NC,https://www.inaturalist.org/observations/219007718,https://inaturalist-open-data.s3.amazonaws.com/photos/387600512/medium.jpeg,,"",,1,0,false,2,"Columbus, GA 31901, USA",32.4675364507,-84.9961848557,216,,,,216,,,false,gps,gps,Kudzu Bug,Megacopta cribraria,Kudzu Bug,Insecta,209176
219014249,be03f490-da8f-4462-b16d-e751ccaf583d,2024-05-25 15:05:10,2024-05-25,2024-05-25 20:05:10 UTC,Central Time (US & Canada),7518133,millionk,"",2024-05-29 00:33:11 UTC,2024-05-29 01:59:41 UTC,research,CC-BY-NC,https://www.inaturalist.org/observations/219014249,https://inaturalist-open-data.s3.amazonaws.com/photos/387612880/medium.jpeg,,"",,1,0,false,2,"Colbert County, AL, USA",34.7809194444,-87.6679361111,,,,,,,,false,,,Kudzu Bug,Megacopta cribraria,Kudzu Bug,Insecta,209176
219135928,d1ddd18b-d4a9-4645-b78d-1ef14a16b819,2024-05-21 15:41:49,2024-05-21,2024-05-21 19:41:49 UTC,Eastern Time (US & Canada),1087766,mustelidmay,Carissa May,2024-05-29 16:13:53 UTC,2025-02-03 15:46:29 UTC,research,,https://www.inaturalist.org/observations/219135928,https://static.inaturalist.org/photos/387841033/medium.jpeg,,"",,1,0,false,2,"Beaufort, NC 28516, USA",34.72775,-76.6414888889,,,,,,,,false,gps,gps,Kudzu Bug,Megacopta cribraria,Kudzu Bug,Insecta,209176
219183596,4d71fd83-eab2-4504-84bc-663adba54628,Wed May 29 2024 16:18:30 GMT -0400 (EDT),2024-05-29,2024-05-29 20:18:30 UTC,Eastern Time (US & Canada),8185558,kagrimm,,2024-05-29 20:18:47 UTC,2025-02-03 15:46:29 UTC,research,CC-BY-NC,https://www.inaturalist.org/observations/219183596,https://inaturalist-open-data.s3.amazonaws.com/photos/387930964/medium.jpeg,,"",,1,0,false,333,Greenville,34.8431091309,-82.2528686523,6,,,,6,,,false,,,Kudzu Bug,Megacopta cribraria,Kudzu Bug,Insecta,209176
219201573,734a42c5-1303-49e1-a3a0-12949752f106,2024-05-28 18:01:19-04:00,2024-05-28,2024-05-28 22:01:19 UTC,Eastern Time (US & Canada),3312888,ingolfaskevold,Ingolf Askevold,2024-05-29 21:50:59 UTC,2025-02-03 15:46:22 UTC,research,CC-BY-NC,https://www.inaturalist.org/observations/219201573,https://inaturalist-open-data.s3.amazonaws.com/photos/387963956/medium.jpg,,"","",1,0,false,3,"Kolomoki Mounds State Park, Blakely, GA, US",31.4692533333,-84.932045,4,,,,4,,,false,,,Kudzu Bug,Megacopta cribraria,Kudzu Bug,Insecta,209176
219272630,4af73844-4040-4901-a0f9-7254f346ff83,Thu May 23 2024 00:04:13 GMT+0000 (Coordinated Universal Time),2024-05-23,2024-05-23 04:04:13 UTC,Eastern Time (US & Canada),1892703,new_hanover_nc,"",2024-05-30 07:07:50 UTC,2025-02-03 15:46:21 UTC,research,CC-BY-NC,https://www.inaturalist.org/observations/219272630,https://inaturalist-open-data.s3.amazonaws.com/photos/388101748/medium.jpeg,,"",ecoEXPLORE Username: corameadow,1,0,false,349,"North Carolina, US",34.3308899238,-77.9118413824,,,,,28846,obscured,,true,,,Kudzu Bug,Megacopta cribraria,Kudzu Bug,Insecta,209176
219368089,b0787b8c-59a7-473a-8511-737180a52a25,Thu May 30 2024 13:46:18 GMT -0400 (EDT),2024-05-30,2024-05-30 17:46:18 UTC,Eastern Time (US & Canada),4893552,eric1428,Eric Erwood,2024-05-30 17:49:55 UTC,2025-02-03 15:46:21 UTC,research,CC-BY-NC,https://www.inaturalist.org/observations/219368089,https://inaturalist-open-data.s3.amazonaws.com/photos/388278071/medium.jpeg,,"",,1,0,false,333,"Fulton County, US-GA, US",33.7886161804,-84.3719482422,,,,,,,,false,,,Kudzu Bug,Megacopta cribraria,Kudzu Bug,Insecta,209176
219404210,387bf983-9829-4840-bd55-9555cdf59460,2024-05-30 16:46:47-04:00,2024-05-30,2024-05-30 20:46:47 UTC,Eastern Time (US & Canada),6774857,shrub_jay,,2024-05-30 20:49:04 UTC,2025-02-03 15:46:11 UTC,research,CC-BY-NC,https://www.inaturalist.org/observations/219404210,https://inaturalist-open-data.s3.amazonaws.com/photos/388645159/medium.jpg,,"","",1,0,false,3,"SR-316 E, Lawrenceville, GA, US",33.9838616667,-83.960455,6,,,,6,,,false,,,Kudzu Bug,Megacopta cribraria,Kudzu Bug,Insecta,209176
219408023,5f7f1875-4e54-43ed-a5fa-91f105b742d4,2024-05-30 17:09:58-04:00,2024-05-30,2024-05-30 21:09:58 UTC,Eastern Time (US & Canada),8212870,agberry,,2024-05-30 21:10:19 UTC,2025-02-03 15:46:10 UTC,research,CC-BY-NC,https://www.inaturalist.org/observations/219408023,https://inaturalist-open-data.s3.amazonaws.com/photos/388350807/medium.jpg,,"","",1,0,false,3,"Allscott Way, Raleigh, NC, US",35.8694935254,-78.7238869897,7,,,,7,,,false,,,Kudzu Bug,Megacopta cribraria,Kudzu Bug,Insecta,209176
219475606,fb6cabf6-7c74-4e33-94ad-ead125c289ed,2024-05-30 17:38:47,2024-05-30,2024-05-30 21:38:47 UTC,Eastern Time (US & Canada),7749121,jenjengoesgreen,Jennifer David,2024-05-31 05:35:41 UTC,2025-02-03 15:46:09 UTC,research,,https://www.inaturalist.org/observations/219475606,https://static.inaturalist.org/photos/388481688/medium.jpeg,,"",,1,0,false,2,"Knoxville, TN 37931, USA",35.9647345468,-84.0751585364,32,,,,32,,,false,gps,gps,Kudzu Bug,Megacopta cribraria,Kudzu Bug,Insecta,209176
219621386,273f70bd-3b9d-494d-8f48-d13802cb1a57,2024-05-31 18:09:04-04:00,2024-05-31,2024-05-31 22:09:04 UTC,Eastern Time (US & Canada),7176549,mothymorgie,sydney Morgan,2024-05-31 22:13:11 UTC,2025-02-05 21:31:49 UTC,research,,https://www.inaturalist.org/observations/219621386,https://static.inaturalist.org/photos/388748955/medium.jpg,,"","",1,0,false,3,"Winsome Ln, Carrboro, NC, US",35.9273776774,-79.1080357084,92,,,,92,,,false,,,Kudzu Bug,Megacopta cribraria,Kudzu Bug,Insecta,209176
219777721,1dd69f6b-ce9d-4761-a261-86049e472f74,Sat Jun 01 2024 12:40:13 GMT -0400 (EDT),2024-06-01,2024-06-01 16:40:13 UTC,Eastern Time (US & Canada),2548470,erk222,Elizabeth Keefer,2024-06-01 16:40:27 UTC,2025-02-05 21:31:43 UTC,research,,https://www.inaturalist.org/observations/219777721,https://inaturalist-open-data.s3.amazonaws.com/photos/390010628/medium.jpeg,,"",,1,0,false,333,Gloucester Point,37.2492370605,-76.5001220703,4,,,,4,,,false,,,Kudzu Bug,Megacopta cribraria,Kudzu Bug,Insecta,209176
219790482,81cc62f3-c675-49d8-a0cc-469db49b3f6e,2024-05-25,2024-05-25,,Eastern Time (US & Canada),3260610,indigo_bunting_fiend,April,2024-06-01 17:36:28 UTC,2025-02-05 21:31:34 UTC,research,CC-BY-NC,https://www.inaturalist.org/observations/219790482,https://inaturalist-open-data.s3.amazonaws.com/photos/389064889/medium.jpeg,,"",At shadyside dragway!,1,0,false,2,"Shelby, NC 28152, USA",35.2156904995,-81.6439214721,181,,,,181,,,false,gps,gps,Kudzu Bug,Megacopta cribraria,Kudzu Bug,Insecta,209176
219803465,4d1de7ae-2f3c-4e66-b7a8-5f65c40bd9c2,2024-06-01 13:11:05-05:00,2024-06-01,2024-06-01 18:11:05 UTC,Central Time (US & Canada),8144369,whitney_lunsford,,2024-06-01 18:32:12 UTC,2025-02-03 15:45:55 UTC,research,CC-BY-NC,https://www.inaturalist.org/observations/219803465,https://inaturalist-open-data.s3.amazonaws.com/photos/389089516/medium.jpg,,"","",1,0,false,3,"CR-558, Enterprise, AL, US",31.33933,-85.9224466667,4,,,,4,,,false,,,Kudzu Bug,Megacopta cribraria,Kudzu Bug,Insecta,209176
219816965,1862d787-bf6e-4f69-a688-3424072866b4,2024-06-01 15:23:57-04:00,2024-06-01,2024-06-01 19:23:57 UTC,Eastern Time (US & Canada),2915505,swarmingzebras,Sonia Hupfeld,2024-06-01 19:27:03 UTC,2025-02-26 17:18:13 UTC,research,,https://www.inaturalist.org/observations/219816965,https://static.inaturalist.org/photos/389113980/medium.jpg,,"","First time seeing one of these, unsure of exact species. ",2,0,false,3,"Mayo St, Hillsborough, NC, US",36.0608439128,-79.1057654111,4,,,,4,,,false,,,Kudzu Bug,Megacopta cribraria,Kudzu Bug,Insecta,209176
219826142,21d1d623-8a70-44eb-b86d-d7f566bc1095,2024-05-25 18:00:32,2024-05-25,2024-05-25 22:00:32 UTC,Eastern Time (US & Canada),3822349,nicholas_cahill,Nicholas Cahill,2024-06-01 20:06:22 UTC,2025-02-03 15:45:53 UTC,research,,https://www.inaturalist.org/observations/219826142,https://static.inaturalist.org/photos/389131680/medium.jpeg,,"",,2,0,false,2,"St. Mary's County, US-MD, US",38.1689416667,-76.4410972222,,,,,,,,false,,,Kudzu Bug,Megacopta cribraria,Kudzu Bug,Insecta,209176
219827128,c60afc13-3a8d-45ec-807c-8d3a389a6c86,2024-05-25 18:00:17,2024-05-25,2024-05-25 22:00:17 UTC,Eastern Time (US & Canada),3822349,nicholas_cahill,Nicholas Cahill,2024-06-01 20:10:53 UTC,2025-02-03 15:45:52 UTC,research,,https://www.inaturalist.org/observations/219827128,https://static.inaturalist.org/photos/389133484/medium.jpeg,,"",,1,0,false,2,"Lexington Park, MD 20653, USA",38.1689416667,-76.4410944444,,,,,,,,false,gps,gps,Kudzu Bug,Megacopta cribraria,Kudzu Bug,Insecta,209176
219856415,5f4fc09c-d4cd-45c6-9b5a-35e00cf740d5,2024-06-01 17:20:38-05:00,2024-06-01,2024-06-01 22:20:38 UTC,Central Time (US & Canada),6358680,victoria1423,Victoria Marisia Wright,2024-06-01 22:22:53 UTC,2025-02-03 15:45:50 UTC,research,,https://www.inaturalist.org/observations/219856415,https://static.inaturalist.org/photos/389196720/medium.jpg,,"","",1,0,false,3,"Cane Creek State Park, Star City, AR, US",33.9151533333,-91.763625,4,,,,4,,,false,,,Kudzu Bug,Megacopta cribraria,Kudzu Bug,Insecta,209176
219863054,1b953de6-87ba-4020-b7dc-efd86a8dc212,2024-06-01 14:47:33-05:00,2024-06-01,2024-06-01 19:47:33 UTC,Central Time (US & Canada),207263,johntrent,John Trent,2024-06-01 22:57:41 UTC,2025-02-03 15:45:46 UTC,research,CC-BY-NC-ND,https://www.inaturalist.org/observations/219863054,https://inaturalist-open-data.s3.amazonaws.com/photos/389200061/medium.jpg,,"","",1,0,false,3,"Yoholo Micco Trail, Eufaula, AL, US",31.8985716667,-85.1396555,4,,,,4,,,false,,,Kudzu Bug,Megacopta cribraria,Kudzu Bug,Insecta,209176
220027114,b3a4562e-ed06-4324-ae47-2733af6b05d7,Sun Jun 02 2024 12:27:14 GMT -0400 (GMT-4),2024-06-02,2024-06-02 16:27:14 UTC,Eastern Time (US & Canada),6942613,ccthevampire,CC,2024-06-02 16:27:23 UTC,2025-02-03 15:45:45 UTC,research,,https://www.inaturalist.org/observations/220027114,https://static.inaturalist.org/photos/389510872/medium.jpeg,,"",,1,0,false,333,Charlotte,35.2883071899,-80.8471450806,76,,,,76,,,false,,,Kudzu Bug,Megacopta cribraria,Kudzu Bug,Insecta,209176
220059003,1b1ad969-dee8-4ea0-82bd-de266cb16079,2024-06-02 11:55:50-05:00,2024-06-02,2024-06-02 16:55:50 UTC,Central Time (US & Canada),8132869,heather42143,Heather Hemming,2024-06-02 18:31:18 UTC,2025-02-03 15:45:23 UTC,research,,https://www.inaturalist.org/observations/220059003,https://static.inaturalist.org/photos/389570299/medium.jpg,,"","",1,0,false,3,"Fairhope Municipal Park, Fairhope, AL, US",30.5236844736,-87.9117884557,79,,,,79,,,false,,,Kudzu Bug,Megacopta cribraria,Kudzu Bug,Insecta,209176
220085612,757515e6-c774-4a57-92d6-3f76ffc216ed,2024-06-02 16:07:00,2024-06-02,2024-06-02 20:07:00 UTC,Eastern Time (US & Canada),1889976,stephenewing,Stephen Ewing,2024-06-02 20:08:03 UTC,2025-02-03 15:45:19 UTC,research,,https://www.inaturalist.org/observations/220085612,https://static.inaturalist.org/photos/389618123/medium.jpeg,,"",,2,0,false,2,"Top of The Mountain Building, Stone Mountain, GA 30087, USA",33.8056666667,-84.1459138889,,,,,,,,false,gps,gps,Kudzu Bug,Megacopta cribraria,Kudzu Bug,Insecta,209176
220109644,77ddd76f-25c9-4cfb-a1f3-8e9a00389e87,2024-06-02 17:43:52-04:00,2024-06-02,2024-06-02 21:43:52 UTC,Eastern Time (US & Canada),6506925,dostomeowsky,,2024-06-02 21:44:23 UTC,2025-02-03 15:45:18 UTC,research,CC-BY-NC,https://www.inaturalist.org/observations/220109644,https://inaturalist-open-data.s3.amazonaws.com/photos/389663311/medium.jpg,,"","",2,0,false,3,"Church St, Yorktown, VA, US",37.233614326,-76.5033297502,127,,,,127,,,false,,,Kudzu Bug,Megacopta cribraria,Kudzu Bug,Insecta,209176
220131437,c4cdfb5a-c98c-4e6f-a317-c85c78debdf4,2024-06-02 19:18:56-04:00,2024-06-02,2024-06-02 23:18:56 UTC,Eastern Time (US & Canada),8221811,merberk,,2024-06-02 23:26:26 UTC,2024-10-04 14:44:23 UTC,research,CC-BY-NC,https://www.inaturalist.org/observations/220131437,https://inaturalist-open-data.s3.amazonaws.com/photos/389704922/medium.jpg,,"","",2,0,false,3,"Hammett Rd, Hogansville, GA, US",33.1232195,-84.97953,4,,,,4,,,false,,,Kudzu Bug,Megacopta cribraria,Kudzu Bug,Insecta,209176
220185649,a814306e-fcbd-4b61-b573-6c4809eafcdd,2024-06-02 12:11:39,2024-06-02,2024-06-02 16:11:39 UTC,Eastern Time (US & Canada),8056762,jordan-r-smith,Jordan Smith,2024-06-03 05:04:20 UTC,2024-10-04 14:43:59 UTC,research,,https://www.inaturalist.org/observations/220185649,https://static.inaturalist.org/photos/389811725/medium.jpeg,,"",,2,0,false,2,"Lawrenceville, GA 30045, USA",33.9111984676,-83.9089239389,209,,,,209,,,false,gps,gps,Kudzu Bug,Megacopta cribraria,Kudzu Bug,Insecta,209176
220252663,abb3acda-2c57-44fe-bca4-b8dc7136a7f0,2024-06-03 10:19:51-04:00,2024-06-03,2024-06-03 14:19:51 UTC,Eastern Time (US & Canada),2676891,catrideout,Catrideout,2024-06-03 14:29:12 UTC,2024-10-04 11:03:53 UTC,research,CC-BY-NC,https://www.inaturalist.org/observations/220252663,https://inaturalist-open-data.s3.amazonaws.com/photos/389936610/medium.jpg,,"",kudzu bug ? Megacopta cribraria?,3,0,false,3,"Hosea L Williams Dr NE, Atlanta, GA, US",33.7517853,-84.2951737,33,,,,33,,,false,,,Kudzu Bug,Megacopta cribraria,Kudzu Bug,Insecta,209176
220286678,1e1671b8-17e8-4c38-a560-0c772592cc26,Mon Jun 03 2024 12:14:18 GMT -0500 (CDT),2024-06-03,2024-06-03 17:14:18 UTC,Central Time (US & Canada),3751687,cjchristian,Cj Christian,2024-06-03 17:14:33 UTC,2024-10-04 11:03:52 UTC,research,CC-BY-NC,https://www.inaturalist.org/observations/220286678,https://inaturalist-open-data.s3.amazonaws.com/photos/389998109/medium.jpeg,,"",,2,0,false,333,Tuscumbia,34.6276245117,-87.7571487427,3991,,,,3991,,,false,,,Kudzu Bug,Megacopta cribraria,Kudzu Bug,Insecta,209176
220327947,c9534de0-6e00-4fa3-aa30-61d3ec65d63a,2024-06-03 16:30:46,2024-06-03,2024-06-03 20:30:46 UTC,Eastern Time (US & Canada),5453464,fractalpaladin,"",2024-06-03 20:31:14 UTC,2024-10-04 11:03:52 UTC,research,CC-BY-NC,https://www.inaturalist.org/observations/220327947,https://inaturalist-open-data.s3.amazonaws.com/photos/390075454/medium.jpeg,,"",,2,0,false,2,"Knoxville, TN 37915, USA",35.9740082225,-83.8875541665,6,,,,6,,,false,,,Kudzu Bug,Megacopta cribraria,Kudzu Bug,Insecta,209176
220328777,4761eaf8-12fa-4424-98ed-c09582bf2656,2024-06-03 16:34:17-04:00,2024-06-03,2024-06-03 20:34:17 UTC,Eastern Time (US & Canada),2051728,jennypansing,Jenny Pansing,2024-06-03 20:35:15 UTC,2024-10-04 11:03:50 UTC,research,,https://www.inaturalist.org/observations/220328777,https://static.inaturalist.org/photos/390076890/medium.jpg,,"","",2,0,false,3,"Overholt Trail, Sevierville, TN, US",35.74873,-83.670625,4,,,,4,,,false,,,Kudzu Bug,Megacopta cribraria,Kudzu Bug,Insecta,209176
220341851,6bdc202f-ffdb-4630-b991-fa5b7d0e3dde,2024-06-03 17:18:08,2024-06-03,2024-06-03 21:18:08 UTC,Eastern Time (US & Canada),5330289,newton_joule,N J,2024-06-03 21:43:13 UTC,2024-10-04 14:43:49 UTC,research,,https://www.inaturalist.org/observations/220341851,https://static.inaturalist.org/photos/390101316/medium.jpeg,,"",,2,0,false,2,"Greenville, SC 29615, USA",34.8662995997,-82.2528199997,,,,,,,,false,,,Kudzu Bug,Megacopta cribraria,Kudzu Bug,Insecta,209176
220350703,6336afe0-60b2-49c4-82a0-cde63481f3ed,2024-06-02 16:10:47,2024-06-02,2024-06-02 21:10:47 UTC,Central Time (US & Canada),1787129,fmachados,Fernando Machado-Stredel,2024-06-03 22:31:59 UTC,2024-10-04 14:33:55 UTC,research,CC-BY-NC,https://www.inaturalist.org/observations/220350703,https://inaturalist-open-data.s3.amazonaws.com/photos/390117007/medium.jpeg,,"",,3,0,false,2,"Ecru, MS 38841, USA",34.3837805556,-89.0228388889,,,,,,,,false,gps,gps,Kudzu Bug,Megacopta cribraria,Kudzu Bug,Insecta,209176
220352899,83275903-ea6c-4ba2-85f0-91f1f9581575,Mon Jun 03 2024 17:45:17 GMT -0500 (CDT),2024-06-03,2024-06-03 22:45:17 UTC,Central Time (US & Canada),6208673,edwards3335,,2024-06-03 22:45:27 UTC,2024-10-04 14:33:44 UTC,research,CC-BY-NC,https://www.inaturalist.org/observations/220352899,https://inaturalist-open-data.s3.amazonaws.com/photos/390121476/medium.jpeg,,"",,2,0,false,333,Jemison,32.9655761719,-86.753036499,43,,,,43,,,false,,,Kudzu Bug,Megacopta cribraria,Kudzu Bug,Insecta,209176
220382129,779e60fc-171b-40fc-aa86-9282d4356acf,2024/05/27 10:28 PM,2024-05-27,2024-05-28 02:28:00 UTC,Eastern Time (US & Canada),1293535,benjamin189,Benjamin Burgunder,2024-06-04 01:53:12 UTC,2024-10-04 11:03:43 UTC,research,CC-BY,https://www.inaturalist.org/observations/220382129,https://inaturalist-open-data.s3.amazonaws.com/photos/390177723/medium.jpeg,,"",,2,0,false,,"Prince George's County, MD, USA",38.935072239,-76.9388228674,8,,,,8,,,false,,,Kudzu Bug,Megacopta cribraria,Kudzu Bug,Insecta,209176
220445058,c9787dbe-4b08-49a7-85dd-603c04447e8f,2024-06-03 15:28:03-04:00,2024-06-03,2024-06-03 19:28:03 UTC,Eastern Time (US & Canada),940990,globalist50,,2024-06-04 11:16:58 UTC,2024-10-04 11:03:41 UTC,research,,https://www.inaturalist.org/observations/220445058,https://static.inaturalist.org/photos/390298325/medium.jpg,,"","",2,0,false,3,"Welcome Center Drive, Emporia, VA, US",36.5465966667,-77.57505,3,,,,3,,,false,,,Kudzu Bug,Megacopta cribraria,Kudzu Bug,Insecta,209176
220487471,d142574f-2ff5-4677-869b-a2ce6bb58ecc,2024-06-04 10:37:13,2024-06-04,2024-06-04 15:37:13 UTC,Central Time (US & Canada),45587,kbakkegard,Kristin A. Bakkegard,2024-06-04 15:38:10 UTC,2024-10-04 11:03:40 UTC,research,CC-BY-NC,https://www.inaturalist.org/observations/220487471,https://inaturalist-open-data.s3.amazonaws.com/photos/390375303/medium.jpeg,,"",,3,0,false,2,"Homewood, AL, USA",33.4651986234,-86.7893133312,4,,,,4,,,false,gps,gps,Kudzu Bug,Megacopta cribraria,Kudzu Bug,Insecta,209176
220528418,a9ed4c77-91c0-41cc-bca2-b08603f432d2,2024-06-04 14:48:07,2024-06-04,2024-06-04 18:48:07 UTC,Eastern Time (US & Canada),6408372,odile60,Odile V,2024-06-04 18:56:39 UTC,2024-10-04 11:03:39 UTC,research,,https://www.inaturalist.org/observations/220528418,https://static.inaturalist.org/photos/390451303/medium.jpeg,,"",,2,0,false,2,"Midtown Atlanta, Atlanta, GA, USA",33.7837926,-84.3868845,12,,,,12,,,false,,,Kudzu Bug,Megacopta cribraria,Kudzu Bug,Insecta,209176
220555282,ed631c79-61f7-4450-9011-090a34bdb0d2,Tue Jun 04 2024 17:22:41 GMT -0400 (EDT),2024-06-04,2024-06-04 21:22:41 UTC,Eastern Time (US & Canada),7699238,thealphashard,Liam Summey,2024-06-04 21:22:47 UTC,2024-10-04 11:03:39 UTC,research,CC-BY-NC,https://www.inaturalist.org/observations/220555282,https://inaturalist-open-data.s3.amazonaws.com/photos/390502595/medium.jpeg,,"",,2,0,false,333,Spartanburg,34.9894943237,-82.0506820679,21,,,,21,,,false,,,Kudzu Bug,Megacopta cribraria,Kudzu Bug,Insecta,209176
220562517,998bfe08-6363-492e-9e9b-04d1594a7992,2024-06-04 13:39:49,2024-06-04,2024-06-04 17:39:49 UTC,Eastern Time (US & Canada),53153,willkuhn,Will Kuhn,2024-06-04 22:06:19 UTC,2024-10-04 11:03:37 UTC,research,CC-BY,https://www.inaturalist.org/observations/220562517,https://inaturalist-open-data.s3.amazonaws.com/photos/390516060/medium.jpeg,,"",,2,0,false,2,"Gatlinburg, TN 37738, USA",35.6863390997,-83.5005914,,,,,,,,false,gps,gps,Kudzu Bug,Megacopta cribraria,Kudzu Bug,Insecta,209176
220562945,077573ad-2b31-4094-8ece-4fec749346b1,2024-05-05 16:11:19,2024-05-05,2024-05-05 20:11:19 UTC,Eastern Time (US & Canada),703773,lincolndurey,Lincoln Durey,2024-06-04 22:08:37 UTC,2025-07-21 16:44:55 UTC,research,CC-BY,https://www.inaturalist.org/observations/220562945,https://static.inaturalist.org/photos/390516715/medium.jpeg,,"",Heritage Park: https://www.inaturalist.org/calendar/lincolndurey/2024/5/5,2,0,false,2,"Smyrna, GA 30082, USA",33.8541685938,-84.5275516436,51,,,,51,,,false,gps,gps,Megacopta cribraria,Megacopta cribraria,Kudzu Bug,Insecta,209176
220583720,a5b9ae2a-e8e9-4ad6-8064-24afb48596b9,2024/05/23 8:21 PM,2024-05-23,2024-05-24 00:21:00 UTC,Eastern Time (US & Canada),8181315,wysockia,,2024-06-05 00:22:48 UTC,2024-10-04 11:03:29 UTC,research,CC-BY-NC,https://www.inaturalist.org/observations/220583720,https://inaturalist-open-data.s3.amazonaws.com/photos/390556282/medium.jpg,,"",,2,0,false,,"Georgia, US",33.4779843924,-82.0368419455,18665,,,,28957,obscured,,true,,,Kudzu Bug,Megacopta cribraria,Kudzu Bug,Insecta,209176
220591722,8fb6aefe-042e-48fd-9cf5-b4f43cad0bd2,2024/06/01 10:32 AM,2024-06-01,2024-06-01 14:32:00 UTC,Eastern Time (US & Canada),1515879,judygva,Judy Gallagher,2024-06-05 01:16:05 UTC,2024-10-04 11:03:29 UTC,research,CC-BY-NC,https://www.inaturalist.org/observations/220591722,https://inaturalist-open-data.s3.amazonaws.com/photos/390572650/medium.jpg,,"",,3,0,false,,"Caroline County, MD, USA",38.9518132415,-75.9346279601,15,,,,15,,,false,,,Kudzu Bug,Megacopta cribraria,Kudzu Bug,Insecta,209176
220737478,d15ba566-8188-4d6c-9701-c6c2ca8d12e5,2024/06/04 12:08 PM,2024-06-04,2024-06-04 16:08:00 UTC,Eastern Time (US & Canada),6716511,jim4cjc,,2024-06-05 19:08:08 UTC,2024-10-04 11:03:28 UTC,research,CC-BY-NC,https://www.inaturalist.org/observations/220737478,https://inaturalist-open-data.s3.amazonaws.com/photos/390839367/medium.jpg,,"Animals, Camera, Insects, Macro",,2,0,false,,"Sandon Dr, Asheville, NC 28804, USA",35.6249072701,-82.5565232921,15,,,,15,,,false,,,Kudzu Bug,Megacopta cribraria,Kudzu Bug,Insecta,209176
220753942,5cf4d9ac-874c-4f0d-82f2-6f875c914556,2024-06-05 16:26:42-04:00,2024-06-05,2024-06-05 20:26:42 UTC,Eastern Time (US & Canada),7996142,candice05,candice,2024-06-05 20:33:56 UTC,2024-10-04 14:33:27 UTC,research,,https://www.inaturalist.org/observations/220753942,https://static.inaturalist.org/photos/390871562/medium.jpg,,"","",2,0,false,3,"Signal Ct SW, Concord, NC, US",35.376955,-80.5879583333,3,,,,3,,,false,,,Kudzu Bug,Megacopta cribraria,Kudzu Bug,Insecta,209176
220784652,e2e4065b-b410-4b31-a325-953fc1e485c7,2024/06/01 8:10 AM,2024-06-01,2024-06-01 12:10:00 UTC,Eastern Time (US & Canada),3133703,mmmmbugs,Adrienne van den Beemt,2024-06-05 23:40:44 UTC,2025-03-24 22:43:16 UTC,research,CC-BY,https://www.inaturalist.org/observations/220784652,https://inaturalist-open-data.s3.amazonaws.com/photos/390930091/medium.jpg,,"",Adkins Arboretum- locations approximate,2,0,false,,"Caroline County, MD, USA",38.9529044005,-75.9347630807,215,,,,215,,,false,,,Kudzu Bug,Megacopta cribraria,Kudzu Bug,Insecta,209176
220820965,91af001b-292a-4016-a787-6836789f5ea1,2024-06-05 20:22:00,2024-06-05,2024-06-06 00:22:00 UTC,Eastern Time (US & Canada),1447094,wbkemp,Whitney kemp,2024-06-06 04:02:01 UTC,2024-10-04 11:03:24 UTC,research,CC-BY-NC,https://www.inaturalist.org/observations/220820965,https://inaturalist-open-data.s3.amazonaws.com/photos/391002690/medium.jpeg,,"",,2,0,false,2,"Woodstock, GA 30188, USA",34.1280661997,-84.4488613,,,,,,,,false,gps,gps,Kudzu Bug,Megacopta cribraria,Kudzu Bug,Insecta,209176
220860181,a73090de-a985-403a-a52b-fff284c1496a,2024-06-01 13:21:37-04:00,2024-06-01,2024-06-01 17:21:37 UTC,Eastern Time (US & Canada),7022001,hendropod,Francis Commins,2024-06-06 11:10:52 UTC,2024-10-04 11:03:23 UTC,research,,https://www.inaturalist.org/observations/220860181,https://static.inaturalist.org/photos/391075619/medium.jpg,,"","",2,0,false,3,"Dinosaur Park, Laurel, MD, US",39.070325,-76.8691466667,5,,,,5,,,false,,,Kudzu Bug,Megacopta cribraria,Kudzu Bug,Insecta,209176
220932080,cfa9219c-0c9d-448e-9535-ed9314dec574,2024-06-04 14:48:00,2024-06-04,2024-06-04 18:48:00 UTC,Eastern Time (US & Canada),7876852,ashtonmuffin,Ashton,2024-06-06 17:54:51 UTC,2024-10-04 11:03:22 UTC,research,CC-BY-NC,https://www.inaturalist.org/observations/220932080,https://inaturalist-open-data.s3.amazonaws.com/photos/391205402/medium.jpeg,,"",,3,0,false,2,"Duncan, SC 29334, USA",34.9152222222,-82.158425,,,,,,,,false,gps,gps,Kudzu Bug,Megacopta cribraria,Kudzu Bug,Insecta,209176
220941562,b9cb392b-765e-4e07-9e4f-be6afb8e8769,2024-06-03 16:00:37-04:00,2024-06-03,2024-06-03 20:00:37 UTC,Eastern Time (US & Canada),6615558,ctyimok,,2024-06-06 18:37:34 UTC,2024-10-04 11:03:21 UTC,research,CC-BY-NC,https://www.inaturalist.org/observations/220941562,https://inaturalist-open-data.s3.amazonaws.com/photos/391223237/medium.jpg,,"","",2,0,false,3,"Lindal Rd, Knoxville, TN, US",35.9898387523,-84.0560948407,22,,,,22,,,false,,,Kudzu Bug,Megacopta cribraria,Kudzu Bug,Insecta,209176
220961307,b61ac343-6a43-4fca-9d4d-147651ce471c,2024-06-06 15:07:20-05:00,2024-06-06,2024-06-06 20:07:20 UTC,Central Time (US & Canada),8170748,kaleenlavin,Kaleen Lavin,2024-06-06 20:17:30 UTC,2024-10-09 16:28:13 UTC,research,CC-BY,https://www.inaturalist.org/observations/220961307,https://inaturalist-open-data.s3.amazonaws.com/photos/391260023/medium.jpg,,"","",2,0,false,3,"Tapestry Park Apartments, Birmingham, AL, US",33.5159716667,-86.7442866667,5,,,,5,,,false,,,Kudzu Bug,Megacopta cribraria,Kudzu Bug,Insecta,209176
220988791,c21408b9-e5ae-4187-93f8-18ab13b7ba67,2024-06-06 18:53:19-04:00,2024-06-06,2024-06-06 22:53:19 UTC,Eastern Time (US & Canada),3108322,misabel22,,2024-06-06 22:55:03 UTC,2024-10-04 14:32:44 UTC,research,,https://www.inaturalist.org/observations/220988791,https://static.inaturalist.org/photos/391312242/medium.jpg,,"","",2,0,false,3,"Rock Creek Park, Washington, DC, US",38.899555,-77.0570666667,4,,,,4,,,false,,,Kudzu Bug,Megacopta cribraria,Kudzu Bug,Insecta,209176
221117448,e063abc4-6a90-4a29-92c9-58132edf4b0b,2024-06-07 10:55:43-05:00,2024-06-07,2024-06-07 15:55:43 UTC,Central Time (US & Canada),2721292,john1850,John R Allen,2024-06-07 15:56:33 UTC,2025-02-03 15:45:17 UTC,research,,https://www.inaturalist.org/observations/221117448,https://static.inaturalist.org/photos/391555707/medium.jpg,,"","",1,0,false,3,"Langan Park, Mobile, AL, US",30.7001377456,-88.159882743,3,,,,3,,,false,,,Kudzu Bug,Megacopta cribraria,Kudzu Bug,Insecta,209176
221133835,01a3d564-1081-4ba7-9dbc-bca35a8bb1e7,Fri Jun 07 2024 13:20:11 GMT -0400 (EDT),2024-06-07,2024-06-07 17:20:11 UTC,Eastern Time (US & Canada),1682768,isg,,2024-06-07 17:27:46 UTC,2024-10-04 14:32:33 UTC,research,CC-BY-NC,https://www.inaturalist.org/observations/221133835,https://inaturalist-open-data.s3.amazonaws.com/photos/396955974/medium.jpeg,,"",,2,0,false,333,Arden,35.4890899658,-82.5725402832,,,,,,,,false,,,Kudzu Bug,Megacopta cribraria,Kudzu Bug,Insecta,209176
221175385,a2c613be-4583-464c-be1a-32d04c9abdb1,2024-06-07 14:53:23-04:00,2024-06-07,2024-06-07 18:53:23 UTC,Eastern Time (US & Canada),6622787,matthewtheterrible,Matthew Adams,2024-06-07 21:08:59 UTC,2024-10-04 11:03:15 UTC,research,,https://www.inaturalist.org/observations/221175385,https://static.inaturalist.org/photos/391664338/medium.jpg,,"","",2,0,false,3,"Busch Gardens Williamsburg, Williamsburg, VA, US",37.2346083333,-76.64238,40,,,,40,,,false,,,Kudzu Bug,Megacopta cribraria,Kudzu Bug,Insecta,209176
221195326,555a2f5d-1b0c-4dc5-b308-2086561b9eef,2024-06-07 18:01:33-05:00,2024-06-07,2024-06-07 23:01:33 UTC,Central Time (US & Canada),7994007,elnel,,2024-06-07 23:02:53 UTC,2025-02-05 21:31:16 UTC,research,CC-BY-NC,https://www.inaturalist.org/observations/221195326,https://inaturalist-open-data.s3.amazonaws.com/photos/391702185/medium.jpg,,"","",1,0,false,3,"Spanish Fort Blvd, Daphne, AL, US",30.6776193813,-87.8527121205,8,,,,8,,,false,,,Kudzu Bug,Megacopta cribraria,Kudzu Bug,Insecta,209176
221200273,2c6bc1f0-2b0a-46ba-ad3f-a0c6cdc0bc33,2024-06-07 19:32:35-04:00,2024-06-07,2024-06-07 23:32:35 UTC,Eastern Time (US & Canada),2958742,shelby6193,Shelby,2024-06-07 23:34:51 UTC,2025-02-03 15:45:02 UTC,research,CC-BY-NC,https://www.inaturalist.org/observations/221200273,https://inaturalist-open-data.s3.amazonaws.com/photos/391712301/medium.jpg,,"","",1,0,false,3,"Seawatch Dr, Myrtle Beach, SC, US",33.770895,-78.7711633333,8,,,,8,,,false,,,Kudzu Bug,Megacopta cribraria,Kudzu Bug,Insecta,209176
221233367,ea9c08ce-3540-49da-8444-6bb9495272d1,2024/06/07 1:23 PM,2024-06-07,2024-06-07 17:23:00 UTC,Eastern Time (US & Canada),1597696,sc_beetles,Phillip Harpootlian,2024-06-08 03:43:14 UTC,2025-02-03 15:45:00 UTC,research,CC-BY-NC,https://www.inaturalist.org/observations/221233367,https://inaturalist-open-data.s3.amazonaws.com/photos/391773470/medium.jpg,,"",,1,0,false,,"Kings Mountain State Park, SC, USA",35.131625,-81.3429233333,,,,,,,,false,,,Kudzu Bug,Megacopta cribraria,Kudzu Bug,Insecta,209176
221237747,3e853a16-370c-40d5-be5d-e17ecd06335c,2024-06-06 15:51:49-04:00,2024-06-06,2024-06-06 19:51:49 UTC,Eastern Time (US & Canada),4152672,mantislizzie,Elizabeth Creighton,2024-06-08 04:21:55 UTC,2025-02-05 21:31:05 UTC,research,CC-BY-NC,https://www.inaturalist.org/observations/221237747,https://inaturalist-open-data.s3.amazonaws.com/photos/391786814/medium.jpg,,"","",1,0,false,3,"Laurel Mountain Rd, Gatlinburg, TN, US",35.7189666667,-83.4876333333,4,,,,4,,,false,,,Kudzu Bug,Megacopta cribraria,Kudzu Bug,Insecta,209176
221279585,9545a61c-c5a4-459e-a87b-1c884a560867,2024-06-07 07:42:10-05:00,2024-06-07,2024-06-07 12:42:10 UTC,Central Time (US & Canada),179022,johncarlson,John Carlson,2024-06-08 11:13:04 UTC,2025-02-03 15:44:58 UTC,research,CC-BY-NC,https://www.inaturalist.org/observations/221279585,https://inaturalist-open-data.s3.amazonaws.com/photos/391862382/medium.jpg,,"","",1,0,false,3,"Ochsner Medical Center, New Orleans, LA, US",29.96237,-90.1460888333,5,,,,5,,,false,,,Kudzu Bug,Megacopta cribraria,Kudzu Bug,Insecta,209176
221307543,40974e78-b21e-4db1-bcca-2ec1fd819505,2024-06-08 10:08:26-04:00,2024-06-08,2024-06-08 14:08:26 UTC,Eastern Time (US & Canada),8212870,agberry,,2024-06-08 14:08:49 UTC,2025-02-05 21:30:56 UTC,research,CC-BY-NC,https://www.inaturalist.org/observations/221307543,https://inaturalist-open-data.s3.amazonaws.com/photos/391910775/medium.jpg,,"","",1,0,false,3,"W Edenton St, Raleigh, NC, US",35.7821731283,-78.6388119183,35,,,,35,,,false,,,Kudzu Bug,Megacopta cribraria,Kudzu Bug,Insecta,209176
221316435,5619fd36-a71d-4799-902c-21351415fcc2,2024-06-08 09:46:28-05:00,2024-06-08,2024-06-08 14:46:28 UTC,Central Time (US & Canada),402268,jdudko,jdudko,2024-06-08 14:47:28 UTC,2025-02-05 21:30:49 UTC,research,CC-BY-NC,https://www.inaturalist.org/observations/221316435,https://inaturalist-open-data.s3.amazonaws.com/photos/392400604/medium.jpg,,"","",1,0,false,3,"Canal St, New Orleans, LA, US",29.9519888178,-90.0678228796,35,,,,35,,,false,,,Kudzu Bug,Megacopta cribraria,Kudzu Bug,Insecta,209176
221350202,214fa9fb-2f64-4d3b-9da9-53a1d406e60c,2024-06-08 12:58:12-04:00,2024-06-08,2024-06-08 16:58:12 UTC,Eastern Time (US & Canada),4056673,lj_,L.J. Lamera,2024-06-08 17:00:11 UTC,2024-06-14 22:45:49 UTC,research,CC-BY,https://www.inaturalist.org/observations/221350202,https://inaturalist-open-data.s3.amazonaws.com/photos/391988047/medium.jpg,,"","",1,0,false,3,"Parkway, Gatlinburg, TN, US",35.7121716667,-83.5140533333,8,,,,8,,,false,,,Kudzu Bug,Megacopta cribraria,Kudzu Bug,Insecta,209176
221378097,9ff6f178-b109-4bc9-8772-066d173400f9,2024-06-08 14:54:08-04:00,2024-06-08,2024-06-08 18:54:08 UTC,Eastern Time (US & Canada),3895789,noncognosco,Randy Herman,2024-06-08 18:55:46 UTC,2024-08-02 14:54:20 UTC,research,CC-BY-NC,https://www.inaturalist.org/observations/221378097,https://inaturalist-open-data.s3.amazonaws.com/photos/392034092/medium.jpg,,"","",1,0,false,3,"Sweetclover Dr, Rolesville, NC, US",35.9533368051,-78.4612789751,4,,,,4,,,false,,,Kudzu Bug,Megacopta cribraria,Kudzu Bug,Insecta,209176
221429342,290f82b0-12fd-465c-9b84-fcbf2ea0aa12,2024-06-08 17:45:39,2024-06-08,2024-06-08 22:45:39 UTC,Central Time (US & Canada),6938279,rosin8,"",2024-06-08 22:46:31 UTC,2024-06-14 22:45:53 UTC,research,CC-BY-NC,https://www.inaturalist.org/observations/221429342,https://inaturalist-open-data.s3.amazonaws.com/photos/392131069/medium.jpeg,,"",,1,0,false,2,"Oxmar, Birmingham, AL 35203, USA",33.5184069953,-86.8103569373,28019,,,,28019,,,false,gps,gps,Kudzu Bug,Megacopta cribraria,Kudzu Bug,Insecta,209176
221452314,11f1d547-2ad4-4b97-ad1f-85b05f075b30,2024-06-08 14:17:12,2024-06-08,2024-06-08 18:17:12 UTC,Eastern Time (US & Canada),2677442,bec325,"",2024-06-09 00:49:01 UTC,2024-06-09 01:18:12 UTC,research,CC-BY-NC,https://www.inaturalist.org/observations/221452314,https://inaturalist-open-data.s3.amazonaws.com/photos/392176064/medium.jpeg,,"",,1,0,false,2,"Greenwood, SC 29646, USA",34.1701861111,-82.2086833333,,,,,,,,false,gps,gps,Kudzu Bug,Megacopta cribraria,Kudzu Bug,Insecta,209176
221458162,3d6f5868-4ad2-4b92-a816-ed79b697361c,2024/06/08 2:36 PM,2024-06-08,2024-06-08 18:36:00 UTC,Eastern Time (US & Canada),1416798,mfawver,Melinda Fawver,2024-06-09 01:20:02 UTC,2024-06-14 22:45:58 UTC,research,CC-BY-NC,https://www.inaturalist.org/observations/221458162,https://inaturalist-open-data.s3.amazonaws.com/photos/392185674/medium.jpg,,"",,1,0,false,,"Blount County, TN, USA",35.677883499,-83.8920309321,3,,,,3,,,false,,,Kudzu Bug,Megacopta cribraria,Kudzu Bug,Insecta,209176
221650147,02463ab8-29e6-4101-8e0b-da6b5d83a981,2024/06/09 6:59 AM,2024-06-09,2024-06-09 11:59:00 UTC,Central Time (US & Canada),851223,kzoebel,Kristi Zoebelein,2024-06-09 19:43:24 UTC,2024-06-09 20:51:52 UTC,research,,https://www.inaturalist.org/observations/221650147,https://static.inaturalist.org/photos/392539474/medium.jpg,,"",,1,0,false,,"Warrior, AL, USA",33.8103583333,-86.822025,,,,,,,,false,,,Kudzu Bug,Megacopta cribraria,Kudzu Bug,Insecta,209176
221698249,47de02b8-235f-4dae-a02a-9937f7abf223,2024-06-09 17:50:04-05:00,2024-06-09,2024-06-09 22:50:04 UTC,Central Time (US & Canada),7856149,jillhamilton0418,Jill Hamilton,2024-06-09 23:27:39 UTC,2024-09-23 22:28:11 UTC,research,,https://www.inaturalist.org/observations/221698249,https://static.inaturalist.org/photos/392628446/medium.jpg,,"","",2,0,false,3,"Wilson Ave W, Thomasville, AL, US",31.9135912292,-87.7369538349,141,,,,141,,,false,,,Kudzu Bug,Megacopta cribraria,Kudzu Bug,Insecta,209176
221909499,9d83759c-de2d-4d04-93d4-a9bca9fa52eb,2024-06-10 12:46:23-04:00,2024-06-10,2024-06-10 16:46:23 UTC,Eastern Time (US & Canada),4056673,lj_,L.J. Lamera,2024-06-10 21:55:04 UTC,2024-06-11 00:39:54 UTC,research,CC-BY,https://www.inaturalist.org/observations/221909499,https://inaturalist-open-data.s3.amazonaws.com/photos/393026010/medium.jpg,,"","",1,0,false,3,"Sevier County, US-TN, US",35.8320833333,-83.5709916667,4,,,,4,,,false,,,Kudzu Bug,Megacopta cribraria,Kudzu Bug,Insecta,209176
221939152,da0fb471-b6f5-4a6b-82ec-0c3e733475d8,2024/06/10 8:27 PM,2024-06-10,2024-06-11 00:27:00 UTC,Eastern Time (US & Canada),6252642,thysanoptera,Hal F.,2024-06-11 00:52:42 UTC,2024-06-11 01:03:42 UTC,research,CC-BY-NC,https://www.inaturalist.org/observations/221939152,https://inaturalist-open-data.s3.amazonaws.com/photos/393079787/medium.jpeg,,"","",1,0,false,,"Clinton Nature Preserve, 8720 Ephesus Church Rd, Villa Rica, GA 30180, USA",33.7068519,-84.862916,179,,,,179,,,false,,,Kudzu Bug,Megacopta cribraria,Kudzu Bug,Insecta,209176
221939155,5cf855c5-60af-45c0-b112-8145d381e80e,2024/06/10 8:27 PM,2024-06-10,2024-06-11 00:27:00 UTC,Eastern Time (US & Canada),6252642,thysanoptera,Hal F.,2024-06-11 00:52:42 UTC,2024-06-14 22:46:05 UTC,research,CC-BY-NC,https://www.inaturalist.org/observations/221939155,https://inaturalist-open-data.s3.amazonaws.com/photos/393079788/medium.jpeg,,"","",1,0,false,,"Clinton Nature Preserve, 8720 Ephesus Church Rd, Villa Rica, GA 30180, USA",33.7068519,-84.862916,179,,,,179,,,false,,,Kudzu Bug,Megacopta cribraria,Kudzu Bug,Insecta,209176
222038391,dc342924-d31e-440b-afc8-83e0b82a0dba,2024-06-11 10:44:37-04:00,2024-06-11,2024-06-11 14:44:37 UTC,Eastern Time (US & Canada),2426208,hl12,,2024-06-11 14:47:25 UTC,2024-06-11 16:07:07 UTC,research,CC-BY-NC,https://www.inaturalist.org/observations/222038391,https://inaturalist-open-data.s3.amazonaws.com/photos/393271502/medium.jpg,,"","",1,0,false,3,"S Jackson St, Quincy, FL, US",30.5844845687,-84.5789037137,8,,,,8,,,false,,,Kudzu Bug,Megacopta cribraria,Kudzu Bug,Insecta,209176
222131845,4f7344cd-8ca8-4fc0-a885-d3d1f445abe4,2024-06-11 19:02:01,2024-06-11,2024-06-11 23:02:01 UTC,Eastern Time (US & Canada),8248603,sherriteague,,2024-06-11 23:03:03 UTC,2024-06-14 11:58:34 UTC,research,CC-BY-NC,https://www.inaturalist.org/observations/222131845,https://inaturalist-open-data.s3.amazonaws.com/photos/394011327/medium.jpeg,,"",,1,0,false,2,"Chapel Hill, NC, USA",35.8810185,-79.06276,13,,,,13,,,false,,,Kudzu Bug,Megacopta cribraria,Kudzu Bug,Insecta,209176
222132594,951fc3e9-a23b-4850-bfc7-d1dcdc4fab96,2024-06-09 19:05:52-04:00,2024-06-09,2024-06-09 23:05:52 UTC,Eastern Time (US & Canada),5218967,abner22,Abner Burgos-Melendez,2024-06-11 23:06:39 UTC,2024-06-12 00:21:45 UTC,research,,https://www.inaturalist.org/observations/222132594,https://static.inaturalist.org/photos/393449332/medium.jpg,,"","",1,0,false,3,"George Washington & Jefferson National Forests, Norton, VA, US",36.9172866667,-82.6333166667,5,,,,5,,,false,,,Kudzu Bug,Megacopta cribraria,Kudzu Bug,Insecta,209176
222152527,4e5461a6-9c1f-4128-8793-fa9b22eb108f,2024/06/11 12:49 PM,2024-06-11,2024-06-11 16:49:00 UTC,Eastern Time (US & Canada),1597696,sc_beetles,Phillip Harpootlian,2024-06-12 01:19:56 UTC,2024-06-14 22:46:15 UTC,research,CC-BY-NC,https://www.inaturalist.org/observations/222152527,https://inaturalist-open-data.s3.amazonaws.com/photos/393483533/medium.jpg,,"",,1,0,false,,"Swamp Rabbit Trail, SC, USA",34.8527083333,-82.4110166667,,,,,,,,false,,,Kudzu Bug,Megacopta cribraria,Kudzu Bug,Insecta,209176
222298351,86b3483c-6af9-4414-81f3-fb9c893af10b,2024-06-12 14:53:44-04:00,2024-06-12,2024-06-12 18:53:44 UTC,Eastern Time (US & Canada),3895789,noncognosco,Randy Herman,2024-06-12 19:12:48 UTC,2024-06-19 16:28:03 UTC,research,CC-BY-NC,https://www.inaturalist.org/observations/222298351,https://inaturalist-open-data.s3.amazonaws.com/photos/393760510/medium.jpg,,"","",1,0,false,3,"N Elizabeth St, Durham, NC, US",35.990795,-78.89117,3,,,,3,,,false,,,Kudzu Bug,Megacopta cribraria,Kudzu Bug,Insecta,209176
222314068,ae17ff1b-5441-464b-9c81-84f323de62fd,2024-06-12 16:32:35-04:00,2024-06-12,2024-06-12 20:32:35 UTC,Eastern Time (US & Canada),4286819,barbkann,,2024-06-12 20:34:38 UTC,2024-06-13 15:50:59 UTC,research,CC-BY-NC,https://www.inaturalist.org/observations/222314068,https://inaturalist-open-data.s3.amazonaws.com/photos/393789777/medium.jpg,,"","",2,0,false,3,"N Rock Spring Rd, Arlington, VA, US",38.906935893,-77.1366721596,13,,,,13,,,false,,,Kudzu Bug,Megacopta cribraria,Kudzu Bug,Insecta,209176
222319748,0efd99af-ba93-442b-8d94-741191437c76,2024-06-12 17:03:57,2024-06-12,2024-06-12 21:03:57 UTC,Eastern Time (US & Canada),2364882,jimmiesizemore,Jimmie Sizemore,2024-06-12 21:04:42 UTC,2024-06-14 22:47:40 UTC,research,,https://www.inaturalist.org/observations/222319748,https://static.inaturalist.org/photos/393800755/medium.jpeg,,"",,1,0,false,2,"CLEAR CREEK, KY 40977, USA",36.7352171,-83.738183,11,,,,11,,,false,,,Kudzu Bug,Megacopta cribraria,Kudzu Bug,Insecta,209176
222323365,6c0e1fb9-496e-4be1-bf89-709affb1a31f,Wed Jun 12 2024 17:23:44 GMT -0400 (EDT),2024-06-12,2024-06-12 21:23:44 UTC,Eastern Time (US & Canada),2547331,ridgerunner21,Ridgerunner19,2024-06-12 21:24:06 UTC,2024-06-14 12:14:36 UTC,research,CC-BY-NC,https://www.inaturalist.org/observations/222323365,https://inaturalist-open-data.s3.amazonaws.com/photos/394378972/medium.jpeg,,"",,1,0,false,333,Rose Hill,36.6688842773,-83.3749771118,35,,,,35,,,false,,,Kudzu Bug,Megacopta cribraria,Kudzu Bug,Insecta,209176
222335094,47d00865-4386-4e48-b119-d09ab38c428d,2024-04-17 20:19:40-05:00,2024-04-17,2024-04-18 01:19:40 UTC,Central Time (US & Canada),3806910,nthumphrey,,2024-06-12 22:37:32 UTC,2024-06-12 23:22:37 UTC,research,CC-BY-NC,https://www.inaturalist.org/observations/222335094,https://inaturalist-open-data.s3.amazonaws.com/photos/393829043/medium.jpg,,"","",1,0,false,3,"CR-36, Oneonta, AL, US",34.041675,-86.4087533333,6,,,,6,,,false,,,Kudzu Bug,Megacopta cribraria,Kudzu Bug,Insecta,209176
222459279,6493940f-ed89-4c7e-8f16-a50c450ec1b2,2024-06-13 08:56:30-04:00,2024-06-13,2024-06-13 12:56:30 UTC,Eastern Time (US & Canada),6155181,gavia21,Colin Krug,2024-06-13 15:29:16 UTC,2024-06-13 15:56:19 UTC,research,CC-BY-NC,https://www.inaturalist.org/observations/222459279,https://inaturalist-open-data.s3.amazonaws.com/photos/394064090/medium.jpg,,"","",1,0,false,3,"North Carolina, US",35.1077330121,-79.1617194711,10777,,,,28734,obscured,,true,,,Kudzu Bug,Megacopta cribraria,Kudzu Bug,Insecta,209176
222506490,f9fa3086-2bcc-480e-9037-aa88d9d3e8d1,2024-06-13 15:40:27-04:00,2024-06-13,2024-06-13 19:40:27 UTC,Eastern Time (US & Canada),332421,ecologist_amy,"",2024-06-13 19:41:25 UTC,2024-06-19 15:52:01 UTC,research,CC-BY-NC,https://www.inaturalist.org/observations/222506490,https://inaturalist-open-data.s3.amazonaws.com/photos/396538791/medium.jpg,,"","",1,0,false,3,"Clements Creek, Annapolis, MD, US",39.0169236716,-76.5279187449,9,,,,9,,,false,,,Kudzu Bug,Megacopta cribraria,Kudzu Bug,Insecta,209176
222521243,7d9ebcdd-301d-4320-9077-944b53717cc5,2024-06-12 17:33:49-04:00,2024-06-12,2024-06-12 21:33:49 UTC,Eastern Time (US & Canada),7596011,biancanator,,2024-06-13 21:05:21 UTC,2024-06-13 21:54:39 UTC,research,CC-BY-NC,https://www.inaturalist.org/observations/222521243,https://inaturalist-open-data.s3.amazonaws.com/photos/394181145/medium.jpg,,"",Lil guy landed on me 🥰,1,0,false,3,"Ross Landing City Park, Chattanooga, TN, US",35.0560219341,-85.3149084205,98,,,,98,,,false,,,Kudzu Bug,Megacopta cribraria,Kudzu Bug,Insecta,209176
222546871,df02ed73-c2b1-441c-8a49-9a1c33609480,2024-06-12 20:01:00-04:00,2024-06-12,2024-06-13 00:01:00 UTC,Eastern Time (US & Canada),8208498,jennyerickson98,,2024-06-14 00:01:43 UTC,2024-06-14 11:34:51 UTC,research,CC-BY-NC,https://www.inaturalist.org/observations/222546871,https://inaturalist-open-data.s3.amazonaws.com/photos/394230224/medium.jpg,,"","",2,0,false,3,"North Ave NW, Atlanta, GA, US",33.7673845,-84.420207,8618,,,,8618,,,false,,,Kudzu Bug,Megacopta cribraria,Kudzu Bug,Insecta,209176
222624481,52636025-da23-425c-a4d4-731c93824745,2024-06-13 18:56:28,2024-06-13,2024-06-13 22:56:28 UTC,Eastern Time (US & Canada),6478279,phagocyt0sis,Coral Q,2024-06-14 12:12:59 UTC,2025-02-03 15:44:51 UTC,research,CC-BY-NC,https://www.inaturalist.org/observations/222624481,https://inaturalist-open-data.s3.amazonaws.com/photos/394378697/medium.jpeg,,"",,1,0,false,2,"Hill City, Chattanooga, TN 37405, USA",35.0781527778,-85.3088194444,,,,,,,,false,gps,gps,Kudzu Bug,Megacopta cribraria,Kudzu Bug,Insecta,209176
222638250,cdf20d06-4283-4abe-abe9-4fd2c92c8623,2024-06-13 14:02:36-04:00,2024-06-13,2024-06-13 18:02:36 UTC,Eastern Time (US & Canada),7851618,jpaler,,2024-06-14 13:38:57 UTC,2025-02-05 21:30:38 UTC,research,CC-BY-NC,https://www.inaturalist.org/observations/222638250,https://inaturalist-open-data.s3.amazonaws.com/photos/394402138/medium.jpg,,"","",1,0,false,3,"Chestnut St, Chattanooga, TN, US",35.0542957949,-85.3122160569,23,,,,23,,,false,,,Kudzu Bug,Megacopta cribraria,Kudzu Bug,Insecta,209176
222672184,438cdd07-58bc-4f44-b20b-bbcc6ca8fb8e,2024-06-14 11:00:27-04:00,2024-06-14,2024-06-14 15:00:27 UTC,Eastern Time (US & Canada),1113207,redrovertracy,"",2024-06-14 16:35:13 UTC,2024-10-04 11:03:09 UTC,research,CC-BY,https://www.inaturalist.org/observations/222672184,https://inaturalist-open-data.s3.amazonaws.com/photos/394462764/medium.jpg,,"","",3,0,false,3,"Silver Comet Trail, Dallas, GA, US",33.9128883333,-84.8437,,,,,,,,false,,,Kudzu Bug,Megacopta cribraria,Kudzu Bug,Insecta,209176
222696469,78f54899-72f7-4274-a02a-6f667d27cdaf,2024-06-14 13:47:01,2024-06-14,2024-06-14 18:47:01 UTC,Central Time (US & Canada),6630663,rajones2186,Andy Jones,2024-06-14 18:48:43 UTC,2024-10-04 11:03:09 UTC,research,,https://www.inaturalist.org/observations/222696469,https://static.inaturalist.org/photos/394509451/medium.jpeg,,"",,2,0,false,2,"Five Points South, Birmingham, AL, USA",33.5028574,-86.7942773,,,,,,,,false,gps,gps,Kudzu Bug,Megacopta cribraria,Kudzu Bug,Insecta,209176
222708691,eda22a46-6e95-4f29-8057-de2ebfea45ae,Fri Jun 14 2024 15:52:11 GMT -0400 (EDT),2024-06-14,2024-06-14 19:52:11 UTC,Eastern Time (US & Canada),150465,ecowarrior79,Ben Prater,2024-06-14 19:52:19 UTC,2024-10-04 11:03:08 UTC,research,,https://www.inaturalist.org/observations/222708691,https://static.inaturalist.org/photos/394531642/medium.jpeg,,"",,2,0,false,333,Pacolet,34.892364502,-81.7638092041,6,,,,6,,,false,,,Kudzu Bug,Megacopta cribraria,Kudzu Bug,Insecta,209176
222708693,68809332-9532-4ca4-90ab-5fa7e5500aa8,Fri Jun 14 2024 15:52:12 GMT -0400 (EDT),2024-06-14,2024-06-14 19:52:12 UTC,Eastern Time (US & Canada),8080647,tanyaprater,,2024-06-14 19:52:19 UTC,2024-10-04 11:03:07 UTC,research,CC-BY-NC,https://www.inaturalist.org/observations/222708693,https://inaturalist-open-data.s3.amazonaws.com/photos/395002393/medium.jpeg,,"",,2,0,false,333,Pacolet,34.892364502,-81.7638397217,35,,,,35,,,false,,,Kudzu Bug,Megacopta cribraria,Kudzu Bug,Insecta,209176
222732654,652b67d0-753a-447a-86db-899429815f51,2024-06-14 18:04:45-04:00,2024-06-14,2024-06-14 22:04:45 UTC,Eastern Time (US & Canada),5116459,dnelsen,,2024-06-14 22:05:33 UTC,2024-10-04 14:32:23 UTC,research,CC-BY-NC,https://www.inaturalist.org/observations/222732654,https://inaturalist-open-data.s3.amazonaws.com/photos/394578950/medium.jpg,,"","",2,0,false,3,"Urbane Rd NE, Cleveland, TN, US",35.1877133333,-84.8240283333,57,,,,57,,,false,,,Kudzu Bug,Megacopta cribraria,Kudzu Bug,Insecta,209176
222739938,9d017437-c846-486e-a548-8e80b6fbff28,Fri Jun 14 2024 18:48:00 GMT -0400 (EDT),2024-06-14,2024-06-14 22:48:00 UTC,Eastern Time (US & Canada),8165531,capn-pants,Julia Sherrill,2024-06-14 22:48:21 UTC,2024-10-04 14:32:11 UTC,research,,https://www.inaturalist.org/observations/222739938,https://static.inaturalist.org/photos/394591734/medium.jpeg,,"",,2,0,false,333,"North Carolina, US",35.7620695853,-81.2280728921,4,,,,28649,obscured,,true,,,Kudzu Bug,Megacopta cribraria,Kudzu Bug,Insecta,209176
222740256,51fca567-3b2a-4608-a984-5bf67b8bd30a,2024-06-14 18:37:43-04:00,2024-06-14,2024-06-14 22:37:43 UTC,Eastern Time (US & Canada),7104406,moondogwood,,2024-06-14 22:50:15 UTC,2024-10-04 11:03:00 UTC,research,CC-BY-NC,https://www.inaturalist.org/observations/222740256,https://inaturalist-open-data.s3.amazonaws.com/photos/394592457/medium.jpg,,"","",2,0,false,3,"Georgia, US",33.8313803466,-84.5243426057,3,,,,28902,obscured,,true,,,Kudzu Bug,Megacopta cribraria,Kudzu Bug,Insecta,209176
222751151,54c63f19-1963-4e00-836e-ad9ac9e309d9,2024-06-14 15:46:52-05:00,2024-06-14,2024-06-14 20:46:52 UTC,Central Time (US & Canada),7862937,jasper82632,Jasper Uselton,2024-06-14 23:56:06 UTC,2024-10-04 11:02:59 UTC,research,,https://www.inaturalist.org/observations/222751151,https://static.inaturalist.org/photos/394612680/medium.jpg,,"","",2,0,false,3,"US-431 N, Huntsville, AL, US",34.6665283333,-86.4858383333,62,,,,62,,,false,,,Kudzu Bug,Megacopta cribraria,Kudzu Bug,Insecta,209176
222870517,fd68878a-a8f4-4575-8e12-93f124dd7291,2024-06-15 11:02:46-04:00,2024-06-15,2024-06-15 15:02:46 UTC,Eastern Time (US & Canada),401017,rlephoto,Randy Emmitt,2024-06-15 15:03:56 UTC,2024-10-04 11:02:53 UTC,research,,https://www.inaturalist.org/observations/222870517,https://static.inaturalist.org/photos/394833953/medium.jpg,,"","",2,0,false,3,"US Highway 70A E, Hillsborough, NC, US",36.060275,-79.0679555,14,,,,14,,,false,,,Kudzu Bug,Megacopta cribraria,Kudzu Bug,Insecta,209176
222927275,ce6b57c9-6688-4205-8a74-a1df22a48542,2024-06-15 15:16:23,2024-06-15,2024-06-15 19:16:23 UTC,Eastern Time (US & Canada),1415652,summer_cada,"",2024-06-15 19:17:51 UTC,2024-10-04 11:02:52 UTC,research,CC-BY-NC,https://www.inaturalist.org/observations/222927275,https://inaturalist-open-data.s3.amazonaws.com/photos/394937315/medium.jpeg,,"",,2,0,false,2,"Grafton, VA 23692, USA",37.1669373,-76.4518082997,,,,,,,,false,gps,gps,Kudzu Bug,Megacopta cribraria,Kudzu Bug,Insecta,209176
222965637,8e22d6a6-9327-4423-8265-a8aee3a78e86,2024-06-15 17:43:56-04:00,2024-06-15,2024-06-15 21:43:56 UTC,Eastern Time (US & Canada),4720989,bonesigh,Jacob Weston,2024-06-15 22:32:27 UTC,2024-10-04 11:02:49 UTC,research,CC-BY-NC,https://www.inaturalist.org/observations/222965637,https://inaturalist-open-data.s3.amazonaws.com/photos/395010084/medium.jpg,,"","",2,0,false,3,"Jackson Square, Oak Ridge, TN, US",36.0291888333,-84.2393883333,16,,,,16,,,false,,,Kudzu Bug,Megacopta cribraria,Kudzu Bug,Insecta,209176
222989187,a40e8ab7-ad5f-46cf-8262-db7a79480aeb,2024-06-15 19:50:58,2024-06-15,2024-06-16 00:50:58 UTC,Central Time (US & Canada),5659552,dtaylorforester,Dylan Taylor,2024-06-16 00:51:25 UTC,2024-06-17 15:57:53 UTC,research,,https://www.inaturalist.org/observations/222989187,https://static.inaturalist.org/photos/395057360/medium.jpeg,,"",,1,0,false,2,"Cottondale, AL, USA",33.19245513,-87.45920212,9,,,,9,,,false,,,Kudzu Bug,Megacopta cribraria,Kudzu Bug,Insecta,209176
223000289,a2a4ba42-88a6-4baa-9d2d-2d3dcfbb892d,2024-06-14 10:31:22,2024-06-14,2024-06-14 14:31:22 UTC,Eastern Time (US & Canada),4329971,jleesanders,Jess,2024-06-16 02:04:22 UTC,2024-10-04 11:02:39 UTC,research,CC-BY-NC,https://www.inaturalist.org/observations/223000289,https://inaturalist-open-data.s3.amazonaws.com/photos/395079266/medium.jpeg,,"",,2,0,false,2,United States,35.0644761359,-85.2773678921,,,,,28734,obscured,,true,gps,gps,Kudzu Bug,Megacopta cribraria,Kudzu Bug,Insecta,209176
223085974,174d7682-f715-4de2-9502-c6f7a76b8e3a,2024-06-16 07:37:10-04:00,2024-06-16,2024-06-16 11:37:10 UTC,Eastern Time (US & Canada),2291474,nickajacket,,2024-06-16 13:15:42 UTC,2024-10-04 14:32:03 UTC,research,CC-BY-NC,https://www.inaturalist.org/observations/223085974,https://inaturalist-open-data.s3.amazonaws.com/photos/395240649/medium.jpg,,"","",2,0,false,3,"Benson Hurst Dr SW, Mableton, GA, US",33.8407966667,-84.572655,17,,,,17,,,false,,,Kudzu Bug,Megacopta cribraria,Kudzu Bug,Insecta,209176
223120418,a6046195-4cf9-4d57-aca0-2400492d68fd,2024-04-30 13:39:00-05:00,2024-04-30,2024-04-30 18:39:00 UTC,Central Time (US & Canada),767191,geopilot24,,2024-06-16 15:40:58 UTC,2024-10-04 14:31:10 UTC,research,,https://www.inaturalist.org/observations/223120418,https://static.inaturalist.org/photos/395300186/medium.jpg,,"","",2,0,false,3,"Grand-Gulf Rd, Port Gibson, MS, US",32.0264333333,-91.0534583333,4,,,,4,,,false,,,Kudzu Bug,Megacopta cribraria,Kudzu Bug,Insecta,209176
223149856,40b07881-f11b-4444-8476-4223f7dbb5d6,2024-06-16 12:31:25-05:00,2024-06-16,2024-06-16 17:31:25 UTC,Central Time (US & Canada),7761239,kaitlynrotton,,2024-06-16 17:45:02 UTC,2024-10-04 14:31:01 UTC,research,CC-BY-NC,https://www.inaturalist.org/observations/223149856,https://inaturalist-open-data.s3.amazonaws.com/photos/395355444/medium.jpg,,"","",2,0,false,3,"SR-5, Thomasville, AL, US",31.95952,-87.6997533333,4,,,,4,,,false,,,Kudzu Bug,Megacopta cribraria,Kudzu Bug,Insecta,209176
223326039,248bfb3b-f9cb-4ee6-b2f5-7598350b0d82,2024-06-16 14:27:43-04:00,2024-06-16,2024-06-16 18:27:43 UTC,Eastern Time (US & Canada),1515879,judygva,Judy Gallagher,2024-06-17 13:02:36 UTC,2024-10-04 11:02:31 UTC,research,CC-BY-NC,https://www.inaturalist.org/observations/223326039,https://inaturalist-open-data.s3.amazonaws.com/photos/395692456/medium.jpg,,"","",3,0,false,3,"Monroe County, US-TN, US",35.3464861149,-84.2384850049,253,,,,253,,,false,,,Kudzu Bug,Megacopta cribraria,Kudzu Bug,Insecta,209176
223362247,86586ee2-3b78-49a5-84f7-e1176e669fab,2024-06-07 17:38:07-04:00,2024-06-07,2024-06-07 21:38:07 UTC,Eastern Time (US & Canada),7424892,charliehunter,Charlie Hunter,2024-06-17 16:24:51 UTC,2024-10-04 11:02:25 UTC,research,CC-BY-NC,https://www.inaturalist.org/observations/223362247,https://inaturalist-open-data.s3.amazonaws.com/photos/395756862/medium.jpg,,"","",2,0,false,3,"Atlanta, GA, US",33.8453783333,-84.2835,4,,,,4,,,false,,,Kudzu Bug,Megacopta cribraria,Kudzu Bug,Insecta,209176
223385192,d148928e-d400-49d0-bfd6-4d3adaf762d7,Mon Jun 17 2024 14:17:43 GMT -0400 (EDT),2024-06-17,2024-06-17 18:17:43 UTC,Eastern Time (US & Canada),7524823,josiah__josiah,,2024-06-17 18:18:49 UTC,2024-10-04 14:30:28 UTC,research,CC-BY-NC,https://www.inaturalist.org/observations/223385192,https://inaturalist-open-data.s3.amazonaws.com/photos/395801916/medium.jpeg,,"",,3,0,false,333,Raleigh,35.861618042,-78.5908889771,,,,,,,,false,,,Kudzu Bug,Megacopta cribraria,Kudzu Bug,Insecta,209176
223436104,5f6c6e26-f631-4a07-a66f-ff848a2706d3,2024-06-17 18:15:14-04:00,2024-06-17,2024-06-17 22:15:14 UTC,Eastern Time (US & Canada),764155,whatch11,Wes Hatch,2024-06-17 22:51:04 UTC,2024-10-04 11:02:22 UTC,research,,https://www.inaturalist.org/observations/223436104,https://static.inaturalist.org/photos/395901860/medium.jpg,,"","",2,0,false,3,"Azalea Dr, Roswell, GA, US",34.0021577826,-84.3714622815,4,,,,4,,,false,,,Kudzu Bug,Megacopta cribraria,Kudzu Bug,Insecta,209176
223436145,8e1f484e-a9a5-44e7-a24e-903f93ed5a23,2024-06-17 18:15:36-04:00,2024-06-17,2024-06-17 22:15:36 UTC,Eastern Time (US & Canada),764155,whatch11,Wes Hatch,2024-06-17 22:51:21 UTC,2024-10-04 14:30:01 UTC,research,,https://www.inaturalist.org/observations/223436145,https://static.inaturalist.org/photos/395901934/medium.jpg,,"","",2,0,false,3,"Azalea Dr, Roswell, GA, US",34.0021549285,-84.3714570924,4,,,,4,,,false,,,Kudzu Bug,Megacopta cribraria,Kudzu Bug,Insecta,209176
223444151,f7b0fbe6-3824-4f8d-91d5-db0c0489835f,2024-06-16 18:31:47-04:00,2024-06-16,2024-06-16 22:31:47 UTC,Eastern Time (US & Canada),6865986,mechaffeine,,2024-06-17 23:43:28 UTC,2025-06-15 10:00:15 UTC,research,CC0,https://www.inaturalist.org/observations/223444151,https://inaturalist-open-data.s3.amazonaws.com/photos/395916866/medium.jpg,,"","",2,0,false,3,"Haw River, NC, US",36.0895225732,-79.364866661,4,,,,4,,,false,,,Kudzu Bug,Megacopta cribraria,Kudzu Bug,Insecta,209176
223448130,d9a2076b-50bd-4160-8159-da2c5893cf66,2024-04-14 14:16:19,2024-04-14,2024-04-14 18:16:19 UTC,Eastern Time (US & Canada),8277958,diane44022,Diane Vera,2024-06-18 00:07:26 UTC,2024-10-04 14:29:36 UTC,research,,https://www.inaturalist.org/observations/223448130,https://static.inaturalist.org/photos/395924572/medium.jpeg,,"",,3,0,false,2,"Silverwood, Charlotte, NC 28215, USA",35.2413285701,-80.7103531435,10733,,,,10733,,,false,,,Kudzu Bug,Megacopta cribraria,Kudzu Bug,Insecta,209176
223480178,c89bba9e-66cc-42ed-8021-e41457ee9542,2024/06/17 6:21 PM,2024-06-17,2024-06-17 22:21:00 UTC,Eastern Time (US & Canada),764155,whatch11,Wes Hatch,2024-06-18 04:10:54 UTC,2024-10-04 14:29:29 UTC,research,,https://www.inaturalist.org/observations/223480178,https://static.inaturalist.org/photos/395986013/medium.jpeg,,"",,2,0,false,,"Roswell, GA, USA",34.001820379,-84.3712190978,2,,,,2,,,false,,,Kudzu Bug,Megacopta cribraria,Kudzu Bug,Insecta,209176
223481046,9139051b-9b54-4371-8a4d-b3a3c8d6828f,2024/06/17 6:36 PM,2024-06-17,2024-06-17 22:36:00 UTC,Eastern Time (US & Canada),764155,whatch11,Wes Hatch,2024-06-18 04:18:02 UTC,2024-10-04 14:29:19 UTC,research,,https://www.inaturalist.org/observations/223481046,https://static.inaturalist.org/photos/395988096/medium.jpeg,,"",,2,0,false,,"Roswell, GA, USA",34.0016051648,-84.3705925585,1,,,,1,,,false,,,Kudzu Bug,Megacopta cribraria,Kudzu Bug,Insecta,209176
223483851,0a3b0f9b-12ef-45cc-ba09-0347ff002303,2024-06-16 14:27:24-04:00,2024-06-16,2024-06-16 18:27:24 UTC,Eastern Time (US & Canada),9432,ashley_bradford,Ashley M Bradford,2024-06-18 04:45:13 UTC,2024-10-04 11:02:15 UTC,research,CC-BY-NC,https://www.inaturalist.org/observations/223483851,https://inaturalist-open-data.s3.amazonaws.com/photos/395994207/medium.jpg,,"","",2,0,false,3,"Tellico River, Tellico Plains, TN, US",35.346355,-84.2385033333,26,,,,26,,,false,,,Kudzu Bug,Megacopta cribraria,Kudzu Bug,Insecta,209176
223638822,36f01e85-9928-40ca-aaf5-0d85536ce916,2024-06-18 18:21:46-04:00,2024-06-18,2024-06-18 22:21:46 UTC,Eastern Time (US & Canada),7554127,joanna8aker,,2024-06-18 22:25:20 UTC,2024-10-04 11:02:15 UTC,research,CC-BY-NC,https://www.inaturalist.org/observations/223638822,https://inaturalist-open-data.s3.amazonaws.com/photos/396283575/medium.jpg,,"","",2,0,false,3,"Gotham Way NE, Atlanta, GA, US",33.8087583333,-84.3699633333,7,,,,7,,,false,,,Kudzu Bug,Megacopta cribraria,Kudzu Bug,Insecta,209176
223641890,adf95c0e-0874-42d6-a32f-202ae5e8e874,2024-05-30 13:18:31,2024-05-30,2024-05-30 17:18:31 UTC,Eastern Time (US & Canada),2905191,e-a,"",2024-06-18 22:44:34 UTC,2024-10-04 14:28:52 UTC,research,CC-BY-NC,https://www.inaturalist.org/observations/223641890,https://inaturalist-open-data.s3.amazonaws.com/photos/396289316/medium.jpeg,,"",,2,0,false,2,"Columbus, GA 31901, USA",32.4675364507,-84.9961848557,216,,,,216,,,false,gps,gps,Kudzu Bug,Megacopta cribraria,Kudzu Bug,Insecta,209176
223657352,f741ef78-ffb0-41b2-9857-28f399de6bbd,2024-06-12 17:32:56,2024-06-12,2024-06-12 21:32:56 UTC,Eastern Time (US & Canada),6708779,marcus525,Marcus Hollo,2024-06-19 00:24:43 UTC,2024-10-04 11:02:03 UTC,research,,https://www.inaturalist.org/observations/223657352,https://static.inaturalist.org/photos/396317624/medium.jpeg,,"",,3,0,false,2,"Chattanooga, TN 37402, USA",35.056465,-85.3149939722,,,,,,,,false,,,Kudzu Bug,Megacopta cribraria,Kudzu Bug,Insecta,209176
223864089,c4f55ede-5bc2-4f2a-b4bf-062962d396d1,2024-06-18 14:32:34-04:00,2024-06-18,2024-06-18 18:32:34 UTC,Eastern Time (US & Canada),1610337,nzcnfbb,Marcia Carter,2024-06-19 22:55:05 UTC,2025-02-03 15:41:51 UTC,research,,https://www.inaturalist.org/observations/223864089,https://static.inaturalist.org/photos/396695765/medium.jpg,,"","",1,0,false,3,"George Washington & Jefferson National Forests, Damascus, VA, US",36.6192033333,-81.6447,3,,,,3,,,false,,,Kudzu Bug,Megacopta cribraria,Kudzu Bug,Insecta,209176
223987015,9bb6fee2-d9b1-4073-bf95-a0c4d3c91a60,2024/06/20 9:37 AM,2024-06-20,2024-06-20 13:37:00 UTC,Eastern Time (US & Canada),574660,sawyerb,Sawyer Baran,2024-06-20 15:05:43 UTC,2025-02-03 15:41:47 UTC,research,CC-BY,https://www.inaturalist.org/observations/223987015,https://inaturalist-open-data.s3.amazonaws.com/photos/396927994/medium.jpeg,,"",,1,0,false,,"Bay Street Viaduct Area, Savannah, GA, USA",32.0783722222,-81.103775,4,,,,4,,,false,,,Kudzu Bug,Megacopta cribraria,Kudzu Bug,Insecta,209176
223995920,1843f4bc-7f40-42e0-9616-be51665b415b,2024-06-19 20:42:27,2024-06-19,2024-06-20 00:42:27 UTC,Eastern Time (US & Canada),4350938,icopperbug,"",2024-06-20 15:50:51 UTC,2025-02-03 15:41:46 UTC,research,CC-BY-NC,https://www.inaturalist.org/observations/223995920,https://inaturalist-open-data.s3.amazonaws.com/photos/396945635/medium.jpeg,,"",,1,0,false,2,"Athens, GA 30606, USA",33.9256079722,-83.3815179722,,,,,,,,false,gps,gps,Kudzu Bug,Megacopta cribraria,Kudzu Bug,Insecta,209176
224289265,9ddb74d0-4034-415f-9e39-a4a343177a13,2024-06-21 19:59:42-04:00,2024-06-21,2024-06-21 23:59:42 UTC,Eastern Time (US & Canada),7922684,marcus_cline,Marcus Cline,2024-06-22 00:00:17 UTC,2024-06-22 00:04:04 UTC,research,,https://www.inaturalist.org/observations/224289265,https://static.inaturalist.org/photos/397502803/medium.jpg,,"","",1,0,false,3,"Harden St, Columbia, SC, US",34.0006258199,-81.0174522457,8,,,,8,,,false,,,Kudzu Bug,Megacopta cribraria,Kudzu Bug,Insecta,209176
224381183,d00b6fb5-2565-46bd-aacb-3126f903c93f,2024-06-19 15:31:18-05:00,2024-06-19,2024-06-19 20:31:18 UTC,Central Time (US & Canada),355652,bruceneville,Bruce Neville,2024-06-22 13:06:01 UTC,2025-02-03 15:41:41 UTC,research,CC-BY-NC,https://www.inaturalist.org/observations/224381183,https://inaturalist-open-data.s3.amazonaws.com/photos/397678805/medium.jpg,,"","",2,0,false,3,"US-82, Winona, MS, US",33.4867581126,-89.7582924824,4,,,,4,,,false,,,Kudzu Bug,Megacopta cribraria,Kudzu Bug,Insecta,209176
224393539,5ef79e44-20e4-4a87-b83a-fda1012a5a1d,2024-06-22 10:08:19-04:00,2024-06-22,2024-06-22 14:08:19 UTC,Eastern Time (US & Canada),1917394,carol308,Carol Garrison,2024-06-22 14:09:29 UTC,2025-02-03 15:41:41 UTC,research,,https://www.inaturalist.org/observations/224393539,https://static.inaturalist.org/photos/397701870/medium.jpg,,"","",1,0,false,3,"Decatur, Decatur, GA, US",33.7746633333,-84.2962116667,3,,,,3,,,false,,,Kudzu Bug,Megacopta cribraria,Kudzu Bug,Insecta,209176
224417740,ef6b0731-b606-4700-9ca7-e2e461219d15,2024-06-22 11:55:17-04:00,2024-06-22,2024-06-22 15:55:17 UTC,Eastern Time (US & Canada),3895789,noncognosco,Randy Herman,2024-06-22 15:58:28 UTC,2025-04-05 15:06:24 UTC,research,CC-BY-NC,https://www.inaturalist.org/observations/224417740,https://inaturalist-open-data.s3.amazonaws.com/photos/397745302/medium.jpg,,"","",1,0,false,3,"Springtime Fields Ln, Wake Forest, NC, US",35.97193,-78.4908966667,112,,,,112,,,false,,,Kudzu Bug,Megacopta cribraria,Kudzu Bug,Insecta,209176
224488127,07527f90-6a12-4b9f-809a-4fa6f1a29c5f,2024-06-22 14:44:27,2024-06-22,2024-06-22 18:44:27 UTC,Eastern Time (US & Canada),7154582,neanderthal-moth,"",2024-06-22 21:01:30 UTC,2025-02-03 15:41:39 UTC,research,CC-BY-NC,https://www.inaturalist.org/observations/224488127,https://inaturalist-open-data.s3.amazonaws.com/photos/397879259/medium.jpeg,,"",,1,0,false,2,Mountain Gardens,35.8388764319,-82.21828904,183,,,,183,,,false,gps,gps,Kudzu Bug,Megacopta cribraria,Kudzu Bug,Insecta,209176
224493483,52765118-f7c3-4f94-8e06-5c8ddee8aa5e,2024-06-22 12:29:56,2024-06-22,2024-06-22 16:29:56 UTC,Eastern Time (US & Canada),4855981,kirill_levchenko,Kirill Levchenko,2024-06-22 21:27:31 UTC,2025-08-21 17:06:47 UTC,research,CC0,https://www.inaturalist.org/observations/224493483,https://inaturalist-open-data.s3.amazonaws.com/photos/397889980/medium.jpeg,,"",Adult and nymphs,1,0,false,2,"Kinston, NC, USA",35.26168857,-77.58478783,6,,,,6,,,false,,,Kudzu Bug,Megacopta cribraria,Kudzu Bug,Insecta,209176
224630016,c790d93a-309f-4b8b-89f1-9e0f292c3a7d,2024/06/22 12:59 PM,2024-06-22,2024-06-22 16:59:00 UTC,Eastern Time (US & Canada),1416798,mfawver,Melinda Fawver,2024-06-23 13:49:48 UTC,2025-02-03 15:41:36 UTC,research,CC-BY-NC,https://www.inaturalist.org/observations/224630016,https://inaturalist-open-data.s3.amazonaws.com/photos/398151753/medium.jpg,,"",,1,0,false,,"Swain County, NC, USA",35.6080026704,-83.4359886629,2,,,,2,,,false,,,Kudzu Bug,Megacopta cribraria,Kudzu Bug,Insecta,209176
224659510,95d85c01-e2f4-4615-a010-456612eec28d,2024-06-12 20:02:03-04:00,2024-06-12,2024-06-13 00:02:03 UTC,Eastern Time (US & Canada),1684549,polivstes,Oliver Malatich,2024-06-23 15:51:20 UTC,2025-02-03 15:41:36 UTC,research,CC-BY-NC,https://www.inaturalist.org/observations/224659510,https://inaturalist-open-data.s3.amazonaws.com/photos/398204536/medium.jpg,,"","",1,0,false,3,"Washington Rd, Augusta, GA, US",33.509575,-82.0321111667,4,,,,4,,,false,,,Kudzu Bug,Megacopta cribraria,Kudzu Bug,Insecta,209176
224730870,00ec4a3c-a889-4eb2-a28a-991c90624581,2024-06-23 16:28:50,2024-06-23,2024-06-23 20:28:50 UTC,Eastern Time (US & Canada),2124105,grackle0,Ola,2024-06-23 20:29:49 UTC,2024-06-23 20:51:09 UTC,research,CC-BY-NC,https://www.inaturalist.org/observations/224730870,https://inaturalist-open-data.s3.amazonaws.com/photos/398340198/medium.jpeg,,"",,1,0,false,2,"Carrboro, NC 27510, USA",35.92105,-79.0723888889,,,,,,,,false,gps,gps,Kudzu Bug,Megacopta cribraria,Kudzu Bug,Insecta,209176
224755261,5a7d0379-3e7b-4f79-9c78-4639c495aaf6,2024-06-23 16:48:38-04:00,2024-06-23,2024-06-23 20:48:38 UTC,Eastern Time (US & Canada),7886812,chrismoncus,Chris Moncus,2024-06-23 22:17:03 UTC,2025-02-03 15:41:35 UTC,research,CC-BY-NC,https://www.inaturalist.org/observations/224755261,https://inaturalist-open-data.s3.amazonaws.com/photos/398386170/medium.jpg,,"","",1,0,false,3,"Norwich Street Ext, Brunswick, GA, US",31.19943,-81.5074833333,42,,,,42,,,false,,,Kudzu Bug,Megacopta cribraria,Kudzu Bug,Insecta,209176
224779687,83d5aaad-9775-437c-b455-ae76ca2b4232,2024-06-23 20:31:22-04:00,2024-06-23,2024-06-24 00:31:22 UTC,Eastern Time (US & Canada),8041370,samjones13,,2024-06-24 00:31:37 UTC,2024-07-12 16:13:19 UTC,research,CC-BY-NC,https://www.inaturalist.org/observations/224779687,https://inaturalist-open-data.s3.amazonaws.com/photos/398433447/medium.jpg,,"","",1,0,false,3,"Cypress St SW, Concord, NC, US",35.4016784532,-80.5858257227,4,,,,4,,,false,,,Kudzu Bug,Megacopta cribraria,Kudzu Bug,Insecta,209176
224809128,98a73894-7b1b-4b71-a323-3192f9c1ddf7,2024-06-23 20:41:15-04:00,2024-06-23,2024-06-24 00:41:15 UTC,Eastern Time (US & Canada),2378498,imparavis,,2024-06-24 03:50:01 UTC,2025-02-03 15:41:30 UTC,research,CC-BY-NC,https://www.inaturalist.org/observations/224809128,https://inaturalist-open-data.s3.amazonaws.com/photos/398493213/medium.jpg,,"","",1,0,false,3,"Lily Pad Ln, Perry, GA, US",32.4768517485,-83.6513494905,4,,,,4,,,false,,,Kudzu Bug,Megacopta cribraria,Kudzu Bug,Insecta,209176
224883381,192c55f5-d9f7-45a5-98a9-94f96b492a00,2024-06-24 07:12:04,2024-06-24,2024-06-24 12:12:04 UTC,Central Time (US & Canada),512125,rogerbirkhead,Roger Birkhead,2024-06-24 14:17:32 UTC,2025-02-03 15:41:28 UTC,research,CC-BY-NC-ND,https://www.inaturalist.org/observations/224883381,https://inaturalist-open-data.s3.amazonaws.com/photos/398633855/medium.jpeg,,"",,2,0,false,2,"Montgomery, AL 36116, USA",32.3671966329,-86.1855856329,4,,,,4,,,false,,,Kudzu Bug,Megacopta cribraria,Kudzu Bug,Insecta,209176
224921334,388abcbf-35d4-4ec7-8860-90662b9a4160,2024-06-24 12:44:40-04:00,2024-06-24,2024-06-24 16:44:40 UTC,Eastern Time (US & Canada),3895789,noncognosco,Randy Herman,2024-06-24 17:23:04 UTC,2025-04-05 16:34:32 UTC,research,CC-BY-NC,https://www.inaturalist.org/observations/224921334,https://inaturalist-open-data.s3.amazonaws.com/photos/398704742/medium.jpg,,"","",1,0,false,3,"N Elizabeth St, Durham, NC, US",36.0026111167,-78.8913666667,37,,,,37,,,false,,,Kudzu Bug,Megacopta cribraria,Kudzu Bug,Insecta,209176
224964958,d6b2f462-6286-43c1-b681-dfa6639aa71e,2024-06-24 16:50:22-04:00,2024-06-24,2024-06-24 20:50:22 UTC,Eastern Time (US & Canada),4893552,eric1428,Eric Erwood,2024-06-24 20:50:53 UTC,2024-06-24 21:07:29 UTC,research,CC-BY-NC,https://www.inaturalist.org/observations/224964958,https://inaturalist-open-data.s3.amazonaws.com/photos/398789583/medium.jpg,,"","",1,0,false,3,"Piedmont Park, Atlanta, GA, US",33.794045,-84.36888,4,,,,4,,,false,,,Kudzu Bug,Megacopta cribraria,Kudzu Bug,Insecta,209176
224969756,8e4479c2-482a-4072-a59c-3d730ba91f3e,2024-06-24 15:47:51-04:00,2024-06-24,2024-06-24 19:47:51 UTC,Eastern Time (US & Canada),7886812,chrismoncus,Chris Moncus,2024-06-24 21:17:38 UTC,2025-02-03 15:31:15 UTC,research,CC-BY-NC,https://www.inaturalist.org/observations/224969756,https://inaturalist-open-data.s3.amazonaws.com/photos/398799368/medium.jpg,,"","",1,0,false,3,"Norwich Street Ext, Brunswick, GA, US",31.19925,-81.5074166667,22,,,,22,,,false,,,Kudzu Bug,Megacopta cribraria,Kudzu Bug,Insecta,209176
224974890,afc76894-d347-4b24-8d34-4c6d768af695,2024-06-24 17:34:08,2024-06-24,2024-06-24 21:34:08 UTC,Eastern Time (US & Canada),2063481,craigcarline,"",2024-06-24 21:42:54 UTC,2025-02-04 13:10:55 UTC,research,CC-BY-NC,https://www.inaturalist.org/observations/224974890,https://inaturalist-open-data.s3.amazonaws.com/photos/398808131/medium.jpeg,,"",,2,0,false,2,"Fulton County, US-GA, US",34.0341694,-84.3112464997,,,,,,,,false,,,Kudzu Bug,Megacopta cribraria,Kudzu Bug,Insecta,209176
224987399,58ff1833-ee13-47e2-b518-f466454e8bb2,2024-06-24 18:56:00,2024-06-24,2024-06-24 22:56:00 UTC,Eastern Time (US & Canada),6597961,capnpurple,Valeria Rosales,2024-06-24 22:57:50 UTC,2025-02-03 15:31:13 UTC,research,,https://www.inaturalist.org/observations/224987399,https://static.inaturalist.org/photos/398832738/medium.jpeg,,"",,1,0,false,2,"Raleigh, NC 27606, USA",35.76795201,-78.67310334,14,,,,14,,,false,,,Kudzu Bug,Megacopta cribraria,Kudzu Bug,Insecta,209176
225005541,597e59e1-2d01-4f67-9efb-c6e6d6c623d8,2024/06/24 8:37 PM,2024-06-24,2024-06-25 00:37:00 UTC,Eastern Time (US & Canada),64286,supertiger,Leila Dasher,2024-06-25 00:54:15 UTC,2024-10-04 11:01:57 UTC,research,CC-BY,https://www.inaturalist.org/observations/225005541,https://inaturalist-open-data.s3.amazonaws.com/photos/398870586/medium.jpg,,"",large group feeding on wisteria,2,0,false,,"Georgia, US",33.8097371946,-83.2577477597,,,,,28902,obscured,,true,,,Kudzu Bug,Megacopta cribraria,Kudzu Bug,Insecta,209176
225011688,c15819ea-9873-407d-86d1-843405f22f0f,2024-06-24 09:33:00-04:00,2024-06-24,2024-06-24 13:33:00 UTC,Eastern Time (US & Canada),2308480,paultan,Paul Tan,2024-06-25 01:34:42 UTC,2024-10-04 11:01:57 UTC,research,,https://www.inaturalist.org/observations/225011688,https://static.inaturalist.org/photos/398883304/medium.jpg,,"","",3,0,false,3,"Seven Islands, Knoxville, TN, US",35.95439045,-83.70302305,311,,,,311,,,false,,,Kudzu Bug,Megacopta cribraria,Kudzu Bug,Insecta,209176
225085460,0c6d5b76-b9ca-4a89-a1e2-95b4f7f3fad6,2024-06-23 20:36:15-04:00,2024-06-23,2024-06-24 00:36:15 UTC,Eastern Time (US & Canada),8033576,harrington0514,,2024-06-25 12:56:49 UTC,2024-10-04 11:01:56 UTC,research,CC-BY-NC,https://www.inaturalist.org/observations/225085460,https://inaturalist-open-data.s3.amazonaws.com/photos/399449399/medium.jpg,,"","",2,0,false,3,"Cypress St SW, Concord, NC, US",35.4016768586,-80.5857921834,13,,,,13,,,false,,,Kudzu Bug,Megacopta cribraria,Kudzu Bug,Insecta,209176
225142614,87033fda-93ba-4e7f-8c38-e5f539191919,2024-06-13 15:03:23-04:00,2024-06-13,2024-06-13 19:03:23 UTC,Eastern Time (US & Canada),306496,sarah211,Sarah Osborn,2024-06-25 17:58:02 UTC,2024-10-04 11:01:54 UTC,research,,https://www.inaturalist.org/observations/225142614,https://static.inaturalist.org/photos/399131606/medium.jpg,,"","",2,0,false,3,"Hamilton Dr, Augusta, GA, US",33.4204133333,-82.0479138333,4,,,,4,,,false,,,Kudzu Bug,Megacopta cribraria,Kudzu Bug,Insecta,209176
225164342,76549879-9341-4dcd-b73b-b68194e3a79c,2024-06-25 15:47:08,2024-06-25,2024-06-25 19:47:08 UTC,Eastern Time (US & Canada),1854566,jmangrunt,,2024-06-25 19:49:25 UTC,2024-10-04 11:01:54 UTC,research,CC-BY-NC,https://www.inaturalist.org/observations/225164342,https://inaturalist-open-data.s3.amazonaws.com/photos/399173041/medium.jpeg,,"",,2,0,false,2,"Pigeon Forge, TN, USA",35.7942349,-83.528653,20,,,,20,,,false,,,Kudzu Bug,Megacopta cribraria,Kudzu Bug,Insecta,209176
225187460,ed452cf8-5e19-442f-8c44-9a45418d6ad2,2024-06-25 17:51:58,2024-06-25,2024-06-25 21:51:58 UTC,Eastern Time (US & Canada),5287918,bennnyp,Benjamin Palaniuk,2024-06-25 21:53:47 UTC,2024-10-04 11:01:51 UTC,research,,https://www.inaturalist.org/observations/225187460,https://static.inaturalist.org/photos/399217599/medium.jpeg,,"",,2,0,false,2,"Midtown Atlanta, Atlanta, GA, USA",33.7921371,-84.3853635,13,,,,13,,,false,,,Kudzu Bug,Megacopta cribraria,Kudzu Bug,Insecta,209176
225210284,0a84242a-9e23-4dc8-9f48-65289b5244dd,2024-06-25 19:27:44,2024-06-25,2024-06-26 00:27:44 UTC,Central Time (US & Canada),3021620,gladiatorants,"",2024-06-26 00:28:50 UTC,2024-10-04 11:01:50 UTC,research,CC-BY-NC,https://www.inaturalist.org/observations/225210284,https://inaturalist-open-data.s3.amazonaws.com/photos/399261376/medium.jpeg,,"",,2,0,false,2,"Richland, MS, USA",32.2243594905,-90.1523817725,8,,,,8,,,false,,,Kudzu Bug,Megacopta cribraria,Kudzu Bug,Insecta,209176
225400011,b8696bf8-8729-4c68-aa48-a48a4e246c57,2024-06-26 18:28:29-04:00,2024-06-26,2024-06-26 22:28:29 UTC,Eastern Time (US & Canada),3895789,noncognosco,Randy Herman,2024-06-26 22:36:13 UTC,2024-10-04 11:01:50 UTC,research,CC-BY-NC,https://www.inaturalist.org/observations/225400011,https://inaturalist-open-data.s3.amazonaws.com/photos/399621133/medium.jpg,,"","",2,0,false,3,"Sweetclover Dr, Rolesville, NC, US",35.9533133333,-78.4613466667,30,,,,30,,,false,,,Kudzu Bug,Megacopta cribraria,Kudzu Bug,Insecta,209176
225403074,1d1f68f6-96bb-4b3a-b7a4-cd166351f9b0,2024-06-26 18:50:55-04:00,2024-06-26,2024-06-26 22:50:55 UTC,Eastern Time (US & Canada),6860506,lego_kingfisher,,2024-06-26 22:54:21 UTC,2024-10-04 11:01:49 UTC,research,CC-BY-NC,https://www.inaturalist.org/observations/225403074,https://inaturalist-open-data.s3.amazonaws.com/photos/399626738/medium.jpg,,"","",2,0,false,3,"Longforest Dr, Chantilly, VA, US",38.9029416667,-77.512695,4,,,,4,,,false,,,Kudzu Bug,Megacopta cribraria,Kudzu Bug,Insecta,209176
225417702,e6a2d5f6-fc00-42b1-9d6c-1da3ccda4309,2024-06-26 20:07:47,2024-06-26,2024-06-27 00:07:47 UTC,Eastern Time (US & Canada),5799120,andrew2285,"",2024-06-27 00:31:56 UTC,2024-10-04 11:01:48 UTC,research,,https://www.inaturalist.org/observations/225417702,https://static.inaturalist.org/photos/399655465/medium.jpeg,,"",,1,0,false,2,"District of Columbia, District of Columbia County, US",38.92409705,-77.04674744,8,,,,8,,,false,,,Kudzu Bug,Megacopta cribraria,Kudzu Bug,Insecta,209176
225417719,3c184e7d-1e93-402e-8f43-3cd4b190f273,2024-06-26 20:08:33,2024-06-26,2024-06-27 00:08:33 UTC,Eastern Time (US & Canada),5799120,andrew2285,"",2024-06-27 00:32:02 UTC,2024-10-04 11:01:46 UTC,research,,https://www.inaturalist.org/observations/225417719,https://static.inaturalist.org/photos/399655499/medium.jpeg,,"",,3,0,false,2,"District of Columbia, District of Columbia County, US",38.9241036,-77.04675679,6,,,,6,,,false,,,Kudzu Bug,Megacopta cribraria,Kudzu Bug,Insecta,209176
225417731,6ec83a92-47ca-4943-8377-5f55873c6680,2024-06-26 20:09:02,2024-06-26,2024-06-27 00:09:02 UTC,Eastern Time (US & Canada),5799120,andrew2285,"",2024-06-27 00:32:09 UTC,2024-10-04 11:01:45 UTC,research,,https://www.inaturalist.org/observations/225417731,https://static.inaturalist.org/photos/399655535/medium.jpeg,,"",,2,0,false,2,"District of Columbia, District of Columbia County, US",38.92410857,-77.04675773,7,,,,7,,,false,,,Kudzu Bug,Megacopta cribraria,Kudzu Bug,Insecta,209176
225422487,bb486a51-5b4b-495d-8575-99421259a65b,2024-06-26 17:00:03-04:00,2024-06-26,2024-06-26 21:00:03 UTC,Eastern Time (US & Canada),8225513,wiregrasser,,2024-06-27 01:03:43 UTC,2024-10-04 11:01:44 UTC,research,CC-BY,https://www.inaturalist.org/observations/225422487,https://inaturalist-open-data.s3.amazonaws.com/photos/399664864/medium.jpg,,"","",3,0,false,3,"Greenbriar Cir, Decatur, GA, US",33.8089496301,-84.2621505623,33,,,,33,,,false,,,Kudzu Bug,Megacopta cribraria,Kudzu Bug,Insecta,209176
225495223,dab1a42c-9812-4afe-83e3-739c224b1966,2024-06-27 06:58:36,2024-06-27,2024-06-27 10:58:36 UTC,Eastern Time (US & Canada),5799120,andrew2285,"",2024-06-27 12:26:12 UTC,2024-10-04 11:01:43 UTC,research,,https://www.inaturalist.org/observations/225495223,https://static.inaturalist.org/photos/399804066/medium.jpeg,,"",,3,0,false,2,"District of Columbia, District of Columbia County, US",38.92386277,-77.04675044,4,,,,4,,,false,,,Kudzu Bug,Megacopta cribraria,Kudzu Bug,Insecta,209176
225562173,cd1e361d-b0f7-4539-82e3-f94f332fee72,Thu Jun 27 2024 14:21:57 GMT -0400 (EDT),2024-06-27,2024-06-27 18:21:57 UTC,Eastern Time (US & Canada),7524823,josiah__josiah,,2024-06-27 18:22:28 UTC,2024-10-04 11:01:43 UTC,research,CC-BY-NC,https://www.inaturalist.org/observations/225562173,https://inaturalist-open-data.s3.amazonaws.com/photos/399928081/medium.jpeg,,"",,1,0,false,333,Raleigh,35.858581543,-78.5910568237,4,,,,4,,,false,,,Kudzu Bug,Megacopta cribraria,Kudzu Bug,Insecta,209176
225562348,bdb0bf2b-2279-4e0a-9dcc-5845da6e3cf1,2024-06-27 13:23:08-05:00,2024-06-27,2024-06-27 18:23:08 UTC,Central Time (US & Canada),6691722,shooter-_44,,2024-06-27 18:23:27 UTC,2025-04-05 18:23:46 UTC,research,CC-BY-NC,https://www.inaturalist.org/observations/225562348,https://inaturalist-open-data.s3.amazonaws.com/photos/399927689/medium.jpeg,,"","",1,0,false,333,"Philadelphia, MS, US",32.7569843865,-89.122236324,577,,,,577,,,false,,,Kudzu Bug,Megacopta cribraria,Kudzu Bug,Insecta,209176
225702311,68b054a8-7c1a-4258-8dd6-a8a1c0332a4f,2024-06-28 07:11:46,2024-06-28,2024-06-28 11:11:46 UTC,Eastern Time (US & Canada),5799120,andrew2285,"",2024-06-28 12:32:51 UTC,2024-10-04 11:01:40 UTC,research,,https://www.inaturalist.org/observations/225702311,https://static.inaturalist.org/photos/400197769/medium.jpeg,,"",,3,0,false,2,"District of Columbia, District of Columbia County, US",38.92415836,-77.04677701,5,,,,5,,,false,,,Kudzu Bug,Megacopta cribraria,Kudzu Bug,Insecta,209176
225744549,df54b582-9250-4a32-8603-32a1b60ca7b7,2024-06-28 12:41:08-04:00,2024-06-28,2024-06-28 16:41:08 UTC,Eastern Time (US & Canada),832124,callenminman,Callen Inman,2024-06-28 16:41:38 UTC,2025-07-25 00:01:30 UTC,research,,https://www.inaturalist.org/observations/225744549,https://static.inaturalist.org/photos/400274187/medium.jpg,,"","",2,0,false,3,"Grove Park, Atlanta, GA, US",33.7828239459,-84.4448077611,4,,,,4,,,false,,,Kudzu Bug,Megacopta cribraria,Kudzu Bug,Insecta,209176
225789079,0f133380-461c-4674-bb77-7a3f6bca0b79,2024-06-28 15:34:31,2024-06-28,2024-06-28 20:34:31 UTC,Central Time (US & Canada),7127800,richard60063,Richard Gentry,2024-06-28 20:34:51 UTC,2024-10-04 11:01:38 UTC,research,,https://www.inaturalist.org/observations/225789079,https://static.inaturalist.org/photos/400358576/medium.jpeg,,"",,3,0,false,2,"Hattiesburg, MS, USA",31.3484450208,-89.3050258922,3,,,,3,,,false,,,Kudzu Bug,Megacopta cribraria,Kudzu Bug,Insecta,209176
225809015,47ca4487-12a1-4334-9f70-8a74ec8adc9c,2024-06-28 17:30:30,2024-06-28,2024-06-28 22:30:30 UTC,Central Time (US & Canada),3379095,hmstarnes,Helena Starnes,2024-06-28 22:33:43 UTC,2024-10-04 11:01:38 UTC,research,CC-BY-NC,https://www.inaturalist.org/observations/225809015,https://inaturalist-open-data.s3.amazonaws.com/photos/400396228/medium.jpeg,,"",,2,0,false,2,"Auburn, AL, USA",32.5900825836,-85.4329564422,808,,,,808,,,false,,,Kudzu Bug,Megacopta cribraria,Kudzu Bug,Insecta,209176
225817348,700ea567-629e-435e-a57a-c577aa9174f1,2024-06-28 18:27:30,2024-06-28,2024-06-28 23:27:30 UTC,Central Time (US & Canada),5704164,kingdevo,"",2024-06-28 23:29:35 UTC,2024-10-04 11:01:37 UTC,research,CC-BY-NC,https://www.inaturalist.org/observations/225817348,https://inaturalist-open-data.s3.amazonaws.com/photos/400412885/medium.jpeg,,"",,2,0,false,2,"Tuscaloosa, AL 35405, USA",33.1783143297,-87.4888542295,21,,,,21,,,false,gps,gps,Kudzu Bug,Megacopta cribraria,Kudzu Bug,Insecta,209176
225825649,69204f94-a431-4c85-8e71-1615c28da324,2024/06/27 10:49 AM,2024-06-27,2024-06-27 15:49:00 UTC,Central Time (US & Canada),484237,vcharny,Vitaly Charny,2024-06-29 00:27:54 UTC,2024-10-04 11:01:34 UTC,research,CC-BY-NC,https://www.inaturalist.org/observations/225825649,https://inaturalist-open-data.s3.amazonaws.com/photos/400421099/medium.jpg,,"",,2,0,false,,"Town Creek Park, 1150 S Gay St, Auburn, Alabama 36832, United States",32.5839851,-85.475585,204,,,,204,,,false,,,Kudzu Bug,Megacopta cribraria,Kudzu Bug,Insecta,209176
225938214,43c5de5a-147b-44b3-a1d6-5f6284dad000,2024-06-29 10:40:46-04:00,2024-06-29,2024-06-29 14:40:46 UTC,Eastern Time (US & Canada),2845884,amandaeisenberg,Amanda Eisenberg,2024-06-29 14:40:56 UTC,2024-10-04 11:01:34 UTC,research,,https://www.inaturalist.org/observations/225938214,https://static.inaturalist.org/photos/400637288/medium.jpg,,"","",2,0,false,3,"Palace Green St, Williamsburg, VA, US",37.2730030446,-76.702401219,3,,,,3,,,false,,,Kudzu Bug,Megacopta cribraria,Kudzu Bug,Insecta,209176
225938524,7b1ef51e-5919-4fca-8c80-1b1d2fee32a3,2024-06-28 18:34:03,2024-06-28,2024-06-28 22:34:03 UTC,Eastern Time (US & Canada),7318001,wildlore,Michelle,2024-06-29 14:42:16 UTC,2024-10-04 11:01:30 UTC,research,CC-BY-NC,https://www.inaturalist.org/observations/225938524,https://inaturalist-open-data.s3.amazonaws.com/photos/400637810/medium.jpeg,,"",,2,0,false,2,"Riverside, Atlanta, GA, USA",33.8198679781,-84.4751875475,197,,,,197,,,false,gps,gps,Kudzu Bug,Megacopta cribraria,Kudzu Bug,Insecta,209176
225941459,4f98cec5-7422-4632-9d76-4286c6108df0,2024-06-29 08:13:58-04:00,2024-06-29,2024-06-29 12:13:58 UTC,Eastern Time (US & Canada),8225513,wiregrasser,,2024-06-29 14:55:34 UTC,2024-10-04 11:01:27 UTC,research,CC-BY,https://www.inaturalist.org/observations/225941459,https://inaturalist-open-data.s3.amazonaws.com/photos/400643398/medium.jpg,,"",On Milkweed plant,2,0,false,3,"Greenbriar Circle, Decatur, GA, USA",33.807921,-84.262636,226,,,,226,,,false,,,Kudzu Bug,Megacopta cribraria,Kudzu Bug,Insecta,209176
225997795,8339980d-b8a5-428f-abf4-1be871f7d2d4,2024-06-29 14:46:18-04:00,2024-06-29,2024-06-29 18:46:18 UTC,Eastern Time (US & Canada),1193547,homer2,Homer E Allen,2024-06-29 18:46:58 UTC,2024-10-04 11:01:26 UTC,research,,https://www.inaturalist.org/observations/225997795,https://static.inaturalist.org/photos/400748646/medium.jpg,,"","",3,0,false,3,"HCA Florida Capital Hospital, Tallahassee, FL, US",30.4755092833,-84.23103875,10,,,,10,,,false,,,Kudzu Bug,Megacopta cribraria,Kudzu Bug,Insecta,209176
226007286,3be976fc-083d-405c-be2c-90eee7648162,2024-06-29 15:23:37-04:00,2024-06-29,2024-06-29 19:23:37 UTC,Eastern Time (US & Canada),522377,joooom,,2024-06-29 19:24:30 UTC,2024-10-04 11:01:23 UTC,research,CC-BY,https://www.inaturalist.org/observations/226007286,https://inaturalist-open-data.s3.amazonaws.com/photos/400766463/medium.jpg,,"","",2,0,false,3,"University of Florida, Gainesville, FL, US",29.6290540291,-82.3579745352,9,,,,9,,,false,,,Kudzu Bug,Megacopta cribraria,Kudzu Bug,Insecta,209176
226039619,15a2d4f1-4340-4a3b-b4b9-ceba828080e6,Sat Jun 29 2024 16:49:42 GMT -0500 (CDT),2024-06-29,2024-06-29 21:49:42 UTC,Central Time (US & Canada),7743481,thefreakybean,,2024-06-29 21:50:07 UTC,2025-02-03 15:31:11 UTC,research,CC-BY-NC,https://www.inaturalist.org/observations/226039619,https://inaturalist-open-data.s3.amazonaws.com/photos/400906942/medium.jpeg,,"",,1,0,false,333,Wetumpka,32.5415039063,-86.2022399902,64,,,,64,,,false,,,Kudzu Bug,Megacopta cribraria,Kudzu Bug,Insecta,209176
226070320,191ef058-49d3-4eef-addc-803179b22fe3,2024-06-29 19:33:36-05:00,2024-06-29,2024-06-30 00:33:36 UTC,Central Time (US & Canada),3947831,btw0024,,2024-06-30 00:35:44 UTC,2024-10-04 11:01:22 UTC,research,CC-BY-NC,https://www.inaturalist.org/observations/226070320,https://inaturalist-open-data.s3.amazonaws.com/photos/400890379/medium.jpg,,"","",2,0,false,3,"N College St, Auburn, AL, US",32.608302315,-85.481607289,4,,,,4,,,false,,,Kudzu Bug,Megacopta cribraria,Kudzu Bug,Insecta,209176
226094191,d4c077b5-f774-435f-94d3-dfde693f4b0e,2024-06-28 18:46:14,2024-06-28,2024-06-28 23:46:14 UTC,Central Time (US & Canada),3268237,flygonby7,Sam Wahl,2024-06-30 03:17:11 UTC,2024-10-04 11:01:15 UTC,research,,https://www.inaturalist.org/observations/226094191,https://static.inaturalist.org/photos/400937513/medium.jpeg,,"",,2,0,false,2,"Central Ave & Foutain St -The Arlington Hotel, Hot Springs, AR 71901, USA",34.5161534889,-93.0523350835,505,,,,505,,,false,gps,gps,Kudzu Bug,Megacopta cribraria,Kudzu Bug,Insecta,209176
226256288,1197afed-20d8-4baf-a86d-c9cb0b7ac3f4,2024/06/30 8:04 AM,2024-06-30,2024-06-30 13:04:00 UTC,Central Time (US & Canada),851223,kzoebel,Kristi Zoebelein,2024-06-30 18:48:54 UTC,2024-10-04 11:01:14 UTC,research,,https://www.inaturalist.org/observations/226256288,https://static.inaturalist.org/photos/401237188/medium.jpg,,selfie,,2,0,false,,"Redmont Park, Birmingham, AL, USA",33.4876638889,-86.7797555556,,,,,,,,false,,,Kudzu Bug,Megacopta cribraria,Kudzu Bug,Insecta,209176
226262203,a81972a6-ffca-4854-b02e-6c7e489989c3,2024-06-30 15:13:31,2024-06-30,2024-06-30 19:13:31 UTC,Eastern Time (US & Canada),4732725,meelzmalady,Amelio Little,2024-06-30 19:13:52 UTC,2024-07-14 02:38:25 UTC,research,,https://www.inaturalist.org/observations/226262203,https://static.inaturalist.org/photos/401251144/medium.jpeg,,"",,1,0,false,2,"Gardens Business Condos, VA 22901, USA",38.0840900997,-78.4712138997,,,,,,,,false,gps,gps,Kudzu Bug,Megacopta cribraria,Kudzu Bug,Insecta,209176
226262247,b0ac03b3-175a-4fa7-9a9d-3791d49ec1b6,2024-06-30 15:11:50,2024-06-30,2024-06-30 19:11:50 UTC,Eastern Time (US & Canada),4732725,meelzmalady,Amelio Little,2024-06-30 19:14:08 UTC,2024-07-12 16:11:55 UTC,research,,https://www.inaturalist.org/observations/226262247,https://static.inaturalist.org/photos/401251273/medium.jpeg,,"",,1,0,false,2,"Gardens Business Condos, VA 22901, USA",38.0841120997,-78.4712288997,,,,,,,,false,gps,gps,Kudzu Bug,Megacopta cribraria,Kudzu Bug,Insecta,209176
226265586,02661745-edd7-4f43-be07-692c46f8bb1b,2024/06/29 6:55 PM,2024-06-29,2024-06-29 22:55:00 UTC,Eastern Time (US & Canada),4471111,ctuck77,Corby Tucker,2024-06-30 19:27:24 UTC,2024-06-30 20:28:41 UTC,research,CC-BY,https://www.inaturalist.org/observations/226265586,https://static.inaturalist.org/photos/401257056/medium.jpeg,,"",,1,0,false,,"Brooklyn bridge, Ramseur NC",35.7310730319,-79.655748965,85,,,,85,,,false,,,Kudzu Bug,Megacopta cribraria,Kudzu Bug,Insecta,209176
226312669,0bce4a8d-1c47-4b6b-8899-a8e53e3de074,2024-06-30 17:46:54-05:00,2024-06-30,2024-06-30 22:46:54 UTC,Central Time (US & Canada),7095479,eddie4dm,,2024-06-30 22:46:58 UTC,2024-07-12 16:10:57 UTC,research,CC-BY-NC,https://www.inaturalist.org/observations/226312669,https://inaturalist-open-data.s3.amazonaws.com/photos/401350999/medium.jpg,,"","",2,0,false,3,"JVC Rd, Tuscaloosa, AL, US",33.1748434561,-87.4711166958,35,,,,35,,,false,,,Kudzu Bug,Megacopta cribraria,Kudzu Bug,Insecta,209176
226320537,57b4a514-a014-4fb3-861a-7c4d41661a4a,2024-06-30 19:29:13-04:00,2024-06-30,2024-06-30 23:29:13 UTC,Eastern Time (US & Canada),4638867,annabellebarr,Annabelle Barr,2024-06-30 23:30:22 UTC,2024-06-30 23:42:17 UTC,research,CC-BY-NC,https://www.inaturalist.org/observations/226320537,https://inaturalist-open-data.s3.amazonaws.com/photos/401365709/medium.jpg,,"","",1,0,false,3,"Epps Bridge Rd, Athens, GA, US",33.9426383333,-83.4307783333,101,,,,101,,,false,,,Kudzu Bug,Megacopta cribraria,Kudzu Bug,Insecta,209176
226359186,673874c7-c707-4826-86e3-81ffe15b31f1,2024-06-30 19:00:36-05:00,2024-06-30,2024-07-01 00:00:36 UTC,Central Time (US & Canada),1410337,richardthecrittercatcher,Richard the Critter Catcher,2024-07-01 03:31:13 UTC,2024-07-01 12:33:46 UTC,research,,https://www.inaturalist.org/observations/226359186,https://static.inaturalist.org/photos/401441353/medium.jpg,,"","",1,0,false,3,"Armistead Ln, Auburn, AL, US",32.646221337,-85.5237803491,23,,,,23,,,false,,,Kudzu Bug,Megacopta cribraria,Kudzu Bug,Insecta,209176
226420085,b63f4e66-8dc2-469c-a024-8c67cadc5307,2024-06-30 17:54:44,2024-06-30,2024-06-30 21:54:44 UTC,Eastern Time (US & Canada),3268237,flygonby7,Sam Wahl,2024-07-01 12:16:17 UTC,2024-07-01 12:30:41 UTC,research,,https://www.inaturalist.org/observations/226420085,https://static.inaturalist.org/photos/401557442/medium.jpeg,,"",,2,0,false,2,"N Clarendon Ave & Chestnut St, Scottdale, GA 30079, USA",33.783675,-84.2625888889,,,,,,,,false,gps,gps,Kudzu Bug,Megacopta cribraria,Kudzu Bug,Insecta,209176
226440906,42792e86-4d69-46b9-8a8d-837037e1a3fa,2024-06-29 16:45:01-04:00,2024-06-29,2024-06-29 20:45:01 UTC,Eastern Time (US & Canada),6091932,unlawfulroach,,2024-07-01 14:13:15 UTC,2024-07-12 16:11:02 UTC,research,CC-BY-NC,https://www.inaturalist.org/observations/226440906,https://inaturalist-open-data.s3.amazonaws.com/photos/401597181/medium.jpg,,"","",2,0,false,3,"NW Sixth St, Gainesville, FL, US",29.6717216667,-82.3304833333,12,,,,12,,,false,,,Kudzu Bug,Megacopta cribraria,Kudzu Bug,Insecta,209176
226494609,77f67411-2aa4-470c-a464-63571cf93e24,2024-07-01 13:05:19-05:00,2024-07-01,2024-07-01 18:05:19 UTC,Central Time (US & Canada),5373761,skylarwilson,Skylar Wilson,2024-07-01 18:07:55 UTC,2024-07-02 02:52:37 UTC,research,,https://www.inaturalist.org/observations/226494609,https://static.inaturalist.org/photos/401699556/medium.jpg,,"","",1,0,false,3,"48th St S, Birmingham, AL, US",33.52628,-86.7584616667,13,,,,13,,,false,,,Kudzu Bug,Megacopta cribraria,Kudzu Bug,Insecta,209176
226540290,323f4d41-ebba-4318-a7a2-8dba4b63b008,2024-07-01 17:15:05,2024-07-01,2024-07-01 21:15:05 UTC,Eastern Time (US & Canada),1177513,celiafisher,Celia Fisher,2024-07-01 21:16:02 UTC,2024-07-01 21:30:54 UTC,research,,https://www.inaturalist.org/observations/226540290,https://static.inaturalist.org/photos/401782294/medium.jpeg,,"",,1,0,false,2,"Downtown Decatur, Decatur, GA 30030, USA",33.7748257762,-84.2963123694,2636,,,,2636,,,false,gps,gps,Kudzu Bug,Megacopta cribraria,Kudzu Bug,Insecta,209176
226546164,346fd506-f1e9-41f3-b645-81b1032a5c3b,2024-07-01 17:33:46-04:00,2024-07-01,2024-07-01 21:33:46 UTC,Eastern Time (US & Canada),3373111,austin337,Austin Lord,2024-07-01 21:44:02 UTC,2024-07-01 23:12:51 UTC,research,CC-BY-NC,https://www.inaturalist.org/observations/226546164,https://inaturalist-open-data.s3.amazonaws.com/photos/401794174/medium.jpg,,"","",1,0,false,3,"W Mississippi Ave, Chattanooga, TN, US",35.0729638333,-85.29988,4,,,,4,,,false,,,Kudzu Bug,Megacopta cribraria,Kudzu Bug,Insecta,209176
226690258,d514231c-2559-41c5-b0d4-c6d58419693f,2024-07-02 10:59:54,2024-07-02,2024-07-02 14:59:54 UTC,Eastern Time (US & Canada),6597376,eric2404,Eric Nelson,2024-07-02 15:00:17 UTC,2024-09-23 22:27:40 UTC,research,,https://www.inaturalist.org/observations/226690258,https://static.inaturalist.org/photos/402067743/medium.jpeg,,"",,2,0,false,2,"Old West Broad Neighborhood, Savannah, GA, USA",32.07516166,-81.10300796,4,,,,4,,,false,,,Kudzu Bug,Megacopta cribraria,Kudzu Bug,Insecta,209176
226711100,1182bac1-2550-405d-8e94-d3b68fcd81c1,2024-07-02 10:59:17,2024-07-02,2024-07-02 14:59:17 UTC,Eastern Time (US & Canada),5370466,ms_kat,Miss Kat,2024-07-02 16:45:27 UTC,2024-08-15 13:40:53 UTC,research,CC-BY-NC,https://www.inaturalist.org/observations/226711100,https://inaturalist-open-data.s3.amazonaws.com/photos/402104523/medium.jpeg,,"",,1,0,false,2,"Old West Broad Neighborhood, Savannah, GA, USA",32.0754971518,-81.1014621332,149,,,,149,,,false,gps,gps,Kudzu Bug,Megacopta cribraria,Kudzu Bug,Insecta,209176
226736333,ff34228c-bb35-47bc-8eaa-57b28a83bc25,2024-07-02 14:39:36-04:00,2024-07-02,2024-07-02 18:39:36 UTC,Eastern Time (US & Canada),6084405,cpm120,Colin McLaughlin,2024-07-02 18:49:45 UTC,2024-07-17 00:42:43 UTC,research,,https://www.inaturalist.org/observations/226736333,https://static.inaturalist.org/photos/407063815/medium.jpeg,,"","",1,0,false,3,"Biltmore Ave, Asheville, NC, US",35.591675,-82.5512616667,5,,,,5,,,false,,,Kudzu Bug,Megacopta cribraria,Kudzu Bug,Insecta,209176
226771984,72c8b42c-4764-4f96-bea5-8a2ba7d0e742,2024-07-02 16:43:05-05:00,2024-07-02,2024-07-02 21:43:05 UTC,Central Time (US & Canada),5813891,soapdi,,2024-07-02 21:49:10 UTC,2024-07-03 15:35:31 UTC,research,CC-BY-NC,https://www.inaturalist.org/observations/226771984,https://inaturalist-open-data.s3.amazonaws.com/photos/402220411/medium.jpg,,"","",1,0,false,3,"Oak Villa Blvd, Baton Rouge, LA, US",30.4548994536,-91.087715542,30,,,,30,,,false,,,Kudzu Bug,Megacopta cribraria,Kudzu Bug,Insecta,209176
226773655,e9ce45ec-8994-4077-9fb8-5e2c444bbe6e,2024-06-07 20:33:15-04:00,2024-06-07,2024-06-08 00:33:15 UTC,Eastern Time (US & Canada),7378122,karen_b2,Karen B,2024-07-02 21:58:32 UTC,2024-07-03 18:22:26 UTC,research,,https://www.inaturalist.org/observations/226773655,https://static.inaturalist.org/photos/402223595/medium.jpg,,"","",2,0,false,3,"Lily Pad Ln, Perry, GA, US",32.4767883333,-83.6514583333,4,,,,4,,,false,,,Kudzu Bug,Megacopta cribraria,Kudzu Bug,Insecta,209176
226782241,f25281b0-8218-4e0a-9585-46773f44d04b,2024-07-02 18:30:15,2024-07-02,2024-07-02 22:30:15 UTC,Eastern Time (US & Canada),5799120,andrew2285,"",2024-07-02 22:53:45 UTC,2024-07-02 23:35:56 UTC,research,,https://www.inaturalist.org/observations/226782241,https://static.inaturalist.org/photos/402240883/medium.jpeg,,"",,1,0,false,2,"District of Columbia, District of Columbia County, US",38.92409353,-77.04676688,7,,,,7,,,false,,,Kudzu Bug,Megacopta cribraria,Kudzu Bug,Insecta,209176
226789437,05efc2f3-1505-4dfb-b586-82d129af9b5d,2024-07-02 19:42:17-04:00,2024-07-02,2024-07-02 23:42:17 UTC,Eastern Time (US & Canada),3344669,crystalgryphon,"",2024-07-02 23:42:26 UTC,2025-03-27 01:28:31 UTC,research,CC-BY-NC,https://www.inaturalist.org/observations/226789437,https://inaturalist-open-data.s3.amazonaws.com/photos/402255056/medium.jpg,,"","",1,0,false,3,"Morganton Rd, Fayetteville, NC, US",35.0614927803,-78.9188925643,35,,,,35,,,false,,,Kudzu Bug,Megacopta cribraria,Kudzu Bug,Insecta,209176
226799278,a002ec0a-727c-4fee-8130-de6c6996fed8,2024/07/02 12:12 PM,2024-07-02,2024-07-02 16:12:00 UTC,Eastern Time (US & Canada),1597696,sc_beetles,Phillip Harpootlian,2024-07-03 00:45:47 UTC,2024-07-03 01:02:14 UTC,research,CC-BY-NC,https://www.inaturalist.org/observations/226799278,https://inaturalist-open-data.s3.amazonaws.com/photos/402269738/medium.jpg,,"",,1,0,false,,"Doodle Trail, SC, USA",34.835065,-82.6166266667,,,,,,,,false,,,Kudzu Bug,Megacopta cribraria,Kudzu Bug,Insecta,209176
226799357,0d9a043e-7d03-47cb-9135-5f4450b1b613,2024/07/02 2:11 PM,2024-07-02,2024-07-02 18:11:00 UTC,Eastern Time (US & Canada),1597696,sc_beetles,Phillip Harpootlian,2024-07-03 00:46:05 UTC,2024-07-03 00:57:06 UTC,research,CC-BY-NC,https://www.inaturalist.org/observations/226799357,https://inaturalist-open-data.s3.amazonaws.com/photos/402270502/medium.jpg,,"",,1,0,false,,"Doodle Trail, SC, USA",34.840235,-82.6298683333,,,,,,,,false,,,Kudzu Bug,Megacopta cribraria,Kudzu Bug,Insecta,209176
226799360,11b0b353-9303-41ff-a716-daef454129d2,2024/07/02 2:13 PM,2024-07-02,2024-07-02 18:13:00 UTC,Eastern Time (US & Canada),1597696,sc_beetles,Phillip Harpootlian,2024-07-03 00:46:06 UTC,2024-07-03 00:56:47 UTC,research,CC-BY-NC,https://www.inaturalist.org/observations/226799360,https://inaturalist-open-data.s3.amazonaws.com/photos/402275702/medium.jpeg,,"",,1,0,false,,"Doodle Trail, SC, USA",34.84015,-82.62979,,,,,,,,false,,,Kudzu Bug,Megacopta cribraria,Kudzu Bug,Insecta,209176
226890458,c9fdc229-9333-4bbe-a279-8c9fece55c25,2024-07-02 18:43:05-04:00,2024-07-02,2024-07-02 22:43:05 UTC,Eastern Time (US & Canada),3095727,expertamateur,Stephanie MacDonald,2024-07-03 13:55:04 UTC,2024-07-03 15:47:54 UTC,research,,https://www.inaturalist.org/observations/226890458,https://static.inaturalist.org/photos/402445352/medium.jpg,,"","",1,0,false,3,"Morehead Planetarium and Science Center, Chapel Hill, NC, US",35.9141783333,-79.0512916667,4,,,,4,,,false,,,Kudzu Bug,Megacopta cribraria,Kudzu Bug,Insecta,209176
226895734,0869890f-5cfa-415d-bfa1-7a8355becca9,2024-07-02 20:08:54-05:00,2024-07-02,2024-07-03 01:08:54 UTC,Central Time (US & Canada),5812595,travis473,Travis,2024-07-03 14:23:07 UTC,2024-07-12 16:11:24 UTC,research,,https://www.inaturalist.org/observations/226895734,https://static.inaturalist.org/photos/402454210/medium.jpg,,"","",1,0,false,3,United States,34.9923215622,-87.720063316,6,,,,28762,obscured,,true,,,Kudzu Bug,Megacopta cribraria,Kudzu Bug,Insecta,209176
226982321,fae3f7fa-8f4c-44f6-9d27-9b748e5c42c5,2024-07-03 17:41:39-04:00,2024-07-03,2024-07-03 21:41:39 UTC,Eastern Time (US & Canada),7262681,atlolive11,,2024-07-03 21:44:33 UTC,2024-07-03 22:13:23 UTC,research,CC-BY-NC,https://www.inaturalist.org/observations/226982321,https://inaturalist-open-data.s3.amazonaws.com/photos/402613835/medium.jpg,,"","",2,0,false,3,"Virginia Ave NE, Atlanta, GA, US",33.7823891,-84.3543245,3527,,,,3527,,,false,,,Kudzu Bug,Megacopta cribraria,Kudzu Bug,Insecta,209176
226985042,65646adf-9672-408b-b9e6-1a1574c50abe,2024-07-03 18:02:58-04:00,2024-07-03,2024-07-03 22:02:58 UTC,Eastern Time (US & Canada),6701705,kaiyung,,2024-07-03 22:03:23 UTC,2024-07-10 19:11:46 UTC,research,CC-BY-NC,https://www.inaturalist.org/observations/226985042,https://inaturalist-open-data.s3.amazonaws.com/photos/405480859/medium.jpg,,"","",1,0,false,3,"Dekalb Ave NE, Atlanta, GA, US",33.7534366667,-84.364145,5,,,,5,,,false,,,Kudzu Bug,Megacopta cribraria,Kudzu Bug,Insecta,209176
226995877,6282ff83-df9b-4b99-9e2c-b7b940982d80,2024-07-03 19:12:17,2024-07-03,2024-07-03 23:12:17 UTC,Eastern Time (US & Canada),2040076,scotepply,Scot Epply,2024-07-03 23:15:49 UTC,2024-07-05 19:04:33 UTC,research,,https://www.inaturalist.org/observations/226995877,https://static.inaturalist.org/photos/402642535/medium.jpeg,,"",,1,0,false,2,"Harrisburg, NC, USA",35.30678543,-80.66667383,7,,,,7,,,false,,,Kudzu Bug,Megacopta cribraria,Kudzu Bug,Insecta,209176
226998555,28d6b5db-a95a-40e0-882c-0e70aae03085,2024-07-03 19:11:34,2024-07-03,2024-07-03 23:11:34 UTC,Eastern Time (US & Canada),5799120,andrew2285,"",2024-07-03 23:34:59 UTC,2025-02-03 15:31:01 UTC,research,,https://www.inaturalist.org/observations/226998555,https://static.inaturalist.org/photos/402648057/medium.jpeg,,"",,1,0,false,2,"District of Columbia, District of Columbia County, US",38.92414301,-77.04678501,4,,,,4,,,false,,,Kudzu Bug,Megacopta cribraria,Kudzu Bug,Insecta,209176
227130368,86a9c2ec-e1f5-42ea-b233-89ff2bbf5f2f,2024-07-01 15:40:27-04:00,2024-07-01,2024-07-01 19:40:27 UTC,Eastern Time (US & Canada),3895427,jward20,J Ward,2024-07-04 17:14:49 UTC,2025-05-29 04:29:54 UTC,research,CC-BY-NC,https://www.inaturalist.org/observations/227130368,https://inaturalist-open-data.s3.amazonaws.com/photos/402894941/medium.jpg,,"","",1,0,false,3,"Georgia, US",30.8801547794,-83.2287802458,7,,,,29304,obscured,,true,,,Kudzu Bug,Megacopta cribraria,Kudzu Bug,Insecta,209176
227131312,f03f78d4-e85c-4420-8189-07cc8b061ff2,2024-07-03 17:42:16-04:00,2024-07-03,2024-07-03 21:42:16 UTC,Eastern Time (US & Canada),1960560,elkins456,Harrison J Elkins,2024-07-04 17:19:06 UTC,2025-02-03 15:30:59 UTC,research,CC-BY,https://www.inaturalist.org/observations/227131312,https://inaturalist-open-data.s3.amazonaws.com/photos/402896586/medium.jpg,,"","",2,0,false,3,"E Innes St, Salisbury, NC, US",35.6604916667,-80.4609916667,4,,,,4,,,false,,,Kudzu Bug,Megacopta cribraria,Kudzu Bug,Insecta,209176
227181877,baace67f-0788-4237-83ce-eee4f516767b,2024-07-04 17:17:45-04:00,2024-07-04,2024-07-04 21:17:45 UTC,Eastern Time (US & Canada),6682641,jferrari444,Jim Ferrari,2024-07-04 21:24:57 UTC,2025-02-03 15:30:54 UTC,research,CC-BY-NC,https://www.inaturalist.org/observations/227181877,https://inaturalist-open-data.s3.amazonaws.com/photos/402989305/medium.jpg,,"",On kudzu vine in neighbor’s yard ,1,0,false,3,"Ashley Pl, Macon, GA, US",32.8568533333,-83.6688783333,4,,,,4,,,false,,,Kudzu Bug,Megacopta cribraria,Kudzu Bug,Insecta,209176
227190291,2b096397-7e28-4a7c-acab-38e0906b4796,Thu Jul 04 2024 18:15:16 GMT -0400 (EDT),2024-07-04,2024-07-04 22:15:16 UTC,Eastern Time (US & Canada),1579967,karamilligan,Kara Milligan,2024-07-04 22:15:37 UTC,2025-02-03 15:30:54 UTC,research,CC-BY-NC,https://www.inaturalist.org/observations/227190291,https://inaturalist-open-data.s3.amazonaws.com/photos/403007023/medium.jpeg,,"",,1,0,false,333,Tallahassee,30.440612793,-84.2546844482,45,,,,45,,,false,,,Kudzu Bug,Megacopta cribraria,Kudzu Bug,Insecta,209176
227195468,e6f4baaf-c981-4f7c-96e7-73900d341562,2024-07-04 17:47:45-05:00,2024-07-04,2024-07-04 22:47:45 UTC,Central Time (US & Canada),5014531,wikkidd420,Wikkidd420,2024-07-04 22:49:22 UTC,2025-02-03 15:30:51 UTC,research,CC-BY-NC,https://www.inaturalist.org/observations/227195468,https://inaturalist-open-data.s3.amazonaws.com/photos/403016687/medium.jpg,,"","",1,0,false,3,"Pine St, Montgomery, AL, US",32.3657254999,-86.2847723989,30,,,,30,,,false,,,Kudzu Bug,Megacopta cribraria,Kudzu Bug,Insecta,209176
227204991,1a1d5d3f-05db-4c4d-9435-c3e5f6f1ad42,2024-07-04 19:49:03-04:00,2024-07-04,2024-07-04 23:49:03 UTC,Eastern Time (US & Canada),589165,shannon94,Shannon Matzke,2024-07-04 23:49:39 UTC,2024-10-04 11:01:06 UTC,research,,https://www.inaturalist.org/observations/227204991,https://static.inaturalist.org/photos/403035223/medium.jpg,,"","",2,0,false,3,"E Perry St, Savannah, GA, US",32.0753677836,-81.0919428701,4,,,,4,,,false,,,Kudzu Bug,Megacopta cribraria,Kudzu Bug,Insecta,209176
227210577,f6ad3a59-ccb4-4462-bb27-2e05c3c7b513,2024-07-03 16:29:23-04:00,2024-07-03,2024-07-03 20:29:23 UTC,Eastern Time (US & Canada),20614,mschumm,"",2024-07-05 00:24:23 UTC,2024-10-04 11:01:06 UTC,research,CC-BY-NC,https://www.inaturalist.org/observations/227210577,https://inaturalist-open-data.s3.amazonaws.com/photos/403046537/medium.jpg,,"","",3,0,false,3,"Mission Rd, Tallahassee, FL, US",30.4555669176,-84.3327746341,57,,,,57,,,false,,,Kudzu Bug,Megacopta cribraria,Kudzu Bug,Insecta,209176
227288859,3336fc20-a6fb-4459-9a8b-53bcec309de6,2024-07-05 08:44:08,2024-07-05,2024-07-05 12:44:08 UTC,Eastern Time (US & Canada),1630237,dmsandman,,2024-07-05 12:44:40 UTC,2024-10-04 11:00:59 UTC,research,CC-BY-NC,https://www.inaturalist.org/observations/227288859,https://inaturalist-open-data.s3.amazonaws.com/photos/403197790/medium.jpeg,,"",,2,0,false,2,"Research Triangle Park, NC 27709, USA",35.89742769,-78.85728829,9,,,,9,,,false,,,Kudzu Bug,Megacopta cribraria,Kudzu Bug,Insecta,209176
227316911,ff77df8f-a2f3-4b68-b91d-0f352add3bb4,2024-07-05 11:27:46,2024-07-05,2024-07-05 15:27:46 UTC,Eastern Time (US & Canada),8233491,austin54109,Austin,2024-07-05 15:36:13 UTC,2024-10-04 11:00:54 UTC,research,,https://www.inaturalist.org/observations/227316911,https://static.inaturalist.org/photos/403250030/medium.jpeg,,"",,2,0,false,2,"Georgia, US",33.2495359762,-84.5612606317,,,,,28984,obscured,,true,,,Kudzu Bug,Megacopta cribraria,Kudzu Bug,Insecta,209176
227320210,c64a8745-2f36-4c59-bdc3-2d0a85d3e326,2024/07/05 10:17 AM,2024-07-05,2024-07-05 14:17:00 UTC,Eastern Time (US & Canada),7715927,aconfer,AConfer,2024-07-05 15:52:00 UTC,2024-10-04 11:00:53 UTC,research,CC-BY-NC,https://www.inaturalist.org/observations/227320210,https://inaturalist-open-data.s3.amazonaws.com/photos/403255701/medium.jpeg,,"","",2,0,false,,"Franklin County, NC, USA",36.0504665606,-78.4608455806,337,,,,337,,,false,,,Kudzu Bug,Megacopta cribraria,Kudzu Bug,Insecta,209176
227359604,f65ce0e6-c514-4113-b9ff-276ae190c1e2,2024-07-05 14:08:27,2024-07-05,2024-07-05 19:08:27 UTC,Central Time (US & Canada),8252124,carbonwilson,,2024-07-05 19:17:34 UTC,2024-10-04 11:00:52 UTC,research,CC-BY-NC,https://www.inaturalist.org/observations/227359604,https://inaturalist-open-data.s3.amazonaws.com/photos/403331852/medium.jpeg,,"",,3,0,false,2,"Vicksburg, MS, USA",32.3117472222,-90.9005361111,,,,,,,,false,gps,gps,Kudzu Bug,Megacopta cribraria,Kudzu Bug,Insecta,209176
227370383,109c18a0-9b1f-4a29-bec1-d3ce5042c5e5,2024-07-05 13:51:48-04:00,2024-07-05,2024-07-05 17:51:48 UTC,Eastern Time (US & Canada),3895789,noncognosco,Randy Herman,2024-07-05 20:05:21 UTC,2024-10-04 11:00:51 UTC,research,CC-BY-NC,https://www.inaturalist.org/observations/227370383,https://inaturalist-open-data.s3.amazonaws.com/photos/403350604/medium.jpg,,"","",2,0,false,3,"Bus US-220, Stoneville, NC, US",36.438795,-79.9378466667,4,,,,4,,,false,,,Kudzu Bug,Megacopta cribraria,Kudzu Bug,Insecta,209176
227402141,04cd960f-7b27-42b5-baa7-a896c5eecf80,2024-07-05 21:41:15+05:00,2024-07-05,2024-07-05 16:41:15 UTC,Eastern Time (US & Canada),4386323,rockyrollin,RockyRollin,2024-07-05 23:06:32 UTC,2024-10-04 11:00:49 UTC,research,CC-BY-NC,https://www.inaturalist.org/observations/227402141,https://inaturalist-open-data.s3.amazonaws.com/photos/403410175/medium.jpg,,"","",2,0,false,3,"Noonday Creek Trail, Woodstock, GA, US",34.0990410175,-84.5286390487,24,,,,24,,,false,,,Kudzu Bug,Megacopta cribraria,Kudzu Bug,Insecta,209176
227407590,0063a7dc-2c09-4190-9562-da606eaa67b0,2024/06/30 11:21 AM,2024-06-30,2024-06-30 15:21:00 UTC,Eastern Time (US & Canada),4929969,presto84,Rob Keeney,2024-07-05 23:41:21 UTC,2024-10-04 11:00:49 UTC,research,CC-BY-NC,https://www.inaturalist.org/observations/227407590,https://inaturalist-open-data.s3.amazonaws.com/photos/403419621/medium.jpg,,"","",2,0,false,,"Buford Presbyterian Church, Sugar Hill, Gwinnett County, GA, USA",34.0891933333,-84.0214366667,,,,,,,,false,,,Kudzu Bug,Megacopta cribraria,Kudzu Bug,Insecta,209176
227423754,48c4620d-b6a4-4df2-9888-1873ebbbf8f0,2024-07-05 17:42:06-04:00,2024-07-05,2024-07-05 21:42:06 UTC,Eastern Time (US & Canada),19891,awharvey,Alan Harvey,2024-07-06 01:34:41 UTC,2024-10-04 11:00:46 UTC,research,CC-BY-NC,https://www.inaturalist.org/observations/227423754,https://inaturalist-open-data.s3.amazonaws.com/photos/403453525/medium.jpg,,"","",2,0,false,3,"W Main St, Statesboro, GA, US",32.4490116667,-81.7841916667,,,,,,,,false,,,Kudzu Bug,Megacopta cribraria,Kudzu Bug,Insecta,209176
227438755,4eac4967-25a0-4dd9-8b7d-22904ac1d9d7,2024/07/05 11:08 PM,2024-07-05,2024-07-06 03:08:00 UTC,Eastern Time (US & Canada),449347,dennisvonlinden,Ole Goat,2024-07-06 03:13:24 UTC,2024-10-04 11:00:44 UTC,research,CC-BY-NC,https://www.inaturalist.org/observations/227438755,https://inaturalist-open-data.s3.amazonaws.com/photos/403482271/medium.jpg,,"",,2,0,false,,"Halifax, VA, USA",36.7659709,-78.9283441,2675,,,,2675,,,false,,,Kudzu Bug,Megacopta cribraria,Kudzu Bug,Insecta,209176
227445594,a89ba130-3636-49c2-a483-247065823d4e,2024-07-05 19:54:47-04:00,2024-07-05,2024-07-05 23:54:47 UTC,Eastern Time (US & Canada),4723038,bramblefruits,,2024-07-06 04:05:56 UTC,2024-10-04 11:00:43 UTC,research,CC-BY-NC,https://www.inaturalist.org/observations/227445594,https://inaturalist-open-data.s3.amazonaws.com/photos/403495575/medium.jpg,,"","",2,0,false,3,"Glenn Dale, MD, US",39.010625,-76.8338616667,4,,,,4,,,false,,,Kudzu Bug,Megacopta cribraria,Kudzu Bug,Insecta,209176
227527077,4f8ebb36-6c45-413a-8915-9b9e0ee48d12,2024-07-06 10:42:40-04:00,2024-07-06,2024-07-06 14:42:40 UTC,Eastern Time (US & Canada),401017,rlephoto,Randy Emmitt,2024-07-06 14:54:16 UTC,2024-10-04 11:00:42 UTC,research,,https://www.inaturalist.org/observations/227527077,https://static.inaturalist.org/photos/403648339/medium.jpg,,"","",2,0,false,3,"Rocky Top Dr, Rougemont, NC, US",36.1898416667,-78.9815966667,7,,,,7,,,false,,,Kudzu Bug,Megacopta cribraria,Kudzu Bug,Insecta,209176
227535318,cde40f2f-f381-4c2a-8379-dd2fb5510bc2,2024-07-05 19:56:19,2024-07-05,2024-07-05 23:56:19 UTC,Eastern Time (US & Canada),4985595,caoraesque,Julie Stella,2024-07-06 15:28:40 UTC,2024-10-04 11:00:40 UTC,research,CC-BY-NC,https://www.inaturalist.org/observations/227535318,https://inaturalist-open-data.s3.amazonaws.com/photos/403663296/medium.jpeg,,"",,2,0,false,2,"Glenn Dale, MD 20769, USA",39.0106300551,-76.8339730427,4,,,,4,,,false,gps,gps,Kudzu Bug,Megacopta cribraria,Kudzu Bug,Insecta,209176
227539039,0e952934-0ae6-4039-9166-eb02cac8426b,2024-07-05 19:51:28,2024-07-05,2024-07-05 23:51:28 UTC,Eastern Time (US & Canada),4985595,caoraesque,Julie Stella,2024-07-06 15:44:21 UTC,2024-10-04 11:00:39 UTC,research,CC-BY-NC,https://www.inaturalist.org/observations/227539039,https://inaturalist-open-data.s3.amazonaws.com/photos/403671166/medium.jpeg,,"",,2,0,false,2,"Glenn Dale, MD 20769, USA",39.0106300551,-76.8339730427,4,,,,4,,,false,gps,gps,Kudzu Bug,Megacopta cribraria,Kudzu Bug,Insecta,209176
227551268,f0382e1c-b1a2-488a-aca8-715e6ae92e56,2024-07-06 08:26:00,2024-07-06,2024-07-06 12:26:00 UTC,Eastern Time (US & Canada),198154,swampster,DT,2024-07-06 16:34:50 UTC,2024-10-04 11:00:38 UTC,research,CC-BY-NC,https://www.inaturalist.org/observations/227551268,https://inaturalist-open-data.s3.amazonaws.com/photos/403692573/medium.jpeg,,"",,2,0,false,2,"Building S, Athens, GA 30605, USA",33.9244447,-83.375782,,,,,,,,false,gps,gps,Kudzu Bug,Megacopta cribraria,Kudzu Bug,Insecta,209176
227575690,fd95e73d-b132-4f78-b447-b8e118c38143,Sat Jul 06 2024 13:13:02 GMT -0500 (CDT),2024-07-06,2024-07-06 18:13:02 UTC,Central Time (US & Canada),7743481,thefreakybean,,2024-07-06 18:13:11 UTC,2024-10-04 11:00:37 UTC,research,CC-BY-NC,https://www.inaturalist.org/observations/227575690,https://inaturalist-open-data.s3.amazonaws.com/photos/405358352/medium.jpeg,,"",,2,0,false,333,Wetumpka,32.5414733887,-86.2015533447,18,,,,18,,,false,,,Kudzu Bug,Megacopta cribraria,Kudzu Bug,Insecta,209176
227583878,f0b2ba67-7a29-4d98-bc78-9d0fc6ce5c90,Sat Jul 06 2024 13:47:25 GMT -0500 (CDT),2024-07-06,2024-07-06 18:47:25 UTC,Central Time (US & Canada),7743481,thefreakybean,,2024-07-06 18:47:31 UTC,2024-10-04 11:00:35 UTC,research,CC-BY-NC,https://www.inaturalist.org/observations/227583878,https://inaturalist-open-data.s3.amazonaws.com/photos/405392963/medium.jpeg,,"",,2,0,false,333,Wetumpka,32.5415039063,-86.2022399902,91,,,,91,,,false,,,Kudzu Bug,Megacopta cribraria,Kudzu Bug,Insecta,209176
227585525,14c2ab54-b4ae-451e-a4a7-120238f7fd49,2024-07-06 14:54:13-04:00,2024-07-06,2024-07-06 18:54:13 UTC,Eastern Time (US & Canada),1520931,wtg369,,2024-07-06 18:54:43 UTC,2024-10-04 11:00:31 UTC,research,CC-BY-NC,https://www.inaturalist.org/observations/227585525,https://inaturalist-open-data.s3.amazonaws.com/photos/403756963/medium.jpg,,"","",2,0,false,3,"Airport Rd, Gatlinburg, TN, US",35.7099860808,-83.5184298405,142,,,,142,,,false,,,Kudzu Bug,Megacopta cribraria,Kudzu Bug,Insecta,209176
227596619,e1ab4d78-ac5c-45f3-a1c2-42fcc9ce43db,2024-07-06 15:36:06,2024-07-06,2024-07-06 19:36:06 UTC,Eastern Time (US & Canada),841305,kennyworld,Kenny Chian,2024-07-06 19:39:38 UTC,2024-10-04 11:00:30 UTC,research,,https://www.inaturalist.org/observations/227596619,https://static.inaturalist.org/photos/403780763/medium.jpeg,,"",,2,0,false,2,"Jasper, GA 30143, USA",34.5291583333,-84.3949472222,,,,,,,,false,gps,gps,Kudzu Bug,Megacopta cribraria,Kudzu Bug,Insecta,209176
227598232,8eda071d-b393-4276-bc7d-a27372e1e2bc,2024-06-23 10:06:00,2024-06-23,2024-06-23 15:06:00 UTC,Central Time (US & Canada),2097177,tomdhernandez,Thomas Hernandez,2024-07-06 19:45:13 UTC,2024-10-04 11:00:30 UTC,research,CC-BY-NC,https://www.inaturalist.org/observations/227598232,https://inaturalist-open-data.s3.amazonaws.com/photos/403781160/medium.jpeg,,"",,2,0,false,2,"Birmingham, AL 35233, USA",33.5085001491,-86.8064932153,18,,,,18,,,false,gps,gps,Kudzu Bug,Megacopta cribraria,Kudzu Bug,Insecta,209176
227621575,bb12b641-bb9e-4c11-b20e-9e768713d0d4,2024-07-01 17:36:47-05:00,2024-07-01,2024-07-01 22:36:47 UTC,Central Time (US & Canada),2831770,sblumen,,2024-07-06 21:29:14 UTC,2025-02-13 22:46:20 UTC,research,CC-BY,https://www.inaturalist.org/observations/227621575,https://inaturalist-open-data.s3.amazonaws.com/photos/403825725/medium.jpg,,"","",2,0,false,3,"University Blvd, Tuscaloosa, AL, US",33.2091616667,-87.57293,27,,,,27,,,false,,,Kudzu Bug,Megacopta cribraria,Kudzu Bug,Insecta,209176
227641287,454f9b45-ae54-4866-96e8-c7bc17ef617e,2024-05-27 14:26:58,2024-05-27,2024-05-27 18:26:58 UTC,Eastern Time (US & Canada),8210550,silflay,Silflay,2024-07-06 23:06:28 UTC,2024-10-04 11:00:27 UTC,research,,https://www.inaturalist.org/observations/227641287,https://static.inaturalist.org/photos/403862743/medium.jpeg,,"",,2,0,false,2,"Hillsborough, NC 27278, USA",36.091052638,-79.0695875511,24,,,,24,,,false,gps,gps,Kudzu Bug,Megacopta cribraria,Kudzu Bug,Insecta,209176
227698121,3ad33140-3647-419e-915e-ae2cf6329a15,2024/06/30 11:00am,2024-06-30,2024-06-30 15:00:00 UTC,Eastern Time (US & Canada),7487540,merkertgrace,Grace Merkert,2024-07-07 05:18:21 UTC,2025-06-21 04:33:19 UTC,research,CC-BY-NC,https://www.inaturalist.org/observations/227698121,https://inaturalist-open-data.s3.amazonaws.com/photos/403972122/medium.jpeg,,"",,3,0,false,,"Glendale, SC, USA",34.9411465934,-81.8378686514,259,,,,259,,,false,,,Kudzu Bug,Megacopta cribraria,Kudzu Bug,Insecta,209176
227773506,d2c99a84-59a8-402b-b70c-7cd2f026a1f7,2024/07/06 2:34 PM,2024-07-06,2024-07-06 18:34:00 UTC,Eastern Time (US & Canada),247924,fmmonk,Francis Stiteler,2024-07-07 14:29:24 UTC,2024-10-04 11:00:25 UTC,research,CC-BY-NC,https://www.inaturalist.org/observations/227773506,https://inaturalist-open-data.s3.amazonaws.com/photos/404105961/medium.jpg,,"",photos by musellarose,3,0,false,,"Rockdale County, GA, USA",33.5818791559,-84.0722070016,1075,,,,1075,,,false,,,Kudzu Bug,Megacopta cribraria,Kudzu Bug,Insecta,209176
227815855,44d51943-05db-4841-8514-305ebcec9930,2024-07-07 13:20:39-04:00,2024-07-07,2024-07-07 17:20:39 UTC,Eastern Time (US & Canada),8231584,katerinakushch,,2024-07-07 17:24:57 UTC,2024-10-04 11:00:24 UTC,research,CC-BY-NC,https://www.inaturalist.org/observations/227815855,https://inaturalist-open-data.s3.amazonaws.com/photos/404189707/medium.jpg,,"","",3,0,false,3,"W Peachtree St NE, Атланта, GA, US",33.7864296296,-84.3879727053,14,,,,14,,,false,,,Megacopta cribraria,Megacopta cribraria,Kudzu Bug,Insecta,209176
227818981,ad93059a-7eae-497d-9569-c6fb3388d9dc,2024-07-07 13:25:16,2024-07-07,2024-07-07 17:25:16 UTC,Eastern Time (US & Canada),7032284,kateofthwaite,Kate Satterfield,2024-07-07 17:37:26 UTC,2024-10-04 11:00:24 UTC,research,CC-BY-NC,https://www.inaturalist.org/observations/227818981,https://inaturalist-open-data.s3.amazonaws.com/photos/404196023/medium.jpeg,,"",Got one photo before flying,2,0,false,2,"Richland County, US-SC, US",34.01159042,-81.0684855071,9,,,,28874,obscured,,true,gps,gps,Kudzu Bug,Megacopta cribraria,Kudzu Bug,Insecta,209176
227828748,615d5bee-ecf2-4b99-be41-bfedee3ec922,Sun Jul 07 2024 13:14:45 GMT -0500 (CDT),2024-07-07,2024-07-07 18:14:45 UTC,Central Time (US & Canada),3359743,tcpremo,,2024-07-07 18:14:52 UTC,2025-02-03 15:30:50 UTC,research,CC-BY-NC,https://www.inaturalist.org/observations/227828748,https://inaturalist-open-data.s3.amazonaws.com/photos/404215003/medium.jpeg,,"",,1,0,false,333,Huntsville,34.8011779785,-86.4535140991,100,,,,100,,,false,,,Kudzu Bug,Megacopta cribraria,Kudzu Bug,Insecta,209176
227844688,1c657859-c144-491b-981c-2e1e406b9403,2024-07-07 15:14:45,2024-07-07,2024-07-07 19:14:45 UTC,Eastern Time (US & Canada),1889585,rbmorris,Raven,2024-07-07 19:15:17 UTC,2025-02-03 15:30:47 UTC,research,CC-BY-NC,https://www.inaturalist.org/observations/227844688,https://inaturalist-open-data.s3.amazonaws.com/photos/404245171/medium.jpeg,,"",,1,0,false,2,"Gatlinburg, TN 37738, USA",35.7254719429,-83.5128512622,12,,,,12,,,false,,,Kudzu Bug,Megacopta cribraria,Kudzu Bug,Insecta,209176
227852885,c17f7480-833d-46cf-8214-224e39c51664,Sun Jul 07 2024 14:48:54 GMT -0500 (CDT),2024-07-07,2024-07-07 19:48:54 UTC,Central Time (US & Canada),8189325,horticulture8,H Meriwether,2024-07-07 19:49:02 UTC,2025-02-03 15:30:41 UTC,research,,https://www.inaturalist.org/observations/227852885,https://static.inaturalist.org/photos/404261227/medium.jpeg,,"",,1,0,false,333,Stewart,33.5408630371,-89.46509552,14,,,,14,,,false,,,Kudzu Bug,Megacopta cribraria,Kudzu Bug,Insecta,209176
227860217,adc62e7c-97f3-4225-afdd-59f953e2f073,2024-07-07 16:17:32-04:00,2024-07-07,2024-07-07 20:17:32 UTC,Eastern Time (US & Canada),8340212,yellowjacket14,,2024-07-07 20:18:40 UTC,2025-02-03 15:30:40 UTC,research,CC-BY-NC,https://www.inaturalist.org/observations/227860217,https://inaturalist-open-data.s3.amazonaws.com/photos/404274805/medium.jpg,,"","",2,0,false,3,"Cherokee St NW, Kennesaw, GA, US",34.0353293485,-84.6068648845,16,,,,16,,,false,,,Kudzu Bug,Megacopta cribraria,Kudzu Bug,Insecta,209176
227861436,ec0ef715-84a0-457f-9d7d-6b2a8c1bb007,2024-07-07 15:23:54-05:00,2024-07-07,2024-07-07 20:23:54 UTC,Central Time (US & Canada),5945378,maganhg,Magan Higgins Gramling,2024-07-07 20:24:09 UTC,2025-02-03 15:30:33 UTC,research,,https://www.inaturalist.org/observations/227861436,https://static.inaturalist.org/photos/404277100/medium.jpg,,"","",1,0,false,3,"Branch Dr, Chelsea, AL, US",33.3317712047,-86.6261807163,31,,,,31,,,false,,,Kudzu Bug,Megacopta cribraria,Kudzu Bug,Insecta,209176
227867483,fe0d778d-5c86-478a-9f1b-0a95c000fd4a,2024-07-07 16:43:06-04:00,2024-07-07,2024-07-07 20:43:06 UTC,Eastern Time (US & Canada),4263569,cortney_norris,Cortney Norris,2024-07-07 20:50:37 UTC,2025-02-03 15:30:25 UTC,research,,https://www.inaturalist.org/observations/227867483,https://static.inaturalist.org/photos/404288370/medium.jpg,,"","",1,0,false,3,"Ollie Davis Dr, Knoxville, TN, US",36.0136611167,-83.8741383333,4,,,,4,,,false,,,Kudzu Bug,Megacopta cribraria,Kudzu Bug,Insecta,209176
227874536,de3b4c80-8e52-445d-8c4f-e5f3634a9493,Sun Jul 07 2024 17:21:58 GMT -0400 (EDT),2024-07-07,2024-07-07 21:21:58 UTC,Eastern Time (US & Canada),3158044,corteadr,Adrian Cortez,2024-07-07 21:22:06 UTC,2025-02-03 15:30:24 UTC,research,CC-BY-NC,https://www.inaturalist.org/observations/227874536,https://inaturalist-open-data.s3.amazonaws.com/photos/404301052/medium.jpeg,,"",,1,0,false,333,Gatlinburg,35.7034606934,-83.5584640503,5,,,,5,,,false,,,Kudzu Bug,Megacopta cribraria,Kudzu Bug,Insecta,209176
227877422,6fa00405-e55a-48a6-9e65-17afe7d43b43,2024-07-07 17:35:36,2024-07-07,2024-07-07 21:35:36 UTC,Eastern Time (US & Canada),4633310,greatpurpleheron,Great Purple Heron,2024-07-07 21:37:20 UTC,2025-02-03 15:30:19 UTC,research,CC-BY-NC,https://www.inaturalist.org/observations/227877422,https://inaturalist-open-data.s3.amazonaws.com/photos/404306921/medium.jpeg,,"",Kudzu bugs all over the outside of this 11th floor window in Midtown ,1,0,false,2,"Fulton County, US-GA, US",33.6909850293,-84.3196933676,,,,,28930,obscured,,true,gps,gps,Kudzu Bug,Megacopta cribraria,Kudzu Bug,Insecta,209176
227878374,60af3d50-42ad-4af4-90a5-cd937a9e82bf,2024-07-07 17:33:04-04:00,2024-07-07,2024-07-07 21:33:04 UTC,Eastern Time (US & Canada),7403244,adrienne_leggett,Adrienne Leggett,2024-07-07 21:42:12 UTC,2025-02-03 15:30:18 UTC,research,,https://www.inaturalist.org/observations/227878374,https://static.inaturalist.org/photos/404308938/medium.jpg,,"","",1,0,false,3,"Lake Ivanhoe Dr, Tucker, GA, US",33.8631272363,-84.1928690393,6,,,,6,,,false,,,Kudzu Bug,Megacopta cribraria,Kudzu Bug,Insecta,209176
227886688,8c4cc73b-2a2b-45d6-bde2-8110f5a13ac1,2024-07-07 16:06:17-05:00,2024-07-07,2024-07-07 21:06:17 UTC,Central Time (US & Canada),6255246,amylbolt,Amy Bolt,2024-07-07 22:23:48 UTC,2025-02-03 15:30:12 UTC,research,,https://www.inaturalist.org/observations/227886688,https://static.inaturalist.org/photos/404326079/medium.jpg,,"","",1,0,false,3,"Crosshaven Dr, Vestavia Hills, AL, US",33.4541633333,-86.7309116667,3912,,,,3912,,,false,,,Kudzu Bug,Megacopta cribraria,Kudzu Bug,Insecta,209176
227915036,2b3df17f-f307-4f87-a187-2a4ed9ee7ee7,2024-07-07 14:30:01-04:00,2024-07-07,2024-07-07 18:30:01 UTC,Eastern Time (US & Canada),5672260,bishop01,,2024-07-08 00:59:09 UTC,2025-02-03 15:30:09 UTC,research,CC-BY-NC,https://www.inaturalist.org/observations/227915036,https://inaturalist-open-data.s3.amazonaws.com/photos/404381692/medium.jpg,,"","",1,0,false,3,"SR-5 N, Jasper, GA, US",34.46352,-84.4564666667,4,,,,4,,,false,,,Kudzu Bug,Megacopta cribraria,Kudzu Bug,Insecta,209176
227922469,939e5733-53ae-489d-a262-ca6733cec266,2024-07-06 19:46:37,2024-07-06,2024-07-06 23:46:37 UTC,Eastern Time (US & Canada),1110667,botanylicious,Sarah Kelsey,2024-07-08 01:44:06 UTC,2025-02-03 15:30:07 UTC,research,CC-BY-NC-SA,https://www.inaturalist.org/observations/227922469,https://inaturalist-open-data.s3.amazonaws.com/photos/404396472/medium.jpeg,,"",,1,0,false,2,"Atlanta, GA 30344, USA",33.6708555556,-84.4507194444,,,,,,,,false,gps,gps,Kudzu Bug,Megacopta cribraria,Kudzu Bug,Insecta,209176
227936526,53a16adb-84bf-46f0-a2a2-0d21a7455980,2024-07-04 16:26:55,2024-07-04,2024-07-04 20:26:55 UTC,Eastern Time (US & Canada),4526493,ryan_dixon,Ryan Dixon,2024-07-08 03:12:13 UTC,2025-02-03 15:29:59 UTC,research,,https://www.inaturalist.org/observations/227936526,https://static.inaturalist.org/photos/404424369/medium.jpeg,,"",,1,0,false,2,"Waycross, GA, USA",31.2259861111,-82.3290833333,,,,,,,,false,gps,gps,Kudzu Bug,Megacopta cribraria,Kudzu Bug,Insecta,209176
228083071,e254e598-cf0f-4448-ba19-b0721f82acae,2024-07-08 14:52:53,2024-07-08,2024-07-08 18:52:53 UTC,Eastern Time (US & Canada),7022358,rjsmith12,RJ Smith,2024-07-08 19:11:36 UTC,2025-02-03 15:29:57 UTC,research,,https://www.inaturalist.org/observations/228083071,https://static.inaturalist.org/photos/404701330/medium.jpeg,,"",,1,0,false,2,"Dale Terrace/Olympus/Victory Square, Savannah, GA 31404, USA",32.0390945997,-81.0782090997,,,,,,,,false,gps,gps,Kudzu Bug,Megacopta cribraria,Kudzu Bug,Insecta,209176
228086205,c041da42-e9dc-4672-9ceb-6467ff1c87ea,2024-07-08 14:24:28-05:00,2024-07-08,2024-07-08 19:24:28 UTC,Central Time (US & Canada),291746,greenesnake,Mark Greene,2024-07-08 19:25:39 UTC,2025-02-03 15:29:56 UTC,research,CC-BY-NC,https://www.inaturalist.org/observations/228086205,https://inaturalist-open-data.s3.amazonaws.com/photos/404707318/medium.jpg,,"","",1,0,false,3,"Red Benthal Rd, Trenton, TN, US",35.9867216667,-88.8877116667,5,,,,5,,,false,,,Kudzu Bug,Megacopta cribraria,Kudzu Bug,Insecta,209176
228092644,09b6b585-6fc1-4165-bb7c-706ea45f1ba3,2024-07-08 14:53:22,2024-07-08,2024-07-08 19:53:22 UTC,Central Time (US & Canada),8343236,david98968,David Oty オテイ,2024-07-08 19:54:48 UTC,2025-02-03 15:29:55 UTC,research,,https://www.inaturalist.org/observations/228092644,https://static.inaturalist.org/photos/404718737/medium.jpeg,,"",Sitting on a wall. ,2,0,false,2,"Enterprise, AL 36330, USA",31.29687879,-85.87376244,4,,,,4,,,false,,,Kudzu Bug,Megacopta cribraria,Kudzu Bug,Insecta,209176
228121627,246f2573-1d0a-4113-826e-14d8c6b3fb77,Mon Jul 08 2024 18:23:34 GMT -0400 (EDT),2024-07-08,2024-07-08 22:23:34 UTC,Eastern Time (US & Canada),6512944,cinder_the_great,"",2024-07-08 22:23:39 UTC,2025-02-03 15:29:54 UTC,research,CC-BY-NC,https://www.inaturalist.org/observations/228121627,https://inaturalist-open-data.s3.amazonaws.com/photos/404775076/medium.jpeg,,"",,1,0,false,333,Simpsonville,34.7043495178,-82.2590713501,4,,,,4,,,false,,,Kudzu Bug,Megacopta cribraria,Kudzu Bug,Insecta,209176
228130325,38f8b320-aea0-495a-a3d7-a145da0c1fd6,2024-07-08 18:21:14-04:00,2024-07-08,2024-07-08 22:21:14 UTC,Eastern Time (US & Canada),6670703,noslug,,2024-07-08 23:13:27 UTC,2025-02-03 15:29:52 UTC,research,CC-BY-NC,https://www.inaturalist.org/observations/228130325,https://inaturalist-open-data.s3.amazonaws.com/photos/404790943/medium.jpg,,"","",1,0,false,3,"N Hall of Fame Dr, Knoxville, TN, US",35.9806470362,-83.9168212344,23,,,,23,,,false,,,Kudzu Bug,Megacopta cribraria,Kudzu Bug,Insecta,209176
228131804,c66d468d-6d05-425e-bd63-bd76609d0b13,Mon Jul 08 2024 19:23:02 GMT -0400 (EDT),2024-07-08,2024-07-08 23:23:02 UTC,Eastern Time (US & Canada),3201572,justsik,,2024-07-08 23:23:16 UTC,2025-02-03 15:29:52 UTC,research,,https://www.inaturalist.org/observations/228131804,https://static.inaturalist.org/photos/407724774/medium.jpeg,,"",,1,0,false,333,Knoxville,35.9436340332,-84.1172332764,35,,,,35,,,false,,,Kudzu Bug,Megacopta cribraria,Kudzu Bug,Insecta,209176
228140705,175dcdeb-faa5-46f6-b2be-0be67928292e,2024-07-08 18:51:49-05:00,2024-07-08,2024-07-08 23:51:49 UTC,Central Time (US & Canada),1718231,lmsjfs,,2024-07-09 00:16:03 UTC,2025-02-03 15:29:50 UTC,research,CC-BY-NC,https://www.inaturalist.org/observations/228140705,https://inaturalist-open-data.s3.amazonaws.com/photos/404811412/medium.jpg,,"",Large clusters of bugs in my American Wisteria vines. First time to see these bugs in my vicinity.  ,1,0,false,3,"Intracoastal Dr, Madison, AL, US",34.7392004671,-86.7188887806,7,,,,7,,,false,,,Kudzu Bug,Megacopta cribraria,Kudzu Bug,Insecta,209176
228146315,35841204-5646-43c4-bf0d-a5c87f3a101d,Mon Jul 08 2024 20:05:17 GMT -0400 (EDT),2024-07-08,2024-07-09 00:05:17 UTC,Eastern Time (US & Canada),3577475,lplatt1,"",2024-07-09 00:52:06 UTC,2025-02-03 15:29:49 UTC,research,CC-BY-NC,https://www.inaturalist.org/observations/228146315,https://inaturalist-open-data.s3.amazonaws.com/photos/404822216/medium.jpeg,,"","",2,0,false,333,Chattanooga,35.0909881592,-85.2871932983,232,,,,232,,,false,,,Kudzu Bug,Megacopta cribraria,Kudzu Bug,Insecta,209176
228245425,be79e963-4c34-454e-93a9-2cc95d588fa0,2024-07-09 10:58:28-04:00,2024-07-09,2024-07-09 14:58:28 UTC,Eastern Time (US & Canada),8231546,gordondiane16,,2024-07-09 14:58:31 UTC,2025-02-03 15:29:48 UTC,research,CC-BY-NC,https://www.inaturalist.org/observations/228245425,https://inaturalist-open-data.s3.amazonaws.com/photos/405008205/medium.jpg,,"","",2,0,false,3,"Georgia State University - Perimeter College’s Clarkston Campus, Clarkston, GA, US",33.7919465142,-84.2352160547,81,,,,81,,,false,,,Kudzu Bug,Megacopta cribraria,Kudzu Bug,Insecta,209176
228261045,8304df21-1f4a-4a0f-8725-fd98c8f612b8,2024-07-09 09:53:52,2024-07-09,2024-07-09 13:53:52 UTC,Eastern Time (US & Canada),6316688,carolineamico,Caroline Amico,2024-07-09 16:17:28 UTC,2025-02-03 15:29:42 UTC,research,CC-BY,https://www.inaturalist.org/observations/228261045,https://inaturalist-open-data.s3.amazonaws.com/photos/405035998/medium.jpeg,,"",,1,0,false,2,"Murray Hall, Chapel Hill, NC 27514, USA",35.9097777778,-79.0517333333,,,,,,,,false,gps,gps,Kudzu Bug,Megacopta cribraria,Kudzu Bug,Insecta,209176
228265091,4197bdaf-8322-4671-9702-dbad360275cb,2024-07-08 18:07:50-04:00,2024-07-08,2024-07-08 22:07:50 UTC,Eastern Time (US & Canada),8232347,elizabethmorton,,2024-07-09 16:37:05 UTC,2025-02-03 15:29:41 UTC,research,CC-BY-NC,https://www.inaturalist.org/observations/228265091,https://inaturalist-open-data.s3.amazonaws.com/photos/405042913/medium.jpg,,"","",1,0,false,3,"River Hwy, Mooresville, NC, US",35.5979383333,-80.8736283333,10,,,,10,,,false,,,Kudzu Bug,Megacopta cribraria,Kudzu Bug,Insecta,209176
228290431,3c99a2f8-ea6f-49ff-9f5a-63dc5f5c93b0,2024-07-09 14:44:41-04:00,2024-07-09,2024-07-09 18:44:41 UTC,Eastern Time (US & Canada),8231670,denaiya,,2024-07-09 18:45:49 UTC,2024-07-09 19:20:27 UTC,research,CC-BY-NC,https://www.inaturalist.org/observations/228290431,https://inaturalist-open-data.s3.amazonaws.com/photos/405090175/medium.jpg,,"","",2,0,false,3,"Georgia State University - Perimeter College’s Clarkston Campus, Clarkston, GA, US",33.7917181349,-84.2346761594,5,,,,5,,,false,,,Kudzu Bug,Megacopta cribraria,Kudzu Bug,Insecta,209176
228297737,9abe44ad-5f3b-41bc-bf1f-180d06b51aac,2024-07-09 15:28:27-04:00,2024-07-09,2024-07-09 19:28:27 UTC,Eastern Time (US & Canada),8346319,scumbie01,,2024-07-09 19:31:06 UTC,2024-07-10 00:05:30 UTC,research,CC-BY-NC,https://www.inaturalist.org/observations/228297737,https://inaturalist-open-data.s3.amazonaws.com/photos/405105331/medium.jpg,,"","",1,0,false,3,"Salem Church Rd, Climax, GA, US",30.9472132009,-84.4386379235,9,,,,9,,,false,,,Kudzu Bug,Megacopta cribraria,Kudzu Bug,Insecta,209176
228299674,33a5990e-bbf0-4ddb-9b3a-19223948622f,2024-07-09 15:36:31,2024-07-09,2024-07-09 19:36:31 UTC,Eastern Time (US & Canada),2418387,ashley897,Ashley,2024-07-09 19:41:59 UTC,2024-07-09 22:40:58 UTC,research,,https://www.inaturalist.org/observations/228299674,https://static.inaturalist.org/photos/405111484/medium.jpeg,,"",Found on a wisteria vine,1,0,false,2,"O'Brien, FL 32071, USA",30.0238585821,-82.9596563056,7541,,,,7541,,,false,gps,gps,Kudzu Bug,Megacopta cribraria,Kudzu Bug,Insecta,209176
228311195,4d959df4-9c1e-418b-bd55-0b43da054fdc,2024-07-09 16:44:12-04:00,2024-07-09,2024-07-09 20:44:12 UTC,Eastern Time (US & Canada),5932167,divineofsin,,2024-07-09 20:45:57 UTC,2024-08-09 23:27:17 UTC,research,CC-BY-NC,https://www.inaturalist.org/observations/228311195,https://inaturalist-open-data.s3.amazonaws.com/photos/417416533/medium.jpeg,,"","",1,0,false,3,"Kolora Chase, Smyrna, GA, US",33.8444833333,-84.5384616667,4,,,,4,,,false,,,Kudzu Bug,Megacopta cribraria,Kudzu Bug,Insecta,209176
228324386,670b586f-ea8e-42ae-829d-e9500722801a,2024-07-09 17:23:42-04:00,2024-07-09,2024-07-09 21:23:42 UTC,Eastern Time (US & Canada),5682421,bgrunniens,,2024-07-09 22:01:13 UTC,2024-10-04 11:00:08 UTC,research,CC-BY-NC,https://www.inaturalist.org/observations/228324386,https://inaturalist-open-data.s3.amazonaws.com/photos/405155175/medium.jpg,,"","",2,0,false,3,"Gatlinburg, TN, US",35.7026033333,-83.5117416667,10,,,,10,,,false,,,Kudzu Bug,Megacopta cribraria,Kudzu Bug,Insecta,209176
228354669,71b32db8-9e88-4409-a09a-c4c043e06fed,2024-07-09 21:31:18-04:00,2024-07-09,2024-07-10 01:31:18 UTC,Eastern Time (US & Canada),7764621,kady-b23,,2024-07-10 01:31:43 UTC,2024-10-04 11:00:07 UTC,research,CC-BY-NC,https://www.inaturalist.org/observations/228354669,https://inaturalist-open-data.s3.amazonaws.com/photos/405215073/medium.jpeg,,"","",2,0,false,333,"Pisgah National Forest, Rosman, NC, US",35.1992308891,-82.8746450181,57,,,,57,,,false,,,Kudzu Bug,Megacopta cribraria,Kudzu Bug,Insecta,209176
228459152,1251bcc8-efcc-46f9-9224-b1a9c2f5f63d,2024-07-10 11:19:08-04:00,2024-07-10,2024-07-10 15:19:08 UTC,Eastern Time (US & Canada),623412,greengras2000,"",2024-07-10 15:46:09 UTC,2024-10-04 11:00:06 UTC,research,CC-BY-NC,https://www.inaturalist.org/observations/228459152,https://inaturalist-open-data.s3.amazonaws.com/photos/405408241/medium.jpg,,"","",2,0,false,3,"Harrison St, Lynchburg, VA, US",37.4152,-79.1490028333,9,,,,9,,,false,,,Kudzu Bug,Megacopta cribraria,Kudzu Bug,Insecta,209176
228469876,db5cfb50-37b5-4424-9a73-d0d56d440532,2024-07-10 12:43:30-04:00,2024-07-10,2024-07-10 16:43:30 UTC,Eastern Time (US & Canada),6703622,bluecell222,,2024-07-10 16:44:25 UTC,2024-10-04 11:00:06 UTC,research,CC-BY-NC,https://www.inaturalist.org/observations/228469876,https://inaturalist-open-data.s3.amazonaws.com/photos/405430488/medium.jpg,,"","",3,0,false,3,"N Decatur Rd, Decatur, GA, US",33.7912974261,-84.3067033398,561,,,,561,,,false,,,Kudzu Bug,Megacopta cribraria,Kudzu Bug,Insecta,209176
228516509,db34fd6f-fa4a-492a-92be-9886e00b73bc,2024-07-10 15:58:36-05:00,2024-07-10,2024-07-10 20:58:36 UTC,Central Time (US & Canada),2585161,donovanlindo,,2024-07-10 20:59:00 UTC,2024-10-04 11:00:01 UTC,research,CC-BY-NC,https://www.inaturalist.org/observations/228516509,https://inaturalist-open-data.s3.amazonaws.com/photos/406453139/medium.jpeg,,"","",3,0,false,3,"W Old Montgomery Rd, Tuskegee, AL, US",32.4157194095,-85.715606371,16,,,,16,,,false,,,Kudzu Bug,Megacopta cribraria,Kudzu Bug,Insecta,209176
228525980,5f5e0878-b183-408a-9c6d-ee14ce022620,2024-07-10 16:12:28,2024-07-10,2024-07-10 20:12:28 UTC,Eastern Time (US & Canada),2924682,philipnelson,Philip Nelson,2024-07-10 21:57:15 UTC,2024-10-04 10:59:59 UTC,research,,https://www.inaturalist.org/observations/228525980,https://static.inaturalist.org/photos/405535789/medium.jpeg,,"",,4,0,false,2,"Georgia Tech, Atlanta, GA 30332, USA",33.7795055556,-84.3964833333,,,,,,,,false,gps,gps,Kudzu Bug,Megacopta cribraria,Kudzu Bug,Insecta,209176
228533840,357db2c8-f4e2-4ab2-8401-55476cbcbd5c,2024/07/10 6:49 PM,2024-07-10,2024-07-10 22:49:00 UTC,Eastern Time (US & Canada),6252642,thysanoptera,Hal F.,2024-07-10 22:53:49 UTC,2024-10-04 10:59:58 UTC,research,CC-BY-NC,https://www.inaturalist.org/observations/228533840,https://inaturalist-open-data.s3.amazonaws.com/photos/405550228/medium.jpeg,,"","",2,0,false,,"Douglasville, GA, USA",33.7514966,-84.7477136,15277,,,,15277,,,false,,,Kudzu Bug,Megacopta cribraria,Kudzu Bug,Insecta,209176
228539819,5ac420b3-4f96-4054-b389-290ab413db98,Wed Jul 10 2024 19:32:25 GMT -0400 (EDT),2024-07-10,2024-07-10 23:32:25 UTC,Eastern Time (US & Canada),5942420,j_knox,,2024-07-10 23:32:56 UTC,2024-10-04 10:59:57 UTC,research,CC-BY-NC,https://www.inaturalist.org/observations/228539819,https://inaturalist-open-data.s3.amazonaws.com/photos/405561957/medium.jpeg,,"",,2,0,false,333,Jamestown,35.995300293,-79.9306869507,4,,,,4,,,false,,,Kudzu Bug,Megacopta cribraria,Kudzu Bug,Insecta,209176
228542957,c6d9e174-0281-45f1-9da8-4ca5d79ff38e,2024-07-10 18:53:51-05:00,2024-07-10,2024-07-10 23:53:51 UTC,Central Time (US & Canada),4732218,julierentz12,,2024-07-10 23:55:13 UTC,2024-10-04 10:59:56 UTC,research,CC-BY-NC,https://www.inaturalist.org/observations/228542957,https://inaturalist-open-data.s3.amazonaws.com/photos/405567905/medium.jpg,,"","",3,0,false,3,"Bay Rd, Mobile, AL, US",30.5515366667,-88.0831388333,9,,,,9,,,false,,,Kudzu Bug,Megacopta cribraria,Kudzu Bug,Insecta,209176
228543307,a1a0d02c-e2bf-4b1d-93d7-6e9a936ad407,2024-07-10 18:56:03-05:00,2024-07-10,2024-07-10 23:56:03 UTC,Central Time (US & Canada),4732218,julierentz12,,2024-07-10 23:57:48 UTC,2024-10-04 10:59:56 UTC,research,CC-BY-NC,https://www.inaturalist.org/observations/228543307,https://inaturalist-open-data.s3.amazonaws.com/photos/405568773/medium.jpg,,"","",3,0,false,3,"Bay Rd, Mobile, AL, US",30.5515783333,-88.0831833333,7,,,,7,,,false,,,Kudzu Bug,Megacopta cribraria,Kudzu Bug,Insecta,209176
228545794,bbb406f6-beb5-4205-8db4-c3548bf1e42b,2024-07-10 20:13:48-04:00,2024-07-10,2024-07-11 00:13:48 UTC,Eastern Time (US & Canada),8343245,tristen95108,Tristen Smith,2024-07-11 00:14:19 UTC,2024-10-04 10:59:53 UTC,research,,https://www.inaturalist.org/observations/228545794,https://static.inaturalist.org/photos/405573433/medium.jpg,,"","",3,0,false,3,"Joseph E Boone Blvd NW, Atlanta, GA, US",33.7641271157,-84.4286843777,65,,,,65,,,false,,,Kudzu Bug,Megacopta cribraria,Kudzu Bug,Insecta,209176
228558444,eddfd987-058b-42f9-99b5-c2c8f364dcfb,2024-07-02,2024-07-02,,Central Time (US & Canada),90723,mmcmasters,Melissa McMasters,2024-07-11 01:39:22 UTC,2024-10-04 10:59:48 UTC,research,CC-BY,https://www.inaturalist.org/observations/228558444,https://inaturalist-open-data.s3.amazonaws.com/photos/405598798/medium.jpg,,"","",2,0,false,,"Overton Park, Memphis, TN, US",35.147212,-89.994153,3,,,,3,,,false,,,Kudzu Bug,Megacopta cribraria,Kudzu Bug,Insecta,209176
228625056,be51d29e-d8e9-44f6-b0e1-e8e2df44cdfa,2024-07-11 10:00:03-04:00,2024-07-11,2024-07-11 14:00:03 UTC,Eastern Time (US & Canada),8232054,elyssa15150,Elyssa Kaufman,2024-07-11 14:00:50 UTC,2024-10-04 10:59:47 UTC,research,,https://www.inaturalist.org/observations/228625056,https://static.inaturalist.org/photos/406132186/medium.jpeg,,"","",2,0,false,3,"Harkey Rd, Waxhaw, NC, US",34.8433649755,-80.6896239615,157,,,,157,,,false,,,Kudzu Bug,Megacopta cribraria,Kudzu Bug,Insecta,209176
228629077,63da0c33-ce59-4e84-b4cb-0c653c7ddd98,2024-07-10 12:04:17,2024-07-10,2024-07-10 16:04:17 UTC,Eastern Time (US & Canada),6090157,shell4489,"",2024-07-11 14:24:07 UTC,2024-10-04 10:59:39 UTC,research,CC-BY-NC,https://www.inaturalist.org/observations/228629077,https://inaturalist-open-data.s3.amazonaws.com/photos/405733570/medium.jpeg,,"",Found on kudzu and a satellite dish ,3,0,false,2,"Knoxville, TN 37931, USA",35.9695813,-84.1483228997,,,,,,,,false,,,Kudzu Bug,Megacopta cribraria,Kudzu Bug,Insecta,209176
228655234,ee7e346c-7c62-4f56-8176-9b8b20013846,2024-07-11 12:43:00,2024-07-11,2024-07-11 16:43:00 UTC,Eastern Time (US & Canada),2359103,nateguy,"",2024-07-11 16:43:20 UTC,2024-10-04 10:59:38 UTC,research,CC-BY-NC,https://www.inaturalist.org/observations/228655234,https://inaturalist-open-data.s3.amazonaws.com/photos/405781744/medium.jpeg,,"",,2,0,false,2,"Knox County, US-TN, US",35.9980742331,-84.0201380476,8,,,,8,,,false,gps,gps,Kudzu Bug,Megacopta cribraria,Kudzu Bug,Insecta,209176
228666131,38e67ebd-5908-4820-afd2-58adf3fb50fa,2024-07-11 11:25:54-04:00,2024-07-11,2024-07-11 15:25:54 UTC,Eastern Time (US & Canada),4689979,td901,TDefren,2024-07-11 17:41:04 UTC,2024-10-04 10:59:36 UTC,research,,https://www.inaturalist.org/observations/228666131,https://static.inaturalist.org/photos/405801950/medium.jpeg,,"","",2,0,false,3,"Emerson Cook Rd, Pittsboro, NC, US",35.8032122205,-79.2875799379,5,,,,5,,,false,,,Kudzu Bug,Megacopta cribraria,Kudzu Bug,Insecta,209176
228666399,b842d67a-7ee5-437f-a6bd-c18be52c9150,2024-07-11 13:42:16-04:00,2024-07-11,2024-07-11 17:42:16 UTC,Eastern Time (US & Canada),4689979,td901,TDefren,2024-07-11 17:42:28 UTC,2024-10-20 22:47:07 UTC,research,,https://www.inaturalist.org/observations/228666399,https://static.inaturalist.org/photos/405802523/medium.jpeg,,"","",2,0,false,3,"Emerson Cook Rd, Pittsboro, NC, US",35.8032188123,-79.2877801663,5,,,,5,,,false,,,Kudzu Bug,Megacopta cribraria,Kudzu Bug,Insecta,209176
228689170,6fa675f4-206a-4481-bea2-5ad00f3c2f04,2024-07-11 15:36:24,2024-07-11,2024-07-11 19:36:24 UTC,Eastern Time (US & Canada),4268605,madisonelizabeth,Madison Bubniak,2024-07-11 19:42:45 UTC,2024-10-04 10:59:30 UTC,research,CC-BY-NC,https://www.inaturalist.org/observations/228689170,https://inaturalist-open-data.s3.amazonaws.com/photos/405846617/medium.jpeg,,"",,2,0,false,2,"North Carolina, US",35.6973025559,-78.959503018,,,,,28649,obscured,,true,gps,gps,Kudzu Bug,Megacopta cribraria,Kudzu Bug,Insecta,209176
228706603,755189e1-7aff-4ddd-a378-0a6944ceff2e,Thu Jul 11 2024 17:16:54 GMT -0400 (EDT),2024-07-11,2024-07-11 21:16:54 UTC,Eastern Time (US & Canada),7922551,egos4life,,2024-07-11 21:17:05 UTC,2024-10-04 10:59:29 UTC,research,CC-BY-NC,https://www.inaturalist.org/observations/228706603,https://inaturalist-open-data.s3.amazonaws.com/photos/405880375/medium.jpeg,,"",,2,0,false,333,Old Fort,35.0646972656,-84.733253479,4,,,,4,,,false,,,Kudzu Bug,Megacopta cribraria,Kudzu Bug,Insecta,209176
228720569,bd0e139a-e3da-433d-9a68-a810240c114c,2024-07-11 18:41:05,2024-07-11,2024-07-11 22:41:05 UTC,Eastern Time (US & Canada),8231612,edy542,,2024-07-11 22:44:14 UTC,2024-10-04 10:59:28 UTC,research,CC-BY-NC,https://www.inaturalist.org/observations/228720569,https://inaturalist-open-data.s3.amazonaws.com/photos/405908993/medium.jpeg,,"",,3,0,false,2,"Stone Mountain, GA 30083, USA",33.79136283,-84.23163276,28,,,,28,,,false,,,Kudzu Bug,Megacopta cribraria,Kudzu Bug,Insecta,209176
228729051,1abf95cb-1e49-49ba-9fbf-f7d146641951,2024-07-11 16:32:25-05:00,2024-07-11,2024-07-11 21:32:25 UTC,Central Time (US & Canada),3391305,sullivanbeckers,Laura Sullivan-Beckers,2024-07-11 23:44:18 UTC,2024-10-04 10:59:26 UTC,research,CC-BY-NC,https://www.inaturalist.org/observations/228729051,https://inaturalist-open-data.s3.amazonaws.com/photos/405926565/medium.jpeg,,"","",2,0,false,3,"N Main St, Brantley, AL, US",31.5826616667,-86.2571416667,46,,,,46,,,false,,,Kudzu Bug,Megacopta cribraria,Kudzu Bug,Insecta,209176
228732110,014f3067-518c-4895-a2d0-84878a9459b9,2024-07-11 18:51:53-04:00,2024-07-11,2024-07-11 22:51:53 UTC,Eastern Time (US & Canada),5287823,fountainfungi,Brandon Reid Fountain,2024-07-12 00:06:13 UTC,2024-10-04 10:59:26 UTC,research,CC-BY-NC,https://www.inaturalist.org/observations/228732110,https://inaturalist-open-data.s3.amazonaws.com/photos/405932454/medium.jpeg,,"","",2,0,false,3,"Myricks Mill Rd, Jeffersonville, GA, US",32.766495,-83.3989116667,4,,,,4,,,false,,,Kudzu Bug,Megacopta cribraria,Kudzu Bug,Insecta,209176
228733372,e36a418a-e345-4aa9-bc5a-f3ffaed6ea90,2024-07-11 13:37:40-05:00,2024-07-11,2024-07-11 18:37:40 UTC,Central Time (US & Canada),236397,cherrielee,Cherrie-lee P. Phillip,2024-07-12 00:16:04 UTC,2024-10-04 10:59:25 UTC,research,,https://www.inaturalist.org/observations/228733372,https://static.inaturalist.org/photos/405935017/medium.jpeg,,"","",2,0,false,3,"W Capitol Ave, Little Rock, AR, US",34.7453583333,-92.2788383333,4,,,,4,,,false,,,Kudzu Bug,Megacopta cribraria,Kudzu Bug,Insecta,209176
228768190,2c89c944-970a-42cf-9c29-1ef02c767672,2024-07-11 16:01:08,2024-07-11,2024-07-11 20:01:08 UTC,Eastern Time (US & Canada),1822249,le4fshawty,vi deMario,2024-07-12 05:03:47 UTC,2024-10-04 10:59:24 UTC,research,,https://www.inaturalist.org/observations/228768190,https://static.inaturalist.org/photos/406004370/medium.jpeg,,"",,2,0,false,2,"City Center, Richmond, VA 23219, USA",37.5427849,-77.4393646997,,,,,,,,false,gps,gps,Kudzu Bug,Megacopta cribraria,Kudzu Bug,Insecta,209176
228812912,1f28badf-565e-40a4-ae15-1583f12bdeb7,2024-07-12 08:41:01-04:00,2024-07-12,2024-07-12 12:41:01 UTC,Eastern Time (US & Canada),6807462,jspringer4,,2024-07-12 12:41:27 UTC,2024-10-04 10:59:23 UTC,research,CC-BY-NC,https://www.inaturalist.org/observations/228812912,https://inaturalist-open-data.s3.amazonaws.com/photos/406086933/medium.jpeg,,"","",2,0,false,3,"Richland County, US-SC, US",33.8199754354,-80.8537343885,73,,,,28902,obscured,,true,,,Kudzu Bug,Megacopta cribraria,Kudzu Bug,Insecta,209176
228817864,eea7bd7c-38a9-4183-83a8-a5a92b44350c,2024-07-12 07:31:36,2024-07-12,2024-07-12 11:31:36 UTC,Eastern Time (US & Canada),5799120,andrew2285,"",2024-07-12 13:16:12 UTC,2024-10-04 10:59:21 UTC,research,,https://www.inaturalist.org/observations/228817864,https://static.inaturalist.org/photos/406096663/medium.jpeg,,"",,2,0,false,2,"Rock Creek Park, US-DC, District of Columbia County, US",38.92136662,-77.05211108,8,,,,8,,,false,,,Kudzu Bug,Megacopta cribraria,Kudzu Bug,Insecta,209176
228865334,9784024d-7583-46b9-b0fd-51068d617cbf,2024-07-06 17:02:34,2024-07-06,2024-07-06 22:02:34 UTC,Central Time (US & Canada),1935454,snacks6969,Deb Aldridge,2024-07-12 17:41:18 UTC,2024-10-04 10:59:20 UTC,research,CC-BY-NC,https://www.inaturalist.org/observations/228865334,https://inaturalist-open-data.s3.amazonaws.com/photos/406184817/medium.jpeg,,"",,2,0,false,2,"Petal, MS 39465, USA",31.3223278943,-89.1913009062,5,,,,5,,,false,gps,gps,Kudzu Bug,Megacopta cribraria,Kudzu Bug,Insecta,209176
228867903,f36166c1-d898-4a4c-bed5-f7b15404661a,2024-07-12 13:56:40-04:00,2024-07-12,2024-07-12 17:56:40 UTC,Eastern Time (US & Canada),8206497,matthew_stone1,Matthew Stone,2024-07-12 17:56:49 UTC,2024-10-04 10:59:19 UTC,research,,https://www.inaturalist.org/observations/228867903,https://static.inaturalist.org/photos/406189980/medium.jpeg,,"","",3,0,false,3,"Lakesprings Dr, La Follette, TN, US",36.3488640637,-83.9961461072,19,,,,19,,,false,,,Kudzu Bug,Megacopta cribraria,Kudzu Bug,Insecta,209176
228904687,d0483ffa-b11a-4fde-9e9e-0309e5794152,Fri Jul 12 2024 16:31:51 GMT -0500 (CDT),2024-07-12,2024-07-12 21:31:51 UTC,Central Time (US & Canada),4879918,afowler5459,,2024-07-12 21:31:58 UTC,2024-10-04 10:59:19 UTC,research,CC-BY-NC,https://www.inaturalist.org/observations/228904687,https://inaturalist-open-data.s3.amazonaws.com/photos/406261075/medium.jpeg,,"",,2,0,false,333,Helena,33.2827148438,-86.8534011841,35,,,,35,,,false,,,Kudzu Bug,Megacopta cribraria,Kudzu Bug,Insecta,209176
228920581,50f4fed5-31b2-41e4-9588-170cd5b38b4f,2024-07-12 18:50:07,2024-07-12,2024-07-12 22:50:07 UTC,Eastern Time (US & Canada),5799120,andrew2285,"",2024-07-12 23:26:02 UTC,2024-10-04 10:59:18 UTC,research,,https://www.inaturalist.org/observations/228920581,https://static.inaturalist.org/photos/406293664/medium.jpeg,,"",,2,0,false,2,"District of Columbia, District of Columbia County, US",38.92400763,-77.04678777,5,,,,5,,,false,,,Kudzu Bug,Megacopta cribraria,Kudzu Bug,Insecta,209176
228920612,1000c604-8a81-46d2-9385-5b33b5e90831,2024-07-12 18:51:07,2024-07-12,2024-07-12 22:51:07 UTC,Eastern Time (US & Canada),5799120,andrew2285,"",2024-07-12 23:26:17 UTC,2024-07-13 00:02:12 UTC,research,,https://www.inaturalist.org/observations/228920612,https://static.inaturalist.org/photos/406293724/medium.jpeg,,"",,1,0,false,2,"District of Columbia, District of Columbia County, US",38.92413781,-77.04676948,4,,,,4,,,false,,,Kudzu Bug,Megacopta cribraria,Kudzu Bug,Insecta,209176
228920622,cc90a0e7-75bd-402f-8abb-17eb159c3b87,2024-07-12 18:51:42,2024-07-12,2024-07-12 22:51:42 UTC,Eastern Time (US & Canada),5799120,andrew2285,"",2024-07-12 23:26:23 UTC,2024-07-13 00:02:08 UTC,research,,https://www.inaturalist.org/observations/228920622,https://static.inaturalist.org/photos/406293745/medium.jpeg,,"",,1,0,false,2,"District of Columbia, District of Columbia County, US",38.9241154,-77.04677516,4,,,,4,,,false,,,Kudzu Bug,Megacopta cribraria,Kudzu Bug,Insecta,209176
228920631,3c07e140-3f7d-48c8-a2ad-362e5c2107c5,2024-07-12 18:52:09,2024-07-12,2024-07-12 22:52:09 UTC,Eastern Time (US & Canada),5799120,andrew2285,"",2024-07-12 23:26:29 UTC,2024-07-13 00:02:05 UTC,research,,https://www.inaturalist.org/observations/228920631,https://static.inaturalist.org/photos/406293768/medium.jpeg,,"",,1,0,false,2,"District of Columbia, District of Columbia County, US",38.92414388,-77.04673781,5,,,,5,,,false,,,Kudzu Bug,Megacopta cribraria,Kudzu Bug,Insecta,209176
228920795,b2ce1b5e-21c0-4ed8-825f-1d26e8545ed6,2024-07-12 18:58:16,2024-07-12,2024-07-12 22:58:16 UTC,Eastern Time (US & Canada),5799120,andrew2285,"",2024-07-12 23:27:26 UTC,2024-07-13 00:02:02 UTC,research,,https://www.inaturalist.org/observations/228920795,https://static.inaturalist.org/photos/406294003/medium.jpeg,,"",,1,0,false,2,"District of Columbia, District of Columbia County, US",38.92423068,-77.04611391,4,,,,4,,,false,,,Kudzu Bug,Megacopta cribraria,Kudzu Bug,Insecta,209176
228920904,85f5d86e-eec6-47e2-a78f-1a74134ea658,2024-07-12 19:00:21,2024-07-12,2024-07-12 23:00:21 UTC,Eastern Time (US & Canada),5799120,andrew2285,"",2024-07-12 23:27:59 UTC,2024-07-13 00:01:58 UTC,research,,https://www.inaturalist.org/observations/228920904,https://static.inaturalist.org/photos/406294144/medium.jpeg,,"",,1,0,false,2,"District of Columbia, District of Columbia County, US",38.92424479,-77.04584477,4,,,,4,,,false,,,Kudzu Bug,Megacopta cribraria,Kudzu Bug,Insecta,209176
228927586,a273d011-4f3c-4cf2-ade4-790cc21cf6e2,2024-06-13 10:05:57,2024-06-13,2024-06-13 14:05:57 UTC,Eastern Time (US & Canada),7738978,jongilmer,Jonathan Gilmer,2024-07-13 00:13:05 UTC,2024-07-14 02:36:12 UTC,research,CC-BY-NC,https://www.inaturalist.org/observations/228927586,https://inaturalist-open-data.s3.amazonaws.com/photos/406307632/medium.jpeg,,"",,1,0,false,2,"East Columbus, Columbus, GA 31907, USA",32.5120165458,-84.9082620442,11,,,,11,,,false,gps,gps,Kudzu Bug,Megacopta cribraria,Kudzu Bug,Insecta,209176
228944875,c7ef56e2-cc17-42bd-9007-5398df150885,2024/07/07 12:20 PM,2024-07-07,2024-07-07 17:20:00 UTC,Central Time (US & Canada),7260169,egauntt,,2024-07-13 02:22:15 UTC,2024-07-13 03:25:18 UTC,research,CC-BY-NC,https://www.inaturalist.org/observations/228944875,https://inaturalist-open-data.s3.amazonaws.com/photos/406339187/medium.jpeg,,"","I've been seeing these little guys everywhere recently. Most memorably coating the leaves of these magnolia trees, but also twice inside the same Panera Bread.",1,0,false,,"Central City, Birmingham, AL, USA",33.5180166667,-86.8049694444,,,,,,,,false,,,Kudzu Bug,Megacopta cribraria,Kudzu Bug,Insecta,209176
228946770,a29a48f2-a3c0-42b2-9175-5885216a73c8,2024-07-12 19:26:16,2024-07-12,2024-07-13 00:26:16 UTC,Central Time (US & Canada),7337192,bingbongus,"",2024-07-13 02:37:45 UTC,2024-07-13 03:24:56 UTC,research,CC-BY-NC,https://www.inaturalist.org/observations/228946770,https://inaturalist-open-data.s3.amazonaws.com/photos/406344560/medium.jpeg,,"",,1,0,false,2,"Bryant, AR 72019, USA",34.6616319997,-92.5842080997,,,,,,,,false,gps,gps,Kudzu Bug,Megacopta cribraria,Kudzu Bug,Insecta,209176
229011060,744396ab-a93d-4b6f-8a9c-3651220f78ad,Sat Jul 13 2024 08:49:29 GMT -0400 (EDT),2024-07-13,2024-07-13 12:49:29 UTC,Eastern Time (US & Canada),3767001,tlip89,Tyler Lipham,2024-07-13 12:49:39 UTC,2024-07-14 02:36:17 UTC,research,CC-BY-NC,https://www.inaturalist.org/observations/229011060,https://inaturalist-open-data.s3.amazonaws.com/photos/406474541/medium.jpeg,,"",,1,0,false,333,Rutledge,33.5865478516,-83.6344299316,57,,,,57,,,false,,,Kudzu Bug,Megacopta cribraria,Kudzu Bug,Insecta,209176
229022472,72acdd63-ceb6-474f-bd46-b3a10b902419,2024-07-12 20:37:44-04:00,2024-07-12,2024-07-13 00:37:44 UTC,Eastern Time (US & Canada),1334078,sgtbird08,James Hussey,2024-07-13 13:51:18 UTC,2024-07-14 16:27:30 UTC,research,CC-BY-NC,https://www.inaturalist.org/observations/229022472,https://inaturalist-open-data.s3.amazonaws.com/photos/406487570/medium.jpeg,,"","",1,0,false,3,"Dr Martin Luther King Jr Pkwy, Athens, GA, US",33.9759616667,-83.379045,4,,,,4,,,false,,,Kudzu Bug,Megacopta cribraria,Kudzu Bug,Insecta,209176
229024676,03905e91-fae3-4a1b-a500-4d52b760ccc7,2024-07-13 09:00:12-05:00,2024-07-13,2024-07-13 14:00:12 UTC,Central Time (US & Canada),4507443,irun26pt2,LissaJ,2024-07-13 14:01:14 UTC,2024-07-13 18:55:18 UTC,research,CC-BY-NC,https://www.inaturalist.org/observations/229024676,https://inaturalist-open-data.s3.amazonaws.com/photos/406491394/medium.jpeg,,"","",1,0,false,3,"White Park Dr, Nashville, TN, US",36.0250479211,-86.7382709611,25,,,,25,,,false,,,Kudzu Bug,Megacopta cribraria,Kudzu Bug,Insecta,209176
229066022,b562fb1b-0ea8-43fe-a73b-b4747b6654d4,Sat Jul 13 2024 13:10:08 GMT -0400 (EDT),2024-07-13,2024-07-13 17:10:08 UTC,Eastern Time (US & Canada),4629464,dadjokes,"",2024-07-13 17:10:16 UTC,2024-07-13 17:56:39 UTC,research,CC-BY-NC,https://www.inaturalist.org/observations/229066022,https://inaturalist-open-data.s3.amazonaws.com/photos/406566471/medium.jpeg,,"",,1,0,false,333,Durham,35.9817810059,-78.9033737183,36,,,,36,,,false,,,Kudzu Bug,Megacopta cribraria,Kudzu Bug,Insecta,209176
229086255,e299ac02-f095-4ad7-98b3-961aae69ed92,2024/07/08 8:31 PM,2024-07-08,2024-07-09 00:31:00 UTC,Eastern Time (US & Canada),2554196,yukonfl,Ryan Callahan,2024-07-13 18:39:24 UTC,2024-07-17 02:15:23 UTC,research,,https://www.inaturalist.org/observations/229086255,https://static.inaturalist.org/photos/406601400/medium.jpg,,"",,1,0,false,,"Swain County, NC, USA",35.408761,-83.362331,,,,,,,,false,,,Kudzu Bug,Megacopta cribraria,Kudzu Bug,Insecta,209176
229115587,32132bd6-dc36-462b-8220-14a12e7abfcd,2024-07-13 16:59:42-04:00,2024-07-13,2024-07-13 20:59:42 UTC,Eastern Time (US & Canada),994788,colkettt,,2024-07-13 21:01:08 UTC,2024-07-13 21:36:20 UTC,research,,https://www.inaturalist.org/observations/229115587,https://static.inaturalist.org/photos/406660566/medium.jpeg,,"","",1,0,false,3,"Bay Cir, Cumming, GA, US",34.19927,-84.073075,17,,,,17,,,false,,,Kudzu Bug,Megacopta cribraria,Kudzu Bug,Insecta,209176
229117311,fd82c460-a138-44dc-84ae-9050a4b7f27b,2024-07-13 17:08:49-04:00,2024-07-13,2024-07-13 21:08:49 UTC,Eastern Time (US & Canada),8304069,jchen001,,2024-07-13 21:10:06 UTC,2024-07-14 01:29:56 UTC,research,CC-BY-NC,https://www.inaturalist.org/observations/229117311,https://inaturalist-open-data.s3.amazonaws.com/photos/406664660/medium.jpeg,,"","",1,0,false,3,"The University of North Carolina at Chapel Hill, Chapel Hill, NC, US",35.9102583333,-79.0481028333,35,,,,35,,,false,,,Kudzu Bug,Megacopta cribraria,Kudzu Bug,Insecta,209176
229119626,2438c9d3-cb73-4430-a6a0-a6f592c7a740,2024-07-13 15:45:34,2024-07-13,2024-07-13 19:45:34 UTC,Eastern Time (US & Canada),2512050,squishlefish,Sonja Huc,2024-07-13 21:21:45 UTC,2024-07-14 01:26:41 UTC,research,CC-BY-NC,https://www.inaturalist.org/observations/229119626,https://inaturalist-open-data.s3.amazonaws.com/photos/406669306/medium.jpeg,,"",,1,0,false,2,Wilmington,34.2103596259,-77.8868117,11131,,,,11131,,,false,gps,gps,Kudzu Bug,Megacopta cribraria,Kudzu Bug,Insecta,209176
229133357,7b67892c-a68d-4d93-85b2-bcf43c3bf188,2024-07-13 18:31:33-04:00,2024-07-13,2024-07-13 22:31:33 UTC,Eastern Time (US & Canada),1127681,charles136,Charles R Kennedy,2024-07-13 22:32:30 UTC,2024-07-14 02:35:53 UTC,research,,https://www.inaturalist.org/observations/229133357,https://static.inaturalist.org/photos/406695171/medium.jpeg,,"","",1,0,false,3,"L St NW, Washington, DC, US",38.903695,-77.0316695,14,,,,14,,,false,,,Kudzu Bug,Megacopta cribraria,Kudzu Bug,Insecta,209176
229136128,632c8551-d863-4b67-ac69-de9595961405,2024-07-13 18:46:14-04:00,2024-07-13,2024-07-13 22:46:14 UTC,Eastern Time (US & Canada),280810,gharris,"",2024-07-13 22:47:44 UTC,2024-07-14 02:35:50 UTC,research,CC-BY-NC,https://www.inaturalist.org/observations/229136128,https://inaturalist-open-data.s3.amazonaws.com/photos/406699863/medium.jpeg,,"","",1,0,false,3,"Arnett Mill Rd, Tifton, GA, US",31.4658866667,-83.4692466667,4,,,,4,,,false,,,Kudzu Bug,Megacopta cribraria,Kudzu Bug,Insecta,209176
229164154,450e2239-adb3-49b6-8719-2d34a5c7e54c,2024-07-10 12:26:13-04:00,2024-07-10,2024-07-10 16:26:13 UTC,Eastern Time (US & Canada),1248977,jfuder,"",2024-07-14 01:47:21 UTC,2024-07-14 02:35:27 UTC,research,,https://www.inaturalist.org/observations/229164154,https://static.inaturalist.org/photos/406753066/medium.jpeg,,"","",1,0,false,3,"Ellenwood Dr, Canton, GA, US",34.1891583333,-84.471955,9,,,,9,,,false,,,Kudzu Bug,Megacopta cribraria,Kudzu Bug,Insecta,209176
229277608,267dec25-921b-4d37-85d6-95ec2a5866f2,2024-07-14 10:34:21,2024-07-14,2024-07-14 14:34:21 UTC,Eastern Time (US & Canada),4509261,ohanjanyan,Mariam Ohanjanyan,2024-07-14 15:29:35 UTC,2024-07-14 16:21:09 UTC,research,CC-BY-NC,https://www.inaturalist.org/observations/229277608,https://inaturalist-open-data.s3.amazonaws.com/photos/406962912/medium.jpeg,,"",,2,0,false,2,"Atlanta, GA 30322, USA",33.800963,-84.326357,,,,,,,,false,gps,gps,Kudzu Bug,Megacopta cribraria,Kudzu Bug,Insecta,209176
229285551,63cfe006-8e52-4712-bb1f-48e57a984c8e,2024-07-13 18:14:06-04:00,2024-07-13,2024-07-13 22:14:06 UTC,Eastern Time (US & Canada),5553399,lumosseeker,,2024-07-14 16:01:03 UTC,2024-07-14 17:02:45 UTC,research,CC-BY-NC,https://www.inaturalist.org/observations/229285551,https://inaturalist-open-data.s3.amazonaws.com/photos/406977700/medium.jpeg,,"","",1,0,false,3,"W Trinity Ave, Durham, NC, US",36.0058777833,-78.9073866667,14,,,,14,,,false,,,Kudzu Bug,Megacopta cribraria,Kudzu Bug,Insecta,209176
229303867,ccafe582-3d04-4433-92d8-a4a192f32f59,2024-07-07 19:00:22,2024-07-07,2024-07-07 23:00:22 UTC,Eastern Time (US & Canada),7674015,derek71991,Derek Polzer,2024-07-14 17:15:07 UTC,2024-07-14 17:52:35 UTC,research,,https://www.inaturalist.org/observations/229303867,https://static.inaturalist.org/photos/407010117/medium.jpeg,,"",,2,0,false,2,"Old Fourth Ward, Atlanta, GA, USA",33.7731416667,-84.3662111111,,,,,,,,false,,,Kudzu Bug,Megacopta cribraria,Kudzu Bug,Insecta,209176
229305275,622079c3-368d-4e94-9b0f-9c5788638658,2024-07-13 18:56:54-04:00,2024-07-13,2024-07-13 22:56:54 UTC,Eastern Time (US & Canada),2110796,caribrudd,,2024-07-14 17:21:37 UTC,2024-07-15 01:41:03 UTC,research,CC-BY-NC,https://www.inaturalist.org/observations/229305275,https://inaturalist-open-data.s3.amazonaws.com/photos/407012934/medium.jpeg,,"","",2,0,false,3,"Paladin Stadium, Travelers Rest, SC, US",34.9197616667,-82.4372633333,4,,,,4,,,false,,,Kudzu Bug,Megacopta cribraria,Kudzu Bug,Insecta,209176
229313229,882e0337-d91c-4c31-9873-e8506dbeb443,2024-07-14 13:53:47,2024-07-14,2024-07-14 17:53:47 UTC,Eastern Time (US & Canada),8293141,wes84726,Wes Fischer,2024-07-14 17:54:49 UTC,2024-10-04 10:58:25 UTC,research,,https://www.inaturalist.org/observations/229313229,https://static.inaturalist.org/photos/407028505/medium.jpeg,,"",Insect,3,0,false,2,"Brentwood, NC 27604, USA",35.8276141558,-78.5706534972,8,,,,8,,,false,,,Kudzu Bug,Megacopta cribraria,Kudzu Bug,Insecta,209176
229316085,4ffff09b-45ea-495b-899d-0b0442687ea2,2024/07/14 11:56 AM,2024-07-14,2024-07-14 15:56:00 UTC,Eastern Time (US & Canada),4929969,presto84,Rob Keeney,2024-07-14 18:06:55 UTC,2024-10-04 10:58:24 UTC,research,CC-BY-NC,https://www.inaturalist.org/observations/229316085,https://inaturalist-open-data.s3.amazonaws.com/photos/407031440/medium.jpg,,hips,"See associated observation for the small, white spider (image #3).",2,0,false,,"Buford Presbyterian Church, Sugar Hill, Gwinnett County, GA, USA",34.0899139917,-84.0220960833,,,,,,,,false,,,Kudzu Bug,Megacopta cribraria,Kudzu Bug,Insecta,209176
229329766,0006b0b9-974e-4ed2-8ada-63df0623516a,Sun Jul 14 2024 14:07:15 GMT -0500 (CDT),2024-07-14,2024-07-14 19:07:15 UTC,Central Time (US & Canada),4737501,futuresar,,2024-07-14 19:08:15 UTC,2024-10-04 10:58:26 UTC,research,CC-BY-NC,https://www.inaturalist.org/observations/229329766,https://inaturalist-open-data.s3.amazonaws.com/photos/407058382/medium.jpeg,,"",,2,0,false,333,Hernando,34.7447509766,-90.0642776489,5,,,,5,,,false,,,Kudzu Bug,Megacopta cribraria,Kudzu Bug,Insecta,209176
229331860,649a547d-8c48-4630-9b0f-2553070bad5f,2024-07-14 14:16:36-05:00,2024-07-14,2024-07-14 19:16:36 UTC,Central Time (US & Canada),2805839,dawnhall,,2024-07-14 19:18:35 UTC,2024-10-04 10:58:27 UTC,research,CC-BY-NC,https://www.inaturalist.org/observations/229331860,https://inaturalist-open-data.s3.amazonaws.com/photos/407062346/medium.jpeg,,"","",2,0,false,3,"Neshoba Rd, Germantown, TN, US",35.1015464405,-89.8095641,353,,,,353,,,false,,,Kudzu Bug,Megacopta cribraria,Kudzu Bug,Insecta,209176
229342997,5de93d82-dd01-443a-b45f-44814d4b9e2e,2024-07-14 16:05:30,2024-07-14,2024-07-14 20:05:30 UTC,Eastern Time (US & Canada),2921947,knish,"",2024-07-14 20:07:17 UTC,2024-10-04 10:58:20 UTC,research,CC-BY-NC,https://www.inaturalist.org/observations/229342997,https://inaturalist-open-data.s3.amazonaws.com/photos/407084702/medium.jpeg,,"",Sitting on boneset leaf,2,0,false,2,"Old Town West, Alexandria, VA 22314, USA",38.8126805556,-77.0522583333,,,,,,,,false,gps,gps,Kudzu Bug,Megacopta cribraria,Kudzu Bug,Insecta,209176
229364559,e0f6beca-9de4-4ebd-a02c-9e2d03c7167a,2024-07-14 17:43:14-04:00,2024-07-14,2024-07-14 21:43:14 UTC,Eastern Time (US & Canada),900199,carusocm,Chris Magee,2024-07-14 21:45:10 UTC,2024-10-04 10:58:17 UTC,research,,https://www.inaturalist.org/observations/229364559,https://static.inaturalist.org/photos/407125702/medium.jpeg,,"",Hundreds on the back of my house.  We back onto woods. ,2,0,false,3,"Rolling Creek Way, Alexandria, VA, US",38.7444633333,-77.1754916667,8,,,,8,,,false,,,Kudzu Bug,Megacopta cribraria,Kudzu Bug,Insecta,209176
229376294,49e10590-1497-47be-b59b-4a7efc7f4376,2024-07-14 18:47:02-04:00,2024-07-14,2024-07-14 22:47:02 UTC,Eastern Time (US & Canada),1100733,louisebelk,Louise Belk,2024-07-14 22:48:24 UTC,2024-10-04 10:58:15 UTC,research,,https://www.inaturalist.org/observations/229376294,https://static.inaturalist.org/photos/407149519/medium.jpeg,,"","",3,0,false,3,"Flume Gate Dr, Raleigh, NC, US",35.7100969182,-78.6824906518,9,,,,9,,,false,,,Kudzu Bug,Megacopta cribraria,Kudzu Bug,Insecta,209176
229380929,386b405f-112a-410e-ba56-433625b85f53,Sun Jul 14 2024 19:15:12 GMT -0400 (EDT),2024-07-14,2024-07-14 23:15:12 UTC,Eastern Time (US & Canada),8078425,angelicacanizalez,,2024-07-14 23:15:33 UTC,2024-10-04 10:58:15 UTC,research,CC-BY-NC,https://www.inaturalist.org/observations/229380929,https://inaturalist-open-data.s3.amazonaws.com/photos/407158096/medium.jpeg,,"",,2,0,false,333,Wallburg,36.0264282227,-80.1609649658,35,,,,35,,,false,,,Kudzu Bug,Megacopta cribraria,Kudzu Bug,Insecta,209176
229390569,77ef2b01-8ee6-497b-9ba3-00ab9c89e5d4,2024-07-14 19:13:11-05:00,2024-07-14,2024-07-15 00:13:11 UTC,Central Time (US & Canada),2324643,mckinleyg,Grace McKinley,2024-07-15 00:14:43 UTC,2024-10-04 10:58:10 UTC,research,CC-BY-NC,https://www.inaturalist.org/observations/229390569,https://inaturalist-open-data.s3.amazonaws.com/photos/407178151/medium.jpeg,,"","",2,0,false,3,"Lucy Ln, Alexander, AR, US",34.7058789851,-92.5528542046,4,,,,4,,,false,,,Kudzu Bug,Megacopta cribraria,Kudzu Bug,Insecta,209176
229392976,19e28ddc-fbfe-4225-93d7-6f8c0ab18f71,2024-07-14 20:06:22-04:00,2024-07-14,2024-07-15 00:06:22 UTC,Eastern Time (US & Canada),5913186,randorf,,2024-07-15 00:27:18 UTC,2024-10-04 10:58:05 UTC,research,CC-BY-NC,https://www.inaturalist.org/observations/229392976,https://inaturalist-open-data.s3.amazonaws.com/photos/407182225/medium.jpeg,,"","",2,0,false,3,"Highside Dr, Central, SC, US",34.7720333333,-82.7759866667,4,,,,4,,,false,,,Kudzu Bug,Megacopta cribraria,Kudzu Bug,Insecta,209176
229393141,add16fa0-082a-4efb-af24-56c59181179f,2024-07-12 07:09:37-04:00,2024-07-12,2024-07-12 11:09:37 UTC,Eastern Time (US & Canada),1917394,carol308,Carol Garrison,2024-07-15 00:28:00 UTC,2024-10-04 10:57:59 UTC,research,,https://www.inaturalist.org/observations/229393141,https://static.inaturalist.org/photos/407182512/medium.jpeg,,"",On invasive wisteria ,2,0,false,3,"Beauregard Blvd, Fayetteville, GA, US",33.44418,-84.4565966667,4,,,,4,,,false,,,Kudzu Bug,Megacopta cribraria,Kudzu Bug,Insecta,209176
229393658,390b661f-ee7d-490b-a00b-76a99f769221,2024/07/12 12:41 PM,2024-07-12,2024-07-12 17:41:00 UTC,Central Time (US & Canada),484237,vcharny,Vitaly Charny,2024-07-15 00:30:30 UTC,2024-10-04 10:57:58 UTC,research,CC-BY-NC,https://www.inaturalist.org/observations/229393658,https://inaturalist-open-data.s3.amazonaws.com/photos/407168808/medium.jpg,,"",adult and nymph,2,0,false,,"Sand Ridge, Birmingham, AL, USA",33.4475836157,-86.8658239889,195,,,,195,,,false,,,Kudzu Bug,Megacopta cribraria,Kudzu Bug,Insecta,209176
229514079,23f5af0b-f456-45ae-a7a2-ca7b26e35d2e,2024-07-15 10:44:09-05:00,2024-07-15,2024-07-15 15:44:09 UTC,Central Time (US & Canada),3087976,sullysmith8,Sullivan Smith,2024-07-15 15:45:08 UTC,2024-10-04 10:57:53 UTC,research,CC-BY-NC,https://www.inaturalist.org/observations/229514079,https://inaturalist-open-data.s3.amazonaws.com/photos/407813531/medium.jpeg,,"","",2,0,false,3,"Lanark Rd, Millbrook, AL, US",32.4769436801,-86.383328559,3,,,,3,,,false,,,Kudzu Bug,Megacopta cribraria,Kudzu Bug,Insecta,209176
229535912,6afc04ea-8773-4d04-a624-6f2b48e3209a,2024-07-14 17:26:21-04:00,2024-07-14,2024-07-14 21:26:21 UTC,Eastern Time (US & Canada),6774407,beanellinies,,2024-07-15 17:35:11 UTC,2024-10-04 10:57:47 UTC,research,CC-BY-NC,https://www.inaturalist.org/observations/229535912,https://inaturalist-open-data.s3.amazonaws.com/photos/407450056/medium.jpeg,,"","",2,0,false,3,"Wake County, US-NC, US",35.901962945,-78.5129434769,86,,,,28620,obscured,,true,,,Kudzu Bug,Megacopta cribraria,Kudzu Bug,Insecta,209176
229572486,4da4f4ea-c2b9-4145-aa44-8d98e4ebd3b4,2024-07-15 16:27:25-04:00,2024-07-15,2024-07-15 20:27:25 UTC,Eastern Time (US & Canada),2844358,nicole971,Nicole Hughes,2024-07-15 20:44:41 UTC,2024-10-04 10:57:47 UTC,research,,https://www.inaturalist.org/observations/229572486,https://static.inaturalist.org/photos/407517663/medium.jpeg,,"","",2,0,false,3,"Holly Dr, Raleigh, NC, US",35.8782883333,-78.6262883333,4,,,,4,,,false,,,Kudzu Bug,Megacopta cribraria,Kudzu Bug,Insecta,209176
229577726,41525943-93a3-4c34-a8dc-a7114c56440f,2024/07/15 12:49 PM,2024-07-15,2024-07-15 16:49:00 UTC,Eastern Time (US & Canada),87203,cappaert,David Cappaert,2024-07-15 21:13:09 UTC,2024-10-04 10:57:34 UTC,research,CC-BY-NC,https://www.inaturalist.org/observations/229577726,https://inaturalist-open-data.s3.amazonaws.com/photos/407523156/medium.jpg,,"",,2,0,false,,"Macon County, NC, USA",35.0349214551,-83.2581861549,302,,,,302,,,false,,,Kudzu Bug,Megacopta cribraria,Kudzu Bug,Insecta,209176
229586492,4e778488-76cc-4ede-ada6-e33ac0401bc2,2024-07-15 18:05:34-04:00,2024-07-15,2024-07-15 22:05:34 UTC,Eastern Time (US & Canada),4173666,benjamin_herrin,Benjamin Herrin,2024-07-15 22:08:21 UTC,2024-10-04 10:57:33 UTC,research,,https://www.inaturalist.org/observations/229586492,https://static.inaturalist.org/photos/407544328/medium.jpeg,,"","",2,0,false,3,"Florida, US",30.5314231502,-84.4265258881,7,,,,29356,obscured,,true,,,Kudzu Bug,Megacopta cribraria,Kudzu Bug,Insecta,209176
229591390,ddd0e7ad-59d1-4449-8b00-da5a686f20b9,2024-07-15 18:40:00-04:00,2024-07-15,2024-07-15 22:40:00 UTC,Eastern Time (US & Canada),21873,river2sea72,Sara Gottlieb,2024-07-15 22:40:36 UTC,2024-10-04 10:57:32 UTC,research,CC-BY-NC,https://www.inaturalist.org/observations/229591390,https://inaturalist-open-data.s3.amazonaws.com/photos/407554124/medium.jpeg,,"",All over my pole bean plants,2,0,false,3,"Arizona Ave NE, Atlanta, GA, US",33.7615719717,-84.3302147371,9,,,,9,,,false,,,Megacopta cribraria,Megacopta cribraria,Kudzu Bug,Insecta,209176
229608466,f33c8447-26de-4f16-9747-34bfda31f7da,2024-07-09 17:29:54-05:00,2024-07-09,2024-07-09 22:29:54 UTC,Central Time (US & Canada),6406558,hlambert02,,2024-07-16 00:29:37 UTC,2024-10-04 10:57:25 UTC,research,CC-BY-NC,https://www.inaturalist.org/observations/229608466,https://inaturalist-open-data.s3.amazonaws.com/photos/407586067/medium.jpeg,,"","",3,0,false,3,"S Whitworth Ave, Brookhaven, MS, US",31.577775,-90.4442666667,3,,,,3,,,false,,,Kudzu Bug,Megacopta cribraria,Kudzu Bug,Insecta,209176
229630640,cf2e1546-19d3-4c7c-b1cc-fec2341d78c5,2024/07/15 4:23 PM,2024-07-15,2024-07-15 20:23:00 UTC,Eastern Time (US & Canada),4087760,junomoon,Carole Bloom,2024-07-16 03:24:32 UTC,2025-05-17 19:41:10 UTC,research,,https://www.inaturalist.org/observations/229630640,https://static.inaturalist.org/photos/407631317/medium.jpeg,,"",,2,0,false,,"North Carolina, US",36.3098752708,-79.8664600001,,,,,28563,obscured,,true,,,Kudzu Bug,Megacopta cribraria,Kudzu Bug,Insecta,209176
229630641,3af6c896-93e1-47ac-b146-3cfb0820ef8b,2024/07/15 4:26 PM,2024-07-15,2024-07-15 20:26:00 UTC,Eastern Time (US & Canada),4087760,junomoon,Carole Bloom,2024-07-16 03:24:32 UTC,2025-05-17 19:41:11 UTC,research,,https://www.inaturalist.org/observations/229630641,https://static.inaturalist.org/photos/407631514/medium.jpeg,,"",,2,0,false,,"North Carolina, US",36.3512510599,-79.8466597654,,,,,28563,obscured,,true,,,Kudzu Bug,Megacopta cribraria,Kudzu Bug,Insecta,209176
229668600,11cf1d2d-e7b9-4a98-8d63-e2837f90d605,2024-07-06 14:02:39,2024-07-06,2024-07-06 18:02:39 UTC,Eastern Time (US & Canada),7220726,hennyfabre,,2024-07-16 09:54:58 UTC,2024-11-08 07:18:58 UTC,research,CC-BY-NC,https://www.inaturalist.org/observations/229668600,https://inaturalist-open-data.s3.amazonaws.com/photos/407704570/medium.jpeg,,"",,2,0,false,2,미국 30022 조지아 존스크릭,34.0288938861,-84.1985790431,11579,,,,11579,,,false,,,무당알노린재,Megacopta cribraria,Kudzu Bug,Insecta,209176
229696167,b942e232-afa6-41a4-9cdb-ffd84922f63f,2024/07/10 9:28 AM,2024-07-10,2024-07-10 13:28:00 UTC,Eastern Time (US & Canada),247924,fmmonk,Francis Stiteler,2024-07-16 13:40:52 UTC,2024-10-04 10:57:17 UTC,research,CC-BY-NC,https://www.inaturalist.org/observations/229696167,https://inaturalist-open-data.s3.amazonaws.com/photos/407712841/medium.jpg,,"","",2,0,false,,"Rockdale County, GA, USA",33.5738288045,-84.0659786611,54,,,,54,,,false,,,Kudzu Bug,Megacopta cribraria,Kudzu Bug,Insecta,209176
229703879,38122c00-28ae-4f37-90a9-aabb38735a7a,2024-07-16 10:24:12-04:00,2024-07-16,2024-07-16 14:24:12 UTC,Eastern Time (US & Canada),1821116,surithepear,Suri Siyu Sun,2024-07-16 14:25:20 UTC,2024-10-04 10:57:16 UTC,research,,https://www.inaturalist.org/observations/229703879,https://static.inaturalist.org/photos/407771316/medium.jpeg,,"","",2,0,false,3,"Erwin Rd, Durham, NC, US",36.0066033365,-78.9474218482,10,,,,10,,,false,,,Kudzu Bug,Megacopta cribraria,Kudzu Bug,Insecta,209176
229714042,6b87c4b1-6314-4983-b3cc-6e825a511b54,2024/07/15 12:02 PM,2024-07-15,2024-07-15 16:02:00 UTC,Eastern Time (US & Canada),4929969,presto84,Rob Keeney,2024-07-16 15:19:36 UTC,2024-10-04 10:57:11 UTC,research,CC-BY-NC,https://www.inaturalist.org/observations/229714042,https://inaturalist-open-data.s3.amazonaws.com/photos/407787846/medium.jpg,,"",Observed numerous individuals on Kudzu stems and leaves.,2,0,false,,"Buford Presbyterian Church, Sugar Hill, Gwinnett County, GA, USA",34.0898,-84.0219983333,,,,,,,,false,,,Kudzu Bug,Megacopta cribraria,Kudzu Bug,Insecta,209176
229719182,3c648695-90d8-4cfb-91d8-1e3d0482b91c,Tue Jul 16 2024 11:46:44 GMT -0400 (GMT-4),2024-07-16,2024-07-16 15:46:44 UTC,Eastern Time (US & Canada),7520707,caitlin23779,Caitlin Jarvis,2024-07-16 15:46:55 UTC,2024-10-04 10:57:09 UTC,research,,https://www.inaturalist.org/observations/229719182,https://static.inaturalist.org/photos/411073738/medium.jpeg,,"",,2,0,false,333,"Virginia, US",37.5895180021,-77.5340993613,64,,,,28388,obscured,,true,,,Kudzu Bug,Megacopta cribraria,Kudzu Bug,Insecta,209176
229724560,ce52b330-f8ea-4cd8-9de1-500c7a592024,2024-07-16 12:13:51-04:00,2024-07-16,2024-07-16 16:13:51 UTC,Eastern Time (US & Canada),430148,katalina,"",2024-07-16 16:15:21 UTC,2024-10-04 10:57:08 UTC,research,CC-BY-NC,https://www.inaturalist.org/observations/229724560,https://inaturalist-open-data.s3.amazonaws.com/photos/407807907/medium.jpeg,,"","",2,0,false,3,"Chimborazo Park & Playground, Richmond, VA, US",37.52365,-77.4113783333,4,,,,4,,,false,,,Kudzu Bug,Megacopta cribraria,Kudzu Bug,Insecta,209176
229769482,bba09cfb-e066-4922-8be2-afaa3b5e22bb,2024-07-16 14:33:44-05:00,2024-07-16,2024-07-16 19:33:44 UTC,Central Time (US & Canada),7746982,apollo_sungod,,2024-07-16 20:13:36 UTC,2024-10-04 10:57:07 UTC,research,CC-BY,https://www.inaturalist.org/observations/229769482,https://inaturalist-open-data.s3.amazonaws.com/photos/407893033/medium.jpeg,,"",My aunt found this bug in her house so to iNaturalist I go to figure out what it is ,2,0,false,3,"Cranberry Pointe Cove, Southaven, MS, US",34.941555,-89.926375,4,,,,4,,,false,,,Megacopta cribraria,Megacopta cribraria,Kudzu Bug,Insecta,209176
229773339,6a783f27-c722-4368-b6e5-212ab65a6e3c,2024-07-16 10:22:36-04:00,2024-07-16,2024-07-16 14:22:36 UTC,Eastern Time (US & Canada),2312628,joeyandmaevecoker,Maeve and Joey Coker,2024-07-16 20:36:55 UTC,2024-10-04 10:57:06 UTC,research,CC-BY-NC,https://www.inaturalist.org/observations/229773339,https://inaturalist-open-data.s3.amazonaws.com/photos/407900949/medium.jpeg,,"","",2,0,false,3,"Tappahannock, VA, US",37.9387465428,-76.9028985758,30,,,,30,,,false,,,Kudzu Bug,Megacopta cribraria,Kudzu Bug,Insecta,209176
229800236,172d141d-1c0b-43e5-8439-d8a07b6ec97f,2024-07-16 19:23:28,2024-07-16,2024-07-16 23:23:28 UTC,Eastern Time (US & Canada),1971054,motherofspiders,Stacey,2024-07-16 23:26:10 UTC,2024-10-04 10:57:05 UTC,research,CC-BY-NC,https://www.inaturalist.org/observations/229800236,https://inaturalist-open-data.s3.amazonaws.com/photos/407953530/medium.jpeg,,"",,2,0,false,2,"Myrtle Beach, SC 29572, USA",33.7654666667,-78.7808694444,,,,,,,,false,gps,gps,Kudzu Bug,Megacopta cribraria,Kudzu Bug,Insecta,209176
229805819,c4c486b5-8b38-4c36-8477-9963398182dc,2024-07-12 17:40:59,2024-07-12,2024-07-12 21:40:59 UTC,Eastern Time (US & Canada),8248603,sherriteague,,2024-07-17 00:02:19 UTC,2024-07-17 00:41:30 UTC,research,CC-BY-NC,https://www.inaturalist.org/observations/229805819,https://inaturalist-open-data.s3.amazonaws.com/photos/407963418/medium.jpeg,,"",,1,0,false,2,"Dillsboro, NC 28779, USA",35.3725688,-83.2439655997,,,,,,,,false,gps,gps,Kudzu Bug,Megacopta cribraria,Kudzu Bug,Insecta,209176
229809244,67de057c-7814-44f0-bc60-9dee12b17037,2024-07-16 16:49:45-04:00,2024-07-16,2024-07-16 20:49:45 UTC,Eastern Time (US & Canada),5989925,momsavang,Hannah Veee,2024-07-17 00:30:39 UTC,2025-02-03 15:29:36 UTC,research,CC-BY-NC,https://www.inaturalist.org/observations/229809244,https://inaturalist-open-data.s3.amazonaws.com/photos/407970762/medium.jpeg,,"","Mostly posting to report I’ve seen a big surge of kudzu bugs this season. Feels like triple the numbers since I first started seeing them and definitely way more than the last two years. They’re all over the exterior of my house and in multiple locations around the city. No kiddo nearby, but they eat wisteria and plants from the bean family and those are present around my property. ",2,0,false,3,"Georgia, US",32.430969136,-84.9406273831,9,,,,29093,obscured,,true,,,Kudzu Bug,Megacopta cribraria,Kudzu Bug,Insecta,209176
229827454,a5d460dc-967a-4a45-a763-e04091e2fcc1,2024-07-16 22:53:14-04:00,2024-07-16,2024-07-17 02:53:14 UTC,Eastern Time (US & Canada),8187272,taylorejohns,T. Johns,2024-07-17 02:56:23 UTC,2025-04-25 14:42:04 UTC,research,CC-BY-NC,https://www.inaturalist.org/observations/229827454,https://inaturalist-open-data.s3.amazonaws.com/photos/408006824/medium.jpeg,,"","",1,0,false,3,"Shannon Dr SW, Atlanta, GA, US",33.7171927486,-84.4068035603,33,,,,33,,,false,,,Kudzu Bug,Megacopta cribraria,Kudzu Bug,Insecta,209176
229881551,58848370-1e7c-4cef-927a-5ba93dcd6973,2024-07-17 07:23:09,2024-07-17,2024-07-17 11:23:09 UTC,Eastern Time (US & Canada),5799120,andrew2285,"",2024-07-17 12:20:35 UTC,2025-02-03 15:29:34 UTC,research,,https://www.inaturalist.org/observations/229881551,https://static.inaturalist.org/photos/408109065/medium.jpeg,,"",,2,0,false,2,"District of Columbia, District of Columbia County, US",38.9239323,-77.04669923,5,,,,5,,,false,,,Kudzu Bug,Megacopta cribraria,Kudzu Bug,Insecta,209176
229881570,8186b55c-d3d5-4069-b382-7dc517645b05,2024-07-17 07:24:06,2024-07-17,2024-07-17 11:24:06 UTC,Eastern Time (US & Canada),5799120,andrew2285,"",2024-07-17 12:20:47 UTC,2025-02-03 15:28:12 UTC,research,,https://www.inaturalist.org/observations/229881570,https://static.inaturalist.org/photos/408109128/medium.jpeg,,"",,2,0,false,2,"District of Columbia, District of Columbia County, US",38.92388023,-77.0467445,6,,,,6,,,false,,,Kudzu Bug,Megacopta cribraria,Kudzu Bug,Insecta,209176
229896234,6360b6f6-9d46-4204-b7ae-d79d87e567a8,2024-07-17 09:52:00,2024-07-17,2024-07-17 13:52:00 UTC,Eastern Time (US & Canada),1045467,marianheather,Marian Hartman,2024-07-17 13:53:31 UTC,2025-02-03 15:28:11 UTC,research,CC-BY-NC,https://www.inaturalist.org/observations/229896234,https://inaturalist-open-data.s3.amazonaws.com/photos/408135835/medium.jpeg,,"",,1,0,false,2,"Norwood Park, Asheville, NC 28804, USA",35.618057338,-82.5532526895,72,,,,72,,,false,gps,gps,Kudzu Bug,Megacopta cribraria,Kudzu Bug,Insecta,209176
229896986,9601bc20-1fad-4488-bd2c-5df63e43fdf6,2024-07-12 14:27:08-04:00,2024-07-12,2024-07-12 18:27:08 UTC,Eastern Time (US & Canada),8367612,sarahrose3915,,2024-07-17 13:58:06 UTC,2025-02-03 15:28:09 UTC,research,CC-BY-NC,https://www.inaturalist.org/observations/229896986,https://inaturalist-open-data.s3.amazonaws.com/photos/408137119/medium.jpeg,,"","",1,0,false,3,"Jett Rd, Sandy Springs, GA, US",33.8819883333,-84.4111716667,8,,,,8,,,false,,,Kudzu Bug,Megacopta cribraria,Kudzu Bug,Insecta,209176
229968688,2b3484ec-6323-47a4-b895-95f34bee889c,2024-07-17 15:30:14-05:00,2024-07-17,2024-07-17 20:30:14 UTC,Central Time (US & Canada),4365667,tristanswartout,,2024-07-17 20:30:27 UTC,2025-02-03 15:28:03 UTC,research,CC-BY-NC,https://www.inaturalist.org/observations/229968688,https://inaturalist-open-data.s3.amazonaws.com/photos/408270876/medium.jpeg,,"","",1,0,false,3,"Duncan Dr, Auburn, AL, US",32.591879675,-85.4862349713,4,,,,4,,,false,,,Kudzu Bug,Megacopta cribraria,Kudzu Bug,Insecta,209176
229992871,1aeb76e0-4b34-4e26-99d1-8d6a3070934b,2024/07/10 3:39 PM,2024-07-10,2024-07-10 19:39:00 UTC,Eastern Time (US & Canada),4087760,junomoon,Carole Bloom,2024-07-17 22:55:48 UTC,2025-05-17 19:45:13 UTC,research,,https://www.inaturalist.org/observations/229992871,https://static.inaturalist.org/photos/408318170/medium.jpeg,,"",,2,0,false,,"North Carolina, US",36.3826687539,-79.8896103158,,,,,28563,obscured,,true,,,Kudzu Bug,Megacopta cribraria,Kudzu Bug,Insecta,209176
229993442,418d2cab-16b2-4a3c-970f-dadd3f746f2b,2024/07/17 9:46 AM,2024-07-17,2024-07-17 13:46:00 UTC,Eastern Time (US & Canada),4031117,funnystuff2495,,2024-07-17 22:59:56 UTC,2025-02-03 15:28:01 UTC,research,CC-BY-NC,https://www.inaturalist.org/observations/229993442,https://inaturalist-open-data.s3.amazonaws.com/photos/408319698/medium.jpeg,,"t, TPWMA",,2,0,false,,"Greenville County, SC, USA",35.0633766667,-82.572395,,,,,,,,false,,,Kudzu Bug,Megacopta cribraria,Kudzu Bug,Insecta,209176
229995763,017cf7bf-5b53-4e7b-8ebf-7ec2bbcde846,2024-07-17 18:16:00,2024-07-17,2024-07-17 22:16:00 UTC,Eastern Time (US & Canada),8271491,ttotten,,2024-07-17 23:16:53 UTC,2025-02-03 15:28:00 UTC,research,CC-BY-NC,https://www.inaturalist.org/observations/229995763,https://inaturalist-open-data.s3.amazonaws.com/photos/408324830/medium.jpeg,,"",,1,0,false,2,"Upper Marlboro, MD 20772, USA",38.8159470369,-76.7496909946,731,,,,731,,,false,gps,gps,Kudzu Bug,Megacopta cribraria,Kudzu Bug,Insecta,209176
230004874,45416646-d4fb-4f60-8bca-7de2f68d8a43,2024-07-17 15:53:16-04:00,2024-07-17,2024-07-17 19:53:16 UTC,Eastern Time (US & Canada),1917394,carol308,Carol Garrison,2024-07-18 00:21:01 UTC,2025-02-03 15:27:59 UTC,research,,https://www.inaturalist.org/observations/230004874,https://static.inaturalist.org/photos/408343607/medium.jpeg,,"",On non-native wisteria ,1,0,false,3,"Beauregard Blvd, Fayetteville, GA, US",33.4441383333,-84.4566116667,4,,,,4,,,false,,,Kudzu Bug,Megacopta cribraria,Kudzu Bug,Insecta,209176
230005550,541453fa-6aa0-487a-9de1-e62d91f6c701,2024/07/13 7:24 PM,2024-07-13,2024-07-14 00:24:00 UTC,Central Time (US & Canada),4507443,irun26pt2,LissaJ,2024-07-18 00:25:22 UTC,2025-02-03 15:27:53 UTC,research,CC-BY-NC,https://www.inaturalist.org/observations/230005550,https://inaturalist-open-data.s3.amazonaws.com/photos/408344769/medium.jpg,,"",,2,0,false,,"Nashville, TN, USA",36.0225137567,-86.731910658,2178,,,,2178,,,false,,,Kudzu Bug,Megacopta cribraria,Kudzu Bug,Insecta,209176
230024381,ee98ca92-87f1-4320-a859-1ed5b8c5f03a,2024-07-15 17:52:26-05:00,2024-07-15,2024-07-15 22:52:26 UTC,Central Time (US & Canada),1517776,gardengriffin,,2024-07-18 02:53:53 UTC,2025-04-06 07:11:51 UTC,research,CC-BY-NC,https://www.inaturalist.org/observations/230024381,https://inaturalist-open-data.s3.amazonaws.com/photos/408383535/medium.jpeg,,"","",1,0,false,3,"Cliff Rd S, Birmingham, AL, US",33.50667856,-86.7763056331,4,,,,4,,,false,,,Kudzu Bug,Megacopta cribraria,Kudzu Bug,Insecta,209176
230122449,713a4819-3fdc-4d1e-8b18-8268ef25087f,2024-07-18 11:40:14-05:00,2024-07-18,2024-07-18 16:40:14 UTC,Central Time (US & Canada),8014126,amicklsn,,2024-07-18 16:44:57 UTC,2025-02-03 15:27:19 UTC,research,CC-BY-NC,https://www.inaturalist.org/observations/230122449,https://inaturalist-open-data.s3.amazonaws.com/photos/408566042/medium.jpeg,,"","",1,0,false,3,"Somerville, TN, US",35.1421138333,-89.240805,4,,,,4,,,false,,,Kudzu Bug,Megacopta cribraria,Kudzu Bug,Insecta,209176
230130170,69dcac7a-d42d-4e3b-aaef-22304c3a9c38,2024-07-18 12:25:58-05:00,2024-07-18,2024-07-18 17:25:58 UTC,Central Time (US & Canada),8171514,sunderthetree,,2024-07-18 17:26:10 UTC,2025-02-03 15:27:17 UTC,research,,https://www.inaturalist.org/observations/230130170,https://static.inaturalist.org/photos/408581209/medium.jpeg,,"","",1,0,false,3,"Pine Ridge Cir, Madison, AL, US",34.7000228847,-86.7262452935,4,,,,4,,,false,,,Kudzu Bug,Megacopta cribraria,Kudzu Bug,Insecta,209176
230178331,24cd8c02-8e26-42af-86c4-d84f37b78466,2024/07/18 2:52 PM,2024-07-18,2024-07-18 18:52:00 UTC,Eastern Time (US & Canada),7545635,jonsense,jonsense,2024-07-18 21:40:44 UTC,2025-05-20 14:13:23 UTC,research,CC-BY,https://www.inaturalist.org/observations/230178331,https://inaturalist-open-data.s3.amazonaws.com/photos/408651979/medium.jpeg,,"",,1,0,false,,"Northwest Washington, Washington, DC, USA",38.9335666667,-77.0503611111,5,,,,5,,,false,,,Kudzu Bug,Megacopta cribraria,Kudzu Bug,Insecta,209176
230204451,5b7349b6-28e9-4aa9-a371-a2bc014ee0d2,2024-07-18 10:38:20,2024-07-18,2024-07-18 14:38:20 UTC,Eastern Time (US & Canada),714919,leiaos13,Gabriela M Zabel,2024-07-19 00:36:01 UTC,2025-02-03 15:27:16 UTC,research,,https://www.inaturalist.org/observations/230204451,https://static.inaturalist.org/photos/408722201/medium.jpeg,,"",,1,0,false,2,Marvin Gaye Park,38.8965380714,-76.9258202612,184,,,,184,,,false,gps,gps,Kudzu Bug,Megacopta cribraria,Kudzu Bug,Insecta,209176
230329830,730cf95d-3872-4766-bd47-30379f28a38f,2024-07-19 13:24:45-04:00,2024-07-19,2024-07-19 17:24:45 UTC,Eastern Time (US & Canada),8369779,sneves00,,2024-07-19 17:25:31 UTC,2025-02-03 15:27:15 UTC,research,CC-BY-NC,https://www.inaturalist.org/observations/230329830,https://inaturalist-open-data.s3.amazonaws.com/photos/421802469/medium.jpeg,,"","",1,0,false,3,"Long Creek Club Dr, Charlotte, NC, US",35.3412033333,-80.8540333333,4,,,,4,,,false,,,Kudzu Bug,Megacopta cribraria,Kudzu Bug,Insecta,209176
230331035,a2ead3f9-f836-40a9-9a78-67baaf357cc0,2024-07-18 18:11:07,2024-07-18,2024-07-18 22:11:07 UTC,Eastern Time (US & Canada),5018656,ursussmaritimuss,,2024-07-19 17:31:46 UTC,2025-02-03 15:27:08 UTC,research,CC-BY-NC,https://www.inaturalist.org/observations/230331035,https://inaturalist-open-data.s3.amazonaws.com/photos/408962547/medium.jpeg,,"",,1,0,false,2,"Virginia, US",38.7343661338,-77.1466666679,,,,,28210,obscured,,true,gps,gps,Kudzu Bug,Megacopta cribraria,Kudzu Bug,Insecta,209176
230363616,bc557c7a-507f-4d61-a419-4620e481221a,Fri Jul 19 2024 16:28:29 GMT -0400 (EDT),2024-07-19,2024-07-19 20:28:29 UTC,Eastern Time (US & Canada),7893715,mario_mtnzze,,2024-07-19 20:28:44 UTC,2025-02-03 15:26:56 UTC,research,CC-BY-NC,https://www.inaturalist.org/observations/230363616,https://inaturalist-open-data.s3.amazonaws.com/photos/409028790/medium.jpeg,,"",,1,0,false,333,Concord,35.3721313477,-80.7158279419,36,,,,36,,,false,,,Kudzu Bug,Megacopta cribraria,Kudzu Bug,Insecta,209176
230371942,76f0c7bb-50ed-4bf9-aa18-e18ec6e389a7,2024-07-19 17:14:09,2024-07-19,2024-07-19 21:14:09 UTC,Eastern Time (US & Canada),7547947,heidi9086,Heidi Collier,2024-07-19 21:15:10 UTC,2025-02-03 15:25:47 UTC,research,,https://www.inaturalist.org/observations/230371942,https://static.inaturalist.org/photos/409042141/medium.jpeg,,"",,1,0,false,2,"Cave Spring, VA 24018, USA",37.24550113,-80.0377701,4,,,,4,,,false,,,Kudzu Bug,Megacopta cribraria,Kudzu Bug,Insecta,209176
230375300,1337fce2-3b74-4400-9a49-2355eb2acaf0,2024-07-19 17:17:29,2024-07-19,2024-07-19 21:17:29 UTC,Eastern Time (US & Canada),3300496,anthony714,Anthony Manzi,2024-07-19 21:32:34 UTC,2025-02-03 15:25:47 UTC,research,,https://www.inaturalist.org/observations/230375300,https://static.inaturalist.org/photos/409049563/medium.jpeg,,"",,1,0,false,2,"Acworth, GA 30101, USA",34.0740651,-84.6548771,11,,,,11,,,false,,,Kudzu Bug,Megacopta cribraria,Kudzu Bug,Insecta,209176
230381587,3ada79a2-2f77-49fc-a18c-6d248d234dd9,2024-07-19 17:08:01,2024-07-19,2024-07-19 22:08:01 UTC,Central Time (US & Canada),501753,trackjackie69,Jacklyn A. Kovacs,2024-07-19 22:09:11 UTC,2025-02-03 15:25:34 UTC,research,CC-BY-NC-SA,https://www.inaturalist.org/observations/230381587,https://inaturalist-open-data.s3.amazonaws.com/photos/409061945/medium.jpeg,,"",,1,0,false,2,"Tuscaloosa, AL 35401, USA",33.1988170997,-87.5284460997,,,,,,,,false,gps,gps,Kudzu Bug,Megacopta cribraria,Kudzu Bug,Insecta,209176
230383020,c3de3d95-7a34-44c4-8489-85b34b1a3159,2024-07-19 18:17:47-04:00,2024-07-19,2024-07-19 22:17:47 UTC,Eastern Time (US & Canada),8360984,whispering-woods,,2024-07-19 22:18:59 UTC,2025-02-03 15:25:33 UTC,research,CC-BY-NC,https://www.inaturalist.org/observations/230383020,https://inaturalist-open-data.s3.amazonaws.com/photos/409064796/medium.jpeg,,"","",1,0,false,3,"College St, Pikeville, KY, US",37.4776443791,-82.5189784654,52,,,,52,,,false,,,Kudzu Bug,Megacopta cribraria,Kudzu Bug,Insecta,209176
230393430,38b0ee52-1360-46a2-870b-6261cd118a1c,2024-07-19 17:29:24-04:00,2024-07-19,2024-07-19 21:29:24 UTC,Eastern Time (US & Canada),7946124,cabin2coast,cabin2coast,2024-07-19 23:32:03 UTC,2025-02-03 15:25:31 UTC,research,,https://www.inaturalist.org/observations/230393430,https://static.inaturalist.org/photos/409086700/medium.jpeg,,"","",1,0,false,333,"Georgia, US",33.967135133,-84.6947756168,,,,,28902,obscured,,true,,,Kudzu Bug,Megacopta cribraria,Kudzu Bug,Insecta,209176
230394025,3c1e5698-65e0-49eb-9a14-c9c99ed1446e,2024/07/19 7:28 PM,2024-07-19,2024-07-19 23:28:00 UTC,Eastern Time (US & Canada),6252642,thysanoptera,Hal F.,2024-07-19 23:35:59 UTC,2025-02-03 15:25:30 UTC,research,CC-BY-NC,https://www.inaturalist.org/observations/230394025,https://inaturalist-open-data.s3.amazonaws.com/photos/409085910/medium.jpeg,,"","",1,0,false,,"Douglasville, GA, USA",33.7514966,-84.7477136,15277,,,,15277,,,false,,,Kudzu Bug,Megacopta cribraria,Kudzu Bug,Insecta,209176
230394452,6f8f9ba8-5719-41fd-b295-c09f0af080fa,Fri Jul 19 2024 18:37:58 GMT -0500 (CDT),2024-07-19,2024-07-19 23:37:58 UTC,Central Time (US & Canada),7057071,alabamaslamma,,2024-07-19 23:38:15 UTC,2025-02-03 15:25:29 UTC,research,CC-BY-NC,https://www.inaturalist.org/observations/230394452,https://inaturalist-open-data.s3.amazonaws.com/photos/409088691/medium.jpeg,,"",,1,0,false,333,Sylacauga,33.1728515625,-86.2830276489,57,,,,57,,,false,,,Kudzu Bug,Megacopta cribraria,Kudzu Bug,Insecta,209176
230399011,d9c4d568-64e8-4ccb-83ae-086bf8f12b6d,Fri Jul 19 2024 20:06:53 GMT -0400 (EDT),2024-07-19,2024-07-20 00:06:53 UTC,Eastern Time (US & Canada),2754913,true_face,SKM,2024-07-20 00:07:53 UTC,2025-02-03 15:25:28 UTC,research,CC-BY-NC,https://www.inaturalist.org/observations/230399011,https://inaturalist-open-data.s3.amazonaws.com/photos/416594443/medium.jpeg,,"",,1,0,false,333,College Park,33.6416625977,-84.4435882568,37,,,,37,,,false,,,Kudzu Bug,Megacopta cribraria,Kudzu Bug,Insecta,209176
230399967,457a5503-8725-43da-8dd8-2aa0e67db87a,2024-07-19 18:27:19-04:00,2024-07-19,2024-07-19 22:27:19 UTC,Eastern Time (US & Canada),1415322,heroicfauna,Sue Anne Brenner,2024-07-20 00:14:37 UTC,2025-02-03 15:25:00 UTC,research,CC-BY-NC,https://www.inaturalist.org/observations/230399967,https://inaturalist-open-data.s3.amazonaws.com/photos/409098913/medium.jpeg,,"","",1,0,false,3,"Georgia, US",33.8293670843,-84.3167930336,10,,,,28902,obscured,,true,,,Kudzu Bug,Megacopta cribraria,Kudzu Bug,Insecta,209176
230409900,44d4fb8e-f9e2-4ba6-a6f8-8c4008a1fef8,2024-07-19 21:15:32,2024-07-19,2024-07-20 01:15:32 UTC,Eastern Time (US & Canada),964624,ekidd,"",2024-07-20 01:24:55 UTC,2024-07-20 02:00:47 UTC,research,CC-BY-NC,https://www.inaturalist.org/observations/230409900,https://inaturalist-open-data.s3.amazonaws.com/photos/409124480/medium.jpeg,,"",,2,0,false,2,"Stone Mountain, GA 30083, USA",33.795466223,-84.188358821,15,,,,15,,,false,gps,gps,Kudzu Bug,Megacopta cribraria,Kudzu Bug,Insecta,209176
230410300,f2821b7a-a797-4023-a772-af39820d8384,2024-07-19 17:04:18,2024-07-19,2024-07-19 21:04:18 UTC,Eastern Time (US & Canada),53153,willkuhn,Will Kuhn,2024-07-20 01:27:28 UTC,2024-07-20 02:28:29 UTC,research,CC-BY,https://www.inaturalist.org/observations/230410300,https://inaturalist-open-data.s3.amazonaws.com/photos/409119694/medium.jpeg,,"",On clustered mountainmint ,1,0,false,2,"Karns, TN 37921, USA",36.0003129997,-84.0196889997,,,,,,,,false,gps,gps,Kudzu Bug,Megacopta cribraria,Kudzu Bug,Insecta,209176
230436817,c74533fd-7e9b-4aa6-b681-81e3ad971077,2024-07-09 10:41:20-04:00,2024-07-09,2024-07-09 14:41:20 UTC,Eastern Time (US & Canada),8231639,danaejuh,,2024-07-20 05:05:41 UTC,2025-08-21 17:07:42 UTC,research,CC-BY-NC,https://www.inaturalist.org/observations/230436817,https://inaturalist-open-data.s3.amazonaws.com/photos/409170437/medium.jpeg,,"","",2,0,false,3,"Georgia State University - Perimeter College’s Clarkston Campus, Clarkston, GA, US",33.79198,-84.2342916667,4,,,,4,,,false,,,Kudzu Bug,Megacopta cribraria,Kudzu Bug,Insecta,209176
230516169,27107b1c-2bb8-46a1-a0b4-cab7fd49c488,2024-07-20 11:32:11-04:00,2024-07-20,2024-07-20 15:32:11 UTC,Eastern Time (US & Canada),922210,kaschaller,,2024-07-20 15:33:03 UTC,2024-07-20 22:42:08 UTC,research,,https://www.inaturalist.org/observations/230516169,https://static.inaturalist.org/photos/409313658/medium.jpeg,,"","",1,0,false,3,"Virginia, US",38.9185639402,-77.126878997,35,,,,28181,obscured,,true,,,Kudzu Bug,Megacopta cribraria,Kudzu Bug,Insecta,209176
230539815,a583403e-a5d6-4a89-9674-518348b20e12,2024-07-20 10:44:33-05:00,2024-07-20,2024-07-20 15:44:33 UTC,Central Time (US & Canada),4551261,dgtgaik,,2024-07-20 17:16:46 UTC,2024-07-20 22:37:38 UTC,research,CC-BY-NC,https://www.inaturalist.org/observations/230539815,https://inaturalist-open-data.s3.amazonaws.com/photos/409356148/medium.jpeg,,"","",1,0,false,3,"Tenth Ave S, Birmingham, AL, US",33.49208,-86.8183883333,4,,,,4,,,false,,,Kudzu Bug,Megacopta cribraria,Kudzu Bug,Insecta,209176
230546217,69661eee-4b34-4aac-806c-cb31f84abe6c,2024/07/20 1:31 PM,2024-07-20,2024-07-20 18:31:00 UTC,Central Time (US & Canada),5636154,seismicshrimp,Jacob Schick,2024-07-20 17:44:38 UTC,2024-07-20 19:11:23 UTC,research,CC-BY-NC,https://www.inaturalist.org/observations/230546217,https://inaturalist-open-data.s3.amazonaws.com/photos/409363062/medium.jpeg,,"","",1,0,false,,"Auburn, AL, USA",32.5860271609,-85.5438449955,352,,,,352,,,false,,,Kudzu Bug,Megacopta cribraria,Kudzu Bug,Insecta,209176
230557225,94b06e3c-f9c4-404b-8c93-b3cb9c0cac12,2024-07-20 14:31:09-04:00,2024-07-20,2024-07-20 18:31:09 UTC,Eastern Time (US & Canada),5320167,justynkoenig,,2024-07-20 18:32:09 UTC,2024-07-20 21:39:48 UTC,research,CC-BY-NC,https://www.inaturalist.org/observations/230557225,https://inaturalist-open-data.s3.amazonaws.com/photos/409469332/medium.jpeg,,"","",1,0,false,3,"Highwood Ct, Knoxville, TN, US",35.9473311071,-83.909557789,15,,,,15,,,false,,,Kudzu Bug,Megacopta cribraria,Kudzu Bug,Insecta,209176
230559547,1b32412a-9a15-4763-9f7c-61470d7b7e56,2024-07-20 14:41:14-04:00,2024-07-20,2024-07-20 18:41:14 UTC,Eastern Time (US & Canada),3103230,jnebesar,,2024-07-20 18:43:12 UTC,2024-07-20 21:03:24 UTC,research,CC-BY-NC,https://www.inaturalist.org/observations/230559547,https://inaturalist-open-data.s3.amazonaws.com/photos/409391692/medium.jpeg,,"","",2,0,false,3,"Fulton County, US-GA, US",33.7765371738,-84.3654799107,35,,,,28930,obscured,,true,,,Kudzu Bug,Megacopta cribraria,Kudzu Bug,Insecta,209176
230577313,e77d4c41-6d0d-4292-ab89-624422d55f15,2024-07-20 15:50:45-04:00,2024-07-20,2024-07-20 19:50:45 UTC,Eastern Time (US & Canada),2777035,vikkidoodle,Vikki Rook,2024-07-20 19:56:38 UTC,2024-10-04 10:56:45 UTC,research,CC-BY-NC,https://www.inaturalist.org/observations/230577313,https://inaturalist-open-data.s3.amazonaws.com/photos/411884355/medium.jpeg,,"","",2,0,false,3,"Madison Town Park, Madison, GA, US",33.5972883333,-83.46955,4,,,,4,,,false,,,Kudzu Bug,Megacopta cribraria,Kudzu Bug,Insecta,209176
230584280,5670e5b0-0c34-402d-b3f1-18d3a592d1cb,2024-07-20 15:23:59-05:00,2024-07-20,2024-07-20 20:23:59 UTC,Central Time (US & Canada),1482941,jannawis,Janna Wisniewski,2024-07-20 20:27:08 UTC,2024-10-04 10:56:44 UTC,research,CC-BY-NC,https://www.inaturalist.org/observations/230584280,https://inaturalist-open-data.s3.amazonaws.com/photos/409438870/medium.jpeg,,"","",2,0,false,3,"Odum Rd, Gardendale, AL, US",33.6472866667,-86.8241883333,4,,,,4,,,false,,,Kudzu Bug,Megacopta cribraria,Kudzu Bug,Insecta,209176
230584944,ed2a28a7-a02a-4275-a2c9-0f0695785b6a,2024-07-20 16:30:02-04:00,2024-07-20,2024-07-20 20:30:02 UTC,Eastern Time (US & Canada),6108335,jonbrock,,2024-07-20 20:30:33 UTC,2024-10-04 10:56:43 UTC,research,CC-BY-NC,https://www.inaturalist.org/observations/230584944,https://inaturalist-open-data.s3.amazonaws.com/photos/409440465/medium.jpeg,,"","",2,0,false,3,"Blossom St, Columbia, SC, US",33.99267,-80.981095,14,,,,14,,,false,,,Kudzu Bug,Megacopta cribraria,Kudzu Bug,Insecta,209176
230593492,bfc450cc-4fc5-48c9-91d7-f74421c7f375,2024-07-20 16:52:10-04:00,2024-07-20,2024-07-20 20:52:10 UTC,Eastern Time (US & Canada),6088542,woodlawn,,2024-07-20 21:07:40 UTC,2024-10-04 10:56:42 UTC,research,CC-BY-NC,https://www.inaturalist.org/observations/230593492,https://inaturalist-open-data.s3.amazonaws.com/photos/409456922/medium.jpeg,,"","",2,0,false,3,"Firetower Rd, Port Deposit, MD, US",39.6439772426,-76.0862686393,3,,,,3,,,false,,,Kudzu Bug,Megacopta cribraria,Kudzu Bug,Insecta,209176
230598333,8bc21c86-96b5-4131-8ae3-793b05e472d7,2024-07-20 17:27:46-04:00,2024-07-20,2024-07-20 21:27:46 UTC,Eastern Time (US & Canada),1632164,jbutler3,,2024-07-20 21:31:27 UTC,2024-10-04 10:56:40 UTC,research,CC-BY-NC,https://www.inaturalist.org/observations/230598333,https://inaturalist-open-data.s3.amazonaws.com/photos/409466273/medium.jpeg,,"","",2,0,false,3,"Island Home Ave, Knoxville, TN, US",35.9606033333,-83.9001466667,4,,,,4,,,false,,,Kudzu Bug,Megacopta cribraria,Kudzu Bug,Insecta,209176
230604213,d4c5269a-74be-4b1a-aa5d-19dfc9dd431e,2024-07-20 17:55:46,2024-07-20,2024-07-20 21:55:46 UTC,Eastern Time (US & Canada),3596682,tnvirginia,Virginia Allen,2024-07-20 21:58:44 UTC,2024-10-04 10:56:39 UTC,research,,https://www.inaturalist.org/observations/230604213,https://static.inaturalist.org/photos/409476470/medium.jpeg,,"",,2,0,false,2,"East Ridge, TN, USA",34.9916138889,-85.2569944444,,,,,,,,false,gps,gps,Kudzu Bug,Megacopta cribraria,Kudzu Bug,Insecta,209176
230609863,ae16ef82-9ecc-475b-9703-cfd5d8e6967f,2024-07-20 18:27:38-04:00,2024-07-20,2024-07-20 22:27:38 UTC,Eastern Time (US & Canada),7050882,crowing,,2024-07-20 22:28:42 UTC,2024-10-04 10:56:34 UTC,research,CC-BY-NC,https://www.inaturalist.org/observations/230609863,https://inaturalist-open-data.s3.amazonaws.com/photos/409488199/medium.jpeg,,"",small round beetle all over my front door.. randomly flies and lands on me as i walk in or out of my house. ,1,0,false,3,"Graves St, Knoxville, TN, US",35.9785440806,-83.887785186,409,,,,409,,,false,,,Kudzu Bug,Megacopta cribraria,Kudzu Bug,Insecta,209176
230624144,d16ae599-2aef-42e1-9c7c-494881fdbc82,2024-07-20 19:49:25,2024-07-20,2024-07-20 23:49:25 UTC,Eastern Time (US & Canada),2717078,sarahann44,,2024-07-20 23:50:43 UTC,2024-10-04 10:56:28 UTC,research,CC-BY-NC,https://www.inaturalist.org/observations/230624144,https://inaturalist-open-data.s3.amazonaws.com/photos/409910691/medium.jpeg,,"",,1,0,false,2,"Martinez, GA, USA",33.5048722,-82.1380475997,,,,,,,,false,gps,gps,Kudzu Bug,Megacopta cribraria,Kudzu Bug,Insecta,209176
230644667,bdfba16b-a30a-48ae-8907-7d46d123870b,2024-07-20 18:03:31,2024-07-20,2024-07-20 22:03:31 UTC,Eastern Time (US & Canada),39429,flgirl09,,2024-07-21 02:01:30 UTC,2024-10-04 10:56:27 UTC,research,CC-BY-NC,https://www.inaturalist.org/observations/230644667,https://inaturalist-open-data.s3.amazonaws.com/photos/409556151/medium.jpeg,,"",,2,0,false,2,"Cumberland, Atlanta, GA, USA",33.8895885,-84.4681867997,,,,,,,,false,gps,gps,Kudzu Bug,Megacopta cribraria,Kudzu Bug,Insecta,209176
230655042,87f2ea23-9829-4c8d-aeac-9e0a9275270a,2024/07/20 3:05 PM,2024-07-20,2024-07-20 19:05:00 UTC,Eastern Time (US & Canada),764155,whatch11,Wes Hatch,2024-07-21 03:02:43 UTC,2024-10-04 10:56:24 UTC,research,,https://www.inaturalist.org/observations/230655042,https://static.inaturalist.org/photos/409574096/medium.jpeg,,"",,1,0,false,,"Roswell, GA, USA",34.0015212197,-84.3698814464,2,,,,2,,,false,,,Kudzu Bug,Megacopta cribraria,Kudzu Bug,Insecta,209176
230655044,12b460ab-5adc-4425-b8ad-1b39fc377be9,2024/07/20 3:05 PM,2024-07-20,2024-07-20 19:05:00 UTC,Eastern Time (US & Canada),764155,whatch11,Wes Hatch,2024-07-21 03:02:43 UTC,2024-10-04 10:56:23 UTC,research,,https://www.inaturalist.org/observations/230655044,https://static.inaturalist.org/photos/409574097/medium.jpeg,,"",,1,0,false,,"Roswell, GA, USA",34.0015775882,-84.3703241316,8,,,,8,,,false,,,Kudzu Bug,Megacopta cribraria,Kudzu Bug,Insecta,209176
230799658,5755935a-0290-4bc5-8c48-b9e99c31d557,2024-07-18 17:57:26-04:00,2024-07-18,2024-07-18 21:57:26 UTC,Eastern Time (US & Canada),1505456,lokes,,2024-07-21 17:43:58 UTC,2024-10-04 10:56:23 UTC,research,CC-BY-NC,https://www.inaturalist.org/observations/230799658,https://inaturalist-open-data.s3.amazonaws.com/photos/409837997/medium.jpeg,,"","",2,0,false,3,"Pine Forest Trail, Columbia, SC, US",34.0407528333,-81.1342388333,30,,,,30,,,false,,,Kudzu Bug,Megacopta cribraria,Kudzu Bug,Insecta,209176
230807177,02d9fd28-ccf4-47d3-b155-29586b97669f,2024-07-21 14:14:40,2024-07-21,2024-07-21 18:14:40 UTC,Eastern Time (US & Canada),4564508,ogullible01,Paul A Rose,2024-07-21 18:16:42 UTC,2024-10-04 10:56:21 UTC,research,CC-BY-NC,https://www.inaturalist.org/observations/230807177,https://inaturalist-open-data.s3.amazonaws.com/photos/409852069/medium.jpeg,,"",On Lima beans,2,0,false,2,"Euharlee, GA 30120, USA",34.1151923889,-84.8516921944,,,,,,,,false,gps,gps,Kudzu Bug,Megacopta cribraria,Kudzu Bug,Insecta,209176
230817902,6adcbbd0-c2fe-4dcf-ae24-664dd4492bd1,2024-07-21 15:02:40-04:00,2024-07-21,2024-07-21 19:02:40 UTC,Eastern Time (US & Canada),2724360,sltarle7,,2024-07-21 19:03:07 UTC,2024-10-04 10:56:20 UTC,research,CC-BY-NC,https://www.inaturalist.org/observations/230817902,https://inaturalist-open-data.s3.amazonaws.com/photos/409872589/medium.jpeg,,"","",3,0,false,3,"Carpathian Way, Raleigh, NC, US",35.9148089409,-78.6443211164,10726,,,,10726,,,false,,,Kudzu Bug,Megacopta cribraria,Kudzu Bug,Insecta,209176
230818636,12d93f74-7a9f-4d3b-a495-4c581c814441,2024-07-21 15:04:07-04:00,2024-07-21,2024-07-21 19:04:07 UTC,Eastern Time (US & Canada),1575494,cturtz,Christy,2024-07-21 19:06:19 UTC,2024-10-04 10:56:17 UTC,research,CC-BY-NC,https://www.inaturalist.org/observations/230818636,https://inaturalist-open-data.s3.amazonaws.com/photos/409874081/medium.jpeg,,"","",2,0,false,3,"Peachtree Pkwy, Suwanee, GA, US",34.0697416667,-84.1662055,4,,,,4,,,false,,,Kudzu Bug,Megacopta cribraria,Kudzu Bug,Insecta,209176
230823887,22646d1d-c44d-413d-afd1-9d408a8a1d08,2024-07-21 15:25:49,2024-07-21,2024-07-21 19:25:49 UTC,Eastern Time (US & Canada),6230113,pathfinder_dan,Pathfinder_Dan,2024-07-21 19:26:49 UTC,2024-10-04 10:56:17 UTC,research,CC-BY-NC,https://www.inaturalist.org/observations/230823887,https://inaturalist-open-data.s3.amazonaws.com/photos/409884124/medium.jpeg,,"",,2,0,false,2,"Gatlinburg, TN 37738, USA",35.71189761,-83.51759209,10,,,,10,,,false,,,Kudzu Bug,Megacopta cribraria,Kudzu Bug,Insecta,209176
230825771,56264c06-a947-4b6f-ab4c-aa637c30fc6c,2024/07/21 12:35 PM,2024-07-21,2024-07-21 16:35:00 UTC,Eastern Time (US & Canada),7009605,armandol,Armando R,2024-07-21 19:34:33 UTC,2024-10-04 10:56:13 UTC,research,,https://www.inaturalist.org/observations/230825771,https://static.inaturalist.org/photos/409886315/medium.jpg,,"",,1,0,false,,"Vienna, VA 22180, USA",38.909488,-77.273103,,,,,,,,false,,,Kudzu Bug,Megacopta cribraria,Kudzu Bug,Insecta,209176
230829051,1e8b3199-9ee2-413f-ab05-feae6be4d03c,2024-07-21 15:45:55,2024-07-21,2024-07-21 19:45:55 UTC,Eastern Time (US & Canada),6237999,joy_gu,Gu Joy,2024-07-21 19:47:14 UTC,2024-10-04 10:56:11 UTC,research,,https://www.inaturalist.org/observations/230829051,https://static.inaturalist.org/photos/409893247/medium.jpeg,,"",,2,0,false,2,"Buford Hwy NE & Oak Shadow Dr NE, Chamblee, GA 30345, USA",33.86258919,-84.3071638,9,,,,9,,,false,,,Kudzu Bug,Megacopta cribraria,Kudzu Bug,Insecta,209176
230829950,143278d4-281f-41a1-906a-112eb8654620,2024-07-21 15:50:15-04:00,2024-07-21,2024-07-21 19:50:15 UTC,Eastern Time (US & Canada),8312707,bkm50760,,2024-07-21 19:51:03 UTC,2024-10-04 10:56:10 UTC,research,CC-BY-NC,https://www.inaturalist.org/observations/230829950,https://inaturalist-open-data.s3.amazonaws.com/photos/409894878/medium.jpeg,,"","",2,0,false,3,"Boulder Creek Trail, Hixson, TN, US",35.1860232745,-85.2678276692,4,,,,4,,,false,,,Kudzu Bug,Megacopta cribraria,Kudzu Bug,Insecta,209176
230831889,f1be988c-4e7d-4046-92a6-d71b6c224968,2024-07-21 15:54:33-04:00,2024-07-21,2024-07-21 19:54:33 UTC,Eastern Time (US & Canada),7332357,ryan40938,Ryan Hendren,2024-07-21 19:59:50 UTC,2024-10-04 10:56:08 UTC,research,,https://www.inaturalist.org/observations/230831889,https://static.inaturalist.org/photos/409899112/medium.jpeg,,"","",3,0,false,3,"Ponce de Leon Ave NE, Atlanta, GA, US",33.7726666667,-84.3798133333,21,,,,21,,,false,,,Kudzu Bug,Megacopta cribraria,Kudzu Bug,Insecta,209176
230837743,a52b6a6e-35af-405d-8351-dde3706de7d3,2024-07-21 12:58:27,2024-07-21,2024-07-21 17:58:27 UTC,Central Time (US & Canada),257533,bobreed,Bob Reed,2024-07-21 20:24:39 UTC,2024-10-04 10:56:07 UTC,research,CC-BY-NC,https://www.inaturalist.org/observations/230837743,https://inaturalist-open-data.s3.amazonaws.com/photos/409910364/medium.jpeg,,"",,2,0,false,2,"Tallassee, AL 36078, USA",32.565849,-85.9320289722,,,,,,,,false,gps,gps,Kudzu Bug,Megacopta cribraria,Kudzu Bug,Insecta,209176
230840707,2f2ae91c-7e04-4558-9f32-caf923e189bd,2024-07-21 16:20:20-04:00,2024-07-21,2024-07-21 20:20:20 UTC,Eastern Time (US & Canada),8380417,molasses-being-slow,,2024-07-21 20:37:26 UTC,2024-10-04 10:56:07 UTC,research,CC-BY-NC,https://www.inaturalist.org/observations/230840707,https://inaturalist-open-data.s3.amazonaws.com/photos/409915885/medium.jpeg,,"","Found on hand rail, very small",3,0,false,3,"Trickum Creek Rd, Tyrone, GA, US",33.4909330407,-84.6041108718,25,,,,25,,,false,,,Kudzu Bug,Megacopta cribraria,Kudzu Bug,Insecta,209176
230841402,660e6b80-3ec6-4431-b83d-b224fdcb1e13,2024-07-21 16:39:47-04:00,2024-07-21,2024-07-21 20:39:47 UTC,Eastern Time (US & Canada),6598805,lukebrotherton,,2024-07-21 20:40:21 UTC,2024-10-04 10:56:06 UTC,research,CC-BY-NC,https://www.inaturalist.org/observations/230841402,https://inaturalist-open-data.s3.amazonaws.com/photos/409917202/medium.jpeg,,"","",2,0,false,3,"Pineview Dr, Raleigh, NC, US",35.7684498728,-78.7049358005,4,,,,4,,,false,,,Kudzu Bug,Megacopta cribraria,Kudzu Bug,Insecta,209176
230842177,11932fe1-c7c5-4965-83cc-86510605064b,2024-07-21 16:43:47-04:00,2024-07-21,2024-07-21 20:43:47 UTC,Eastern Time (US & Canada),3854121,spark1028,,2024-07-21 20:43:59 UTC,2024-10-04 10:56:01 UTC,research,CC-BY-NC,https://www.inaturalist.org/observations/230842177,https://inaturalist-open-data.s3.amazonaws.com/photos/409918681/medium.jpeg,,"","",3,0,false,3,"Richland County, US-SC, US",34.1291617667,-81.2555631054,47,,,,47,,,false,,,Kudzu Bug,Megacopta cribraria,Kudzu Bug,Insecta,209176
230844803,2f42ef76-2add-420e-9c67-885c9e34cb52,2024-07-21 16:49:59-04:00,2024-07-21,2024-07-21 20:49:59 UTC,Eastern Time (US & Canada),6782715,slingesa,SueTN,2024-07-21 20:53:47 UTC,2024-10-04 10:55:58 UTC,research,CC-BY-NC,https://www.inaturalist.org/observations/230844803,https://inaturalist-open-data.s3.amazonaws.com/photos/409922929/medium.jpeg,,"","",2,0,false,3,"Raulston Rd, Maryville, TN, US",35.6997716667,-83.9826133333,4,,,,4,,,false,,,Kudzu Bug,Megacopta cribraria,Kudzu Bug,Insecta,209176
230847164,6a9679b0-f47c-4d46-b999-49cc3983eec3,2024-07-21 17:04:53-04:00,2024-07-21,2024-07-21 21:04:53 UTC,Eastern Time (US & Canada),4946818,ludwicjr,,2024-07-21 21:05:25 UTC,2024-10-04 10:55:58 UTC,research,CC-BY-NC,https://www.inaturalist.org/observations/230847164,https://inaturalist-open-data.s3.amazonaws.com/photos/409928007/medium.jpeg,,"","",1,0,false,3,"Parker Forest Dr, Dawsonville, GA, US",34.3520830131,-84.0342273771,4,,,,4,,,false,,,Kudzu Bug,Megacopta cribraria,Kudzu Bug,Insecta,209176
230850978,92969ee2-af83-4967-8330-d82f3abce247,2024-07-21 14:34:19-04:00,2024-07-21,2024-07-21 18:34:19 UTC,Eastern Time (US & Canada),7992970,bytesick,Marcus B,2024-07-21 21:22:02 UTC,2024-10-04 10:55:52 UTC,research,,https://www.inaturalist.org/observations/230850978,https://static.inaturalist.org/photos/409935016/medium.jpeg,,"","",3,0,false,3,"Wake County, US-NC, US",35.8611949159,-78.7286503985,35,,,,28620,obscured,,true,,,Kudzu Bug,Megacopta cribraria,Kudzu Bug,Insecta,209176
230852563,12863567-2221-415c-98af-af8e6862234c,2024-07-21 15:03:41-04:00,2024-07-21,2024-07-21 19:03:41 UTC,Eastern Time (US & Canada),3374605,kenbuchholz,,2024-07-21 21:29:12 UTC,2024-10-04 10:55:51 UTC,research,CC-BY-NC,https://www.inaturalist.org/observations/230852563,https://inaturalist-open-data.s3.amazonaws.com/photos/409938109/medium.jpeg,,"","",2,0,false,3,"Azalea Park, Roswell, GA, US",34.00215555,-84.363595,,,,,,,,false,,,Kudzu Bug,Megacopta cribraria,Kudzu Bug,Insecta,209176
230852733,b7e1779e-828d-4700-9429-ad5439fc6d79,2024-07-21 15:39:27-04:00,2024-07-21,2024-07-21 19:39:27 UTC,Eastern Time (US & Canada),3374605,kenbuchholz,,2024-07-21 21:29:58 UTC,2024-10-04 10:55:51 UTC,research,CC-BY-NC,https://www.inaturalist.org/observations/230852733,https://inaturalist-open-data.s3.amazonaws.com/photos/409938526/medium.jpeg,,"","",1,0,false,3,"Azalea Park, Roswell, GA, US",34.0022972167,-84.3628083333,,,,,,,,false,,,Kudzu Bug,Megacopta cribraria,Kudzu Bug,Insecta,209176
230854135,33e9f4e3-8fd2-49c1-a563-d707d1a9e788,2024-07-21 15:59:16-04:00,2024-07-21,2024-07-21 19:59:16 UTC,Eastern Time (US & Canada),4230486,dpgarden,,2024-07-21 21:36:47 UTC,2024-09-23 22:28:48 UTC,research,CC-BY-NC,https://www.inaturalist.org/observations/230854135,https://inaturalist-open-data.s3.amazonaws.com/photos/409941627/medium.jpeg,,"","",2,0,false,3,"Courtside Dr, Peachtree Corners, GA, US",33.9651633333,-84.24537,5,,,,5,,,false,,,Kudzu Bug,Megacopta cribraria,Kudzu Bug,Insecta,209176
230875372,3e83e834-f028-4943-b492-edb6c34f7126,2024-07-21 18:27:18-04:00,2024-07-21,2024-07-21 22:27:18 UTC,Eastern Time (US & Canada),704263,robinforest,Robin,2024-07-21 23:30:27 UTC,2025-06-10 18:41:42 UTC,research,,https://www.inaturalist.org/observations/230875372,https://static.inaturalist.org/photos/409984528/medium.jpeg,,"","",2,0,false,3,"Towne Lake Hills N, Woodstock, GA, US",34.1289355108,-84.5661055414,357,,,,357,,,false,,,Kudzu Bug,Megacopta cribraria,Kudzu Bug,Insecta,209176
230884720,e6e4cbde-c910-4aa9-8a54-be5b4f1e5050,2024-07-21 16:17:43-04:00,2024-07-21,2024-07-21 20:17:43 UTC,Eastern Time (US & Canada),3545654,drchancey,drchancey,2024-07-22 00:23:03 UTC,2024-07-22 00:26:32 UTC,research,CC-BY-NC,https://www.inaturalist.org/observations/230884720,https://inaturalist-open-data.s3.amazonaws.com/photos/410003229/medium.jpeg,,"","",1,0,false,3,"Georgia, US",33.8212691871,-84.2220351285,5,,,,28902,obscured,,true,,,Kudzu Bug,Megacopta cribraria,Kudzu Bug,Insecta,209176
230911311,612762e4-6ee5-472b-9f74-7e61038cece2,2024-07-21 22:59:49-04:00,2024-07-21,2024-07-22 02:59:49 UTC,Eastern Time (US & Canada),1083343,npetryk,Nicholas Petryk,2024-07-22 03:00:43 UTC,2024-07-22 16:03:18 UTC,research,,https://www.inaturalist.org/observations/230911311,https://static.inaturalist.org/photos/410053457/medium.jpeg,,"","",1,0,false,3,"Sudai St, Crawfordville, FL, US",30.1729824491,-84.3078636076,7,,,,7,,,false,,,Kudzu Bug,Megacopta cribraria,Kudzu Bug,Insecta,209176
230970470,0c66c2ff-23b4-4b99-8098-55925e90ec14,2024-07-22 07:18:59,2024-07-22,2024-07-22 11:18:59 UTC,Eastern Time (US & Canada),5799120,andrew2285,"",2024-07-22 12:25:58 UTC,2024-07-22 22:03:06 UTC,research,,https://www.inaturalist.org/observations/230970470,https://static.inaturalist.org/photos/410168052/medium.jpeg,,"",,2,0,false,2,"District of Columbia, District of Columbia County, US",38.92417374,-77.04655881,13,,,,13,,,false,,,Kudzu Bug,Megacopta cribraria,Kudzu Bug,Insecta,209176
230970480,773124d6-a66e-43a8-98c6-38bc2959faf7,2024-07-22 07:19:18,2024-07-22,2024-07-22 11:19:18 UTC,Eastern Time (US & Canada),5799120,andrew2285,"",2024-07-22 12:26:04 UTC,2025-08-21 17:30:18 UTC,research,,https://www.inaturalist.org/observations/230970480,https://static.inaturalist.org/photos/410168070/medium.jpeg,,"",,1,0,false,2,"District of Columbia, District of Columbia County, US",38.92412688,-77.04665733,9,,,,9,,,false,,,Kudzu Bug,Megacopta cribraria,Kudzu Bug,Insecta,209176
230974239,a8de5e83-f667-44c0-b379-cc18e4f1eea1,2024-07-22 07:41:48-04:00,2024-07-22,2024-07-22 11:41:48 UTC,Eastern Time (US & Canada),8272845,hbarnhardt,H.Barnhardt,2024-07-22 12:51:31 UTC,2024-07-27 22:26:00 UTC,research,CC-BY-NC-ND,https://www.inaturalist.org/observations/230974239,https://inaturalist-open-data.s3.amazonaws.com/photos/410174943/medium.jpeg,,"","",1,0,false,3,"Creekside Park, Archdale, NC, US",35.897505,-79.9311533333,13,,,,13,,,false,,,Kudzu Bug,Megacopta cribraria,Kudzu Bug,Insecta,209176
230979349,c076eb36-483f-4ce1-904d-0cc2fdcc8db9,2024-07-21 19:22:49-04:00,2024-07-21,2024-07-21 23:22:49 UTC,Eastern Time (US & Canada),1710972,jgpaul,Jack Paul,2024-07-22 13:22:34 UTC,2024-07-23 12:18:34 UTC,research,CC-BY-NC,https://www.inaturalist.org/observations/230979349,https://inaturalist-open-data.s3.amazonaws.com/photos/410184395/medium.jpeg,,"","",1,0,false,3,"Chapman Hwy, Knoxville, TN, US",35.947925,-83.91337,4,,,,4,,,false,,,Kudzu Bug,Megacopta cribraria,Kudzu Bug,Insecta,209176
231005216,3c050cc6-c2e8-4eb1-a920-ac3c87f60951,2024-07-22 11:37:02,2024-07-22,2024-07-22 15:37:02 UTC,Eastern Time (US & Canada),2144224,kimberleegravitz,Kimberlee Gravitz,2024-07-22 15:38:44 UTC,2024-07-22 17:30:19 UTC,research,,https://www.inaturalist.org/observations/231005216,https://static.inaturalist.org/photos/410230363/medium.jpeg,,"",,1,0,false,2,"Fairview, GA, USA",34.90727003,-85.3000256,10,,,,10,,,false,,,Kudzu Bug,Megacopta cribraria,Kudzu Bug,Insecta,209176
231011368,2fb43c52-acfb-4a2c-839e-cccacbdcea50,2024-07-19 15:39:07,2024-07-19,2024-07-19 19:39:07 UTC,Eastern Time (US & Canada),6110455,turbofox_fl,,2024-07-22 16:07:37 UTC,2024-10-05 15:46:12 UTC,research,CC-BY-NC,https://www.inaturalist.org/observations/231011368,https://inaturalist-open-data.s3.amazonaws.com/photos/410241409/medium.jpeg,,"",,2,0,false,2,"Marietta, GA 30060, USA",33.9525815135,-84.5499326661,9315,,,,9315,,,false,gps,gps,Kudzu Bug,Megacopta cribraria,Kudzu Bug,Insecta,209176
231060587,93b2121b-d9f2-4897-984c-c538ce3ebbd4,2024-07-22 15:33:30-04:00,2024-07-22,2024-07-22 19:33:30 UTC,Eastern Time (US & Canada),7933631,ciderworm,,2024-07-22 20:04:07 UTC,2024-07-22 20:07:25 UTC,research,CC-BY-NC,https://www.inaturalist.org/observations/231060587,https://inaturalist-open-data.s3.amazonaws.com/photos/410332606/medium.jpeg,,"","",1,0,false,3,"E Clayton St, Athens, GA, US",33.9584716667,-83.3759383333,35,,,,35,,,false,,,Kudzu Bug,Megacopta cribraria,Kudzu Bug,Insecta,209176
231067003,9b6e2e8d-f04e-49e3-a803-d745a73a65f9,2024-07-22 16:25:31-04:00,2024-07-22,2024-07-22 20:25:31 UTC,Eastern Time (US & Canada),4263569,cortney_norris,Cortney Norris,2024-07-22 20:33:42 UTC,2024-07-23 00:45:55 UTC,research,,https://www.inaturalist.org/observations/231067003,https://static.inaturalist.org/photos/410395797/medium.jpeg,,"","",1,0,false,3,"Hickory Valley Rd, Maynardville, TN, US",36.290375,-83.79508,21,,,,21,,,false,,,Kudzu Bug,Megacopta cribraria,Kudzu Bug,Insecta,209176
231067175,31f58cfe-79ac-40bc-a147-4cb7af55af9e,2024/07/11 5:31 PM,2024-07-11,2024-07-11 21:31:00 UTC,Eastern Time (US & Canada),5110223,naturallywade41,Wade Gassman,2024-07-22 20:34:30 UTC,2024-07-30 05:17:13 UTC,research,CC-BY-NC,https://www.inaturalist.org/observations/231067175,https://inaturalist-open-data.s3.amazonaws.com/photos/410341738/medium.jpeg,,"","",2,0,false,,"Reed Creek Nature Park & Interpretive Center, Martinez, Columbia County, GA, USA",33.5367342215,-82.0829237363,1,,,,1,,,false,,,Kudzu Bug,Megacopta cribraria,Kudzu Bug,Insecta,209176
231067350,4362aeae-eff0-427e-b503-e7decf22337a,2024-07-22 15:28:53,2024-07-22,2024-07-22 19:28:53 UTC,Eastern Time (US & Canada),7903610,yr-perez,"",2024-07-22 20:35:33 UTC,2024-07-22 21:04:09 UTC,research,CC-BY-NC,https://www.inaturalist.org/observations/231067350,https://inaturalist-open-data.s3.amazonaws.com/photos/410344788/medium.jpeg,,"",,2,0,false,2,"Bibb County, US-GA, US",32.8551649886,-83.6383839324,4,,,,4,,,false,gps,gps,Kudzu Bug,Megacopta cribraria,Kudzu Bug,Insecta,209176
231071360,b8e99206-43ea-473b-9256-57e7ed191189,Mon Jul 22 2024 16:57:02 GMT -0400 (EDT),2024-07-22,2024-07-22 20:57:02 UTC,Eastern Time (US & Canada),5426764,dpew,,2024-07-22 20:57:14 UTC,2024-10-05 15:45:41 UTC,research,CC-BY-NC,https://www.inaturalist.org/observations/231071360,https://inaturalist-open-data.s3.amazonaws.com/photos/410353520/medium.jpeg,,"",,1,0,false,333,East Ridge,35.0089416504,-85.2650527954,80,,,,80,,,false,,,Kudzu Bug,Megacopta cribraria,Kudzu Bug,Insecta,209176
231083978,6972efc8-b6f1-43bc-8e38-67618aa71799,Mon Jul 22 2024 17:59:39 GMT -0400 (EDT),2024-07-22,2024-07-22 21:59:39 UTC,Eastern Time (US & Canada),7004321,jjwbragg,,2024-07-22 22:00:00 UTC,2025-08-21 17:08:58 UTC,research,CC-BY-NC,https://www.inaturalist.org/observations/231083978,https://inaturalist-open-data.s3.amazonaws.com/photos/410378660/medium.jpeg,,"",,1,0,false,333,Lakesite,35.2064208984,-85.135597229,35,,,,35,,,false,,,Kudzu Bug,Megacopta cribraria,Kudzu Bug,Insecta,209176
231089228,24996870-1b7d-4d4a-a13b-ef2835312163,2024-07-22 16:56:29-05:00,2024-07-22,2024-07-22 21:56:29 UTC,Central Time (US & Canada),1896412,kbahr,,2024-07-22 22:29:49 UTC,2024-10-05 15:45:37 UTC,research,CC-BY-NC,https://www.inaturalist.org/observations/231089228,https://inaturalist-open-data.s3.amazonaws.com/photos/410389092/medium.jpeg,,"","",1,0,false,3,"Birmingham Botanical Gardens, Birmingham, AL, US",33.4921633333,-86.7761533333,4,,,,4,,,false,,,Kudzu Bug,Megacopta cribraria,Kudzu Bug,Insecta,209176
231089815,0e60856c-e2a9-4350-b833-b180e715447e,2024-07-22 13:14:39-04:00,2024-07-22,2024-07-22 17:14:39 UTC,Eastern Time (US & Canada),5063767,hehetheorange,Henry Sierra,2024-07-22 22:33:27 UTC,2024-10-05 15:45:32 UTC,research,,https://www.inaturalist.org/observations/231089815,https://static.inaturalist.org/photos/410487991/medium.jpeg,,"","",1,0,false,3,"W Walnut Ave, Dalton, GA, US",34.7585657006,-84.9897088298,11,,,,11,,,false,,,Kudzu Bug,Megacopta cribraria,Kudzu Bug,Insecta,209176
231093509,60c67e71-5648-410b-a563-7ea1906b2d57,2024-07-22 18:55:58-04:00,2024-07-22,2024-07-22 22:55:58 UTC,Eastern Time (US & Canada),8166383,morgnd04,,2024-07-22 22:56:17 UTC,2025-02-03 15:24:54 UTC,research,CC-BY-NC,https://www.inaturalist.org/observations/231093509,https://inaturalist-open-data.s3.amazonaws.com/photos/410397353/medium.jpeg,,"","",1,0,false,3,"Truist Park, Atlanta, GA, US",33.8910188448,-84.4686830341,89,,,,89,,,false,,,Kudzu Bug,Megacopta cribraria,Kudzu Bug,Insecta,209176
231096572,2cfe8cc4-c15c-46fe-a6eb-23776d4e85cc,2024-07-22 18:13:46-05:00,2024-07-22,2024-07-22 23:13:46 UTC,Central Time (US & Canada),7983657,dominicj30,,2024-07-22 23:16:02 UTC,2025-04-06 10:10:20 UTC,research,CC-BY-NC,https://www.inaturalist.org/observations/231096572,https://inaturalist-open-data.s3.amazonaws.com/photos/410403202/medium.jpeg,,"","",1,0,false,3,"Cahaba Valley Pkwy E, Pelham, AL, US",33.3385369623,-86.7811839223,8,,,,8,,,false,,,Kudzu Bug,Megacopta cribraria,Kudzu Bug,Insecta,209176
231099159,bade4de3-c669-4d4c-bfb1-4e73228d6bba,2024-07-22 19:32:18-04:00,2024-07-22,2024-07-22 23:32:18 UTC,Eastern Time (US & Canada),1083711,fernwalker,,2024-07-22 23:33:30 UTC,2024-10-04 10:55:45 UTC,research,,https://www.inaturalist.org/observations/231099159,https://static.inaturalist.org/photos/410409121/medium.jpeg,,"","",1,0,false,3,"Abigail Ln, Chattanooga, TN, US",35.1342057494,-85.1565518442,4,,,,4,,,false,,,Kudzu Bug,Megacopta cribraria,Kudzu Bug,Insecta,209176
231102497,3821ee40-2478-427e-8244-9608ac49f3b6,2024-07-22 18:54:43-05:00,2024-07-22,2024-07-22 23:54:43 UTC,Central Time (US & Canada),6676420,ggoulae,,2024-07-22 23:55:53 UTC,2024-10-04 10:55:44 UTC,research,,https://www.inaturalist.org/observations/231102497,https://static.inaturalist.org/photos/410416250/medium.jpeg,,"","",1,0,false,3,"Watkins Rd, Mountain Brook, AL, US",33.4816166667,-86.7691583333,25,,,,25,,,false,,,Kudzu Bug,Megacopta cribraria,Kudzu Bug,Insecta,209176
231106398,1e0a1e8b-23f3-449d-9525-695c37a2193a,2024-07-22 19:09:51,2024-07-22,2024-07-22 23:09:51 UTC,Eastern Time (US & Canada),5799120,andrew2285,"",2024-07-23 00:20:42 UTC,2024-10-04 10:55:43 UTC,research,,https://www.inaturalist.org/observations/231106398,https://static.inaturalist.org/photos/410424635/medium.jpeg,,"",,3,0,false,2,"District of Columbia, District of Columbia County, US",38.92413648,-77.04676169,4,,,,4,,,false,,,Kudzu Bug,Megacopta cribraria,Kudzu Bug,Insecta,209176
231106411,24c80528-9b8b-4422-90de-cec79dc23a6c,2024-07-22 19:10:01,2024-07-22,2024-07-22 23:10:01 UTC,Eastern Time (US & Canada),5799120,andrew2285,"",2024-07-23 00:20:48 UTC,2024-10-04 10:55:42 UTC,research,,https://www.inaturalist.org/observations/231106411,https://static.inaturalist.org/photos/410424693/medium.jpeg,,"",,3,0,false,2,"District of Columbia, District of Columbia County, US",38.92413031,-77.0467769,3,,,,3,,,false,,,Kudzu Bug,Megacopta cribraria,Kudzu Bug,Insecta,209176
231106430,ca492101-bcc0-4e6e-b480-c44c3cc161bc,2024-07-22 19:10:09,2024-07-22,2024-07-22 23:10:09 UTC,Eastern Time (US & Canada),5799120,andrew2285,"",2024-07-23 00:20:54 UTC,2024-10-04 10:55:41 UTC,research,,https://www.inaturalist.org/observations/231106430,https://static.inaturalist.org/photos/410424734/medium.jpeg,,"",,3,0,false,2,"District of Columbia, District of Columbia County, US",38.92413186,-77.04677622,3,,,,3,,,false,,,Kudzu Bug,Megacopta cribraria,Kudzu Bug,Insecta,209176
231106450,4f7c2fdd-0b46-44a6-82cc-59a3b9635d87,2024-07-22 19:10:18,2024-07-22,2024-07-22 23:10:18 UTC,Eastern Time (US & Canada),5799120,andrew2285,"",2024-07-23 00:21:00 UTC,2024-10-04 10:55:39 UTC,research,,https://www.inaturalist.org/observations/231106450,https://static.inaturalist.org/photos/410424771/medium.jpeg,,"",,3,0,false,2,"District of Columbia, District of Columbia County, US",38.92412657,-77.04677602,8,,,,8,,,false,,,Kudzu Bug,Megacopta cribraria,Kudzu Bug,Insecta,209176
231106461,c1c89b66-6344-4d2e-9647-e3f9f1927a20,2024-07-22 19:10:34,2024-07-22,2024-07-22 23:10:34 UTC,Eastern Time (US & Canada),5799120,andrew2285,"",2024-07-23 00:21:06 UTC,2024-10-04 10:55:38 UTC,research,,https://www.inaturalist.org/observations/231106461,https://static.inaturalist.org/photos/410424800/medium.jpeg,,"",,3,0,false,2,"District of Columbia, District of Columbia County, US",38.92411822,-77.04677675,5,,,,5,,,false,,,Kudzu Bug,Megacopta cribraria,Kudzu Bug,Insecta,209176
231106484,5d61644f-b7b4-48cf-a2e9-5c8fcc797808,2024-07-22 19:10:55,2024-07-22,2024-07-22 23:10:55 UTC,Eastern Time (US & Canada),5799120,andrew2285,"",2024-07-23 00:21:19 UTC,2024-10-04 10:55:37 UTC,research,,https://www.inaturalist.org/observations/231106484,https://static.inaturalist.org/photos/410424858/medium.jpeg,,"",,3,0,false,2,"District of Columbia, District of Columbia County, US",38.92412173,-77.04677237,9,,,,9,,,false,,,Kudzu Bug,Megacopta cribraria,Kudzu Bug,Insecta,209176
231106495,e9ff3457-5227-4f2d-bc77-edee3d7b36f2,2024-07-22 19:11:08,2024-07-22,2024-07-22 23:11:08 UTC,Eastern Time (US & Canada),5799120,andrew2285,"",2024-07-23 00:21:24 UTC,2024-10-04 10:55:36 UTC,research,,https://www.inaturalist.org/observations/231106495,https://static.inaturalist.org/photos/410424884/medium.jpeg,,"",,3,0,false,2,"District of Columbia, District of Columbia County, US",38.92411816,-77.0467617,6,,,,6,,,false,,,Kudzu Bug,Megacopta cribraria,Kudzu Bug,Insecta,209176
231106503,949b0e9e-98de-4208-81fd-d1ebb6f04b83,2024-07-22 19:11:18,2024-07-22,2024-07-22 23:11:18 UTC,Eastern Time (US & Canada),5799120,andrew2285,"",2024-07-23 00:21:31 UTC,2024-10-04 10:55:36 UTC,research,,https://www.inaturalist.org/observations/231106503,https://static.inaturalist.org/photos/410424912/medium.jpeg,,"",,3,0,false,2,"District of Columbia, District of Columbia County, US",38.92413309,-77.04677333,6,,,,6,,,false,,,Kudzu Bug,Megacopta cribraria,Kudzu Bug,Insecta,209176
231106518,2cf57ef4-e138-45f3-80c2-8327db6b835e,2024-07-22 19:11:29,2024-07-22,2024-07-22 23:11:29 UTC,Eastern Time (US & Canada),5799120,andrew2285,"",2024-07-23 00:21:37 UTC,2024-10-04 10:55:30 UTC,research,,https://www.inaturalist.org/observations/231106518,https://static.inaturalist.org/photos/410424933/medium.jpeg,,"",,3,0,false,2,"District of Columbia, District of Columbia County, US",38.92411537,-77.04676414,4,,,,4,,,false,,,Kudzu Bug,Megacopta cribraria,Kudzu Bug,Insecta,209176
231106649,be9bedd9-47f0-4e78-ab55-0920e90a5b1e,2024-07-22 19:13:43,2024-07-22,2024-07-22 23:13:43 UTC,Eastern Time (US & Canada),5799120,andrew2285,"",2024-07-23 00:22:27 UTC,2024-10-04 10:55:29 UTC,research,,https://www.inaturalist.org/observations/231106649,https://static.inaturalist.org/photos/410425201/medium.jpeg,,"",,3,0,false,2,"District of Columbia, District of Columbia County, US",38.9242432,-77.04617948,3,,,,3,,,false,,,Kudzu Bug,Megacopta cribraria,Kudzu Bug,Insecta,209176
231109156,e6ba7fb5-44bf-4a02-b16c-fee4a343a379,2024-07-22 20:36:44-04:00,2024-07-22,2024-07-23 00:36:44 UTC,Eastern Time (US & Canada),4312624,jennybarsotti,,2024-07-23 00:38:26 UTC,2024-10-04 10:55:28 UTC,research,CC-BY-NC,https://www.inaturalist.org/observations/231109156,https://inaturalist-open-data.s3.amazonaws.com/photos/410429983/medium.jpeg,,"","",2,0,false,3,"Hixson Pike, Chattanooga, TN, US",35.0788305,-85.2900166667,4,,,,4,,,false,,,Kudzu Bug,Megacopta cribraria,Kudzu Bug,Insecta,209176
231115973,d22092e8-872d-4852-accb-3e6fac4f1d10,2024-07-22 18:35:47-04:00,2024-07-22,2024-07-22 22:35:47 UTC,Eastern Time (US & Canada),6592598,kellyobear,Kelly Bearhs,2024-07-23 01:23:46 UTC,2024-10-04 10:55:27 UTC,research,CC-BY-NC,https://www.inaturalist.org/observations/231115973,https://inaturalist-open-data.s3.amazonaws.com/photos/410442932/medium.jpeg,,"","",2,0,false,3,"Laurens Rd, Greenville, SC, US",34.8411333333,-82.3595633333,35,,,,35,,,false,,,Kudzu Bug,Megacopta cribraria,Kudzu Bug,Insecta,209176
231131064,0a5d15b5-efe7-4248-ae46-8e3da8542c54,2024-07-21 16:05:21,2024-07-21,2024-07-21 20:05:21 UTC,Eastern Time (US & Canada),1461304,reneejutras,Renee Jutras,2024-07-23 03:15:01 UTC,2024-10-04 10:55:26 UTC,research,CC-BY-NC-SA,https://www.inaturalist.org/observations/231131064,https://inaturalist-open-data.s3.amazonaws.com/photos/410472828/medium.jpeg,,"",,2,0,false,2,"Francisco, NC, USA",36.49875,-80.2915166667,,,,,,,,false,gps,gps,Kudzu Bug,Megacopta cribraria,Kudzu Bug,Insecta,209176
231131993,fa526dfb-3bf1-4b45-bb21-63c74b500da8,2024-07-22 16:58:34-04:00,2024-07-22,2024-07-22 20:58:34 UTC,Eastern Time (US & Canada),1586724,izafarr,Izabella Farr,2024-07-23 03:21:52 UTC,2024-10-04 10:55:24 UTC,research,CC-BY-NC,https://www.inaturalist.org/observations/231131993,https://inaturalist-open-data.s3.amazonaws.com/photos/410473603/medium.jpeg,,"","",1,0,false,3,"Bevan Dr, Fairfax, VA, US",38.860645,-77.3252716667,4,,,,4,,,false,,,Kudzu Bug,Megacopta cribraria,Kudzu Bug,Insecta,209176
231146501,14ee1ab0-2fec-40a1-9ed0-188f7b4be8e1,2024-07-22 16:53:36,2024-07-22,2024-07-22 20:53:36 UTC,Eastern Time (US & Canada),6439935,a502,A Likens,2024-07-23 05:54:35 UTC,2024-10-04 10:55:23 UTC,research,,https://www.inaturalist.org/observations/231146501,https://static.inaturalist.org/photos/410501986/medium.jpeg,,"",,2,0,false,2,"Danbury, NC 27016, USA",36.4093072608,-80.2062145248,1309,,,,1309,,,false,gps,gps,Kudzu Bug,Megacopta cribraria,Kudzu Bug,Insecta,209176
231197283,609d44a6-456a-4196-8995-88a02eddaed5,2024-07-23 09:34:04-04:00,2024-07-23,2024-07-23 13:34:04 UTC,Eastern Time (US & Canada),2736510,kbbartlett,,2024-07-23 13:37:17 UTC,2024-10-04 10:55:22 UTC,research,CC-BY-NC,https://www.inaturalist.org/observations/231197283,https://inaturalist-open-data.s3.amazonaws.com/photos/410596255/medium.jpeg,,"","",2,0,false,3,"Randall St, Gainesville, GA, US",34.3365966667,-83.8161383333,3,,,,3,,,false,,,Kudzu Bug,Megacopta cribraria,Kudzu Bug,Insecta,209176
231227829,529bbd90-7258-4111-9c5b-3168bf796269,2024-07-23 12:18:41-04:00,2024-07-23,2024-07-23 16:18:41 UTC,Eastern Time (US & Canada),1272478,cmartin1027,Cassidy Martin,2024-07-23 16:18:52 UTC,2024-10-04 10:55:21 UTC,research,CC-BY,https://www.inaturalist.org/observations/231227829,https://static.inaturalist.org/photos/410651079/medium.jpeg,,"","",1,0,false,3,"Maryland, US",39.1033774027,-76.5682336206,4,,,,28151,obscured,,true,,,Kudzu Bug,Megacopta cribraria,Kudzu Bug,Insecta,209176
231231628,28bcb43c-bed6-4f9d-810f-4070a6c230b5,2024-07-23 11:16:54-04:00,2024-07-23,2024-07-23 15:16:54 UTC,Eastern Time (US & Canada),3900461,floundark,Max J. Ford,2024-07-23 16:39:41 UTC,2024-10-04 10:55:20 UTC,research,CC-BY,https://www.inaturalist.org/observations/231231628,https://inaturalist-open-data.s3.amazonaws.com/photos/410658429/medium.jpeg,,"","",4,0,false,3,"Knightdale, NC, US",35.7307366667,-78.44745,3,,,,3,,,false,,,Kudzu Bug,Megacopta cribraria,Kudzu Bug,Insecta,209176
231234252,60a9d351-884e-4825-8658-e7eb3e2eac87,Tue Jul 23 2024 11:53:04 GMT -0500 (CDT),2024-07-23,2024-07-23 16:53:04 UTC,Central Time (US & Canada),5805305,kbs_buggies,,2024-07-23 16:53:16 UTC,2024-10-04 10:55:18 UTC,research,CC-BY-NC,https://www.inaturalist.org/observations/231234252,https://inaturalist-open-data.s3.amazonaws.com/photos/410681619/medium.jpeg,,"",,1,0,false,333,Birmingham,33.5008850098,-86.8070983887,52,,,,52,,,false,,,Kudzu Bug,Megacopta cribraria,Kudzu Bug,Insecta,209176
231249263,9543ffba-506b-4ce6-aa1c-9e098f1f43e7,2024-07-23 14:12:08-04:00,2024-07-23,2024-07-23 18:12:08 UTC,Eastern Time (US & Canada),7145321,kgrieshop,,2024-07-23 18:13:13 UTC,2024-10-04 10:55:18 UTC,research,CC-BY-NC,https://www.inaturalist.org/observations/231249263,https://inaturalist-open-data.s3.amazonaws.com/photos/412152209/medium.jpeg,,"","",3,0,false,3,"Pio Nono Ave, Macon, GA, US",32.7799078679,-83.6640988296,6,,,,6,,,false,,,Kudzu Bug,Megacopta cribraria,Kudzu Bug,Insecta,209176
231252908,264e4f2e-bd5f-45bf-a0b0-549ffae5adef,2024-07-23 14:28:46-04:00,2024-07-23,2024-07-23 18:28:46 UTC,Eastern Time (US & Canada),2201850,ajtaylor1,AJ Taylor,2024-07-23 18:30:01 UTC,2024-10-04 10:55:17 UTC,research,,https://www.inaturalist.org/observations/231252908,https://static.inaturalist.org/photos/410697996/medium.jpeg,,"","",2,0,false,3,"Airline St SE, Atlanta, GA, US",33.7540033333,-84.3660283333,17,,,,17,,,false,,,Kudzu Bug,Megacopta cribraria,Kudzu Bug,Insecta,209176
231254117,c3d0d11a-bb7c-493e-b4d6-224b99bac82c,2024-07-22 16:58:48-04:00,2024-07-22,2024-07-22 20:58:48 UTC,Eastern Time (US & Canada),3081415,jeffdc,Jeff Clark,2024-07-23 18:36:23 UTC,2024-10-04 10:55:11 UTC,research,CC-BY,https://www.inaturalist.org/observations/231254117,https://inaturalist-open-data.s3.amazonaws.com/photos/410700416/medium.jpeg,,"","",1,0,false,3,"Bevan Dr, Fairfax, VA, US",38.8606533333,-77.3251966667,7,,,,7,,,false,,,Kudzu Bug,Megacopta cribraria,Kudzu Bug,Insecta,209176
231256925,f163a89a-9aae-4917-a0b2-86b0f4001cbf,2024-07-22 19:43:49-04:00,2024-07-22,2024-07-22 23:43:49 UTC,Eastern Time (US & Canada),6446196,icq004,,2024-07-23 18:50:00 UTC,2024-10-04 10:55:11 UTC,research,CC-BY-NC,https://www.inaturalist.org/observations/231256925,https://inaturalist-open-data.s3.amazonaws.com/photos/410705573/medium.jpeg,,"","",2,0,false,3,"Airport Thruway, Columbus, GA, US",32.521205,-84.9573583333,37,,,,37,,,false,,,Kudzu Bug,Megacopta cribraria,Kudzu Bug,Insecta,209176
231260237,3cf92865-6959-4c9f-b280-0b7f7f8db0e7,2024-07-23 15:07:49,2024-07-23,2024-07-23 19:07:49 UTC,Eastern Time (US & Canada),4753760,jmerricks,,2024-07-23 19:09:11 UTC,2024-10-04 10:55:09 UTC,research,CC-BY-NC,https://www.inaturalist.org/observations/231260237,https://inaturalist-open-data.s3.amazonaws.com/photos/410712371/medium.jpeg,,"",,2,0,false,2,"Browns Summit, NC 27214, USA",36.23899297,-79.72812859,5,,,,5,,,false,,,Kudzu Bug,Megacopta cribraria,Kudzu Bug,Insecta,209176
231268847,874df3e2-2761-4dd6-812e-6679cef4501a,2024-07-23 15:52:36-04:00,2024-07-23,2024-07-23 19:52:36 UTC,Eastern Time (US & Canada),6934023,dark_l0rd2,Matthew,2024-07-23 19:53:30 UTC,2024-10-04 10:55:08 UTC,research,CC-BY,https://www.inaturalist.org/observations/231268847,https://inaturalist-open-data.s3.amazonaws.com/photos/410728921/medium.jpeg,,"","",2,0,false,3,"North Carolina, US",35.65711856,-78.6561956063,4,,,,28649,obscured,,true,,,Kudzu Bug,Megacopta cribraria,Kudzu Bug,Insecta,209176
231270514,6c154997-981d-4505-ba58-e5e6d08f165f,2024-07-23 15:58:49-04:00,2024-07-23,2024-07-23 19:58:49 UTC,Eastern Time (US & Canada),7354348,roundy389,,2024-07-23 20:01:56 UTC,2024-10-04 10:55:08 UTC,research,CC-BY-NC,https://www.inaturalist.org/observations/231270514,https://inaturalist-open-data.s3.amazonaws.com/photos/410732485/medium.jpeg,,"","",1,0,false,3,"N Keys Rd, Brandywine, MD, US",38.7033132341,-76.8262830734,25,,,,25,,,false,,,Kudzu Bug,Megacopta cribraria,Kudzu Bug,Insecta,209176
231280571,4324bea3-154d-46b1-9eac-f5382031c3cd,Tue Jul 23 2024 16:53:19 GMT -0400 (EDT),2024-07-23,2024-07-23 20:53:19 UTC,Eastern Time (US & Canada),7922116,honeybunss,,2024-07-23 20:53:27 UTC,2024-10-04 10:55:01 UTC,research,CC-BY-NC,https://www.inaturalist.org/observations/231280571,https://inaturalist-open-data.s3.amazonaws.com/photos/410751507/medium.jpeg,,"",,2,0,false,333,Atlanta,33.8845214844,-84.2679367065,95,,,,95,,,false,,,Kudzu Bug,Megacopta cribraria,Kudzu Bug,Insecta,209176
231281476,0c36a1d6-beea-42f4-83da-b629329b9648,2024-06-28 09:40:17,2024-06-28,2024-06-28 13:40:17 UTC,Eastern Time (US & Canada),7738978,jongilmer,Jonathan Gilmer,2024-07-23 20:57:46 UTC,2025-02-03 15:24:24 UTC,research,CC-BY-NC,https://www.inaturalist.org/observations/231281476,https://inaturalist-open-data.s3.amazonaws.com/photos/410753588/medium.jpeg,,"",,1,0,false,2,"Columbus, GA 31909, USA",32.5376728,-84.8830200997,,,,,,,,false,gps,gps,Kudzu Bug,Megacopta cribraria,Kudzu Bug,Insecta,209176
231293040,49191e08-dc0b-434d-ad4f-a7ca8ccd615d,2024/07/23 5:51 PM,2024-07-23,2024-07-23 21:51:00 UTC,Eastern Time (US & Canada),6388227,tartdragon,,2024-07-23 22:01:17 UTC,2025-02-03 15:24:23 UTC,research,CC-BY-NC,https://www.inaturalist.org/observations/231293040,https://inaturalist-open-data.s3.amazonaws.com/photos/410774745/medium.jpg,,"Megacopta, Kudzu bug, Megacopta cribraria",Lens fogged while getting pictures.,1,0,false,,"Georgia, US",34.1183007244,-84.4016166248,246,,,,28874,obscured,,true,,,Kudzu Bug,Megacopta cribraria,Kudzu Bug,Insecta,209176
231296643,e03efb30-77d9-4582-a777-3ebbb4139431,2024-07-23 17:19:47-04:00,2024-07-23,2024-07-23 21:19:47 UTC,Eastern Time (US & Canada),1282984,marsrevolt,,2024-07-23 22:22:19 UTC,2025-02-03 15:24:21 UTC,research,,https://www.inaturalist.org/observations/231296643,https://static.inaturalist.org/photos/410782463/medium.jpeg,,"","",2,0,false,3,"Dale Dr, Silver Spring, MD, US",38.9964424464,-77.0124755028,54,,,,54,,,false,,,Kudzu Bug,Megacopta cribraria,Kudzu Bug,Insecta,209176
231296940,a6c439df-7995-4ee0-8680-68859e58f01f,2024-07-23 18:22:21-04:00,2024-07-23,2024-07-23 22:22:21 UTC,Eastern Time (US & Canada),8387837,randall_reyes,Randall Reyes,2024-07-23 22:24:19 UTC,2025-02-03 15:24:20 UTC,research,,https://www.inaturalist.org/observations/231296940,https://static.inaturalist.org/photos/410783144/medium.jpeg,,"","",1,0,false,3,"Riverton Loop, Denver, NC, US",35.466809948,-81.0015214328,7,,,,7,,,false,,,Kudzu Bug,Megacopta cribraria,Kudzu Bug,Insecta,209176
231297813,fff91a74-8b4a-4fc8-aad8-75cffa216d2b,2024-07-23 18:28:01,2024-07-23,2024-07-23 22:28:01 UTC,Eastern Time (US & Canada),8387853,vanessa11364,Vanessa Brooks,2024-07-23 22:30:45 UTC,2025-02-03 15:24:14 UTC,research,,https://www.inaturalist.org/observations/231297813,https://static.inaturalist.org/photos/410785020/medium.jpeg,,"",,2,0,false,2,"Loganville, GA 30052, USA",33.8647,-83.895795,6,,,,6,,,false,,,Kudzu Bug,Megacopta cribraria,Kudzu Bug,Insecta,209176
231302538,ddb719a8-c17a-4f8d-8663-38dda712ed80,2024/07/23 11:09 AM,2024-07-23,2024-07-23 15:09:00 UTC,Eastern Time (US & Canada),1597696,sc_beetles,Phillip Harpootlian,2024-07-23 23:01:25 UTC,2025-02-03 15:24:13 UTC,research,CC-BY-NC,https://www.inaturalist.org/observations/231302538,https://inaturalist-open-data.s3.amazonaws.com/photos/410788975/medium.jpg,,"",on Persian Silk Tree,1,0,false,,"Doodle Trail, SC, USA",34.8857583333,-82.6986266667,,,,,,,,false,,,Kudzu Bug,Megacopta cribraria,Kudzu Bug,Insecta,209176
231302548,05354c60-af18-4c03-890a-246d38d4db3e,2024/07/23 11:16 AM,2024-07-23,2024-07-23 15:16:00 UTC,Eastern Time (US & Canada),1597696,sc_beetles,Phillip Harpootlian,2024-07-23 23:01:27 UTC,2025-02-03 15:24:12 UTC,research,CC-BY-NC,https://www.inaturalist.org/observations/231302548,https://inaturalist-open-data.s3.amazonaws.com/photos/410789052/medium.jpg,,"",,1,0,false,,"Doodle Trail, SC, USA",34.8859666667,-82.6959233333,,,,,,,,false,,,Kudzu Bug,Megacopta cribraria,Kudzu Bug,Insecta,209176
231305393,60b80709-ae18-4e04-9c7d-ef43281d02b4,2024-07-23 17:54:47-04:00,2024-07-23,2024-07-23 21:54:47 UTC,Eastern Time (US & Canada),6933167,nellieknows,Helen-Rose Beiriger,2024-07-23 23:19:16 UTC,2025-02-03 15:23:59 UTC,research,CC-BY-NC,https://www.inaturalist.org/observations/231305393,https://inaturalist-open-data.s3.amazonaws.com/photos/410799737/medium.jpeg,,"","",1,0,false,3,"SW 18th Pl, Gainesville, FL, US",29.63672,-82.3945833333,4,,,,4,,,false,,,Kudzu Bug,Megacopta cribraria,Kudzu Bug,Insecta,209176
231338444,19efa853-40bc-440a-8499-e02f2997f881,2024-07-23 16:52:03,2024-07-23,2024-07-23 21:52:03 UTC,Central Time (US & Canada),2038537,kidneymoth,"",2024-07-24 03:09:32 UTC,2025-02-03 15:23:54 UTC,research,CC-BY-NC,https://www.inaturalist.org/observations/231338444,https://inaturalist-open-data.s3.amazonaws.com/photos/410867216/medium.jpeg,,"",,1,0,false,2,"Little Rock, AR 72201, USA",34.7496969722,-92.2731919722,,,,,,,,false,gps,gps,Kudzu Bug,Megacopta cribraria,Kudzu Bug,Insecta,209176
231425278,55b6d2dc-7a54-4d5f-82f3-c5680706d711,2024-07-24 11:25:14-04:00,2024-07-24,2024-07-24 15:25:14 UTC,Eastern Time (US & Canada),2982866,kelleyclausen,Kelley Clausen,2024-07-24 15:25:23 UTC,2025-02-03 15:23:53 UTC,research,,https://www.inaturalist.org/observations/231425278,https://static.inaturalist.org/photos/411030428/medium.jpeg,,"","",2,0,false,3,"Warsaw Rd, Roswell, GA, US",34.0313129214,-84.3329053246,9,,,,9,,,false,,,Kudzu Bug,Megacopta cribraria,Kudzu Bug,Insecta,209176
231450461,90ca5bf5-a7cb-40bb-ae86-9670142a7229,2024-07-22 12:35:00-05:00,2024-07-22,2024-07-22 17:35:00 UTC,Central Time (US & Canada),6441808,jpbralley,,2024-07-24 17:35:25 UTC,2025-02-03 15:23:49 UTC,research,CC-BY-NC,https://www.inaturalist.org/observations/231450461,https://inaturalist-open-data.s3.amazonaws.com/photos/411078071/medium.jpeg,,"","",1,0,false,3,"N Dean Rd, Auburn, AL, US",32.6177574511,-85.4651194904,218,,,,218,,,false,,,Kudzu Bug,Megacopta cribraria,Kudzu Bug,Insecta,209176
231477859,fa885654-33a3-46ac-91ed-e89fc961e3fb,2024-07-24 15:55:09-04:00,2024-07-24,2024-07-24 19:55:09 UTC,Eastern Time (US & Canada),1238506,georgebennettiii,George Bennett III,2024-07-24 19:56:07 UTC,2025-02-03 15:23:42 UTC,research,,https://www.inaturalist.org/observations/231477859,https://static.inaturalist.org/photos/412734151/medium.jpeg,,"","",1,0,false,3,"Serenbe Ln, Chattahoochee Hills, GA, US",33.5164479743,-84.7399759897,23,,,,23,,,false,,,Kudzu Bug,Megacopta cribraria,Kudzu Bug,Insecta,209176
231478512,9900c65f-348e-4849-8e52-4303846d7df0,Wed Jul 24 2024 15:58:58 GMT -0400 (EDT),2024-07-24,2024-07-24 19:58:58 UTC,Eastern Time (US & Canada),1663524,greencolleen,,2024-07-24 19:59:15 UTC,2025-04-06 11:15:58 UTC,research,CC-BY-NC,https://www.inaturalist.org/observations/231478512,https://inaturalist-open-data.s3.amazonaws.com/photos/411509517/medium.jpeg,,"",,1,0,false,333,Arden,35.450378418,-82.5255203247,41,,,,41,,,false,,,Kudzu Bug,Megacopta cribraria,Kudzu Bug,Insecta,209176
231483661,ab1c30d5-e46b-4724-b886-613d40e157a2,2024-07-24 16:24:41,2024-07-24,2024-07-24 20:24:41 UTC,Eastern Time (US & Canada),4732725,meelzmalady,Amelio Little,2024-07-24 20:25:14 UTC,2025-02-03 15:23:38 UTC,research,,https://www.inaturalist.org/observations/231483661,https://static.inaturalist.org/photos/411140914/medium.jpeg,,"",,1,0,false,2,"Albemarle County, US-VA, US",38.1393991256,-78.4114783074,,,,,28300,obscured,,true,gps,gps,Kudzu Bug,Megacopta cribraria,Kudzu Bug,Insecta,209176
231504198,0c432d56-54d3-4dc4-b5a4-162c6fa2255e,2024-07-24 15:34:48-04:00,2024-07-24,2024-07-24 19:34:48 UTC,Eastern Time (US & Canada),842874,paul_dennehy,"",2024-07-24 22:12:19 UTC,2025-02-03 15:23:37 UTC,research,CC-BY-NC,https://www.inaturalist.org/observations/231504198,https://inaturalist-open-data.s3.amazonaws.com/photos/411180605/medium.jpeg,,"","",1,0,false,3,"Gamble Rd, Tallahassee, FL, US",30.5231583333,-84.0246416667,4,,,,4,,,false,,,Kudzu Bug,Megacopta cribraria,Kudzu Bug,Insecta,209176
231504233,f49e0f21-df08-4873-ab0f-29ea9f6fdde9,2024-07-24 15:34:24-04:00,2024-07-24,2024-07-24 19:34:24 UTC,Eastern Time (US & Canada),842874,paul_dennehy,"",2024-07-24 22:12:37 UTC,2025-02-03 15:23:36 UTC,research,CC-BY-NC,https://www.inaturalist.org/observations/231504233,https://inaturalist-open-data.s3.amazonaws.com/photos/411180689/medium.jpeg,,"","",1,0,false,3,"Gamble Rd, Tallahassee, FL, US",30.52317,-84.0246416667,4,,,,4,,,false,,,Kudzu Bug,Megacopta cribraria,Kudzu Bug,Insecta,209176
231504295,c9167e84-7dde-469d-8427-d62b698e8b0d,2024-07-24 15:33:45-04:00,2024-07-24,2024-07-24 19:33:45 UTC,Eastern Time (US & Canada),842874,paul_dennehy,"",2024-07-24 22:13:01 UTC,2025-02-03 15:23:35 UTC,research,CC-BY-NC,https://www.inaturalist.org/observations/231504295,https://inaturalist-open-data.s3.amazonaws.com/photos/411180819/medium.jpeg,,"","",1,0,false,3,"Gamble Rd, Tallahassee, FL, US",30.52317,-84.0246583333,4,,,,4,,,false,,,Kudzu Bug,Megacopta cribraria,Kudzu Bug,Insecta,209176
231504438,8f405f78-02dd-4ab4-87f6-2d6ce8300b61,2024-07-24 15:32:59-04:00,2024-07-24,2024-07-24 19:32:59 UTC,Eastern Time (US & Canada),842874,paul_dennehy,"",2024-07-24 22:13:29 UTC,2025-02-03 15:23:33 UTC,research,CC-BY-NC,https://www.inaturalist.org/observations/231504438,https://inaturalist-open-data.s3.amazonaws.com/photos/411180988/medium.jpeg,,"","",1,0,false,3,"Gamble Rd, Tallahassee, FL, US",30.5231583333,-84.0246278333,4,,,,4,,,false,,,Kudzu Bug,Megacopta cribraria,Kudzu Bug,Insecta,209176
231504515,b296ebfe-494f-4b4f-a8bc-0f445956c631,2024-07-24 15:32:13-04:00,2024-07-24,2024-07-24 19:32:13 UTC,Eastern Time (US & Canada),842874,paul_dennehy,"",2024-07-24 22:14:02 UTC,2025-02-03 15:23:33 UTC,research,CC-BY-NC,https://www.inaturalist.org/observations/231504515,https://inaturalist-open-data.s3.amazonaws.com/photos/411181203/medium.jpeg,,"","",1,0,false,3,"Gamble Rd, Tallahassee, FL, US",30.5231333333,-84.024375,26,,,,26,,,false,,,Kudzu Bug,Megacopta cribraria,Kudzu Bug,Insecta,209176
231507603,0de6e63d-d3a8-4623-ae6c-c1aa70d313cd,2024/07/24 3:28 PM,2024-07-24,2024-07-24 19:28:00 UTC,Eastern Time (US & Canada),7009605,armandol,Armando R,2024-07-24 22:32:27 UTC,2025-02-03 15:23:32 UTC,research,,https://www.inaturalist.org/observations/231507603,https://static.inaturalist.org/photos/411186606/medium.jpg,,"",,1,0,false,,"Vienna, VA 22180, USA",38.9008601831,-77.2484170867,8,,,,8,,,false,,,Kudzu Bug,Megacopta cribraria,Kudzu Bug,Insecta,209176
231514266,c0250793-e585-4acf-bee2-13e8ab6042b4,2024/07/24 5:39 PM,2024-07-24,2024-07-24 21:39:00 UTC,Eastern Time (US & Canada),912605,kodiakgarden,Dan Vickers,2024-07-24 23:13:01 UTC,2025-02-03 15:23:31 UTC,research,CC0,https://www.inaturalist.org/observations/231514266,https://inaturalist-open-data.s3.amazonaws.com/photos/411199150/medium.jpg,,"",,1,0,false,,"2223 Kodiak Dr NE, Atlanta, GA 30345, USA",33.833189,-84.2981278,203,,,,203,,,false,,,Kudzu Bug,Megacopta cribraria,Kudzu Bug,Insecta,209176
231520761,3cda362b-f433-4342-bcbe-a0fe8a0f0856,2024-07-24 19:56:02-04:00,2024-07-24,2024-07-24 23:56:02 UTC,Eastern Time (US & Canada),2773301,jeremybramblett,Jeremy Bramblett,2024-07-24 23:57:06 UTC,2025-02-03 15:23:30 UTC,research,,https://www.inaturalist.org/observations/231520761,https://static.inaturalist.org/photos/411212291/medium.jpeg,,"","",1,0,false,3,"Campfire Trail, Signal Mountain, TN, US",35.2033083333,-85.2920916667,5,,,,5,,,false,,,Kudzu Bug,Megacopta cribraria,Kudzu Bug,Insecta,209176
231601614,2a7b1b8f-ab3a-45c3-8466-79af2f6f7635,2024-07-22 18:01:10-04:00,2024-07-22,2024-07-22 22:01:10 UTC,Eastern Time (US & Canada),951326,markmcknight,Mark McKnight,2024-07-25 12:33:43 UTC,2025-02-03 15:23:27 UTC,research,CC-BY-NC,https://www.inaturalist.org/observations/231601614,https://inaturalist-open-data.s3.amazonaws.com/photos/411370293/medium.jpeg,,"","",1,0,false,3,United States,35.0428015876,-85.2806182673,5,,,,28734,obscured,,true,,,Kudzu Bug,Megacopta cribraria,Kudzu Bug,Insecta,209176
231666847,8fd3cd3a-96d5-4ccd-823c-8f2a1dea9858,2024-07-25 14:16:46-04:00,2024-07-25,2024-07-25 18:16:46 UTC,Eastern Time (US & Canada),7513382,alissa32551,Alissa Sullinger,2024-07-25 18:18:08 UTC,2025-02-03 15:23:26 UTC,research,,https://www.inaturalist.org/observations/231666847,https://static.inaturalist.org/photos/411490408/medium.jpeg,,"","",1,0,false,3,"Tennessee, US",36.0787006787,-83.9859023526,6,,,,28592,obscured,,true,,,Kudzu Bug,Megacopta cribraria,Kudzu Bug,Insecta,209176
231680916,128db6f7-0881-457a-97d8-1bbc9f4ce391,2024-07-25 14:25:25-05:00,2024-07-25,2024-07-25 19:25:25 UTC,Central Time (US & Canada),7014317,tcampbellnature,,2024-07-25 19:26:51 UTC,2025-02-03 15:23:19 UTC,research,CC-BY-NC,https://www.inaturalist.org/observations/231680916,https://inaturalist-open-data.s3.amazonaws.com/photos/411516753/medium.jpeg,,"","",1,0,false,3,"Wedowee, AL, US",33.2955609123,-85.4810968135,7,,,,7,,,false,,,Kudzu Bug,Megacopta cribraria,Kudzu Bug,Insecta,209176
231681686,0fa0c479-1efc-4855-a0cf-7f4f3fd27ee7,Thu Jul 25 2024 15:30:33 GMT -0400 (EDT),2024-07-25,2024-07-25 19:30:33 UTC,Eastern Time (US & Canada),3525245,kucapce,,2024-07-25 19:30:55 UTC,2025-02-03 15:23:18 UTC,research,CC-BY-NC,https://www.inaturalist.org/observations/231681686,https://inaturalist-open-data.s3.amazonaws.com/photos/411518383/medium.jpeg,,"",,1,0,false,333,Corbin,36.9245529175,-84.1122055054,4,,,,4,,,false,,,Megacopta cribraria,Megacopta cribraria,Kudzu Bug,Insecta,209176
231688619,5d7ebfdf-46d2-4d24-a61f-eef12645bdb9,2024-07-25 15:04:45-05:00,2024-07-25,2024-07-25 20:04:45 UTC,Central Time (US & Canada),8170748,kaleenlavin,Kaleen Lavin,2024-07-25 20:04:54 UTC,2025-02-03 15:23:17 UTC,research,CC-BY,https://www.inaturalist.org/observations/231688619,https://inaturalist-open-data.s3.amazonaws.com/photos/411531687/medium.jpeg,,"","",1,0,false,3,"20th St S, Birmingham, AL, US",33.5024578533,-86.797541629,35,,,,35,,,false,,,Kudzu Bug,Megacopta cribraria,Kudzu Bug,Insecta,209176
231692742,6ccf191e-35c2-468d-aab6-0f4294833dd4,2024-07-25 16:25:09-04:00,2024-07-25,2024-07-25 20:25:09 UTC,Eastern Time (US & Canada),2768574,jpkarlsberg,Jesse P. Karlsberg,2024-07-25 20:26:27 UTC,2024-07-25 20:28:27 UTC,research,,https://www.inaturalist.org/observations/231692742,https://static.inaturalist.org/photos/411539429/medium.jpeg,,"","",1,0,false,3,"Crockett Ct, Decatur, GA, US",33.8008533333,-84.2852033333,10,,,,10,,,false,,,Kudzu Bug,Megacopta cribraria,Kudzu Bug,Insecta,209176
231697312,24c5956e-eeec-4da3-a106-1bcc10b43a95,2024-07-25 16:52:30-04:00,2024-07-25,2024-07-25 20:52:30 UTC,Eastern Time (US & Canada),6197323,spaghetti_eater,,2024-07-25 20:53:10 UTC,2024-10-05 15:44:36 UTC,research,CC-BY-NC,https://www.inaturalist.org/observations/231697312,https://inaturalist-open-data.s3.amazonaws.com/photos/411548426/medium.jpeg,,"","",1,0,false,3,"W Summit Hill Dr, Knoxville, TN, US",35.9661533333,-83.9200883333,9,,,,9,,,false,,,Kudzu Bug,Megacopta cribraria,Kudzu Bug,Insecta,209176
231714964,12887ddb-e4fd-49f3-bb0e-c597dfa63954,2024-07-25 18:34:28,2024-07-25,2024-07-25 22:34:28 UTC,Eastern Time (US & Canada),6687842,llgpotter0622,,2024-07-25 22:36:13 UTC,2024-10-04 10:54:55 UTC,research,CC-BY-NC,https://www.inaturalist.org/observations/231714964,https://inaturalist-open-data.s3.amazonaws.com/photos/411581721/medium.jpeg,,"",,2,0,false,2,"Bull Durham, Durham, NC 27701, USA",35.9921939252,-78.904141942,10,,,,10,,,false,,,Kudzu Bug,Megacopta cribraria,Kudzu Bug,Insecta,209176
231715553,9fdac5d7-a045-4050-ae09-e0f5ec7661e1,2024-07-25 17:30:30-04:00,2024-07-25,2024-07-25 21:30:30 UTC,Eastern Time (US & Canada),8391269,rickc79,,2024-07-25 22:39:46 UTC,2024-10-04 10:54:54 UTC,research,CC-BY-NC,https://www.inaturalist.org/observations/231715553,https://inaturalist-open-data.s3.amazonaws.com/photos/411582711/medium.jpeg,,"","",1,0,false,3,"Wears Valley Rd, Pigeon Forge, TN, US",35.7885133333,-83.61325,5,,,,5,,,false,,,Kudzu Bug,Megacopta cribraria,Kudzu Bug,Insecta,209176
231718455,9b82907b-1360-4e10-976d-a8021744c7b1,2024-07-25 17:58:29-05:00,2024-07-25,2024-07-25 22:58:29 UTC,Central Time (US & Canada),1175907,mesolanious,,2024-07-25 22:58:34 UTC,2024-10-04 10:54:53 UTC,research,CC-BY-NC,https://www.inaturalist.org/observations/231718455,https://inaturalist-open-data.s3.amazonaws.com/photos/411588838/medium.jpeg,,"","",2,0,false,3,"Hot Springs National Park, Hot Springs, AR, US",34.5160745178,-93.052283451,4,,,,4,,,false,,,Kudzu Bug,Megacopta cribraria,Kudzu Bug,Insecta,209176
231718709,34d13fe5-b1e7-4815-ac09-51fa57b976a5,2024-07-25 18:59:23-04:00,2024-07-25,2024-07-25 22:59:23 UTC,Eastern Time (US & Canada),5950811,paigeyashton,,2024-07-25 23:00:22 UTC,2024-10-04 10:54:52 UTC,research,CC-BY-NC,https://www.inaturalist.org/observations/231718709,https://inaturalist-open-data.s3.amazonaws.com/photos/411589271/medium.jpeg,,"","",3,0,false,3,"Georgia Institute of Technology, Atlanta, GA, US",33.784245,-84.4081283333,35,,,,35,,,false,,,Kudzu Bug,Megacopta cribraria,Kudzu Bug,Insecta,209176
231719857,fa56c1cc-0102-43db-835b-2b73d60e45fc,2024-07-25 19:03:43,2024-07-25,2024-07-25 23:03:43 UTC,Eastern Time (US & Canada),11131,mtnotter,"",2024-07-25 23:08:14 UTC,2024-10-04 10:54:46 UTC,research,CC-BY-NC-ND,https://www.inaturalist.org/observations/231719857,https://inaturalist-open-data.s3.amazonaws.com/photos/411591261/medium.jpeg,,"",,2,0,false,2,"Downtown, Knoxville, TN, USA",35.9658584444,-83.9185867222,,,,,,,,false,gps,gps,Kudzu Bug,Megacopta cribraria,Kudzu Bug,Insecta,209176
231720301,16531c4b-5df4-4ae2-b8b8-a23ddbf38b93,2024-07-25 19:08:34-04:00,2024-07-25,2024-07-25 23:08:34 UTC,Eastern Time (US & Canada),4233744,jleahl,,2024-07-25 23:10:54 UTC,2024-10-04 10:54:44 UTC,research,CC-BY-NC,https://www.inaturalist.org/observations/231720301,https://inaturalist-open-data.s3.amazonaws.com/photos/411592213/medium.jpeg,,"","",1,0,false,3,"E Moody Ave, Knoxville, TN, US",35.9395761849,-83.9042560511,1043,,,,1043,,,false,,,Kudzu Bug,Megacopta cribraria,Kudzu Bug,Insecta,209176
231726927,f0f17e6b-edb3-4bc1-b99f-6ed0e82789f8,2024-07-25 17:50:13-05:00,2024-07-25,2024-07-25 22:50:13 UTC,Central Time (US & Canada),449307,fieldfalcon,J. Fields Falcone,2024-07-25 23:54:05 UTC,2024-10-04 10:54:42 UTC,research,,https://www.inaturalist.org/observations/231726927,https://static.inaturalist.org/photos/411604868/medium.jpeg,,"","",1,0,false,3,"Sheridan St, Memphis, TN, US",35.1662172552,-89.9916162552,23,,,,23,,,false,,,Kudzu Bug,Megacopta cribraria,Kudzu Bug,Insecta,209176
231726955,3c51cb24-ca11-4c44-8187-99c61bb9f9b9,2024-07-25 17:46:50-05:00,2024-07-25,2024-07-25 22:46:50 UTC,Central Time (US & Canada),449307,fieldfalcon,J. Fields Falcone,2024-07-25 23:54:19 UTC,2024-10-04 10:54:41 UTC,research,,https://www.inaturalist.org/observations/231726955,https://static.inaturalist.org/photos/411604946/medium.jpeg,,"","",1,0,false,3,"Sheridan St, Memphis, TN, US",35.1661631851,-89.9916888639,6,,,,6,,,false,,,Kudzu Bug,Megacopta cribraria,Kudzu Bug,Insecta,209176
231739692,2701736c-4514-49cf-b05d-78a48192f83b,2024-07-25 08:10:50,2024-07-25,2024-07-25 12:10:50 UTC,Eastern Time (US & Canada),3053131,samuelwilliams,Samuel Williams,2024-07-26 01:30:20 UTC,2024-10-04 10:54:41 UTC,research,,https://www.inaturalist.org/observations/231739692,https://static.inaturalist.org/photos/411629672/medium.jpeg,,"",,2,0,false,2,"Georgia, US",32.4746705452,-84.9402760911,,,,,29093,obscured,,true,,,Kudzu Bug,Megacopta cribraria,Kudzu Bug,Insecta,209176
231818649,ddec6ffa-dda9-4aaf-8543-90b4fb6ca213,2024-07-26 09:57:22,2024-07-26,2024-07-26 13:57:22 UTC,Eastern Time (US & Canada),4661679,vraditz,,2024-07-26 13:59:17 UTC,2024-10-04 10:54:40 UTC,research,CC-BY-NC,https://www.inaturalist.org/observations/231818649,https://inaturalist-open-data.s3.amazonaws.com/photos/411779309/medium.jpeg,,"",All over the pole beans,2,0,false,2,"Watkinsville, GA 30677, USA",33.8896796,-83.4372678,104,,,,104,,,false,,,Kudzu Bug,Megacopta cribraria,Kudzu Bug,Insecta,209176
231852850,01a4fba2-3147-43a0-8883-6948bffbc441,2024-07-26 12:53:09,2024-07-26,2024-07-26 16:53:09 UTC,Eastern Time (US & Canada),4315363,katherine530,Katherine Hunt,2024-07-26 16:54:30 UTC,2024-10-04 10:54:34 UTC,research,CC-BY-NC,https://www.inaturalist.org/observations/231852850,https://inaturalist-open-data.s3.amazonaws.com/photos/411839841/medium.jpeg,,"",,2,0,false,2,"Tucker, GA 30084, USA",33.85548552,-84.21281513,4,,,,4,,,false,,,Kudzu Bug,Megacopta cribraria,Kudzu Bug,Insecta,209176
231884141,304c7229-9718-4be8-ba2e-9ea692096706,2024-07-26 15:24:53-04:00,2024-07-26,2024-07-26 19:24:53 UTC,Eastern Time (US & Canada),589602,joy7audubon,EJR,2024-07-26 19:28:39 UTC,2024-10-04 10:54:33 UTC,research,,https://www.inaturalist.org/observations/231884141,https://static.inaturalist.org/photos/412626166/medium.jpeg,,"","",1,0,false,3,"Brighton Ln, Fort Mill, SC, US",35.0195958093,-80.9580342752,6,,,,6,,,false,,,Kudzu Bug,Megacopta cribraria,Kudzu Bug,Insecta,209176
231889063,9aaf9aee-9ede-4bea-ae73-b26203b0bcb0,2024-07-26 15:54:01-04:00,2024-07-26,2024-07-26 19:54:01 UTC,Eastern Time (US & Canada),4741101,cory_a_russell,Cory A Russell,2024-07-26 19:54:23 UTC,2024-10-04 10:54:31 UTC,research,,https://www.inaturalist.org/observations/231889063,https://static.inaturalist.org/photos/411908100/medium.jpeg,,"","",2,0,false,3,"Princeton Way NE, Atlanta, GA, US",33.7903533333,-84.31195,26,,,,26,,,false,,,Kudzu Bug,Megacopta cribraria,Kudzu Bug,Insecta,209176
231898016,532e5551-6632-44c1-bcdf-1be47dee3f60,2024/07/26 10:38 AM,2024-07-26,2024-07-26 14:38:00 UTC,Eastern Time (US & Canada),208559,mefisher,"",2024-07-26 20:42:37 UTC,2024-10-04 10:54:31 UTC,research,CC0,https://www.inaturalist.org/observations/231898016,https://inaturalist-open-data.s3.amazonaws.com/photos/411921217/medium.jpg,,"",,2,0,false,,"Lorton, VA, USA",38.6995704783,-77.2528468183,,,,,,,,false,,,Kudzu Bug,Megacopta cribraria,Kudzu Bug,Insecta,209176
231900228,42491403-0f9d-41a5-8f4d-069ea3f91867,2024-07-26 15:35:23-05:00,2024-07-26,2024-07-26 20:35:23 UTC,Central Time (US & Canada),3051051,amandalma,,2024-07-26 20:53:08 UTC,2024-10-04 10:54:30 UTC,research,CC-BY-NC,https://www.inaturalist.org/observations/231900228,https://inaturalist-open-data.s3.amazonaws.com/photos/411929957/medium.jpeg,,"","",2,0,false,3,"The University of Alabama at Birmingham, Birmingham, AL, US",33.5004166667,-86.80143,16,,,,16,,,false,,,Kudzu Bug,Megacopta cribraria,Kudzu Bug,Insecta,209176
231903935,74bea1dc-c6f3-4211-aaf4-2b9ddb0a742f,2024-07-26 17:07:31-04:00,2024-07-26,2024-07-26 21:07:31 UTC,Eastern Time (US & Canada),1427548,austincoooper,,2024-07-26 21:11:25 UTC,2024-10-04 10:54:28 UTC,research,CC-BY-NC,https://www.inaturalist.org/observations/231903935,https://inaturalist-open-data.s3.amazonaws.com/photos/411935980/medium.jpeg,,"","",1,0,false,3,"Kingston Pike, Knoxville, TN, US",35.9530348907,-83.944441586,65,,,,65,,,false,,,Kudzu Bug,Megacopta cribraria,Kudzu Bug,Insecta,209176
231906873,6016d106-0f95-4eba-b674-9380c578a38d,2024-07-26 17:26:55-04:00,2024-07-26,2024-07-26 21:26:55 UTC,Eastern Time (US & Canada),4581039,mmvk,mmvk,2024-07-26 21:27:55 UTC,2024-10-04 10:54:24 UTC,research,CC-BY-NC,https://www.inaturalist.org/observations/231906873,https://inaturalist-open-data.s3.amazonaws.com/photos/412348788/medium.jpeg,,"","",1,0,false,3,"Concourse C, Atlanta, GA, US",33.6417716667,-84.4330966667,4,,,,4,,,false,,,Kudzu Bug,Megacopta cribraria,Kudzu Bug,Insecta,209176
231908249,2238cde7-2c87-42b3-8f75-de1269ea7439,2024-07-26 17:35:59-04:00,2024-07-26,2024-07-26 21:35:59 UTC,Eastern Time (US & Canada),7758345,ceewing,,2024-07-26 21:36:13 UTC,2024-10-04 10:54:23 UTC,research,CC-BY-NC,https://www.inaturalist.org/observations/231908249,https://inaturalist-open-data.s3.amazonaws.com/photos/411944990/medium.jpeg,,"","",2,0,false,3,"Lake Keowee, West Union, SC, US",34.7475528683,-82.9631321881,3,,,,3,,,false,,,Kudzu Bug,Megacopta cribraria,Kudzu Bug,Insecta,209176
231908544,b2c97d5d-776b-4433-bb78-b09d3c26e15c,2024-07-26 16:37:56-05:00,2024-07-26,2024-07-26 21:37:56 UTC,Central Time (US & Canada),4380056,andy_gienapp,,2024-07-26 21:38:18 UTC,2024-10-04 10:54:16 UTC,research,CC-BY-NC,https://www.inaturalist.org/observations/231908544,https://inaturalist-open-data.s3.amazonaws.com/photos/411945582/medium.jpeg,,"","",2,0,false,3,"Jaguar Dr, Hoover, AL, US",33.3900572168,-86.7297161628,4,,,,4,,,false,,,Kudzu Bug,Megacopta cribraria,Kudzu Bug,Insecta,209176
231912499,4fe2c038-405b-49f8-855f-6f302a0712e0,2024-07-26 18:02:46-04:00,2024-07-26,2024-07-26 22:02:46 UTC,Eastern Time (US & Canada),5894046,molly_goodman,Molly Goodman,2024-07-26 22:02:51 UTC,2024-10-04 10:54:16 UTC,research,,https://www.inaturalist.org/observations/231912499,https://static.inaturalist.org/photos/411953116/medium.jpeg,,"","",2,0,false,3,"Dollywood, Pigeon Forge, TN, US",35.7963910327,-83.5313300975,3,,,,3,,,false,,,Kudzu Bug,Megacopta cribraria,Kudzu Bug,Insecta,209176
231913101,5b0e4ee9-d63f-49b0-a8a3-b6848974050b,2024-07-26 17:04:45-05:00,2024-07-26,2024-07-26 22:04:45 UTC,Central Time (US & Canada),3703549,lstiffler,"",2024-07-26 22:05:52 UTC,2025-08-21 21:56:35 UTC,research,CC-BY-NC,https://www.inaturalist.org/observations/231913101,https://inaturalist-open-data.s3.amazonaws.com/photos/411954205/medium.jpeg,,"","",2,0,false,3,"Prospect Creek Dr, Ballwin, MO, US",38.5870272624,-90.4938423076,26,,,,26,,,false,,,Kudzu Bug,Megacopta cribraria,Kudzu Bug,Insecta,209176
231913955,95d55b60-c33f-4fb7-8407-ca8ace68466a,2024-07-26 18:07:18,2024-07-26,2024-07-26 22:07:18 UTC,Eastern Time (US & Canada),4989479,abigael-rae,"",2024-07-26 22:10:44 UTC,2024-10-04 10:54:13 UTC,research,CC-BY-NC,https://www.inaturalist.org/observations/231913955,https://inaturalist-open-data.s3.amazonaws.com/photos/411955753/medium.jpeg,,"",Smelly,2,0,false,2,"Powell, TN 37849, USA",36.0842036,-84.0002175997,,,,,,,,false,gps,gps,Kudzu Bug,Megacopta cribraria,Kudzu Bug,Insecta,209176
231916084,9a205a43-edbe-41bf-bcd5-34cffcadecc8,2024-07-26 18:20:09,2024-07-26,2024-07-26 22:20:09 UTC,Eastern Time (US & Canada),8201914,ymbsyn,Ymbsyn Komygs,2024-07-26 22:21:27 UTC,2024-10-04 10:54:12 UTC,research,,https://www.inaturalist.org/observations/231916084,https://static.inaturalist.org/photos/411959315/medium.jpeg,,"",,2,0,false,2,"Downtown, Knoxville, TN, USA",35.9585154226,-83.9221730456,64,,,,64,,,false,gps,gps,Kudzu Bug,Megacopta cribraria,Kudzu Bug,Insecta,209176
231916955,a0ac1d90-949e-4b24-b25d-01fc85acf13c,2024-07-26 18:24:40-04:00,2024-07-26,2024-07-26 22:24:40 UTC,Eastern Time (US & Canada),5178278,mabuva2021,,2024-07-26 22:27:02 UTC,2024-10-04 10:54:11 UTC,research,CC-BY-NC,https://www.inaturalist.org/observations/231916955,https://inaturalist-open-data.s3.amazonaws.com/photos/411961312/medium.jpeg,,"","",1,0,false,3,"Wards Rd, Lynchburg, VA, US",37.3516157547,-79.184979807,1085,,,,1085,,,false,,,Kudzu Bug,Megacopta cribraria,Kudzu Bug,Insecta,209176
231919601,ffaf474d-ba40-422a-b4c6-89a693b437c4,2024-07-26 18:41:38-04:00,2024-07-26,2024-07-26 22:41:38 UTC,Eastern Time (US & Canada),2794168,crparker2010,,2024-07-26 22:43:30 UTC,2024-10-04 10:54:11 UTC,research,CC-BY-NC,https://www.inaturalist.org/observations/231919601,https://inaturalist-open-data.s3.amazonaws.com/photos/411966527/medium.jpeg,,"","",2,0,false,3,"Kingston Pike W, Knoxville, TN, US",35.91242834,-84.0851371922,8,,,,8,,,false,,,Kudzu Bug,Megacopta cribraria,Kudzu Bug,Insecta,209176
231922026,f58fa3b4-b2f0-499d-9caa-69b958efc7e1,2024-07-26 18:57:10-04:00,2024-07-26,2024-07-26 22:57:10 UTC,Eastern Time (US & Canada),8127690,isabelapitts,Isabela Pitts,2024-07-26 22:58:23 UTC,2024-07-28 18:49:06 UTC,research,,https://www.inaturalist.org/observations/231922026,https://static.inaturalist.org/photos/412734923/medium.jpeg,,"","",1,0,false,3,"Mercedes-Benz Stadium, Atlanta, GA, US",33.7558533333,-84.4027716667,1414,,,,1414,,,false,,,Kudzu Bug,Megacopta cribraria,Kudzu Bug,Insecta,209176
231922373,e11c6f2f-8de0-48c1-b8b6-1052177ced88,2024-07-26 18:00:03-05:00,2024-07-26,2024-07-26 23:00:03 UTC,Central Time (US & Canada),8391390,emmy33549,Emmy Wade,2024-07-26 23:01:16 UTC,2024-10-04 10:53:58 UTC,research,,https://www.inaturalist.org/observations/231922373,https://static.inaturalist.org/photos/411971997/medium.jpeg,,"","",2,0,false,3,"Robin Ln, Alexander City, AL, US",32.7872916667,-86.0230555,3,,,,3,,,false,,,Kudzu Bug,Megacopta cribraria,Kudzu Bug,Insecta,209176
231924955,184da746-0ca3-4a08-bb8c-cf7f58166bb3,2024-07-26 16:00:25-04:00,2024-07-26,2024-07-26 20:00:25 UTC,Eastern Time (US & Canada),2854945,suwaneenature,,2024-07-26 23:18:29 UTC,2024-10-04 10:53:57 UTC,research,CC-BY-NC,https://www.inaturalist.org/observations/231924955,https://inaturalist-open-data.s3.amazonaws.com/photos/411977073/medium.jpeg,,"","",2,0,false,3,"Pleasant Hill Rd, Lawrenceville, GA, US",33.93667,-84.1216278333,52,,,,52,,,false,,,Kudzu Bug,Megacopta cribraria,Kudzu Bug,Insecta,209176
231925176,4da4ae72-2124-4876-92f1-d3bdcb5873e8,2024-07-26 19:18:38-04:00,2024-07-26,2024-07-26 23:18:38 UTC,Eastern Time (US & Canada),220315,djm,D.J. McNeil,2024-07-26 23:19:42 UTC,2024-10-04 10:53:57 UTC,research,CC-BY-NC,https://www.inaturalist.org/observations/231925176,https://inaturalist-open-data.s3.amazonaws.com/photos/411977465/medium.jpeg,,"","",2,0,false,3,"Central Avenue Pike, Knoxville, TN, US",36.027,-83.9928283333,4,,,,4,,,false,,,Kudzu Bug,Megacopta cribraria,Kudzu Bug,Insecta,209176
231926880,1d4f539a-00e2-4036-a1c5-b8a70e622c40,2024-07-26 18:19:38-05:00,2024-07-26,2024-07-26 23:19:38 UTC,Central Time (US & Canada),8396335,brandon_toy,Brandon Toy,2024-07-26 23:31:47 UTC,2024-10-04 10:53:56 UTC,research,,https://www.inaturalist.org/observations/231926880,https://static.inaturalist.org/photos/411980932/medium.jpeg,,"","",2,0,false,3,"Sommersby Cir, Pelham, AL, US",33.32332,-86.8169866667,,,,,,,,false,,,Kudzu Bug,Megacopta cribraria,Kudzu Bug,Insecta,209176
231930102,afbbe3d4-de38-430e-a7fa-74d6d5c267de,Fri Jul 26 2024 19:52:56 GMT -0400 (EDT),2024-07-26,2024-07-26 23:52:56 UTC,Eastern Time (US & Canada),1052550,magpie79,Michelle R.. Schilling,2024-07-26 23:53:40 UTC,2024-07-29 13:10:56 UTC,research,,https://www.inaturalist.org/observations/231930102,https://static.inaturalist.org/photos/411987269/medium.jpeg,,"","Apparently, this is mating season for the kudzu bugs.",1,0,false,333,Knoxville,35.9709472656,-83.9685897827,4,,,,4,,,false,,,Kudzu Bug,Megacopta cribraria,Kudzu Bug,Insecta,209176
231930894,72921fbb-3b48-41f9-9842-3b67dafaa4be,2024-07-26 19:14:07,2024-07-26,2024-07-26 23:14:07 UTC,Eastern Time (US & Canada),5799120,andrew2285,"",2024-07-26 23:59:14 UTC,2024-07-27 23:11:39 UTC,research,,https://www.inaturalist.org/observations/231930894,https://static.inaturalist.org/photos/411988937/medium.jpeg,,"",,1,0,false,2,"District of Columbia, District of Columbia County, US",38.92408083,-77.04679249,4,,,,4,,,false,,,Kudzu Bug,Megacopta cribraria,Kudzu Bug,Insecta,209176
231930946,c2eae3ef-067e-4493-9766-b53f4c1c83dd,2024-07-26 19:14:56,2024-07-26,2024-07-26 23:14:56 UTC,Eastern Time (US & Canada),5799120,andrew2285,"",2024-07-26 23:59:43 UTC,2024-07-27 23:11:34 UTC,research,,https://www.inaturalist.org/observations/231930946,https://static.inaturalist.org/photos/411989136/medium.jpeg,,"",,1,0,false,2,"District of Columbia, District of Columbia County, US",38.92409478,-77.04672495,5,,,,5,,,false,,,Kudzu Bug,Megacopta cribraria,Kudzu Bug,Insecta,209176
231941669,747569a7-703a-4c49-9847-1c839227d550,2024-07-26 18:39:00-04:00,2024-07-26,2024-07-26 22:39:00 UTC,Eastern Time (US & Canada),4709801,laboy_amanda,Amanda Laboy,2024-07-27 01:19:42 UTC,2024-07-28 02:28:04 UTC,research,CC-BY-NC,https://www.inaturalist.org/observations/231941669,https://inaturalist-open-data.s3.amazonaws.com/photos/412010219/medium.jpeg,,"","",1,0,false,3,"River Terminal Rd, Chattanooga, TN, US",35.0697971667,-85.2718366667,7,,,,7,,,false,,,Kudzu Bug,Megacopta cribraria,Kudzu Bug,Insecta,209176
231969684,fe5ff27f-4ced-4cf6-a91d-72518493c86e,2024-07-26 22:58:50-05:00,2024-07-26,2024-07-27 03:58:50 UTC,Central Time (US & Canada),7886812,chrismoncus,Chris Moncus,2024-07-27 05:28:30 UTC,2024-07-27 06:21:07 UTC,research,CC-BY-NC,https://www.inaturalist.org/observations/231969684,https://inaturalist-open-data.s3.amazonaws.com/photos/412065032/medium.jpeg,,"","",1,0,false,3,"Cahaba Valley Rd, Pelham, AL, US",33.3331416667,-86.7861116667,25,,,,25,,,false,,,Kudzu Bug,Megacopta cribraria,Kudzu Bug,Insecta,209176
231977655,06f79f85-2e32-4c76-a706-1bcc0cb83e73,Wed Jul 24 2024 18:43:25 GMT+0000 (Coordinated Universal Time),2024-07-24,2024-07-24 22:43:25 UTC,Eastern Time (US & Canada),1892338,henderson_nc,"",2024-07-27 07:02:03 UTC,2024-07-27 16:12:04 UTC,research,CC-BY-NC,https://www.inaturalist.org/observations/231977655,https://inaturalist-open-data.s3.amazonaws.com/photos/412080455/medium.jpeg,,"",ecoEXPLORE Username: insightout,1,0,false,349,"Rutherford County, US-NC, US",35.432612,-82.250066,,,,,,,,false,,,Kudzu Bug,Megacopta cribraria,Kudzu Bug,Insecta,209176
232025939,99fc0c4e-11fd-42be-93ec-48da4377f1fe,2024-07-27 08:08:18-04:00,2024-07-27,2024-07-27 12:08:18 UTC,Eastern Time (US & Canada),1369305,mrobinson0982,,2024-07-27 13:53:13 UTC,2024-07-27 22:26:20 UTC,research,,https://www.inaturalist.org/observations/232025939,https://static.inaturalist.org/photos/412169707/medium.jpeg,,"","",2,0,false,3,"Country Club Dr NE, Concord, NC, US",35.4459833333,-80.6010966667,4,,,,4,,,false,,,Kudzu Bug,Megacopta cribraria,Kudzu Bug,Insecta,209176
232026119,e39ea2c5-ff54-4c34-af7f-94c9b83aae3d,2024-07-27 08:08:51-04:00,2024-07-27,2024-07-27 12:08:51 UTC,Eastern Time (US & Canada),1369305,mrobinson0982,,2024-07-27 13:54:31 UTC,2025-05-17 20:25:41 UTC,research,,https://www.inaturalist.org/observations/232026119,https://static.inaturalist.org/photos/506379824/medium.jpg,,"","",2,0,false,3,"Country Club Dr NE, Concord, NC, US",35.4459916667,-80.6010883333,4,,,,4,,,false,,,Kudzu Bug,Megacopta cribraria,Kudzu Bug,Insecta,209176
232039077,ffa72eda-355b-4141-a61e-493b297b190b,2024-07-27 10:57:08,2024-07-27,2024-07-27 14:57:08 UTC,Eastern Time (US & Canada),3372501,ochillee,"",2024-07-27 14:58:49 UTC,2024-07-28 14:00:16 UTC,research,CC-BY-NC,https://www.inaturalist.org/observations/232039077,https://inaturalist-open-data.s3.amazonaws.com/photos/412193895/medium.jpeg,,"",,1,0,false,2,"Cusseta, GA 31805, USA",32.320546,-84.740018,,,,,,,,false,gps,gps,Kudzu Bug,Megacopta cribraria,Kudzu Bug,Insecta,209176
232041699,183ff9c4-8c53-438b-865f-47102497d5f8,2024-07-27 09:13:26-05:00,2024-07-27,2024-07-27 14:13:26 UTC,Central Time (US & Canada),7929522,jamie10006,Jamie Parris,2024-07-27 15:10:52 UTC,2024-07-27 16:51:13 UTC,research,,https://www.inaturalist.org/observations/232041699,https://static.inaturalist.org/photos/412198195/medium.jpeg,,"","",2,0,false,3,"Ridge Rd, Birmingham, AL, US",33.5742677847,-86.7064578417,10,,,,10,,,false,,,Kudzu Bug,Megacopta cribraria,Kudzu Bug,Insecta,209176
232084484,135d62ee-e4e7-44c2-a651-1f3623ad9c24,2024-07-27 14:21:53,2024-07-27,2024-07-27 18:21:53 UTC,Eastern Time (US & Canada),738732,jacob124,Jacob Johnston,2024-07-27 18:23:34 UTC,2024-07-27 18:32:49 UTC,research,,https://www.inaturalist.org/observations/232084484,https://static.inaturalist.org/photos/412276234/medium.jpeg,,"",These have been swarming in metro Atlanta the last week or so.,1,0,false,2,"Lilburn, GA 30047, USA",33.8560666667,-84.1163138889,,,,,,,,false,gps,gps,Kudzu Bug,Megacopta cribraria,Kudzu Bug,Insecta,209176
232092515,da4e5d47-f35c-433e-9abc-a1596fad9d8e,2024-07-27 14:55:49,2024-07-27,2024-07-27 18:55:49 UTC,Eastern Time (US & Canada),3506739,briberger,Brian Berger,2024-07-27 18:58:11 UTC,2024-10-05 15:44:26 UTC,research,,https://www.inaturalist.org/observations/232092515,https://static.inaturalist.org/photos/412290315/medium.jpeg,,"",,1,0,false,2,"CONCORD FARR, TN 37922, USA",35.8708496438,-84.0705650045,47,,,,47,,,false,,,Kudzu Bug,Megacopta cribraria,Kudzu Bug,Insecta,209176
232099058,a315a028-2fbc-4dd6-9234-d69dfe4c57a6,2024-07-27 15:12:12,2024-07-27,2024-07-27 19:12:12 UTC,Eastern Time (US & Canada),1505621,sophieluvr1,Parker Fletcher,2024-07-27 19:27:58 UTC,2025-08-31 18:56:15 UTC,research,CC-BY-NC,https://www.inaturalist.org/observations/232099058,https://inaturalist-open-data.s3.amazonaws.com/photos/412303505/medium.jpeg,,"",on citrus tree,1,0,false,2,"Charleston, SC 29414, USA",32.8500038972,-80.0763488972,,,,,,,,false,,,Kudzu Bug,Megacopta cribraria,Kudzu Bug,Insecta,209176
232100836,4e2d560a-9fb9-4c86-b4bf-056db08ba636,2024-07-27 15:31:00-04:00,2024-07-27,2024-07-27 19:31:00 UTC,Eastern Time (US & Canada),951326,markmcknight,Mark McKnight,2024-07-27 19:36:09 UTC,2024-07-28 18:13:34 UTC,research,CC-BY-NC,https://www.inaturalist.org/observations/232100836,https://inaturalist-open-data.s3.amazonaws.com/photos/412307043/medium.jpeg,,"","",1,0,false,3,United States,35.1965729585,-85.305311101,4,,,,28734,obscured,,true,,,Kudzu Bug,Megacopta cribraria,Kudzu Bug,Insecta,209176
232104145,ed12a68c-9c80-4f91-a324-a23179abf23c,2024-07-27 15:47:34-04:00,2024-07-27,2024-07-27 19:47:34 UTC,Eastern Time (US & Canada),8247821,alexia63210,alexia figueroa,2024-07-27 19:49:23 UTC,2024-07-27 22:38:02 UTC,research,,https://www.inaturalist.org/observations/232104145,https://static.inaturalist.org/photos/412314859/medium.jpeg,,"","",2,0,false,3,"Wake County, US-NC, US",35.7736750041,-78.6430966667,90,,,,90,,,false,,,Kudzu Bug,Megacopta cribraria,Kudzu Bug,Insecta,209176
232105122,9636ba59-058d-43cd-a831-34972718f1c1,2024-07-27 15:52:14-04:00,2024-07-27,2024-07-27 19:52:14 UTC,Eastern Time (US & Canada),7064908,rebekah37829,"",2024-07-27 19:53:18 UTC,2024-12-09 05:12:28 UTC,research,CC0,https://www.inaturalist.org/observations/232105122,https://inaturalist-open-data.s3.amazonaws.com/photos/412315663/medium.jpeg,,"","",1,0,false,3,"Progress Ct, Raleigh, NC, US",35.808425,-78.623025,3,,,,3,,,false,,,Kudzu Bug,Megacopta cribraria,Kudzu Bug,Insecta,209176
232112051,35a7509c-bcdc-457e-b344-db3f0fa940f0,2024-07-27 16:22:06-04:00,2024-07-27,2024-07-27 20:22:06 UTC,Eastern Time (US & Canada),7506082,brooked908,,2024-07-27 20:24:17 UTC,2025-04-06 13:16:30 UTC,research,,https://www.inaturalist.org/observations/232112051,https://static.inaturalist.org/photos/412327557/medium.jpeg,,"","",1,0,false,3,"Dollywood, Pigeon Forge, TN, US",35.7940957488,-83.535660206,15,,,,15,,,false,,,Kudzu Bug,Megacopta cribraria,Kudzu Bug,Insecta,209176
232114265,28e96290-d5d0-4018-b8be-7740a20cf7d6,2024-07-24 22:02:15-04:00,2024-07-24,2024-07-25 02:02:15 UTC,Eastern Time (US & Canada),1016506,clb442,,2024-07-27 20:35:15 UTC,2024-07-27 22:26:53 UTC,research,,https://www.inaturalist.org/observations/232114265,https://static.inaturalist.org/photos/412331927/medium.jpeg,,"","",1,0,false,3,"PNC Music Pavilion, Charlotte, NC, US",35.3269583333,-80.7109616667,18,,,,18,,,false,,,Kudzu Bug,Megacopta cribraria,Kudzu Bug,Insecta,209176
232118947,6ff5ccb8-c917-49ea-a1ec-b8858119ada0,2024-07-27 16:58:07-04:00,2024-07-27,2024-07-27 20:58:07 UTC,Eastern Time (US & Canada),8258550,kaitheplantguy,,2024-07-27 20:58:20 UTC,2024-08-09 01:10:59 UTC,research,CC-BY-NC,https://www.inaturalist.org/observations/232118947,https://inaturalist-open-data.s3.amazonaws.com/photos/412340751/medium.jpeg,,"","",1,0,false,3,"Monticello Ave, Charlottesville, VA, US",38.0281887525,-78.4834148728,35,,,,35,,,false,,,Kudzu Bug,Megacopta cribraria,Kudzu Bug,Insecta,209176
232124649,74887e94-ad87-4c93-90a9-9209ad4ada5f,2024-07-27 17:25:15-04:00,2024-07-27,2024-07-27 21:25:15 UTC,Eastern Time (US & Canada),1720530,kdw808,,2024-07-27 21:27:14 UTC,2024-08-09 01:10:57 UTC,research,CC-BY-NC,https://www.inaturalist.org/observations/232124649,https://inaturalist-open-data.s3.amazonaws.com/photos/412353386/medium.jpeg,,"","",1,0,false,3,"Main St E, Oak Ridge, TN, US",36.0128138833,-84.2528833333,5,,,,5,,,false,,,Kudzu Bug,Megacopta cribraria,Kudzu Bug,Insecta,209176
232129073,da68fa83-7bd2-4d50-8d7d-09143b96ced2,Sat Jul 27 2024 17:47:52 GMT -0400 (EDT),2024-07-27,2024-07-27 21:47:52 UTC,Eastern Time (US & Canada),119408,ardonoghue,,2024-07-27 21:48:24 UTC,2024-07-27 21:52:16 UTC,research,CC-BY-NC,https://www.inaturalist.org/observations/232129073,https://inaturalist-open-data.s3.amazonaws.com/photos/412360407/medium.jpeg,,"",,1,0,false,333,Atlanta,33.848236084,-84.3660049438,35,,,,35,,,false,,,Kudzu Bug,Megacopta cribraria,Kudzu Bug,Insecta,209176
232130862,e077fa43-9512-4b01-95a0-ee86ed9d39e1,2024-07-27 14:08:44-05:00,2024-07-27,2024-07-27 19:08:44 UTC,Central Time (US & Canada),2837596,cristinarobins,,2024-07-27 21:58:22 UTC,2024-07-28 19:21:07 UTC,research,CC-BY-NC,https://www.inaturalist.org/observations/232130862,https://inaturalist-open-data.s3.amazonaws.com/photos/412364278/medium.jpeg,,"","",1,0,false,3,"Crescent Ridge Rd NE, Tuscaloosa, AL, US",33.219525,-87.4862216667,3,,,,3,,,false,,,Kudzu Bug,Megacopta cribraria,Kudzu Bug,Insecta,209176
232133192,aee9c6d0-d9f5-4a80-8e60-4a1858074c88,2024-07-27 18:10:52-04:00,2024-07-27,2024-07-27 22:10:52 UTC,Eastern Time (US & Canada),4545158,kreepinglizard,,2024-07-27 22:11:04 UTC,2024-07-27 22:26:30 UTC,research,CC-BY-NC,https://www.inaturalist.org/observations/232133192,https://inaturalist-open-data.s3.amazonaws.com/photos/412368606/medium.jpeg,,"","",1,0,false,3,"US-70 W, Hickory, NC, US",35.7217729837,-81.3479508553,3,,,,3,,,false,,,Kudzu Bug,Megacopta cribraria,Kudzu Bug,Insecta,209176
232133426,ab48e417-457d-4aba-b100-0736872cf612,Sat Jul 27 2024 18:11:36 GMT -0400 (EDT),2024-07-27,2024-07-27 22:11:36 UTC,Eastern Time (US & Canada),5698671,jadeschmaling,,2024-07-27 22:11:48 UTC,2024-07-27 22:22:41 UTC,research,CC-BY-NC,https://www.inaturalist.org/observations/232133426,https://inaturalist-open-data.s3.amazonaws.com/photos/412368857/medium.jpeg,,"",,1,0,false,333,Roebuck,34.8426818848,-81.967956543,4,,,,4,,,false,,,Kudzu Bug,Megacopta cribraria,Kudzu Bug,Insecta,209176
232134840,5e768b19-e374-4225-a0a9-ade70782077f,2024-07-27 16:11:37,2024-07-27,2024-07-27 20:11:37 UTC,Eastern Time (US & Canada),4090866,gracefli,"",2024-07-27 22:18:11 UTC,2024-07-27 22:25:00 UTC,research,CC-BY-NC,https://www.inaturalist.org/observations/232134840,https://inaturalist-open-data.s3.amazonaws.com/photos/412371146/medium.jpeg,,"",,1,0,false,2,"North Carolina, US",35.4220123991,-80.4178777937,11438,,,,28677,obscured,,true,gps,gps,Kudzu Bug,Megacopta cribraria,Kudzu Bug,Insecta,209176
232135229,3d5f56ac-665f-452a-a44e-27b4c992b234,2024-07-27 18:19:25-04:00,2024-07-27,2024-07-27 22:19:25 UTC,Eastern Time (US & Canada),8369667,addiei,Addie,2024-07-27 22:20:27 UTC,2024-07-27 22:24:51 UTC,research,,https://www.inaturalist.org/observations/232135229,https://static.inaturalist.org/photos/412372036/medium.jpeg,,"","",1,0,false,3,"Foster St, Durham, NC, US",36.0038861167,-78.901505,3,,,,3,,,false,,,Kudzu Bug,Megacopta cribraria,Kudzu Bug,Insecta,209176
232140379,c2e3b18e-1091-437d-80fb-2eb1c8a519a2,2024-07-27 18:48:07,2024-07-27,2024-07-27 22:48:07 UTC,Eastern Time (US & Canada),5985619,lukeknutson9,Luke Knutson,2024-07-27 22:49:55 UTC,2024-10-09 01:09:33 UTC,research,,https://www.inaturalist.org/observations/232140379,https://static.inaturalist.org/photos/412382410/medium.jpeg,,"",,1,0,false,2,"Washington, DC 20001, USA",38.8998384,-77.0249704,15,,,,15,,,false,,,Kudzu Bug,Megacopta cribraria,Kudzu Bug,Insecta,209176
232144564,bb42ed54-601a-49ee-94fa-4d8cbaece317,2024-07-27 18:37:09-04:00,2024-07-27,2024-07-27 22:37:09 UTC,Eastern Time (US & Canada),6037819,sophiamuniz,sophia m,2024-07-27 23:13:08 UTC,2024-07-27 23:21:06 UTC,research,,https://www.inaturalist.org/observations/232144564,https://static.inaturalist.org/photos/412390095/medium.jpeg,,"","",1,0,false,3,"I-20 E, Atlanta, GA, US",33.7441846711,-84.3890573764,7155,,,,7155,,,false,,,Kudzu Bug,Megacopta cribraria,Kudzu Bug,Insecta,209176
232145470,2b3285e6-418e-471c-b38e-e08a4bb78bbd,Sat Jul 27 2024 19:18:50 GMT -0400 (EDT),2024-07-27,2024-07-27 23:18:50 UTC,Eastern Time (US & Canada),6426092,williamwoodruff,,2024-07-27 23:19:07 UTC,2024-10-04 10:53:51 UTC,research,CC-BY-NC,https://www.inaturalist.org/observations/232145470,https://inaturalist-open-data.s3.amazonaws.com/photos/416584897/medium.jpeg,,"",,3,0,false,333,Chattanooga,35.0565795898,-85.3120422363,96,,,,96,,,false,,,Kudzu Bug,Megacopta cribraria,Kudzu Bug,Insecta,209176
232147670,3192ef51-db5a-4506-9df5-98718dab7618,Sat Jul 27 2024 19:28:48 GMT -0400 (EDT),2024-07-27,2024-07-27 23:28:48 UTC,Eastern Time (US & Canada),8398984,nature_boy_shane,,2024-07-27 23:32:30 UTC,2024-10-04 10:53:50 UTC,research,CC-BY-NC,https://www.inaturalist.org/observations/232147670,https://inaturalist-open-data.s3.amazonaws.com/photos/412396107/medium.jpeg,,"",,1,0,false,333,Greer,34.8651733398,-82.2174911499,16,,,,16,,,false,,,Kudzu Bug,Megacopta cribraria,Kudzu Bug,Insecta,209176
232147793,39768043-9fbc-48e2-a61f-fa5abdf0368c,2024-07-27 19:32:38,2024-07-27,2024-07-27 23:32:38 UTC,Eastern Time (US & Canada),4244960,robert_stinson,Robert Stinson,2024-07-27 23:33:13 UTC,2024-10-04 10:53:49 UTC,research,,https://www.inaturalist.org/observations/232147793,https://static.inaturalist.org/photos/412396598/medium.jpeg,,"",,3,0,false,2,"Downtown, Knoxville, TN, USA",35.966271545,-83.924192749,10,,,,10,,,false,gps,gps,Kudzu Bug,Megacopta cribraria,Kudzu Bug,Insecta,209176
232161537,67b111d6-c679-4fa7-b615-3ead0cdcffdc,2024/07/26,2024-07-26,,Central Time (US & Canada),1017935,jeffrey93,Jeffrey Harris,2024-07-28 01:04:53 UTC,2024-10-04 10:53:48 UTC,research,,https://www.inaturalist.org/observations/232161537,https://static.inaturalist.org/photos/412424428/medium.png,,"",,2,0,false,,"Sam D. Hamilton Noxubee National Wildlife Refuge Admin Bldg And Visitor Contact Station, 13723 Bluff Lake Rd, Starkville, MS 39759, USA",33.2711357,-88.783644,185,,,,185,,,false,,,Kudzu Bug,Megacopta cribraria,Kudzu Bug,Insecta,209176
232246676,97a63029-6daf-4890-b55a-112e72385275,2024-07-28 08:41:27-04:00,2024-07-28,2024-07-28 12:41:27 UTC,Eastern Time (US & Canada),5178278,mabuva2021,,2024-07-28 12:42:08 UTC,2024-11-15 22:05:52 UTC,research,CC-BY-NC,https://www.inaturalist.org/observations/232246676,https://inaturalist-open-data.s3.amazonaws.com/photos/412589048/medium.jpeg,,"","",2,0,false,3,"Delta St, Lynchburg, VA, US",37.3457067032,-79.1871643493,452,,,,452,,,false,,,Kudzu Bug,Megacopta cribraria,Kudzu Bug,Insecta,209176
232256528,06141728-3626-45e6-aaa7-88df31492200,2024-07-27 15:34:25-04:00,2024-07-27,2024-07-27 19:34:25 UTC,Eastern Time (US & Canada),1687177,cnelsin8019,,2024-07-28 13:39:34 UTC,2024-10-04 10:53:45 UTC,research,CC-BY-NC,https://www.inaturalist.org/observations/232256528,https://inaturalist-open-data.s3.amazonaws.com/photos/412607287/medium.jpeg,,"","",2,0,false,3,"Windsor, NC, US",35.9924966667,-76.9329383333,18000,,,,18000,,,false,,,Kudzu Bug,Megacopta cribraria,Kudzu Bug,Insecta,209176
232290865,acbc25d7-530a-4e50-93b7-35b5c87b63b3,2024-07-28 11:13:20-04:00,2024-07-28,2024-07-28 15:13:20 UTC,Eastern Time (US & Canada),222740,appalachianaturalist,Garrett Rhyne,2024-07-28 16:15:59 UTC,2024-10-04 10:53:22 UTC,research,,https://www.inaturalist.org/observations/232290865,https://static.inaturalist.org/photos/412669805/medium.jpeg,,"","",2,0,false,3,"Harris Ln, Winterville, GA, US",33.966595,-83.2775033333,50,,,,50,,,false,,,Kudzu Bug,Megacopta cribraria,Kudzu Bug,Insecta,209176
232301501,de7c2f40-e652-4d3a-bf08-a08ea05a5c7f,2024-07-28 13:01:47-04:00,2024-07-28,2024-07-28 17:01:47 UTC,Eastern Time (US & Canada),410074,masoderstrom,Mark Soderstrom,2024-07-28 17:02:11 UTC,2024-10-04 10:53:21 UTC,research,CC-BY,https://www.inaturalist.org/observations/232301501,https://static.inaturalist.org/photos/420351677/medium.jpeg,,"","",2,0,false,3,"The University of North Carolina at Chapel Hill, Chapel Hill, NC, US",35.9246804856,-79.0536293302,45,,,,45,,,false,,,Kudzu Bug,Megacopta cribraria,Kudzu Bug,Insecta,209176
232316918,8d7a9d9d-abd9-427a-aa13-ff5d78e672d2,2024-07-28 14:08:30,2024-07-28,2024-07-28 18:08:30 UTC,Eastern Time (US & Canada),6464463,kentfothergill,"",2024-07-28 18:09:46 UTC,2024-10-04 10:53:20 UTC,research,CC-BY-NC,https://www.inaturalist.org/observations/232316918,https://inaturalist-open-data.s3.amazonaws.com/photos/412718069/medium.jpeg,,"",,2,0,false,2,"Woodridge, Washington, DC 20018, USA",38.92679561,-76.96531328,8,,,,8,,,false,,,Kudzu Bug,Megacopta cribraria,Kudzu Bug,Insecta,209176
232319322,95124210-ef0e-40d1-8344-3dd2f5a61356,2024-07-25 09:57:32-05:00,2024-07-25,2024-07-25 14:57:32 UTC,Central Time (US & Canada),1980101,courtney244,Courtney Lyford Archer,2024-07-28 18:20:29 UTC,2024-10-04 10:53:17 UTC,research,,https://www.inaturalist.org/observations/232319322,https://static.inaturalist.org/photos/412722316/medium.jpeg,,"","",2,0,false,3,"34th St S, Birmingham, AL, US",33.5203383333,-86.78415,4,,,,4,,,false,,,Kudzu Bug,Megacopta cribraria,Kudzu Bug,Insecta,209176
232329869,b6ade06b-5f31-4adb-b391-3bc56fbb3088,2024-07-28 15:04:01,2024-07-28,2024-07-28 19:04:01 UTC,Eastern Time (US & Canada),7718215,danpiasecki8,,2024-07-28 19:04:38 UTC,2024-10-04 10:53:16 UTC,research,CC-BY-NC,https://www.inaturalist.org/observations/232329869,https://inaturalist-open-data.s3.amazonaws.com/photos/412741839/medium.jpeg,,"",Small cute beetle bug thing.,3,0,false,2,"Cameron St at Daniels St, Raleigh, NC 27605, USA",35.79080292,-78.66120046,5,,,,5,,,false,,,Kudzu Bug,Megacopta cribraria,Kudzu Bug,Insecta,209176
232330845,c55c0572-0eb7-49f2-8fa9-8ec6273d9383,2024-07-25 21:35:52,2024-07-25,2024-07-26 01:35:52 UTC,Eastern Time (US & Canada),3053131,samuelwilliams,Samuel Williams,2024-07-28 19:08:57 UTC,2024-10-04 10:53:16 UTC,research,,https://www.inaturalist.org/observations/232330845,https://static.inaturalist.org/photos/412743554/medium.jpeg,,"",,2,0,false,2,"Georgia, US",32.5111744109,-84.9239456515,,,,,29093,obscured,,true,gps,gps,Kudzu Bug,Megacopta cribraria,Kudzu Bug,Insecta,209176
232333244,8569c7da-cae8-4dac-b552-f4ff6cc64520,2024-07-28 15:18:03-04:00,2024-07-28,2024-07-28 19:18:03 UTC,Eastern Time (US & Canada),3696785,teaching4change,,2024-07-28 19:19:58 UTC,2024-10-04 10:53:15 UTC,research,CC-BY-NC,https://www.inaturalist.org/observations/232333244,https://inaturalist-open-data.s3.amazonaws.com/photos/412747893/medium.jpeg,,"","",2,0,false,3,"Fernwood Dr, Upper Marlboro, MD, US",38.86612,-76.8392033333,20,,,,20,,,false,,,Kudzu Bug,Megacopta cribraria,Kudzu Bug,Insecta,209176
232358790,0d1c0135-11b4-4fbf-9055-86d568def0d6,2024-07-28 17:16:17-04:00,2024-07-28,2024-07-28 21:16:17 UTC,Eastern Time (US & Canada),6689039,mercury_9,mercury_9,2024-07-28 21:16:53 UTC,2024-10-04 10:53:14 UTC,research,CC-BY-NC,https://www.inaturalist.org/observations/232358790,https://inaturalist-open-data.s3.amazonaws.com/photos/412797460/medium.jpeg,,"","",2,0,false,3,"Hunterfield Ln, Raleigh, NC, US",35.8620009336,-78.6069445468,22,,,,22,,,false,,,Kudzu Bug,Megacopta cribraria,Kudzu Bug,Insecta,209176
232361784,3364868a-f2b6-46a4-ac60-25caccee427e,2024-07-28 17:28:11-04:00,2024-07-28,2024-07-28 21:28:11 UTC,Eastern Time (US & Canada),4129612,mothmern,mern/marion,2024-07-28 21:30:01 UTC,2024-10-04 10:53:09 UTC,research,CC-BY-NC,https://www.inaturalist.org/observations/232361784,https://inaturalist-open-data.s3.amazonaws.com/photos/412802499/medium.jpeg,,"","",2,0,false,3,"S Broad St, Thomasville, GA, US",30.8372466667,-83.9794216667,11,,,,11,,,false,,,Kudzu Bug,Megacopta cribraria,Kudzu Bug,Insecta,209176
232362782,38417a1f-6249-4bc6-9fe2-81cf0c051012,2024-07-28 17:34:46-04:00,2024-07-28,2024-07-28 21:34:46 UTC,Eastern Time (US & Canada),8336378,chrysalis53,,2024-07-28 21:35:21 UTC,2024-10-04 10:53:06 UTC,research,CC-BY-NC,https://www.inaturalist.org/observations/232362782,https://inaturalist-open-data.s3.amazonaws.com/photos/412804674/medium.jpeg,,"","",1,0,false,3,"Salem Lake Rd, Winston-Salem, NC, US",36.0942638333,-80.1929466667,4,,,,4,,,false,,,Kudzu Bug,Megacopta cribraria,Kudzu Bug,Insecta,209176
232364947,ca25db38-655c-434b-976b-d5ee786acd8c,2024-07-28 17:44:53,2024-07-28,2024-07-28 21:44:53 UTC,Eastern Time (US & Canada),7475875,brandon37788,Brandon Huebner,2024-07-28 21:45:08 UTC,2024-10-04 10:53:05 UTC,research,,https://www.inaturalist.org/observations/232364947,https://static.inaturalist.org/photos/412808207/medium.jpeg,,"",,3,0,false,2,"Leland, NC, USA",34.22645052,-78.00637815,7,,,,7,,,false,,,Kudzu Bug,Megacopta cribraria,Kudzu Bug,Insecta,209176
232367095,468fe657-c127-47e0-8458-808e515dd168,2024-07-28 13:02:50-05:00,2024-07-28,2024-07-28 18:02:50 UTC,Central Time (US & Canada),449307,fieldfalcon,J. Fields Falcone,2024-07-28 21:56:10 UTC,2024-10-04 10:53:04 UTC,research,,https://www.inaturalist.org/observations/232367095,https://static.inaturalist.org/photos/412812317/medium.jpeg,,"","",2,0,false,3,"Smythe Farm Rd, Memphis, TN, US",35.1287305,-89.8196033333,,,,,,,,false,,,Kudzu Bug,Megacopta cribraria,Kudzu Bug,Insecta,209176
232367989,878c731b-59c0-4a1f-b9cd-5aaa34dc8964,2024-07-28 18:01:04-04:00,2024-07-28,2024-07-28 22:01:04 UTC,Eastern Time (US & Canada),4480553,leah28513,,2024-07-28 22:01:20 UTC,2024-10-04 10:53:03 UTC,research,CC-BY-NC,https://www.inaturalist.org/observations/232367989,https://inaturalist-open-data.s3.amazonaws.com/photos/412813946/medium.jpeg,,"","",2,0,false,3,"Capital Crossing, Raleigh, NC, US",35.8490331564,-78.5809175671,9,,,,9,,,false,,,Kudzu Bug,Megacopta cribraria,Kudzu Bug,Insecta,209176
232369322,be9e05fa-a0aa-415d-aff2-21ba845603d7,2024-07-28 18:06:14,2024-07-28,2024-07-28 22:06:14 UTC,Eastern Time (US & Canada),3339646,andrewthornton,andrew thornton,2024-07-28 22:07:51 UTC,2024-10-04 10:53:01 UTC,research,,https://www.inaturalist.org/observations/232369322,https://static.inaturalist.org/photos/412816071/medium.jpeg,,"",,2,0,false,2,"Brentwood, NC 27616, USA",35.86645,-78.5763416667,,,,,,,,false,gps,gps,Kudzu Bug,Megacopta cribraria,Kudzu Bug,Insecta,209176
232370641,f978b697-a543-4ef0-9802-aa207678db58,Sun Jul 28 2024 18:15:11 GMT -0400 (EDT),2024-07-28,2024-07-28 22:15:11 UTC,Eastern Time (US & Canada),4220905,shawn_shirley,Shawn Shirley,2024-07-28 22:15:32 UTC,2024-10-04 10:53:00 UTC,research,,https://www.inaturalist.org/observations/232370641,https://static.inaturalist.org/photos/412818728/medium.jpeg,,"",,1,0,false,333,Winston-Salem,36.1304931641,-80.2548217773,58,,,,58,,,false,,,Kudzu Bug,Megacopta cribraria,Kudzu Bug,Insecta,209176
232373433,1d620b0a-5813-4c89-a4b4-0a2cc788b88c,2024-07-28 18:11:48,2024-07-28,2024-07-28 22:11:48 UTC,Eastern Time (US & Canada),1683049,jdrwilson,,2024-07-28 22:32:27 UTC,2024-10-04 10:52:59 UTC,research,CC-BY-NC,https://www.inaturalist.org/observations/232373433,https://inaturalist-open-data.s3.amazonaws.com/photos/412824216/medium.jpeg,,"",,2,0,false,2,"Tucker, GA 30084, USA",33.8643055556,-84.2157777778,,,,,,,,false,gps,gps,Kudzu Bug,Megacopta cribraria,Kudzu Bug,Insecta,209176
232403672,1aa85068-16a6-43ac-9f21-3f498329cf1a,2024-07-27 19:22:14,2024-07-27,2024-07-27 23:22:14 UTC,Eastern Time (US & Canada),6302424,lukesmith1222,Luke Smith,2024-07-29 01:16:52 UTC,2024-10-04 10:52:58 UTC,research,CC-BY-NC,https://www.inaturalist.org/observations/232403672,https://inaturalist-open-data.s3.amazonaws.com/photos/412881781/medium.jpeg,,"",,3,0,false,2,"Ralph D Abernathy Blvd & Hank Aaron Dr, Atlanta, GA 30315, USA",33.7365277997,-84.3890554,,,,,,,,false,gps,gps,Kudzu Bug,Megacopta cribraria,Kudzu Bug,Insecta,209176
232423600,9955588f-158f-471d-a47a-22e81ecb1e68,2024-07-28 16:19:57-04:00,2024-07-28,2024-07-28 20:19:57 UTC,Eastern Time (US & Canada),4915611,megan_ma,Megan Ma,2024-07-29 03:37:37 UTC,2024-10-04 10:52:58 UTC,research,CC-BY-NC,https://www.inaturalist.org/observations/232423600,https://inaturalist-open-data.s3.amazonaws.com/photos/412920472/medium.jpeg,,"","",2,0,false,3,"Belcrest Rd, Hyattsville, MD, US",38.9675133333,-76.9531033333,6,,,,6,,,false,,,Kudzu Bug,Megacopta cribraria,Kudzu Bug,Insecta,209176
232442852,4c101fa2-0129-43c4-80d3-98932f9afa10,Sat Jul 20 2024 21:35:16 GMT+0000 (Coordinated Universal Time),2024-07-20,2024-07-21 01:35:16 UTC,Eastern Time (US & Canada),1859847,buncombe_nc,"",2024-07-29 07:00:24 UTC,2024-10-04 10:52:56 UTC,research,CC-BY-NC,https://www.inaturalist.org/observations/232442852,https://inaturalist-open-data.s3.amazonaws.com/photos/412959283/medium.jpeg,,"",ecoEXPLORE Username: qutie11.,3,0,false,349,"North Carolina, US",35.558619878,-82.4650412258,,,,,28677,obscured,,true,,,Kudzu Bug,Megacopta cribraria,Kudzu Bug,Insecta,209176
232468244,dfc7d277-ce8d-4309-a75e-d3027e411f7d,2024-07-29 07:30:41-04:00,2024-07-29,2024-07-29 11:30:41 UTC,Eastern Time (US & Canada),2834398,kingra,,2024-07-29 11:32:14 UTC,2024-10-04 10:52:55 UTC,research,CC-BY-NC,https://www.inaturalist.org/observations/232468244,https://inaturalist-open-data.s3.amazonaws.com/photos/413009589/medium.jpeg,,"","",2,0,false,3,"Dunbarton Way NE, Roswell, GA, US",34.0449927841,-84.4240706787,8,,,,8,,,false,,,Kudzu Bug,Megacopta cribraria,Kudzu Bug,Insecta,209176
232536588,a2c83d11-33f1-4e80-914e-7721cab02249,2024-07-29 12:48:30-04:00,2024-07-29,2024-07-29 16:48:30 UTC,Eastern Time (US & Canada),3895789,noncognosco,Randy Herman,2024-07-29 18:02:36 UTC,2024-10-04 10:52:54 UTC,research,CC-BY-NC,https://www.inaturalist.org/observations/232536588,https://inaturalist-open-data.s3.amazonaws.com/photos/413137437/medium.jpeg,,"","",2,0,false,3,"N Elizabeth St, Durham, NC, US",36.0022638833,-78.8903966667,52,,,,52,,,false,,,Kudzu Bug,Megacopta cribraria,Kudzu Bug,Insecta,209176
232537301,3bc3cf1d-1d2d-4489-ae4e-91c32d92769c,2024-07-24 17:06:56-04:00,2024-07-24,2024-07-24 21:06:56 UTC,Eastern Time (US & Canada),336815,ransley217,,2024-07-29 18:06:00 UTC,2024-10-04 10:52:48 UTC,research,CC-BY-NC,https://www.inaturalist.org/observations/232537301,https://inaturalist-open-data.s3.amazonaws.com/photos/413138612/medium.jpeg,,"","",2,0,false,3,"Old Farm Rd, Jefferson, GA, US",34.1251721667,-83.6051333333,4,,,,4,,,false,,,Kudzu Bug,Megacopta cribraria,Kudzu Bug,Insecta,209176
232540506,b4614122-ce1e-4df2-8c5b-62d4229a0739,2024-07-29 13:36:12-04:00,2024-07-29,2024-07-29 17:36:12 UTC,Eastern Time (US & Canada),3895789,noncognosco,Randy Herman,2024-07-29 18:23:31 UTC,2024-10-04 10:52:47 UTC,research,CC-BY-NC,https://www.inaturalist.org/observations/232540506,https://inaturalist-open-data.s3.amazonaws.com/photos/413144827/medium.jpeg,,"","",1,0,false,3,"Rocky Creek Park, Durham, NC, US",36.00269445,-78.8904633333,52,,,,52,,,false,,,Kudzu Bug,Megacopta cribraria,Kudzu Bug,Insecta,209176
232553596,d258a41b-5db2-4e20-add4-e4a79f9e12e0,2024-07-29 11:19:31-04:00,2024-07-29,2024-07-29 15:19:31 UTC,Eastern Time (US & Canada),2903945,carrielee26,,2024-07-29 19:32:09 UTC,2025-02-03 15:23:11 UTC,research,CC-BY-NC,https://www.inaturalist.org/observations/232553596,https://inaturalist-open-data.s3.amazonaws.com/photos/413170372/medium.jpeg,,"","",1,0,false,3,"Brainerd Rd, Chattanooga, TN, US",35.017575,-85.2394866667,4,,,,4,,,false,,,Kudzu Bug,Megacopta cribraria,Kudzu Bug,Insecta,209176
232554215,ca3b1e23-305a-4668-8605-ea1795eb296e,2024-07-29 14:35:01-05:00,2024-07-29,2024-07-29 19:35:01 UTC,Central Time (US & Canada),3232064,josephcooley,Joseph Cooley,2024-07-29 19:35:19 UTC,2025-02-03 15:23:04 UTC,research,,https://www.inaturalist.org/observations/232554215,https://static.inaturalist.org/photos/447622774/medium.jpeg,,"","",1,0,false,3,"Madison Ave, Memphis, TN, US",35.1445959146,-90.0509626894,35,,,,35,,,false,,,Kudzu Bug,Megacopta cribraria,Kudzu Bug,Insecta,209176
232571055,f13d9617-cee5-4da1-8b99-ec6c7c259bfa,2024-07-29 16:59:23-04:00,2024-07-29,2024-07-29 20:59:23 UTC,Eastern Time (US & Canada),8399524,dinah117,Dinah,2024-07-29 20:59:55 UTC,2025-02-03 15:23:03 UTC,research,,https://www.inaturalist.org/observations/232571055,https://static.inaturalist.org/photos/413203964/medium.jpeg,,"","",1,0,false,3,"Macon Rd, Columbus, GA, US",32.4802366667,-84.9429383333,4,,,,4,,,false,,,Kudzu Bug,Megacopta cribraria,Kudzu Bug,Insecta,209176
232574142,8bf2f1a8-d67b-4c23-9efb-694762aec019,2024-07-29 15:39:56-04:00,2024-07-29,2024-07-29 19:39:56 UTC,Eastern Time (US & Canada),1216811,ragbird,,2024-07-29 21:12:24 UTC,2025-02-03 15:22:57 UTC,research,CC0,https://www.inaturalist.org/observations/232574142,https://inaturalist-open-data.s3.amazonaws.com/photos/413208313/medium.jpeg,,"","",1,0,false,3,"Magnolia Ave, Charlotte, NC, US",35.2022666667,-80.8515466667,11,,,,11,,,false,,,Kudzu Bug,Megacopta cribraria,Kudzu Bug,Insecta,209176
232582611,761434a0-8ad4-4e96-9dcb-60774ae178e7,2024-07-29 17:07:10-04:00,2024-07-29,2024-07-29 21:07:10 UTC,Eastern Time (US & Canada),5280968,tiller-bug,tiller,2024-07-29 21:57:28 UTC,2025-02-03 15:22:57 UTC,research,CC-BY-NC,https://www.inaturalist.org/observations/232582611,https://inaturalist-open-data.s3.amazonaws.com/photos/413224766/medium.jpeg,,"","",1,0,false,3,"Anakeesta, Gatlinburg, TN, US",35.7132216667,-83.5118633333,4,,,,4,,,false,,,Kudzu Bug,Megacopta cribraria,Kudzu Bug,Insecta,209176
232585608,2b2b3879-81df-479a-9259-3a118112b274,Mon Jul 29 2024 18:16:37 GMT -0400 (EDT),2024-07-29,2024-07-29 22:16:37 UTC,Eastern Time (US & Canada),3775744,alabamaninja,,2024-07-29 22:17:07 UTC,2025-02-03 15:22:54 UTC,research,,https://www.inaturalist.org/observations/232585608,https://static.inaturalist.org/photos/413230266/medium.jpeg,,"",,2,0,false,333,Bishop,33.8242492676,-83.4338760376,55,,,,55,,,false,,,Kudzu Bug,Megacopta cribraria,Kudzu Bug,Insecta,209176
232587113,3c5f7daf-f7f2-4a5c-9021-5c2f441bf74a,2024-07-29 13:24:49,2024-07-29,2024-07-29 17:24:49 UTC,Eastern Time (US & Canada),3212379,dawn393,Dawn Watson Weaver,2024-07-29 22:27:14 UTC,2025-02-03 15:22:54 UTC,research,,https://www.inaturalist.org/observations/232587113,https://static.inaturalist.org/photos/413233566/medium.jpeg,,"",,1,0,false,2,"Laurens, SC 29360, USA",34.4928472222,-81.9848555556,,,,,,,,false,gps,gps,Kudzu Bug,Megacopta cribraria,Kudzu Bug,Insecta,209176
232591147,5ba7cda5-f7ca-4df6-8463-b04aa6ed9a8b,2024/07/29 3:39 PM,2024-07-29,2024-07-29 19:39:00 UTC,Eastern Time (US & Canada),1552289,vwiest,vwiest,2024-07-29 22:52:11 UTC,2025-02-03 15:22:53 UTC,research,CC-BY-NC,https://www.inaturalist.org/observations/232591147,https://inaturalist-open-data.s3.amazonaws.com/photos/413240151/medium.jpeg,,"",,1,0,false,,"Calvert Hills, College Park, MD 20740, USA",38.9749416667,-76.9330055556,,,,,,,,false,,,Kudzu Bug,Megacopta cribraria,Kudzu Bug,Insecta,209176
232620305,25e115f1-2967-4342-aae7-09675108469b,2024-07-29 22:09:56,2024-07-29,2024-07-30 02:09:56 UTC,Eastern Time (US & Canada),4055507,daniel2650,Daniel Washburn,2024-07-30 02:10:43 UTC,2025-02-03 15:22:51 UTC,research,CC-BY,https://www.inaturalist.org/observations/232620305,https://inaturalist-open-data.s3.amazonaws.com/photos/413297520/medium.jpeg,,"",,1,0,false,2,"Worthdale, Raleigh, NC 27610, USA",35.7697252997,-78.5921955,,,,,,,,false,gps,gps,Kudzu Bug,Megacopta cribraria,Kudzu Bug,Insecta,209176
232669812,6596207b-b9c6-49c1-a754-8eca7bf63f8c,2024-07-15 10:59:42,2024-07-15,2024-07-15 14:59:42 UTC,Eastern Time (US & Canada),6061,jonhakim,Jonathan Hakim,2024-07-30 10:55:09 UTC,2025-02-03 15:22:51 UTC,research,CC-BY-NC,https://www.inaturalist.org/observations/232669812,https://inaturalist-open-data.s3.amazonaws.com/photos/413393311/medium.jpeg,,"",,2,0,false,2,"Americus, GA, USA",32.07355284,-84.23836368,5,,,,5,,,false,,,Kudzu Bug,Megacopta cribraria,Kudzu Bug,Insecta,209176
232706962,8e180405-620b-4ba5-acf8-31cd3c226393,2024-07-30 11:19:05,2024-07-30,2024-07-30 15:19:05 UTC,Eastern Time (US & Canada),6801572,a_virginian,Adam Archie,2024-07-30 15:20:01 UTC,2025-06-05 02:47:49 UTC,research,CC-BY,https://www.inaturalist.org/observations/232706962,https://inaturalist-open-data.s3.amazonaws.com/photos/413461447/medium.jpeg,,"",,1,0,false,2,"Arlington Forest, Arlington, VA, USA",38.86519106,-77.12036692,14,,,,14,,,false,,,Kudzu Bug,Megacopta cribraria,Kudzu Bug,Insecta,209176
232709721,b034c840-0422-4c7e-a3ae-fa62b68c5d6c,2024/07/30 11:05 AM,2024-07-30,2024-07-30 15:05:00 UTC,Eastern Time (US & Canada),1416798,mfawver,Melinda Fawver,2024-07-30 15:34:53 UTC,2025-02-03 15:22:42 UTC,research,CC-BY-NC,https://www.inaturalist.org/observations/232709721,https://inaturalist-open-data.s3.amazonaws.com/photos/413466156/medium.jpg,,"",,1,0,false,,"Anderson County, TN, USA",36.062916663,-84.2849782661,4,,,,4,,,false,,,Kudzu Bug,Megacopta cribraria,Kudzu Bug,Insecta,209176
232723659,4d51b09a-4f1c-4b9b-b5b6-a0d9e1438898,2024/07/28 6:36 PM,2024-07-28,2024-07-28 22:36:00 UTC,Eastern Time (US & Canada),8312446,releasethebugs,,2024-07-30 16:49:21 UTC,2025-02-03 15:22:41 UTC,research,CC-BY-NC,https://www.inaturalist.org/observations/232723659,https://inaturalist-open-data.s3.amazonaws.com/photos/413490557/medium.jpeg,,"",,1,0,false,,"Umstead, Raleigh, NC, USA",35.91005,-78.7765972222,8,,,,8,,,false,,,Kudzu Bug,Megacopta cribraria,Kudzu Bug,Insecta,209176
232733415,b65d8ff9-719b-4b26-bd4b-cf6b6150d815,2024-07-30 13:39:44,2024-07-30,2024-07-30 17:39:44 UTC,Eastern Time (US & Canada),6464463,kentfothergill,"",2024-07-30 17:40:51 UTC,2025-02-03 15:22:34 UTC,research,CC-BY-NC,https://www.inaturalist.org/observations/232733415,https://inaturalist-open-data.s3.amazonaws.com/photos/413510634/medium.jpeg,,"",,1,0,false,2,"Woodridge, Washington, DC 20018, USA",38.92668577,-76.96528884,9,,,,9,,,false,,,Kudzu Bug,Megacopta cribraria,Kudzu Bug,Insecta,209176
232747283,0fca6788-ea48-4ea9-a3b1-69c1a6ebe13a,2024-07-30 14:55:29-04:00,2024-07-30,2024-07-30 18:55:29 UTC,Eastern Time (US & Canada),114307,kelly10,Kelly Allen,2024-07-30 18:55:58 UTC,2025-02-03 15:22:34 UTC,research,,https://www.inaturalist.org/observations/232747283,https://static.inaturalist.org/photos/413538242/medium.jpeg,,"","",1,0,false,3,"Clayton, NC, US",35.7010302455,-78.426925318,4000,,,,4000,,,false,,,Kudzu Bug,Megacopta cribraria,Kudzu Bug,Insecta,209176
232762366,0ebbddd4-6259-4dd3-a61c-ff0c85499d57,2024-07-30 15:13:25,2024-07-30,2024-07-30 20:13:25 UTC,Central Time (US & Canada),857159,janiecesaenz,Janiece Saenz,2024-07-30 20:16:25 UTC,2025-02-03 15:22:31 UTC,research,,https://www.inaturalist.org/observations/232762366,https://static.inaturalist.org/photos/416026278/medium.jpeg,,"",,1,0,false,2,UAB Hospital,33.5062005028,-86.8039759621,223,,,,223,,,false,gps,gps,Kudzu Bug,Megacopta cribraria,Kudzu Bug,Insecta,209176
232763325,7fd46f03-b4ed-40b7-b23e-a065c926c90b,Tue Jul 30 2024 16:16:10 GMT -0400 (EDT),2024-07-30,2024-07-30 20:16:10 UTC,Eastern Time (US & Canada),8406320,evnlawrence,,2024-07-30 20:22:27 UTC,2025-02-03 15:22:30 UTC,research,CC-BY-NC,https://www.inaturalist.org/observations/232763325,https://inaturalist-open-data.s3.amazonaws.com/photos/413570290/medium.jpeg,,"",,1,0,false,333,Greenville,34.8479003906,-82.3408355713,35,,,,35,,,false,,,Kudzu Bug,Megacopta cribraria,Kudzu Bug,Insecta,209176
232776946,ee2cab63-2c49-4bf0-b1e8-32697dc97394,2024-07-30 17:35:57-04:00,2024-07-30,2024-07-30 21:35:57 UTC,Eastern Time (US & Canada),6040876,kate1347,Kate Grouss,2024-07-30 21:37:24 UTC,2025-02-03 15:22:29 UTC,research,,https://www.inaturalist.org/observations/232776946,https://static.inaturalist.org/photos/413597939/medium.jpeg,,"","found this dude in my hair, who is it?
",2,0,false,3,"Garden Path St, Rougemont, NC, US",36.221551307,-78.9252543973,134828,,,,134828,,,false,,,Kudzu Bug,Megacopta cribraria,Kudzu Bug,Insecta,209176
232781591,2ae6a7c3-1934-4b9f-b77c-36bdbc560c0c,Tue Jul 30 2024 18:00:00 GMT -0400 (EDT),2024-07-30,2024-07-30 22:00:00 UTC,Eastern Time (US & Canada),2749485,donbull,"",2024-07-30 22:00:24 UTC,2025-02-03 15:22:23 UTC,research,CC-BY,https://www.inaturalist.org/observations/232781591,https://inaturalist-open-data.s3.amazonaws.com/photos/413854417/medium.jpeg,,"",,1,0,false,333,McLean,38.9235229492,-77.2213058472,35,,,,35,,,false,,,Kudzu Bug,Megacopta cribraria,Kudzu Bug,Insecta,209176
232789913,dce1ee87-912f-49f1-9cf1-6f5d9a06f6ae,2024-07-30 18:25:36,2024-07-30,2024-07-30 22:25:36 UTC,Eastern Time (US & Canada),5799120,andrew2285,"",2024-07-30 22:49:25 UTC,2025-02-03 15:22:22 UTC,research,,https://www.inaturalist.org/observations/232789913,https://static.inaturalist.org/photos/413622519/medium.jpeg,,"",,1,0,false,2,"District of Columbia, District of Columbia County, US",38.92403871,-77.0468009,3,,,,3,,,false,,,Kudzu Bug,Megacopta cribraria,Kudzu Bug,Insecta,209176
232789926,1c521df8-40a2-4591-b068-f077efa22ed7,2024-07-30 18:25:43,2024-07-30,2024-07-30 22:25:43 UTC,Eastern Time (US & Canada),5799120,andrew2285,"",2024-07-30 22:49:31 UTC,2025-02-03 15:22:20 UTC,research,,https://www.inaturalist.org/observations/232789926,https://static.inaturalist.org/photos/413622553/medium.jpeg,,"",,1,0,false,2,"District of Columbia, District of Columbia County, US",38.9240501,-77.04683565,3,,,,3,,,false,,,Kudzu Bug,Megacopta cribraria,Kudzu Bug,Insecta,209176
232789938,c2be6d47-5600-40c3-8899-125908ca7219,2024-07-30 18:25:51,2024-07-30,2024-07-30 22:25:51 UTC,Eastern Time (US & Canada),5799120,andrew2285,"",2024-07-30 22:49:37 UTC,2025-02-03 15:22:19 UTC,research,,https://www.inaturalist.org/observations/232789938,https://static.inaturalist.org/photos/413622588/medium.jpeg,,"",,1,0,false,2,"District of Columbia, District of Columbia County, US",38.92402061,-77.04679757,3,,,,3,,,false,,,Kudzu Bug,Megacopta cribraria,Kudzu Bug,Insecta,209176
232789987,90b32c39-5301-473d-a15e-a80d8d43eb67,2024-07-30 18:26:21,2024-07-30,2024-07-30 22:26:21 UTC,Eastern Time (US & Canada),5799120,andrew2285,"",2024-07-30 22:50:00 UTC,2025-02-03 15:22:18 UTC,research,,https://www.inaturalist.org/observations/232789987,https://static.inaturalist.org/photos/413622716/medium.jpeg,,"",,2,0,false,2,"District of Columbia, District of Columbia County, US",38.92403442,-77.04681283,3,,,,3,,,false,,,Kudzu Bug,Megacopta cribraria,Kudzu Bug,Insecta,209176
232790003,c28ea668-3ba3-4f3f-b315-b20582704965,2024-07-30 18:26:32,2024-07-30,2024-07-30 22:26:32 UTC,Eastern Time (US & Canada),5799120,andrew2285,"",2024-07-30 22:50:06 UTC,2025-02-03 15:22:17 UTC,research,,https://www.inaturalist.org/observations/232790003,https://static.inaturalist.org/photos/413622749/medium.jpeg,,"",,2,0,false,2,"District of Columbia, District of Columbia County, US",38.92403976,-77.04680142,3,,,,3,,,false,,,Kudzu Bug,Megacopta cribraria,Kudzu Bug,Insecta,209176
232790014,cb529b5c-5b0b-460f-852a-c07292921225,2024-07-30 18:26:41,2024-07-30,2024-07-30 22:26:41 UTC,Eastern Time (US & Canada),5799120,andrew2285,"",2024-07-30 22:50:12 UTC,2025-02-03 15:22:16 UTC,research,,https://www.inaturalist.org/observations/232790014,https://static.inaturalist.org/photos/413622790/medium.jpeg,,"",,1,0,false,2,"District of Columbia, District of Columbia County, US",38.92405857,-77.04679452,3,,,,3,,,false,,,Kudzu Bug,Megacopta cribraria,Kudzu Bug,Insecta,209176
232790038,1e5419bc-34b1-4596-9a53-9d89e9faac13,2024-07-30 18:26:49,2024-07-30,2024-07-30 22:26:49 UTC,Eastern Time (US & Canada),5799120,andrew2285,"",2024-07-30 22:50:18 UTC,2025-02-03 15:22:14 UTC,research,,https://www.inaturalist.org/observations/232790038,https://static.inaturalist.org/photos/413622844/medium.jpeg,,"",,2,0,false,2,"District of Columbia, District of Columbia County, US",38.92405832,-77.04677081,3,,,,3,,,false,,,Kudzu Bug,Megacopta cribraria,Kudzu Bug,Insecta,209176
232790065,559f7152-f4c2-4d52-8500-86bdc1df5b4e,2024-07-30 18:27:06,2024-07-30,2024-07-30 22:27:06 UTC,Eastern Time (US & Canada),5799120,andrew2285,"",2024-07-30 22:50:30 UTC,2025-02-03 15:22:13 UTC,research,,https://www.inaturalist.org/observations/232790065,https://static.inaturalist.org/photos/413622929/medium.jpeg,,"",,2,0,false,2,"District of Columbia, District of Columbia County, US",38.92407669,-77.0467478,3,,,,3,,,false,,,Kudzu Bug,Megacopta cribraria,Kudzu Bug,Insecta,209176
232790077,9ac59d06-cf19-4a5a-b586-7e817624c3e2,2024-07-30 18:27:14,2024-07-30,2024-07-30 22:27:14 UTC,Eastern Time (US & Canada),5799120,andrew2285,"",2024-07-30 22:50:36 UTC,2025-02-03 15:22:12 UTC,research,,https://www.inaturalist.org/observations/232790077,https://static.inaturalist.org/photos/413622962/medium.jpeg,,"",,2,0,false,2,"District of Columbia, District of Columbia County, US",38.92408501,-77.04674653,3,,,,3,,,false,,,Kudzu Bug,Megacopta cribraria,Kudzu Bug,Insecta,209176
232790293,9235c00b-6a48-4f42-b818-95423b4bf8ea,2024-07-30 18:29:31,2024-07-30,2024-07-30 22:29:31 UTC,Eastern Time (US & Canada),5799120,andrew2285,"",2024-07-30 22:52:13 UTC,2025-02-03 15:22:11 UTC,research,,https://www.inaturalist.org/observations/232790293,https://static.inaturalist.org/photos/413623524/medium.jpeg,,"",,1,0,false,2,"District of Columbia, District of Columbia County, US",38.92420214,-77.04616495,4,,,,4,,,false,,,Kudzu Bug,Megacopta cribraria,Kudzu Bug,Insecta,209176
232790934,e89a5bc3-de1e-47bc-9612-b8ee7320535e,2024-07-23 07:52:48,2024-07-23,2024-07-23 11:52:48 UTC,Eastern Time (US & Canada),844049,ljhightower,Libby,2024-07-30 22:56:23 UTC,2025-02-03 15:22:10 UTC,research,CC-BY-NC,https://www.inaturalist.org/observations/232790934,https://inaturalist-open-data.s3.amazonaws.com/photos/413624874/medium.jpeg,,"",,1,0,false,2,"Martinsville, VA 24112, USA",36.6874134997,-79.8674264997,,,,,,,,false,gps,gps,Kudzu Bug,Megacopta cribraria,Kudzu Bug,Insecta,209176
232797698,06fb6481-d4b6-42f5-b9eb-e0ad785ae2a3,Tue Jul 30 2024 19:35:33 GMT -0400 (EDT),2024-07-30,2024-07-30 23:35:33 UTC,Eastern Time (US & Canada),6241902,sevenup63,,2024-07-30 23:35:49 UTC,2025-07-17 03:44:43 UTC,research,CC-BY-NC,https://www.inaturalist.org/observations/232797698,https://inaturalist-open-data.s3.amazonaws.com/photos/413636958/medium.jpeg,,"",,2,0,false,333,North Myrtle Beach,33.8058433533,-78.7050323486,100,,,,100,,,false,,,Kudzu Bug,Megacopta cribraria,Kudzu Bug,Insecta,209176
232803292,b4d843b7-7bae-40d9-a0ff-cd9e9236c392,2024-06-05 20:35:31-04:00,2024-06-05,2024-06-06 00:35:31 UTC,Eastern Time (US & Canada),8240084,lucasdeibert,,2024-07-31 00:13:39 UTC,2024-08-07 12:50:04 UTC,research,CC-BY-NC,https://www.inaturalist.org/observations/232803292,https://inaturalist-open-data.s3.amazonaws.com/photos/413648662/medium.jpeg,,"","",1,0,false,3,"Crestwind Rd NW, Kennesaw, GA, US",33.9805133333,-84.663055,6,,,,6,,,false,,,Kudzu Bug,Megacopta cribraria,Kudzu Bug,Insecta,209176
232890920,055bb16d-a445-49ad-a8e3-0963958e715e,2024-07-14 11:06:24-04:00,2024-07-14,2024-07-14 15:06:24 UTC,Eastern Time (US & Canada),4896830,locrawfish,,2024-07-31 13:24:09 UTC,2024-07-31 16:37:17 UTC,research,CC-BY-NC,https://www.inaturalist.org/observations/232890920,https://inaturalist-open-data.s3.amazonaws.com/photos/413818316/medium.jpeg,,"","",1,0,false,3,"Meridian St SE, Atlanta, GA, US",33.7504586159,-84.3401853593,14,,,,14,,,false,,,Kudzu Bug,Megacopta cribraria,Kudzu Bug,Insecta,209176
232924466,b977c54b-5839-4661-b58c-ea9da992d4ca,2024-07-31 12:27:36,2024-07-31,2024-07-31 16:27:36 UTC,Eastern Time (US & Canada),6001973,smallbee,Luke Humke,2024-07-31 16:36:04 UTC,2024-08-04 19:54:40 UTC,research,,https://www.inaturalist.org/observations/232924466,https://static.inaturalist.org/photos/413881580/medium.jpeg,,"",,1,0,false,2,"Glenn Dale, MD 20769, USA",39.0171267997,-76.8272252,,,,,,,,false,gps,gps,Kudzu Bug,Megacopta cribraria,Kudzu Bug,Insecta,209176
232940484,e650c22c-252b-4f9b-a91d-598b1c560a41,2024-07-31 13:59:58,2024-07-31,2024-07-31 17:59:58 UTC,Eastern Time (US & Canada),7191871,universessilliesthiker,,2024-07-31 18:03:32 UTC,2024-08-01 03:23:38 UTC,research,CC-BY-NC,https://www.inaturalist.org/observations/232940484,https://inaturalist-open-data.s3.amazonaws.com/photos/413911827/medium.jpeg,,"",,1,0,false,2,"South Park, Raleigh, NC, USA",35.7668746143,-78.6380848289,4,,,,4,,,false,gps,gps,Kudzu Bug,Megacopta cribraria,Kudzu Bug,Insecta,209176
232947593,7fd8a4ae-c3ea-4485-868e-7c9a4840dc69,2024-07-31 14:40:06,2024-07-31,2024-07-31 18:40:06 UTC,Eastern Time (US & Canada),6464463,kentfothergill,"",2024-07-31 18:41:56 UTC,2024-10-04 10:52:37 UTC,research,CC-BY-NC,https://www.inaturalist.org/observations/232947593,https://inaturalist-open-data.s3.amazonaws.com/photos/413925293/medium.jpeg,,"",,2,0,false,2,"Woodridge, Washington, DC 20018, USA",38.9267922058,-76.9652869552,10,,,,10,,,false,gps,gps,Kudzu Bug,Megacopta cribraria,Kudzu Bug,Insecta,209176
232949487,2c6a70ca-7cd2-4947-be60-0b71b2181549,2024-07-31 14:51:07-04:00,2024-07-31,2024-07-31 18:51:07 UTC,Eastern Time (US & Canada),8408393,sydneybryanuga,,2024-07-31 18:52:45 UTC,2024-10-04 10:52:37 UTC,research,CC-BY-NC,https://www.inaturalist.org/observations/232949487,https://inaturalist-open-data.s3.amazonaws.com/photos/413929019/medium.jpeg,,"","",3,0,false,3,"Old Salem Rd SE, Conyers, GA, US",33.6406333333,-84.0004583333,5,,,,5,,,false,,,Kudzu Bug,Megacopta cribraria,Kudzu Bug,Insecta,209176
232952642,2d5d50ad-e8b1-40df-bc72-7a7da3e6deaa,2024-07-31 15:10:08-04:00,2024-07-31,2024-07-31 19:10:08 UTC,Eastern Time (US & Canada),8406904,kimberly20791,Kimberly Morrison,2024-07-31 19:10:43 UTC,2024-10-04 10:52:31 UTC,research,,https://www.inaturalist.org/observations/232952642,https://static.inaturalist.org/photos/413935186/medium.jpeg,,"","",2,0,false,3,"Lillard Rd, Ruffin, NC, US",36.5069830861,-79.5811737414,16,,,,16,,,false,,,Kudzu Bug,Megacopta cribraria,Kudzu Bug,Insecta,209176
232967693,cbcd2273-380b-4c53-b109-3033d7d1054a,2024-07-31 14:39:59-04:00,2024-07-31,2024-07-31 18:39:59 UTC,Eastern Time (US & Canada),872635,cathyfahey,Cathy Fahey,2024-07-31 20:41:38 UTC,2024-10-04 10:52:30 UTC,research,CC-BY-NC,https://www.inaturalist.org/observations/232967693,https://inaturalist-open-data.s3.amazonaws.com/photos/413965347/medium.jpeg,,"","",2,0,false,3,"Smithsonian Institution, Annapolis, MD, US",38.88912,-76.5465,4,,,,4,,,false,,,Kudzu Bug,Megacopta cribraria,Kudzu Bug,Insecta,209176
232974073,5bbf3c3a-a540-4d60-9ffb-8bcf7553e465,2024-07-31 17:16:06,2024-07-31,2024-07-31 21:16:06 UTC,Eastern Time (US & Canada),5754098,floralashes,Ash,2024-07-31 21:18:31 UTC,2024-10-04 10:52:29 UTC,research,CC-BY-NC,https://www.inaturalist.org/observations/232974073,https://inaturalist-open-data.s3.amazonaws.com/photos/413977171/medium.jpeg,,"",,2,0,false,2,Chattanooga,35.0455762069,-85.3093994781,30068,,,,30068,,,false,gps,gps,Kudzu Bug,Megacopta cribraria,Kudzu Bug,Insecta,209176
232975281,d6e64d95-546a-4e5a-90ff-082a4dcd05fe,2024-07-31 17:21:41,2024-07-31,2024-07-31 21:21:41 UTC,Eastern Time (US & Canada),5146408,arhealey,,2024-07-31 21:24:48 UTC,2024-10-04 10:52:27 UTC,research,CC-BY-NC,https://www.inaturalist.org/observations/232975281,https://inaturalist-open-data.s3.amazonaws.com/photos/429453392/medium.jpeg,,"",,1,0,false,2,"Wake Forest, NC 27587, USA",35.9798649703,-78.5097230226,5763,,,,5763,,,false,gps,gps,Kudzu Bug,Megacopta cribraria,Kudzu Bug,Insecta,209176
232983322,c8f8d593-5e11-44e9-b356-2a335455e365,2024-07-31 18:12:22-04:00,2024-07-31,2024-07-31 22:12:22 UTC,Eastern Time (US & Canada),7821471,forgotteneuca,,2024-07-31 22:13:13 UTC,2024-10-04 10:52:23 UTC,research,CC-BY-NC,https://www.inaturalist.org/observations/232983322,https://inaturalist-open-data.s3.amazonaws.com/photos/413994731/medium.jpeg,,"","",2,0,false,3,"Oakland Ave, Rock Hill, SC, US",34.9381984699,-81.0278048638,10,,,,10,,,false,,,Kudzu Bug,Megacopta cribraria,Kudzu Bug,Insecta,209176
232983928,7e61f8f0-7ea1-4663-906c-98cf0ac3ffaf,2024-07-31 5:14:58 PM CDT,2024-07-31,2024-07-31 22:14:58 UTC,Central Time (US & Canada),1860699,petespeak,Peter Speak,2024-07-31 22:16:09 UTC,2024-10-04 10:52:22 UTC,research,,https://www.inaturalist.org/observations/232983928,https://static.inaturalist.org/photos/413995488/medium.jpeg,,"",,2,0,false,2,"Huntsville, AL 35801, USA",34.7196180863,-86.5584596246,11,,,,11,,,false,gps,gps,Kudzu Bug,Megacopta cribraria,Kudzu Bug,Insecta,209176
232990391,2024821c-a43e-4bdc-a188-f3231889483d,2024-07-31 19:01:05,2024-07-31,2024-07-31 23:01:05 UTC,Eastern Time (US & Canada),7976599,greg39518,Greg Malloy,2024-07-31 23:02:04 UTC,2024-10-04 10:52:22 UTC,research,,https://www.inaturalist.org/observations/232990391,https://static.inaturalist.org/photos/414007883/medium.jpeg,,"",,3,0,false,2,"Cabarrus County, US-NC, US",35.31390654,-80.57877794,3,,,,3,,,false,,,Kudzu Bug,Megacopta cribraria,Kudzu Bug,Insecta,209176
232990414,3f3957a8-0521-46b3-8175-d611f65401fe,2024-07-31 19:01:44,2024-07-31,2024-07-31 23:01:44 UTC,Eastern Time (US & Canada),7976599,greg39518,Greg Malloy,2024-07-31 23:02:15 UTC,2024-10-04 10:52:16 UTC,research,,https://www.inaturalist.org/observations/232990414,https://static.inaturalist.org/photos/414007999/medium.jpeg,,"",,3,0,false,2,"Concord, NC, USA",35.31390689,-80.57876946,4,,,,4,,,false,,,Kudzu Bug,Megacopta cribraria,Kudzu Bug,Insecta,209176
232990568,936adcaa-7bad-4e7a-a340-38c78736b940,2024-07-31 19:02:29,2024-07-31,2024-07-31 23:02:29 UTC,Eastern Time (US & Canada),7976599,greg39518,Greg Malloy,2024-07-31 23:03:37 UTC,2024-10-04 10:52:11 UTC,research,,https://www.inaturalist.org/observations/232990568,https://static.inaturalist.org/photos/414008542/medium.jpeg,,"",,3,0,false,2,"Concord, NC, USA",35.31389813,-80.57876769,4,,,,4,,,false,,,Kudzu Bug,Megacopta cribraria,Kudzu Bug,Insecta,209176
232993421,19427c3a-8f5b-4320-b66c-855d353b7a0e,2024-07-31 14:16:56-04:00,2024-07-31,2024-07-31 18:16:56 UTC,Eastern Time (US & Canada),8410063,jmm16591,,2024-07-31 23:21:53 UTC,2024-10-04 10:52:06 UTC,research,CC-BY-NC,https://www.inaturalist.org/observations/232993421,https://inaturalist-open-data.s3.amazonaws.com/photos/414013929/medium.jpeg,,"",Taken at a bakery in Chattanooga (very annoying when drinking Chai). Invasive lil suckers are everywhere in Athens.,2,0,false,3,"E Main St, Chattanooga, TN, US",35.0353916667,-85.304855,4,,,,4,,,false,,,Kudzu Bug,Megacopta cribraria,Kudzu Bug,Insecta,209176
232993695,b6460d49-ab0e-4f0e-abf1-0a1b27493926,2024-07-31 19:13:01,2024-07-31,2024-07-31 23:13:01 UTC,Eastern Time (US & Canada),7288414,pmolodyk,Petr Molodyk,2024-07-31 23:23:24 UTC,2024-10-04 10:52:01 UTC,research,CC-BY-NC,https://www.inaturalist.org/observations/232993695,https://inaturalist-open-data.s3.amazonaws.com/photos/414014454/medium.jpeg,,"",,3,0,false,2,"1030 Techwood Dr NW, Atlanta, GA 30318, USA",33.7837833333,-84.3949083333,,,,,,,,false,gps,gps,Kudzu Bug,Megacopta cribraria,Kudzu Bug,Insecta,209176
232999839,2e33c76f-16b0-412c-b13d-b96caa3e1a04,2024-07-31 20:07:32-04:00,2024-07-31,2024-08-01 00:07:32 UTC,Eastern Time (US & Canada),2722448,nwig,,2024-08-01 00:09:26 UTC,2024-10-04 10:51:56 UTC,research,CC-BY-NC,https://www.inaturalist.org/observations/232999839,https://inaturalist-open-data.s3.amazonaws.com/photos/414027364/medium.jpeg,,"","",2,0,false,3,"South Carolina, US",34.654621023,-82.3317453954,5,,,,28790,obscured,,true,,,Kudzu Bug,Megacopta cribraria,Kudzu Bug,Insecta,209176
233002731,cabf5533-797c-487d-937f-06a7427847b8,2024-07-31 19:59:09-04:00,2024-07-31,2024-07-31 23:59:09 UTC,Eastern Time (US & Canada),6420102,annemacro,,2024-08-01 00:28:01 UTC,2024-10-04 10:51:56 UTC,research,CC-BY-NC,https://www.inaturalist.org/observations/233002731,https://inaturalist-open-data.s3.amazonaws.com/photos/414032469/medium.jpeg,,"","",2,0,false,3,"S Magnolia St, Mooresville, NC, US",35.5607833333,-80.8074116667,6,,,,6,,,false,,,Kudzu Bug,Megacopta cribraria,Kudzu Bug,Insecta,209176
233003063,d3758819-23a5-4007-a744-074e382a8602,2024-07-25 13:18:04,2024-07-25,2024-07-25 17:18:04 UTC,Eastern Time (US & Canada),595077,rebecca145,Rebecca Gimenez Husted,2024-08-01 00:30:03 UTC,2025-09-24 12:41:36 UTC,research,CC-BY,https://www.inaturalist.org/observations/233003063,https://inaturalist-open-data.s3.amazonaws.com/photos/414033037/medium.jpeg,,"",,2,0,false,2,"Macon, GA 31217, USA",32.9429462,-83.4192771997,,,,,,,,false,gps,gps,Kudzu Bug,Megacopta cribraria,Kudzu Bug,Insecta,209176
233014029,52dff7e8-041d-4b50-ad4f-d1362dfd7700,2024-07-31 21:38:28,2024-07-31,2024-08-01 01:38:28 UTC,Eastern Time (US & Canada),1156437,environmentalmusician,Anna Voss,2024-08-01 01:49:00 UTC,2024-10-04 10:51:44 UTC,research,,https://www.inaturalist.org/observations/233014029,https://static.inaturalist.org/photos/414054207/medium.jpeg,,"",,2,0,false,2,"Montford Area Historic District, Asheville, NC 28801, USA",35.608875,-82.5705611111,,,,,,,,false,gps,gps,Kudzu Bug,Megacopta cribraria,Kudzu Bug,Insecta,209176
233020170,0bcdfc23-b441-417a-923f-925aa52cf6ab,2024-07-31 18:07:00-04:00,2024-07-31,2024-07-31 22:07:00 UTC,Eastern Time (US & Canada),8193666,smakulin,,2024-08-01 02:31:48 UTC,2024-10-04 10:48:35 UTC,research,CC-BY-NC,https://www.inaturalist.org/observations/233020170,https://inaturalist-open-data.s3.amazonaws.com/photos/414065900/medium.jpeg,,"","",3,0,false,3,"NC State University, Raleigh, NC, US",35.7875915164,-78.6759705817,59,,,,59,,,false,,,Kudzu Bug,Megacopta cribraria,Kudzu Bug,Insecta,209176
233030770,541f4cd2-afcc-46fe-a911-6985c3676106,2024-07-31 15:05:04,2024-07-31,2024-07-31 19:05:04 UTC,Eastern Time (US & Canada),7892793,pleng-herrera20,"",2024-08-01 04:05:44 UTC,2024-10-04 10:48:34 UTC,research,CC-BY-NC,https://www.inaturalist.org/observations/233030770,https://inaturalist-open-data.s3.amazonaws.com/photos/414086953/medium.jpeg,,"",,2,0,false,2,"E FAYETTEVLLE, NC 28301, USA",35.0522795038,-78.8783775643,18886,,,,18886,,,false,gps,gps,Kudzu Bug,Megacopta cribraria,Kudzu Bug,Insecta,209176
233041545,7a5d2039-aa3f-4a72-b135-f9966897fef1,Thu Aug 01 2024 01:24:04 GMT -0500 (CDT),2024-08-01,2024-08-01 06:24:04 UTC,Central Time (US & Canada),5744689,becky610,Becky Comeaux,2024-08-01 06:24:11 UTC,2024-10-04 10:48:34 UTC,research,,https://www.inaturalist.org/observations/233041545,https://static.inaturalist.org/photos/414109510/medium.jpeg,,"",,1,0,false,333,Baton Rouge,30.4301452637,-91.0451660156,12,,,,12,,,false,,,Kudzu Bug,Megacopta cribraria,Kudzu Bug,Insecta,209176
233102063,6c816226-badf-4bcb-ad34-5e6295ab8607,2024-08-01 11:03:51,2024-08-01,2024-08-01 15:03:51 UTC,Eastern Time (US & Canada),6116451,clairesher,,2024-08-01 15:16:26 UTC,2024-10-04 10:48:32 UTC,research,CC-BY-NC,https://www.inaturalist.org/observations/233102063,https://inaturalist-open-data.s3.amazonaws.com/photos/414223350/medium.jpeg,,"",,3,0,false,2,"Columbia Heights, Washington, DC, USA",38.92190964,-77.02926606,7,,,,7,,,false,,,Kudzu Bug,Megacopta cribraria,Kudzu Bug,Insecta,209176
233106251,8bf6de6f-0708-4139-80dd-de4c231dfbe4,2024-08-01 11:40:42-04:00,2024-08-01,2024-08-01 15:40:42 UTC,Eastern Time (US & Canada),2258646,hmbarber,,2024-08-01 15:41:05 UTC,2024-10-04 10:48:31 UTC,research,CC-BY-NC,https://www.inaturalist.org/observations/233106251,https://inaturalist-open-data.s3.amazonaws.com/photos/414231710/medium.jpeg,,"","",3,0,false,3,"Fontaine Ave, Charlottesville, VA, US",38.0258650845,-78.5156583321,8,,,,8,,,false,,,Kudzu Bug,Megacopta cribraria,Kudzu Bug,Insecta,209176
233109712,8419f03d-1210-4922-87e0-9ebd3ed38480,2024-07-31 22:00:10,2024-07-31,2024-08-01 02:00:10 UTC,Eastern Time (US & Canada),6974781,averyfaeo,Avery Fae,2024-08-01 15:59:51 UTC,2024-10-04 10:48:30 UTC,research,CC-BY,https://www.inaturalist.org/observations/233109712,https://inaturalist-open-data.s3.amazonaws.com/photos/414238256/medium.jpeg,,"",at light ,2,0,false,2,"Fort Liberty, NC 28307, USA",35.14591945,-79.0119016,,,,,,,,false,,,Kudzu Bug,Megacopta cribraria,Kudzu Bug,Insecta,209176
233113488,b9ec10d7-c4aa-4620-b6a9-d1759212a733,2024-07-28 18:42:42,2024-07-28,2024-07-28 22:42:42 UTC,Eastern Time (US & Canada),5836854,jsontag,"",2024-08-01 16:20:23 UTC,2024-10-04 10:48:29 UTC,research,CC-BY-NC,https://www.inaturalist.org/observations/233113488,https://inaturalist-open-data.s3.amazonaws.com/photos/414244861/medium.jpeg,,"",,3,0,false,2,"Gatlinburg, TN 37738, USA",35.7058162,-83.5175791,,,,,,,,false,,,Kudzu Bug,Megacopta cribraria,Kudzu Bug,Insecta,209176
233119182,ec84a921-955c-46d7-9ed4-232ecb78be6b,2024-08-01 12:47:32-04:00,2024-08-01,2024-08-01 16:47:32 UTC,Eastern Time (US & Canada),7392582,warriorz004,Warriorz004,2024-08-01 16:50:13 UTC,2024-10-04 10:48:28 UTC,research,,https://www.inaturalist.org/observations/233119182,https://static.inaturalist.org/photos/414255585/medium.jpeg,,"","",2,0,false,3,"Brookhaven Ct, Bonaire, GA, US",32.5697666667,-83.63723,10,,,,10,,,false,,,Kudzu Bug,Megacopta cribraria,Kudzu Bug,Insecta,209176
233124263,0373cd85-0547-48c6-84a8-a83a475b261f,Thu Aug 01 2024 13:17:16 GMT -0400 (EDT),2024-08-01,2024-08-01 17:17:16 UTC,Eastern Time (US & Canada),6656383,jpaton,,2024-08-01 17:17:34 UTC,2024-10-04 10:48:26 UTC,research,CC-BY-NC,https://www.inaturalist.org/observations/233124263,https://inaturalist-open-data.s3.amazonaws.com/photos/414265571/medium.jpeg,,"",,2,0,false,333,Charlottesville,38.0179138184,-78.5139694214,28,,,,28,,,false,,,Kudzu Bug,Megacopta cribraria,Kudzu Bug,Insecta,209176
233129234,a90f5dfa-5eff-46b1-8a8d-742dd4378b26,Thu Aug 01 2024 12:44:42 GMT -0500 (CDT),2024-08-01,2024-08-01 17:44:42 UTC,Central Time (US & Canada),4026610,singularroozilla,,2024-08-01 17:44:47 UTC,2024-10-04 10:48:25 UTC,research,CC-BY-NC,https://www.inaturalist.org/observations/233129234,https://inaturalist-open-data.s3.amazonaws.com/photos/414275277/medium.jpeg,,"",,2,0,false,333,Kimball,35.0421142578,-85.678352356,35,,,,35,,,false,,,Kudzu Bug,Megacopta cribraria,Kudzu Bug,Insecta,209176
233137408,6358da99-e8b1-4d89-bffa-d0610d0f4138,2024-08-01 13:30:01-05:00,2024-08-01,2024-08-01 18:30:01 UTC,Central Time (US & Canada),190757,btpaws,Brandon Thompson,2024-08-01 18:30:21 UTC,2024-08-01 19:17:21 UTC,research,,https://www.inaturalist.org/observations/233137408,https://static.inaturalist.org/photos/414291262/medium.jpeg,,"","",1,0,false,3,"Freemont Dr, Tuscaloosa, AL, US",33.1984885829,-87.4968003576,3,,,,3,,,false,,,Kudzu Bug,Megacopta cribraria,Kudzu Bug,Insecta,209176
233138045,900e8d71-31e4-4c44-bf0d-984ca26f3d8b,Thu Aug 01 2024 14:33:28 GMT -0400 (EDT),2024-08-01,2024-08-01 18:33:28 UTC,Eastern Time (US & Canada),8361647,cfavata88,,2024-08-01 18:33:43 UTC,2024-10-04 10:48:24 UTC,research,CC-BY-NC,https://www.inaturalist.org/observations/233138045,https://inaturalist-open-data.s3.amazonaws.com/photos/414292131/medium.jpeg,,"",,2,0,false,333,Charlotte,35.2252693176,-80.9469528198,525,,,,525,,,false,,,Kudzu Bug,Megacopta cribraria,Kudzu Bug,Insecta,209176
233139730,46845f93-dc55-49fb-b639-4ff7926161a8,2024-08-01 13:41:49-05:00,2024-08-01,2024-08-01 18:41:49 UTC,Central Time (US & Canada),574081,artman7,Elizabeth Taylor,2024-08-01 18:43:24 UTC,2024-10-04 10:48:22 UTC,research,CC-BY-NC,https://www.inaturalist.org/observations/233139730,https://inaturalist-open-data.s3.amazonaws.com/photos/414294911/medium.jpeg,,"","",2,0,false,3,"Landers Swink Rd, Eclectic, AL, US",32.6850666667,-85.9729916667,20,,,,20,,,false,,,Kudzu Bug,Megacopta cribraria,Kudzu Bug,Insecta,209176
233140044,fef502b4-2309-4841-b2b2-6a5d53c2289a,2024-08-01 14:38:15,2024-08-01,2024-08-01 18:38:15 UTC,Eastern Time (US & Canada),8387354,dylancody560,Dylan Cody,2024-08-01 18:44:57 UTC,2024-08-01 19:12:27 UTC,research,,https://www.inaturalist.org/observations/233140044,https://static.inaturalist.org/photos/414295410/medium.jpeg,,"",,1,0,false,2,"North Carolina, US",35.6599223846,-81.3635708736,12831,,,,28649,obscured,,true,gps,gps,Kudzu Bug,Megacopta cribraria,Kudzu Bug,Insecta,209176
233159906,4a9d39cb-e2e9-4f5d-bcf8-cb2876a82730,Thu Aug 01 2024 16:38:12 GMT -0400 (EDT),2024-08-01,2024-08-01 20:38:12 UTC,Eastern Time (US & Canada),3167090,obxwildflower,,2024-08-01 20:38:31 UTC,2024-08-02 04:44:21 UTC,research,CC-BY-NC,https://www.inaturalist.org/observations/233159906,https://inaturalist-open-data.s3.amazonaws.com/photos/414333509/medium.jpeg,,"",,1,0,false,333,Advance,35.8619003296,-80.3967056274,100,,,,100,,,false,,,Kudzu Bug,Megacopta cribraria,Kudzu Bug,Insecta,209176
233164600,2bd49bfb-2f3f-46a5-8f3c-875ba4af9271,Thu Aug 01 2024 17:01:49 GMT -0400 (EDT),2024-08-01,2024-08-01 21:01:49 UTC,Eastern Time (US & Canada),8274687,rfelt85,,2024-08-01 21:03:04 UTC,2024-08-01 21:11:21 UTC,research,CC-BY-NC,https://www.inaturalist.org/observations/233164600,https://inaturalist-open-data.s3.amazonaws.com/photos/414342807/medium.jpeg,,"",,1,0,false,333,Atlanta,33.7607536316,-84.3939056396,,,,,,,,false,,,Kudzu Bug,Megacopta cribraria,Kudzu Bug,Insecta,209176
233170743,18a1f2c7-bbe4-4cc4-bf7a-41f8e62c1576,2024-08-01 17:34:24-04:00,2024-08-01,2024-08-01 21:34:24 UTC,Eastern Time (US & Canada),5126202,camillia,Camillia Elci,2024-08-01 21:38:16 UTC,2024-08-01 22:32:01 UTC,research,,https://www.inaturalist.org/observations/233170743,https://static.inaturalist.org/photos/414354235/medium.jpeg,,"","Was drowning in the Lilly pads so I fished it out. 
",1,0,false,3,"Dolley Madison Towers, Arlington, VA, US",38.8491966667,-77.0782611667,14,,,,14,,,false,,,Kudzu Bug,Megacopta cribraria,Kudzu Bug,Insecta,209176
233181697,263778e6-0693-4fc6-9f5f-895e1d50ef79,Thu Aug 01 2024 18:50:13 GMT -0400 (EDT),2024-08-01,2024-08-01 22:50:13 UTC,Eastern Time (US & Canada),5214023,emilyrr03,,2024-08-01 22:50:58 UTC,2024-08-02 13:28:02 UTC,research,CC-BY-NC,https://www.inaturalist.org/observations/233181697,https://inaturalist-open-data.s3.amazonaws.com/photos/414531629/medium.jpeg,,"",,1,0,false,333,Knoxville,35.8746337891,-83.954788208,4,,,,4,,,false,,,Kudzu Bug,Megacopta cribraria,Kudzu Bug,Insecta,209176
233189564,6f795001-a3aa-4302-997f-116b8f238689,2024-08-01 14:56:47-04:00,2024-08-01,2024-08-01 18:56:47 UTC,Eastern Time (US & Canada),2177711,stephenwojcik,Stephen Wojcik,2024-08-01 23:50:17 UTC,2024-08-08 12:52:53 UTC,research,,https://www.inaturalist.org/observations/233189564,https://static.inaturalist.org/photos/414390079/medium.jpeg,,"","",1,0,false,3,"Derby Dr, Cumming, GA, US",34.2327783333,-84.2313533333,4,,,,4,,,false,,,Kudzu Bug,Megacopta cribraria,Kudzu Bug,Insecta,209176
233195143,26c69daa-9641-4065-b11b-9b437f4a6126,2024-08-01 19:18:09-04:00,2024-08-01,2024-08-01 23:18:09 UTC,Eastern Time (US & Canada),951326,markmcknight,Mark McKnight,2024-08-02 00:31:47 UTC,2024-08-02 00:49:59 UTC,research,CC-BY-NC,https://www.inaturalist.org/observations/233195143,https://inaturalist-open-data.s3.amazonaws.com/photos/414401080/medium.jpeg,,"","",1,0,false,3,United States,35.1939377908,-85.3988802117,7,,,,28734,obscured,,true,,,Kudzu Bug,Megacopta cribraria,Kudzu Bug,Insecta,209176
233204490,da34154d-b625-4790-8886-958d9a0838df,2024-07-26 12:50:21,2024-07-26,2024-07-26 16:50:21 UTC,Eastern Time (US & Canada),6627879,taylorcurrie,"",2024-08-02 01:47:28 UTC,2024-08-02 02:04:35 UTC,research,CC-BY-NC,https://www.inaturalist.org/observations/233204490,https://inaturalist-open-data.s3.amazonaws.com/photos/414421268/medium.jpeg,,"",,1,0,false,2,"Dahlonega, GA 30533, USA",34.5516138889,-83.9673833333,,,,,,,,false,gps,gps,Kudzu Bug,Megacopta cribraria,Kudzu Bug,Insecta,209176
233266867,f2ee1689-53d3-427d-a987-cb338165a28c,2024-07-28,2024-07-28,,Eastern Time (US & Canada),7881617,sbuck07,,2024-08-02 12:28:20 UTC,2024-08-08 13:41:13 UTC,research,CC-BY-NC,https://www.inaturalist.org/observations/233266867,https://static.inaturalist.org/photos/414540919/medium.jpeg,,"",,1,0,false,2,"Raleigh, NC 27603, USA",35.5937055556,-78.6238305556,,,,,,,,false,gps,gps,Kudzu Bug,Megacopta cribraria,Kudzu Bug,Insecta,209176
233306382,077c8a5f-a9be-4d52-ab39-4859dc862d75,2024-08-02 12:13:38-04:00,2024-08-02,2024-08-02 16:13:38 UTC,Eastern Time (US & Canada),1256239,aliceblue,,2024-08-02 16:13:48 UTC,2024-08-09 01:09:59 UTC,research,,https://www.inaturalist.org/observations/233306382,https://static.inaturalist.org/photos/414611800/medium.jpeg,,"","",1,0,false,3,"York River, Williamsburg, VA, US",37.4285478604,-76.7251782739,101708,,,,101708,,,false,,,Kudzu Bug,Megacopta cribraria,Kudzu Bug,Insecta,209176
233323494,c83a7da0-59e3-4166-8a6f-8347fda27f38,2024-08-02 13:12:33,2024-08-02,2024-08-02 17:12:33 UTC,Eastern Time (US & Canada),6032695,levothyroxine,"",2024-08-02 17:40:45 UTC,2024-08-02 18:36:24 UTC,research,CC-BY-NC,https://www.inaturalist.org/observations/233323494,https://inaturalist-open-data.s3.amazonaws.com/photos/414642754/medium.jpeg,,"",,1,0,false,2,"Bryson City, NC 28713, USA",35.3472234653,-83.5701512173,6837,,,,6837,,,false,gps,gps,Kudzu Bug,Megacopta cribraria,Kudzu Bug,Insecta,209176
233341040,088b1483-6d15-443d-81c8-c4c9a020d99a,2024-08-02 15:21:30-04:00,2024-08-02,2024-08-02 19:21:30 UTC,Eastern Time (US & Canada),5178278,mabuva2021,,2024-08-02 19:21:39 UTC,2024-08-09 07:36:01 UTC,research,CC-BY-NC,https://www.inaturalist.org/observations/233341040,https://inaturalist-open-data.s3.amazonaws.com/photos/414676905/medium.jpeg,,"","",1,0,false,3,"Liberty University, Lynchburg, VA, US",37.3374463339,-79.1797333922,35,,,,35,,,false,,,Kudzu Bug,Megacopta cribraria,Kudzu Bug,Insecta,209176
233342959,d2090eaf-c4fe-4f02-9fba-e3a6a8ad327d,2024/08/02 1:58 pm,2024-08-02,2024-08-02 17:58:00 UTC,Eastern Time (US & Canada),991434,firethorn,Jennifer Packard,2024-08-02 19:34:10 UTC,2024-08-09 00:10:42 UTC,research,CC-BY-NC,https://www.inaturalist.org/observations/233342959,https://inaturalist-open-data.s3.amazonaws.com/photos/414680578/medium.jpg,,"",,1,0,false,,"Tryon, NC 28782, USA",35.2542295,-82.116955,13011,,,,13011,,,false,,,Kudzu Bug,Megacopta cribraria,Kudzu Bug,Insecta,209176
233349417,6ac47e7c-c3f6-45a1-958d-1906e06a377b,2024-08-02 16:12:16-04:00,2024-08-02,2024-08-02 20:12:16 UTC,Eastern Time (US & Canada),811233,birdnirdnannc,N Lee Hoover,2024-08-02 20:13:08 UTC,2024-08-02 22:37:30 UTC,research,,https://www.inaturalist.org/observations/233349417,https://static.inaturalist.org/photos/414694857/medium.jpeg,,"","",1,0,false,3,"Zion Ave, Cornelius, NC, US",35.4824866667,-80.85747,5,,,,5,,,false,,,Kudzu Bug,Megacopta cribraria,Kudzu Bug,Insecta,209176
233354817,e15db394-a21f-4899-b9cd-85817e813a8e,2024-08-02 16:16:41,2024-08-02,2024-08-02 20:16:41 UTC,Eastern Time (US & Canada),5799120,andrew2285,"",2024-08-02 20:41:35 UTC,2024-08-03 16:09:28 UTC,research,,https://www.inaturalist.org/observations/233354817,https://static.inaturalist.org/photos/414704743/medium.jpeg,,"",,1,0,false,2,"District of Columbia, District of Columbia County, US",38.92407146,-77.04676084,5,,,,5,,,false,,,Kudzu Bug,Megacopta cribraria,Kudzu Bug,Insecta,209176
233356087,5c330f76-4844-4efa-b692-ca00949aeb87,Fri Aug 02 2024 16:48:49 GMT -0400 (EDT),2024-08-02,2024-08-02 20:48:49 UTC,Eastern Time (US & Canada),143246,nwmarch,nwmarch,2024-08-02 20:49:03 UTC,2024-08-02 22:35:37 UTC,research,CC-BY-NC,https://www.inaturalist.org/observations/233356087,https://inaturalist-open-data.s3.amazonaws.com/photos/414707083/medium.jpeg,,"",,1,0,false,333,Cherokee,35.6105957031,-83.4253997803,4,,,,4,,,false,,,Kudzu Bug,Megacopta cribraria,Kudzu Bug,Insecta,209176
233367544,b42a850e-ad3e-42d7-849f-5d9ddfb51c8f,Fri Aug 02 2024 17:57:01 GMT -0400 (EDT),2024-08-02,2024-08-02 21:57:01 UTC,Eastern Time (US & Canada),8132633,oncenamed,,2024-08-02 21:57:21 UTC,2025-02-03 15:21:59 UTC,research,CC-BY-NC,https://www.inaturalist.org/observations/233367544,https://inaturalist-open-data.s3.amazonaws.com/photos/414728406/medium.jpeg,,"",,1,0,false,333,Johnson City,36.3047485352,-82.367149353,40,,,,40,,,false,,,Kudzu Bug,Megacopta cribraria,Kudzu Bug,Insecta,209176
233368443,002e069d-5999-40e5-9c1c-e2703fdd3320,2024-08-02 17:59:28,2024-08-02,2024-08-02 21:59:28 UTC,Eastern Time (US & Canada),511536,drcraz,Kelly Carruthers,2024-08-02 22:01:47 UTC,2025-02-03 15:21:46 UTC,research,,https://www.inaturalist.org/observations/233368443,https://static.inaturalist.org/photos/414729599/medium.jpeg,,"",On a balcony above a lot of kudzu,1,0,false,2,"Athens, GA 30605, USA",33.9175410185,-83.3761839716,3,,,,3,,,false,,,Kudzu Bug,Megacopta cribraria,Kudzu Bug,Insecta,209176
233412262,be8e60ac-3ea2-4242-addd-770b3db636f1,2024-07-29 15:11:07,2024-07-29,2024-07-29 20:11:07 UTC,Central Time (US & Canada),4606010,npezz,,2024-08-03 03:26:47 UTC,2025-02-03 15:21:45 UTC,research,CC-BY,https://www.inaturalist.org/observations/233412262,https://inaturalist-open-data.s3.amazonaws.com/photos/414814997/medium.jpeg,,"",,1,0,false,2,"Vicksburg, MS, USA",32.3119115021,-90.9002780914,199,,,,199,,,false,gps,gps,Kudzu Bug,Megacopta cribraria,Kudzu Bug,Insecta,209176
233431729,499118e0-08aa-48c3-97cd-9d647757a099,Fri Aug 02 2024 16:14:33 GMT+0000 (Coordinated Universal Time),2024-08-02,2024-08-02 20:14:33 UTC,Eastern Time (US & Canada),1892310,guilford_nc,"",2024-08-03 07:03:44 UTC,2025-02-03 15:21:53 UTC,research,CC-BY-NC,https://www.inaturalist.org/observations/233431729,https://inaturalist-open-data.s3.amazonaws.com/photos/414853392/medium.jpeg,,"",ecoEXPLORE Username: dragonflyer9,1,0,false,349,"Guilford County, US-NC, US",36.169215,-79.885644,,,,,,,,false,,,Kudzu Bug,Megacopta cribraria,Kudzu Bug,Insecta,209176
233431939,4e90fc4a-c1d6-4071-9855-0a7c1769e7ef,Mon Jul 29 2024 20:36:18 GMT+0000 (Coordinated Universal Time),2024-07-29,2024-07-30 00:36:18 UTC,Eastern Time (US & Canada),1895545,wake_nc,"",2024-08-03 07:05:59 UTC,2025-02-03 15:21:43 UTC,research,CC-BY-NC,https://www.inaturalist.org/observations/233431939,https://inaturalist-open-data.s3.amazonaws.com/photos/414853865/medium.jpeg,,"",ecoEXPLORE Username: liamb,1,0,false,349,"Wake County, US-NC, US",35.6593487935,-78.7382715234,,,,,28649,obscured,,true,,,Kudzu Bug,Megacopta cribraria,Kudzu Bug,Insecta,209176
233455843,1ecfc683-edcc-45a3-a607-ba801bc17a74,2024-08-02 14:35:49-04:00,2024-08-02,2024-08-02 18:35:49 UTC,Eastern Time (US & Canada),3484073,wsielaty,,2024-08-03 11:13:00 UTC,2025-02-03 15:21:36 UTC,research,CC-BY-NC,https://www.inaturalist.org/observations/233455843,https://inaturalist-open-data.s3.amazonaws.com/photos/414897747/medium.jpeg,,"","",3,0,false,3,"North Ridge Shopping Center, Raleigh, NC, US",35.8657614442,-78.6184142757,204,,,,204,,,false,,,Kudzu Bug,Megacopta cribraria,Kudzu Bug,Insecta,209176
233493634,10eb7d89-35fe-4310-b830-9d01031050fb,2024-08-03 10:20:19-04:00,2024-08-03,2024-08-03 14:20:19 UTC,Eastern Time (US & Canada),4132381,sdickman,,2024-08-03 14:55:12 UTC,2025-02-03 15:21:41 UTC,research,CC-BY-NC,https://www.inaturalist.org/observations/233493634,https://inaturalist-open-data.s3.amazonaws.com/photos/414964732/medium.jpeg,,"","",1,0,false,3,"Windsor Hills Dr, Lynchburg, VA, US",37.3509866667,-79.21843,4,,,,4,,,false,,,Kudzu Bug,Megacopta cribraria,Kudzu Bug,Insecta,209176
233505047,62644cfb-cc67-4dac-bf84-2ee8525cea08,2024-08-03 11:44:08,2024-08-03,2024-08-03 15:44:08 UTC,Eastern Time (US & Canada),5577499,roocius,Matt,2024-08-03 15:50:05 UTC,2024-10-04 10:47:58 UTC,research,,https://www.inaturalist.org/observations/233505047,https://static.inaturalist.org/photos/414985819/medium.jpeg,,"",,2,0,false,2,"Hillsdale, Rocky Mount, NC 27801, USA",35.9503172191,-77.7959707752,1738,,,,1738,,,false,gps,gps,Kudzu Bug,Megacopta cribraria,Kudzu Bug,Insecta,209176
233537487,c411076a-7010-4ba6-b20f-7d13052f1341,2024-08-03 12:58:49,2024-08-03,2024-08-03 17:58:49 UTC,Central Time (US & Canada),4358369,jdowlen,,2024-08-03 18:18:22 UTC,2024-10-04 10:47:57 UTC,research,CC-BY-NC,https://www.inaturalist.org/observations/233537487,https://inaturalist-open-data.s3.amazonaws.com/photos/415045711/medium.jpeg,,"",Insect is eating a potted Hibiscus moscheutos ssp lasiocarpus.,2,0,false,2,"Crossville, TN 38571, USA",36.027517,-85.1461649722,,,,,,,,false,gps,gps,Kudzu Bug,Megacopta cribraria,Kudzu Bug,Insecta,209176
233545871,b43ca4a4-3763-4c1a-9a83-20d152a79fce,2024/08/03 12:12 PM,2024-08-03,2024-08-03 16:12:00 UTC,Eastern Time (US & Canada),2704894,brantleesr,"",2024-08-03 18:55:39 UTC,2024-10-04 10:47:56 UTC,research,CC-BY-NC,https://www.inaturalist.org/observations/233545871,https://inaturalist-open-data.s3.amazonaws.com/photos/415059419/medium.jpeg,,"",,3,0,false,,"Sugarfoot, Gainesville, FL 32607, USA",29.6464916667,-82.3800666667,10,,,,10,,,false,,,Kudzu Bug,Megacopta cribraria,Kudzu Bug,Insecta,209176
233546831,08a8c4a7-99f1-4ef6-b867-fb0ab04b8c04,2024-08-03 14:59:01-04:00,2024-08-03,2024-08-03 18:59:01 UTC,Eastern Time (US & Canada),6999347,irkatz28,,2024-08-03 19:00:13 UTC,2025-08-21 17:09:05 UTC,research,CC-BY-NC,https://www.inaturalist.org/observations/233546831,https://inaturalist-open-data.s3.amazonaws.com/photos/501159314/medium.jpg,,"","",1,0,false,3,"Eaton Rd, Charlotte, NC, US",35.1936916667,-80.7754533333,23,,,,23,,,false,,,Kudzu Bug,Megacopta cribraria,Kudzu Bug,Insecta,209176
233568922,be444487-44f9-42de-a2e8-1e75fe05972b,2024-08-03 16:44:05-04:00,2024-08-03,2024-08-03 20:44:05 UTC,Eastern Time (US & Canada),5054693,datla86,,2024-08-03 20:44:14 UTC,2024-10-04 10:47:55 UTC,research,CC-BY-NC,https://www.inaturalist.org/observations/233568922,https://inaturalist-open-data.s3.amazonaws.com/photos/415106170/medium.jpeg,,"","",3,0,false,3,"Edgemoore Trace, Cumming, GA, US",34.1909814813,-84.1943390575,7,,,,7,,,false,,,Kudzu Bug,Megacopta cribraria,Kudzu Bug,Insecta,209176
233584019,39c0b068-4628-46f8-b94b-74f888f4b45f,2024-08-03 17:18:15,2024-08-03,2024-08-03 21:18:15 UTC,Eastern Time (US & Canada),959377,gabewolfe,Gabriel Wolfe,2024-08-03 22:02:27 UTC,2024-10-04 10:47:55 UTC,research,,https://www.inaturalist.org/observations/233584019,https://static.inaturalist.org/photos/415133530/medium.jpeg,,"",,3,0,false,2,"Buncombe County, US-NC, US",35.5650167299,-82.6297090575,16,,,,16,,,false,gps,gps,Kudzu Bug,Megacopta cribraria,Kudzu Bug,Insecta,209176
233610438,054f3e6f-adb8-4e07-8235-f9b9faf2f0f5,2024-08-03 20:41:00,2024-08-03,2024-08-04 00:41:00 UTC,Eastern Time (US & Canada),1802498,janabuggs,Jana Miller,2024-08-04 00:41:52 UTC,2024-10-04 10:47:53 UTC,research,CC0,https://www.inaturalist.org/observations/233610438,https://inaturalist-open-data.s3.amazonaws.com/photos/415184930/medium.jpeg,,"",Flew into my hand and then pheromone bombed me. ,2,0,false,2,"Cumberland, Atlanta, GA, USA",33.8911732015,-84.4669504836,46,,,,46,,,false,gps,gps,Kudzu Bug,Megacopta cribraria,Kudzu Bug,Insecta,209176
233622829,9def7d44-2370-438c-9f21-12593d4c308d,2024-08-03 17:31:36-04:00,2024-08-03,2024-08-03 21:31:36 UTC,Eastern Time (US & Canada),842000,abidingjedi,David Hutto,2024-08-04 02:00:09 UTC,2024-10-04 10:47:50 UTC,research,,https://www.inaturalist.org/observations/233622829,https://static.inaturalist.org/photos/415210606/medium.jpeg,,"","",2,0,false,3,"Tennessee, US",36.0277648855,-83.8523623014,23,,,,28592,obscured,,true,,,Kudzu Bug,Megacopta cribraria,Kudzu Bug,Insecta,209176
233625263,bcfed6e0-7aed-4e99-bc1c-37746aa4aa90,2024-06-25 14:43:15-05:00,2024-06-25,2024-06-25 19:43:15 UTC,Central Time (US & Canada),2328821,jesseholifield,Jesse Holifield,2024-08-04 02:15:22 UTC,2024-10-04 10:47:49 UTC,research,CC-BY-NC,https://www.inaturalist.org/observations/233625263,https://inaturalist-open-data.s3.amazonaws.com/photos/415215877/medium.jpeg,,"","",2,0,false,3,"US-29, Andalusia, AL, US",31.4504383333,-86.4464283333,4,,,,4,,,false,,,Kudzu Bug,Megacopta cribraria,Kudzu Bug,Insecta,209176
233626372,532af706-881d-4018-8d8d-9932faff57b5,2024-08-02 09:33:52-04:00,2024-08-02,2024-08-02 13:33:52 UTC,Eastern Time (US & Canada),413739,asio-otus,Mark A Ray,2024-08-04 02:22:30 UTC,2024-10-04 10:47:48 UTC,research,,https://www.inaturalist.org/observations/233626372,https://static.inaturalist.org/photos/415218056/medium.jpeg,,"","",2,0,false,3,"Hebron Hills Dr, Tucker, GA, US",33.83973,-84.2335283333,4,,,,4,,,false,,,Kudzu Bug,Megacopta cribraria,Kudzu Bug,Insecta,209176
233734596,a9fa175f-65f7-44ce-adb3-d80a95a30faf,2024-08-01 12:36:52,2024-08-01,2024-08-01 16:36:52 UTC,Eastern Time (US & Canada),3591979,baigel,Bailey Pleasant,2024-08-04 15:59:52 UTC,2025-09-03 18:09:12 UTC,research,CC0,https://www.inaturalist.org/observations/233734596,https://inaturalist-open-data.s3.amazonaws.com/photos/415423477/medium.jpeg,,"",,2,0,false,2,"Lake Monticello, VA 22902, USA",37.9464802,-78.5100379997,,,,,,,,false,gps,gps,Kudzu Bug,Megacopta cribraria,Kudzu Bug,Insecta,209176
233755955,89e920d9-ddf8-474a-be49-f44b27a8ef62,2024-08-02 16:52:04-04:00,2024-08-02,2024-08-02 20:52:04 UTC,Eastern Time (US & Canada),8060824,mskravitz1,,2024-08-04 17:33:08 UTC,2024-10-04 10:47:46 UTC,research,CC-BY-NC,https://www.inaturalist.org/observations/233755955,https://inaturalist-open-data.s3.amazonaws.com/photos/415463160/medium.jpeg,,"","",2,0,false,3,"Buckline Crossing, Dunwoody, GA, US",33.9331831,-84.3200731,33,,,,33,,,false,,,Kudzu Bug,Megacopta cribraria,Kudzu Bug,Insecta,209176
233763276,987c93f4-f096-49ec-9706-78a0dc633c53,Sun Jul 28 2024 15:29:46 GMT -0500 (CDT),2024-07-28,2024-07-28 20:29:46 UTC,Central Time (US & Canada),7932634,oneearwillie,Paul Riggs,2024-08-04 18:04:21 UTC,2024-10-04 10:47:45 UTC,research,CC-BY-NC,https://www.inaturalist.org/observations/233763276,https://inaturalist-open-data.s3.amazonaws.com/photos/415476820/medium.jpeg,,"",,1,0,false,333,"Jefferson County, US-AL, US",33.5084838867,-86.812828064,35,,,,35,,,false,,,Kudzu Bug,Megacopta cribraria,Kudzu Bug,Insecta,209176
233795612,2d179439-2653-4b03-abf7-ad22060a3c1c,2024-08-04 16:23:00-04:00,2024-08-04,2024-08-04 20:23:00 UTC,Eastern Time (US & Canada),8414976,zanermann,,2024-08-04 20:23:40 UTC,2024-10-04 10:47:39 UTC,research,CC-BY-NC,https://www.inaturalist.org/observations/233795612,https://inaturalist-open-data.s3.amazonaws.com/photos/415537651/medium.jpeg,,"","",2,0,false,3,"Dry Branch Ct, Chattanooga, TN, US",35.0103479563,-85.4013107245,25,,,,25,,,false,,,Kudzu Bug,Megacopta cribraria,Kudzu Bug,Insecta,209176
233796801,de9e1c03-e888-4dba-953c-d22496c35b7d,2024/08/04 2:45 PM,2024-08-04,2024-08-04 18:45:00 UTC,Eastern Time (US & Canada),7892793,pleng-herrera20,"",2024-08-04 20:28:15 UTC,2024-10-04 10:47:38 UTC,research,CC-BY-NC,https://www.inaturalist.org/observations/233796801,https://inaturalist-open-data.s3.amazonaws.com/photos/415537738/medium.jpeg,,"","",3,0,false,,"Fayetteville, NC, USA",35.0523673,-78.8783774,18827,,,,18827,,,false,,,Kudzu Bug,Megacopta cribraria,Kudzu Bug,Insecta,209176
233801275,bcafad00-fc99-4e90-873e-3320288e5303,Sun Aug 04 2024 16:46:13 GMT -0400 (EDT),2024-08-04,2024-08-04 20:46:13 UTC,Eastern Time (US & Canada),3088371,kmd666,,2024-08-04 20:46:29 UTC,2024-10-05 15:43:53 UTC,research,CC-BY-NC,https://www.inaturalist.org/observations/233801275,https://inaturalist-open-data.s3.amazonaws.com/photos/434071152/medium.jpeg,,"",,1,0,false,333,Charlotte,35.1002807617,-80.8099746704,6,,,,6,,,false,,,Kudzu Bug,Megacopta cribraria,Kudzu Bug,Insecta,209176
233848176,272fb8b7-35d9-401e-ac35-14ce38c82dec,2024/08/04 11:27 AM,2024-08-04,2024-08-04 15:27:00 UTC,Eastern Time (US & Canada),1416798,mfawver,Melinda Fawver,2024-08-05 00:57:48 UTC,2024-10-04 10:47:24 UTC,research,CC-BY-NC,https://www.inaturalist.org/observations/233848176,https://inaturalist-open-data.s3.amazonaws.com/photos/415639684/medium.jpg,,"",,3,0,false,,"Swain County, NC, USA",35.6070287552,-83.4360999607,2,,,,2,,,false,,,Kudzu Bug,Megacopta cribraria,Kudzu Bug,Insecta,209176
233848180,8976e972-8036-4ae3-9eea-a63d8478db8c,2024/08/04 11:24 AM,2024-08-04,2024-08-04 15:24:00 UTC,Eastern Time (US & Canada),1416798,mfawver,Melinda Fawver,2024-08-05 00:57:48 UTC,2024-10-04 10:47:23 UTC,research,CC-BY-NC,https://www.inaturalist.org/observations/233848180,https://inaturalist-open-data.s3.amazonaws.com/photos/415639744/medium.jpg,,"",,2,0,false,,"Swain County, NC, USA",35.6070287552,-83.4360999607,2,,,,2,,,false,,,Kudzu Bug,Megacopta cribraria,Kudzu Bug,Insecta,209176
233864574,4b25f353-a37e-4e23-a856-79c2841ce01f,2024-08-04 22:39:33,2024-08-04,2024-08-05 02:39:33 UTC,Eastern Time (US & Canada),819015,rastinirv,CR Goodwin,2024-08-05 02:41:27 UTC,2024-10-04 10:47:22 UTC,research,CC-BY-NC,https://www.inaturalist.org/observations/233864574,https://inaturalist-open-data.s3.amazonaws.com/photos/415671458/medium.jpeg,,"",,2,0,false,2,"Taylor St at Driver St (EB), Durham, NC 27703, USA",35.9892005833,-78.8771896111,,,,,,,,false,gps,gps,Kudzu Bug,Megacopta cribraria,Kudzu Bug,Insecta,209176
233906775,85361433-df86-4141-a66b-68e4db0bc328,2024/08/04 2:08 PM,2024-08-04,2024-08-04 18:08:00 UTC,Eastern Time (US & Canada),1416798,mfawver,Melinda Fawver,2024-08-05 10:14:09 UTC,2024-10-04 10:47:21 UTC,research,CC-BY-NC,https://www.inaturalist.org/observations/233906775,https://inaturalist-open-data.s3.amazonaws.com/photos/415754618/medium.jpg,,"",,2,0,false,,"Sevier County, TN, USA",35.6385059639,-83.4743327484,4,,,,4,,,false,,,Kudzu Bug,Megacopta cribraria,Kudzu Bug,Insecta,209176
233918800,90aaee5c-ca01-4f3f-875d-6f6428c09d57,2024-08-05 06:50:02,2024-08-05,2024-08-05 10:50:02 UTC,Eastern Time (US & Canada),5799120,andrew2285,"",2024-08-05 12:07:49 UTC,2024-10-04 10:47:21 UTC,research,,https://www.inaturalist.org/observations/233918800,https://static.inaturalist.org/photos/415778147/medium.jpeg,,"",,2,0,false,2,"District of Columbia, District of Columbia County, US",38.92399346,-77.04688952,4,,,,4,,,false,,,Kudzu Bug,Megacopta cribraria,Kudzu Bug,Insecta,209176
233956246,1794ff59-5efa-4fba-a564-253e252a132e,2024/08/02 10:07 AM,2024-08-02,2024-08-02 14:07:00 UTC,Eastern Time (US & Canada),4031117,funnystuff2495,,2024-08-05 15:47:56 UTC,2024-10-04 10:47:18 UTC,research,CC-BY-NC,https://www.inaturalist.org/observations/233956246,https://inaturalist-open-data.s3.amazonaws.com/photos/415846140/medium.jpeg,,"t, CSNWR",,2,0,false,,"Chesterfield County, SC, USA",34.575245,-80.2361533333,,,,,,,,false,,,Kudzu Bug,Megacopta cribraria,Kudzu Bug,Insecta,209176
233958214,a06a192f-5949-4035-9232-eb3eea68a7b4,2024-08-05 11:57:44-04:00,2024-08-05,2024-08-05 15:57:44 UTC,Eastern Time (US & Canada),6266983,langeka,,2024-08-05 15:57:48 UTC,2024-10-04 10:47:17 UTC,research,CC-BY-NC,https://www.inaturalist.org/observations/233958214,https://inaturalist-open-data.s3.amazonaws.com/photos/415849431/medium.jpeg,,"","",3,0,false,3,"Barrington Hall Dr, Rolesville, NC, US",35.9163713023,-78.4744609644,5,,,,5,,,false,,,Kudzu Bug,Megacopta cribraria,Kudzu Bug,Insecta,209176
233980470,796b7abf-59ce-48a3-9f64-1f152097ff03,2024-08-05 13:47:20-04:00,2024-08-05,2024-08-05 17:47:20 UTC,Eastern Time (US & Canada),4527454,elzerman,,2024-08-05 17:47:46 UTC,2024-10-04 10:47:16 UTC,research,CC-BY-NC,https://www.inaturalist.org/observations/233980470,https://inaturalist-open-data.s3.amazonaws.com/photos/415891000/medium.jpeg,,"","",2,0,false,3,"Morgan Dr, Central, SC, US",34.7514901171,-82.8285838757,6,,,,6,,,false,,,Kudzu Bug,Megacopta cribraria,Kudzu Bug,Insecta,209176
233993365,682cd4a0-6304-4921-92c6-e69eb4abfc1f,2024-08-05 14:49:34-04:00,2024-08-05,2024-08-05 18:49:34 UTC,Eastern Time (US & Canada),536115,logster,Logan Anderson,2024-08-05 18:50:20 UTC,2024-10-04 10:47:15 UTC,research,,https://www.inaturalist.org/observations/233993365,https://static.inaturalist.org/photos/415915879/medium.jpeg,,"","",2,0,false,3,"Forest Rd, Lynchburg, VA, US",37.3921696516,-79.2356179655,9,,,,9,,,false,,,Kudzu Bug,Megacopta cribraria,Kudzu Bug,Insecta,209176
234001428,f476f6b0-d6a0-4b0a-a5cb-e39dc3eda591,2024-08-05 15:28:42,2024-08-05,2024-08-05 19:28:42 UTC,Eastern Time (US & Canada),7665976,will42590,Will McCurry,2024-08-05 19:29:48 UTC,2025-08-21 17:30:42 UTC,research,,https://www.inaturalist.org/observations/234001428,https://static.inaturalist.org/photos/415931038/medium.jpeg,,"",,2,0,false,2,"Summerville, Augusta, GA 30904, USA",33.4734164931,-82.0105147362,18722,,,,18722,,,false,gps,gps,Kudzu Bug,Megacopta cribraria,Kudzu Bug,Insecta,209176
234017687,678cb93e-715a-455b-a084-a1a7d42c32b7,2024-08-05 16:52:16-04:00,2024-08-05,2024-08-05 20:52:16 UTC,Eastern Time (US & Canada),899372,edeale,"",2024-08-05 20:52:42 UTC,2024-10-04 10:47:15 UTC,research,CC-BY-NC,https://www.inaturalist.org/observations/234017687,https://inaturalist-open-data.s3.amazonaws.com/photos/417217271/medium.jpeg,,"","",1,0,false,3,"Virginia, US",37.0509311609,-76.5028858252,27,,,,28447,obscured,,true,,,Kudzu Bug,Megacopta cribraria,Kudzu Bug,Insecta,209176
234018003,3f9acefd-71cc-47ee-af2c-274f288eccf1,Mon Aug 05 2024 16:51:53 GMT -0400 (EDT),2024-08-05,2024-08-05 20:51:53 UTC,Eastern Time (US & Canada),2759377,bigdeale,"",2024-08-05 20:54:16 UTC,2024-10-04 10:47:12 UTC,research,CC-BY-NC,https://www.inaturalist.org/observations/234018003,https://inaturalist-open-data.s3.amazonaws.com/photos/415964219/medium.jpeg,,"",,2,0,false,333,"Virginia, US",37.0422229843,-76.5516864493,76,,,,28447,obscured,,true,,,Kudzu Bug,Megacopta cribraria,Kudzu Bug,Insecta,209176
234027655,3f908cfe-2f6f-4290-ba8f-baadb9653b23,2024/08/05 3:23 PM,2024-08-05,2024-08-05 19:23:00 UTC,Eastern Time (US & Canada),7712290,bleuberry2,,2024-08-05 21:43:45 UTC,2024-10-04 10:47:11 UTC,research,CC-BY-NC,https://www.inaturalist.org/observations/234027655,https://inaturalist-open-data.s3.amazonaws.com/photos/415981318/medium.jpg,,"",,2,0,false,,"3411 Candlers Mountain Rd, Lynchburg, VA 24502, USA",37.3637427,-79.1785729,185,,,,185,,,false,,,Kudzu Bug,Megacopta cribraria,Kudzu Bug,Insecta,209176
234030526,d41f2f35-7363-4d3e-a63d-2a5ef92bd694,2024-08-05 15:49:03,2024-08-05,2024-08-05 19:49:03 UTC,Eastern Time (US & Canada),8423199,acallidryas,,2024-08-05 22:02:03 UTC,2024-10-04 10:47:10 UTC,research,CC-BY-NC,https://www.inaturalist.org/observations/234030526,https://inaturalist-open-data.s3.amazonaws.com/photos/415987938/medium.jpeg,,"",In downtown Gatlinburg. ,2,0,false,2,"McMahan Parking Garage, Gatlinburg, TN 37738, USA",35.7142390694,-83.5101639479,8845,,,,8845,,,false,gps,gps,Kudzu Bug,Megacopta cribraria,Kudzu Bug,Insecta,209176
234040442,07ac3383-b14d-49b7-b8e6-7e4a9898d752,2024-07-24 19:36:49-04:00,2024-07-24,2024-07-24 23:36:49 UTC,Eastern Time (US & Canada),4996395,jwsloan410,J.W. Sloan,2024-08-05 22:58:58 UTC,2024-10-04 10:47:08 UTC,research,CC-BY-NC,https://www.inaturalist.org/observations/234040442,https://inaturalist-open-data.s3.amazonaws.com/photos/416006187/medium.jpeg,,"","",2,0,false,3,"Noyes Ave, Charleston, WV, US",38.3162033333,-81.5709216667,4,,,,4,,,false,,,Kudzu Bug,Megacopta cribraria,Kudzu Bug,Insecta,209176
234044290,ed66cd5f-0fef-4f73-9956-68a808c591ad,2024-08-05 18:59:28,2024-08-05,2024-08-05 22:59:28 UTC,Eastern Time (US & Canada),5799120,andrew2285,"",2024-08-05 23:24:39 UTC,2024-10-04 10:47:08 UTC,research,,https://www.inaturalist.org/observations/234044290,https://static.inaturalist.org/photos/416013129/medium.jpeg,,"",,2,0,false,2,"District of Columbia, District of Columbia County, US",38.92404835,-77.04675989,3,,,,3,,,false,,,Kudzu Bug,Megacopta cribraria,Kudzu Bug,Insecta,209176
234044330,b7584791-602b-4df6-9878-5b7767cd2b54,2024-08-05 19:04:32,2024-08-05,2024-08-05 23:04:32 UTC,Eastern Time (US & Canada),5799120,andrew2285,"",2024-08-05 23:24:57 UTC,2024-08-05 23:54:28 UTC,research,,https://www.inaturalist.org/observations/234044330,https://static.inaturalist.org/photos/416013214/medium.jpeg,,"",,1,0,false,2,"District of Columbia, District of Columbia County, US",38.92410254,-77.04668974,5,,,,5,,,false,,,Kudzu Bug,Megacopta cribraria,Kudzu Bug,Insecta,209176
234044406,cac56382-f0ab-4ce6-a7c1-694465a51921,2024-08-05 19:05:21,2024-08-05,2024-08-05 23:05:21 UTC,Eastern Time (US & Canada),5799120,andrew2285,"",2024-08-05 23:25:27 UTC,2025-02-03 15:21:33 UTC,research,,https://www.inaturalist.org/observations/234044406,https://static.inaturalist.org/photos/416013391/medium.jpeg,,"",,1,0,false,2,"District of Columbia, District of Columbia County, US",38.92411562,-77.04642247,3,,,,3,,,false,,,Kudzu Bug,Megacopta cribraria,Kudzu Bug,Insecta,209176
234217793,b5714811-ca47-4845-a9cc-601a50f71eb3,2024-08-06 16:39:03-04:00,2024-08-06,2024-08-06 20:39:03 UTC,Eastern Time (US & Canada),6763055,missmaddy,,2024-08-06 21:02:28 UTC,2025-02-03 15:21:31 UTC,research,CC-BY-NC,https://www.inaturalist.org/observations/234217793,https://inaturalist-open-data.s3.amazonaws.com/photos/416341646/medium.jpeg,,"","",1,0,false,3,"Maxwell St, Douglasville, GA, US",33.7548352716,-84.7448913359,4139,,,,4139,,,false,,,Kudzu Bug,Megacopta cribraria,Kudzu Bug,Insecta,209176
234233649,8abff4c4-fa07-4663-a3f1-5419b76c599b,2024-08-06 11:39:52-04:00,2024-08-06,2024-08-06 15:39:52 UTC,Eastern Time (US & Canada),1112366,hillcraddock,Hill Craddock,2024-08-06 22:38:52 UTC,2025-02-03 15:21:30 UTC,research,CC-BY,https://www.inaturalist.org/observations/234233649,https://inaturalist-open-data.s3.amazonaws.com/photos/416372987/medium.jpeg,,"",On Ficus carica. ,1,0,false,3,"University of Tennessee at Chattanooga, Chattanooga, TN, US",35.0464221667,-85.292525,11,,,,11,,,false,,,Kudzu Bug,Megacopta cribraria,Kudzu Bug,Insecta,209176
234237122,53a9fa6e-b6d2-4d44-8033-4a3031e5bb8b,2024-08-06 18:11:48,2024-08-06,2024-08-06 22:11:48 UTC,Eastern Time (US & Canada),5799120,andrew2285,"",2024-08-06 22:58:52 UTC,2025-04-06 22:16:03 UTC,research,,https://www.inaturalist.org/observations/234237122,https://static.inaturalist.org/photos/416379285/medium.jpeg,,"",,1,0,false,2,"District of Columbia, District of Columbia County, US",38.92407613,-77.04680954,5,,,,5,,,false,,,Kudzu Bug,Megacopta cribraria,Kudzu Bug,Insecta,209176
234237152,bc6b18e8-7678-427d-8f99-3d10713b2eac,2024-08-06 18:22:09,2024-08-06,2024-08-06 22:22:09 UTC,Eastern Time (US & Canada),5799120,andrew2285,"",2024-08-06 22:58:58 UTC,2025-02-03 15:21:28 UTC,research,,https://www.inaturalist.org/observations/234237152,https://static.inaturalist.org/photos/416379325/medium.jpeg,,"",,1,0,false,2,"District of Columbia, District of Columbia County, US",38.92408504,-77.04680829,3,,,,3,,,false,,,Kudzu Bug,Megacopta cribraria,Kudzu Bug,Insecta,209176
234237172,7c980d1a-d596-4573-9010-b74bafe99675,2024-08-06 18:22:19,2024-08-06,2024-08-06 22:22:19 UTC,Eastern Time (US & Canada),5799120,andrew2285,"",2024-08-06 22:59:04 UTC,2025-02-03 15:21:22 UTC,research,,https://www.inaturalist.org/observations/234237172,https://static.inaturalist.org/photos/416379368/medium.jpeg,,"",,1,0,false,2,"District of Columbia, District of Columbia County, US",38.92411853,-77.04671918,6,,,,6,,,false,,,Kudzu Bug,Megacopta cribraria,Kudzu Bug,Insecta,209176
234237188,4ae12b03-b4c7-49b4-9334-a84fbab905a7,2024-08-06 18:22:36,2024-08-06,2024-08-06 22:22:36 UTC,Eastern Time (US & Canada),5799120,andrew2285,"",2024-08-06 22:59:11 UTC,2025-02-03 15:21:20 UTC,research,,https://www.inaturalist.org/observations/234237188,https://static.inaturalist.org/photos/416379415/medium.jpeg,,"",,1,0,false,2,"District of Columbia, District of Columbia County, US",38.92408762,-77.04673948,4,,,,4,,,false,,,Kudzu Bug,Megacopta cribraria,Kudzu Bug,Insecta,209176
234253079,7fd1abdd-6696-4b14-8643-4d75c77a4e16,2024-08-05 15:31:09-05:00,2024-08-05,2024-08-05 20:31:09 UTC,Central Time (US & Canada),1257717,oeserjk,Ken Oeser,2024-08-07 00:53:30 UTC,2025-02-03 15:21:13 UTC,research,,https://www.inaturalist.org/observations/234253079,https://static.inaturalist.org/photos/416410597/medium.jpeg,,"","",2,0,false,3,"Nashville VA Medical Center, Nashville, TN, US",36.1401111667,-86.8045666667,14,,,,14,,,false,,,Kudzu Bug,Megacopta cribraria,Kudzu Bug,Insecta,209176
234255614,9f72f894-56fd-4226-a783-9b8a5560712b,2024-08-06 18:17:05-04:00,2024-08-06,2024-08-06 22:17:05 UTC,Eastern Time (US & Canada),8321861,blovegro,Bill Lovegrove,2024-08-07 01:12:31 UTC,2025-02-03 15:21:13 UTC,research,CC-BY-NC,https://www.inaturalist.org/observations/234255614,https://inaturalist-open-data.s3.amazonaws.com/photos/416415260/medium.jpeg,,"","",1,0,false,3,"Griffin Dr, Greenville, SC, US",34.8636033333,-82.362275,7,,,,7,,,false,,,Kudzu Bug,Megacopta cribraria,Kudzu Bug,Insecta,209176
234256840,c99100ec-408b-44cf-a393-3acc8d6648e7,2024-07-28 13:49:41,2024-07-28,2024-07-28 17:49:41 UTC,Eastern Time (US & Canada),2542969,ji63,Jake I,2024-08-07 01:22:42 UTC,2025-02-03 15:21:12 UTC,research,,https://www.inaturalist.org/observations/234256840,https://static.inaturalist.org/photos/416702838/medium.jpeg,,"",,1,0,false,2,"Potomac Yard/Vt Metrorail Station, Alexandria, VA 22314, USA",38.8335093997,-77.0464007,,,,,,,,false,gps,gps,Kudzu Bug,Megacopta cribraria,Kudzu Bug,Insecta,209176
234276809,250c2e70-adf4-4b5c-9072-5b9626cb82d8,2024-07-25 17:57:13-05:00,2024-07-25,2024-07-25 22:57:13 UTC,Central Time (US & Canada),7449902,rockeater,,2024-08-07 04:25:00 UTC,2025-04-06 22:23:35 UTC,research,CC-BY-NC,https://www.inaturalist.org/observations/234276809,https://inaturalist-open-data.s3.amazonaws.com/photos/416459026/medium.jpeg,,"","",1,0,false,3,"Hot Springs National Park, Hot Springs, AR, US",34.51607,-93.0523,4,,,,4,,,false,,,Kudzu Bug,Megacopta cribraria,Kudzu Bug,Insecta,209176
234318021,8d3b6883-8f67-4b93-b8f9-7ac1ff4034f0,2024-08-07 07:21:44,2024-08-07,2024-08-07 11:21:44 UTC,Eastern Time (US & Canada),5799120,andrew2285,"",2024-08-07 12:23:03 UTC,2025-04-06 22:34:38 UTC,research,,https://www.inaturalist.org/observations/234318021,https://static.inaturalist.org/photos/416538723/medium.jpeg,,"",,1,0,false,2,"District of Columbia, District of Columbia County, US",38.92409967,-77.04671621,4,,,,4,,,false,,,Kudzu Bug,Megacopta cribraria,Kudzu Bug,Insecta,209176
234363613,855a2b33-7610-4ed0-a255-24386dc86034,2024-08-07 12:11:08-04:00,2024-08-07,2024-08-07 16:11:08 UTC,Eastern Time (US & Canada),4720989,bonesigh,Jacob Weston,2024-08-07 17:03:07 UTC,2025-02-03 15:21:06 UTC,research,CC-BY-NC,https://www.inaturalist.org/observations/234363613,https://inaturalist-open-data.s3.amazonaws.com/photos/416623902/medium.jpeg,,"","",1,0,false,3,"Hardin Valley Rd, Knoxville, TN, US",35.9576083333,-84.1305555,4,,,,4,,,false,,,Kudzu Bug,Megacopta cribraria,Kudzu Bug,Insecta,209176
234363804,9594b254-2072-4cbc-81ed-1fc33d901be2,2024-08-07 13:01:27-04:00,2024-08-07,2024-08-07 17:01:27 UTC,Eastern Time (US & Canada),2495472,dalekz,Alekz Cushman,2024-08-07 17:03:48 UTC,2025-02-03 15:21:05 UTC,research,,https://www.inaturalist.org/observations/234363804,https://static.inaturalist.org/photos/416624130/medium.jpeg,,"","",1,0,false,3,"University of Georgia, Athens, GA, US",33.9317583333,-83.3655783333,3,,,,3,,,false,,,Kudzu Bug,Megacopta cribraria,Kudzu Bug,Insecta,209176
234366893,b0889901-b333-4284-a148-cb7820620a03,2024-07-21 16:49:21,2024-07-21,2024-07-21 20:49:21 UTC,Eastern Time (US & Canada),1977735,aubrib,Aubri B,2024-08-07 17:21:33 UTC,2025-02-03 15:21:04 UTC,research,,https://www.inaturalist.org/observations/234366893,https://static.inaturalist.org/photos/416630538/medium.jpeg,,"",,1,0,false,2,"Salisbury St at Morgan St (SB), Raleigh, NC 27603, USA",35.78,-78.64,,,,,,,,false,gps,gps,Kudzu Bug,Megacopta cribraria,Kudzu Bug,Insecta,209176
234368939,24a738c7-39be-4a8b-9a74-74aec4c59ac4,2024-08-07 13:29:05-04:00,2024-08-07,2024-08-07 17:29:05 UTC,Central Time (US & Canada),3951232,marzenagl,,2024-08-07 17:32:58 UTC,2025-02-03 15:21:03 UTC,research,CC-BY-NC,https://www.inaturalist.org/observations/234368939,https://inaturalist-open-data.s3.amazonaws.com/photos/416634432/medium.jpeg,,"","",1,0,false,3,"Clear Brooks Dr, Signal Mountain, TN, US",35.2388533333,-85.3561033333,4,,,,4,,,false,,,Kudzu Bug,Megacopta cribraria,Kudzu Bug,Insecta,209176
234372274,48163ffa-544f-4f9d-816e-48c4a6452f3b,2024-08-07 13:53:31-04:00,2024-08-07,2024-08-07 17:53:31 UTC,Eastern Time (US & Canada),5661278,agentfinnegan,,2024-08-07 17:55:16 UTC,2025-02-03 15:21:01 UTC,research,CC-BY-NC,https://www.inaturalist.org/observations/234372274,https://inaturalist-open-data.s3.amazonaws.com/photos/416642145/medium.jpeg,,"","",1,0,false,3,"Arrowmont School of Arts and Crafts, Gatlinburg, TN, US",35.713025,-83.51242,27,,,,27,,,false,,,Kudzu Bug,Megacopta cribraria,Kudzu Bug,Insecta,209176
234414692,4f93e4a6-a0f3-4eac-ab7e-946fa7ba0942,2024-08-07 09:01:29,2024-08-07,2024-08-07 13:01:29 UTC,Eastern Time (US & Canada),5897595,georgebaileysbirds,George Bailey,2024-08-07 22:11:04 UTC,2025-08-21 17:09:16 UTC,research,,https://www.inaturalist.org/observations/234414692,https://static.inaturalist.org/photos/416726288/medium.jpeg,,"",,1,0,false,2,"Oneida, TN 37841, USA",36.488016,-84.6976209722,,,,,,,,false,gps,gps,Kudzu Bug,Megacopta cribraria,Kudzu Bug,Insecta,209176
234426135,b20c2624-7336-4ad6-96b1-dd258179ac54,2024-08-07 18:48:40,2024-08-07,2024-08-07 22:48:40 UTC,Eastern Time (US & Canada),5799120,andrew2285,"",2024-08-07 23:30:40 UTC,2025-02-03 15:20:59 UTC,research,,https://www.inaturalist.org/observations/234426135,https://static.inaturalist.org/photos/416748254/medium.jpeg,,"",,1,0,false,2,"District of Columbia, District of Columbia County, US",38.92405148,-77.04678604,3,,,,3,,,false,,,Kudzu Bug,Megacopta cribraria,Kudzu Bug,Insecta,209176
234426159,21f161a3-f939-40a9-a6c1-28e000f533c8,2024-08-07 18:49:06,2024-08-07,2024-08-07 22:49:06 UTC,Eastern Time (US & Canada),5799120,andrew2285,"",2024-08-07 23:30:52 UTC,2024-10-04 09:22:42 UTC,research,,https://www.inaturalist.org/observations/234426159,https://static.inaturalist.org/photos/416748307/medium.jpeg,,"",,2,0,false,2,"District of Columbia, District of Columbia County, US",38.92411186,-77.04680032,4,,,,4,,,false,,,Kudzu Bug,Megacopta cribraria,Kudzu Bug,Insecta,209176
234426171,2d8f8adc-67f0-45fa-ac7f-6764c0c0aa99,2024-08-07 18:49:18,2024-08-07,2024-08-07 22:49:18 UTC,Eastern Time (US & Canada),5799120,andrew2285,"",2024-08-07 23:30:57 UTC,2024-10-04 09:22:41 UTC,research,,https://www.inaturalist.org/observations/234426171,https://static.inaturalist.org/photos/416748334/medium.jpeg,,"",,2,0,false,2,"District of Columbia, District of Columbia County, US",38.92409812,-77.04678824,3,,,,3,,,false,,,Kudzu Bug,Megacopta cribraria,Kudzu Bug,Insecta,209176
234426184,3b3c8acf-c5e2-4bbf-81a4-fd576208c8e5,2024-08-07 18:49:29,2024-08-07,2024-08-07 22:49:29 UTC,Eastern Time (US & Canada),5799120,andrew2285,"",2024-08-07 23:31:03 UTC,2024-10-04 09:22:40 UTC,research,,https://www.inaturalist.org/observations/234426184,https://static.inaturalist.org/photos/416748362/medium.jpeg,,"",,2,0,false,2,"District of Columbia, District of Columbia County, US",38.92412779,-77.04678854,3,,,,3,,,false,,,Kudzu Bug,Megacopta cribraria,Kudzu Bug,Insecta,209176
234426277,05922203-40de-499a-aeef-bab0bc4b8e0e,2024-08-07 18:50:25,2024-08-07,2024-08-07 22:50:25 UTC,Eastern Time (US & Canada),5799120,andrew2285,"",2024-08-07 23:31:38 UTC,2024-10-04 09:22:39 UTC,research,,https://www.inaturalist.org/observations/234426277,https://static.inaturalist.org/photos/416748579/medium.jpeg,,"",,2,0,false,2,"District of Columbia, District of Columbia County, US",38.92415222,-77.04665811,6,,,,6,,,false,,,Kudzu Bug,Megacopta cribraria,Kudzu Bug,Insecta,209176
234426293,1989bbbc-7de1-4905-b769-e66a495b21d8,2024-08-07 18:50:59,2024-08-07,2024-08-07 22:50:59 UTC,Eastern Time (US & Canada),5799120,andrew2285,"",2024-08-07 23:31:43 UTC,2024-10-04 09:22:39 UTC,research,,https://www.inaturalist.org/observations/234426293,https://static.inaturalist.org/photos/416748607/medium.jpeg,,"",,2,0,false,2,"District of Columbia, District of Columbia County, US",38.92412474,-77.04668237,5,,,,5,,,false,,,Kudzu Bug,Megacopta cribraria,Kudzu Bug,Insecta,209176
234434617,a270eb00-d099-452c-8a50-926df2d42228,2024-08-07 18:07:54,2024-08-07,2024-08-07 22:07:54 UTC,Eastern Time (US & Canada),5649490,inretrospect,Ethan Olewnik,2024-08-08 00:30:22 UTC,2024-10-04 09:22:33 UTC,research,CC-BY-NC,https://www.inaturalist.org/observations/234434617,https://inaturalist-open-data.s3.amazonaws.com/photos/416764863/medium.jpeg,,"",,2,0,false,2,United States,38.9662144177,-77.061221154,,,,,28181,obscured,,true,gps,gps,Kudzu Bug,Megacopta cribraria,Kudzu Bug,Insecta,209176
234502357,acaa309b-102f-423c-b573-3557e32635ec,2024-08-08 08:26:16-04:00,2024-08-08,2024-08-08 12:26:16 UTC,Eastern Time (US & Canada),8157609,lauren_mckee,Lauren McKee,2024-08-08 12:27:57 UTC,2024-10-04 09:22:33 UTC,research,,https://www.inaturalist.org/observations/234502357,https://static.inaturalist.org/photos/416898462/medium.jpeg,,"","",2,0,false,3,"Wicklow St, Savannah, GA, US",32.0442416667,-81.0736778333,17,,,,17,,,false,,,Kudzu Bug,Megacopta cribraria,Kudzu Bug,Insecta,209176
234510858,02de8a17-3326-467a-815d-1cfc1b0b04c3,2024/08/01 9:06 AM,2024-08-01,2024-08-01 13:06:00 UTC,Eastern Time (US & Canada),6680564,erin1501,Erin Price,2024-08-08 13:32:50 UTC,2024-10-04 09:22:28 UTC,research,,https://www.inaturalist.org/observations/234510858,https://static.inaturalist.org/photos/416906679/medium.jpeg,,"",,2,0,false,,"Greensboro, NC, USA",36.1071440835,-79.8810414587,30,,,,30,,,false,,,Kudzu Bug,Megacopta cribraria,Kudzu Bug,Insecta,209176
234599360,91e06f1d-29ee-44e5-b295-bf609485980b,2024-08-08 18:19:02,2024-08-08,2024-08-08 22:19:02 UTC,Eastern Time (US & Canada),5799120,andrew2285,"",2024-08-08 22:49:15 UTC,2024-10-04 09:22:27 UTC,research,,https://www.inaturalist.org/observations/234599360,https://static.inaturalist.org/photos/417084703/medium.jpeg,,"",,2,0,false,2,"District of Columbia, District of Columbia County, US",38.92412034,-77.04677499,4,,,,4,,,false,,,Kudzu Bug,Megacopta cribraria,Kudzu Bug,Insecta,209176
234599375,74c2e665-f3c8-4834-b5c1-f2e65569350f,2024-08-08 18:19:33,2024-08-08,2024-08-08 22:19:33 UTC,Eastern Time (US & Canada),5799120,andrew2285,"",2024-08-08 22:49:21 UTC,2024-10-04 09:22:21 UTC,research,,https://www.inaturalist.org/observations/234599375,https://static.inaturalist.org/photos/417084733/medium.jpeg,,"",,2,0,false,2,"District of Columbia, District of Columbia County, US",38.9240682,-77.04677633,3,,,,3,,,false,,,Kudzu Bug,Megacopta cribraria,Kudzu Bug,Insecta,209176
234604500,928c31d1-6c82-4b7c-902f-184f509ef3fc,2024/08/04 9:13 AM,2024-08-04,2024-08-04 13:13:00 UTC,Eastern Time (US & Canada),1257717,oeserjk,Ken Oeser,2024-08-08 23:23:35 UTC,2024-10-04 09:22:18 UTC,research,,https://www.inaturalist.org/observations/234604500,https://static.inaturalist.org/photos/417083154/medium.jpeg,,"",,2,0,false,,"Monroe County, TN, USA",35.3968272716,-84.1111975877,15,,,,15,,,false,,,Kudzu Bug,Megacopta cribraria,Kudzu Bug,Insecta,209176
234630158,3c42b11f-f8d1-4cce-8d00-959da9cefa0e,2024-07-09 19:14:31-04:00,2024-07-09,2024-07-09 23:14:31 UTC,Eastern Time (US & Canada),8381588,bugyourmom,,2024-08-09 02:50:05 UTC,2024-08-09 07:02:24 UTC,research,CC-BY-NC,https://www.inaturalist.org/observations/234630158,https://inaturalist-open-data.s3.amazonaws.com/photos/417146296/medium.jpeg,,"","",1,0,false,3,"Circle Dr, Gatlinburg, TN, US",35.7077349778,-83.5119154882,113,,,,113,,,false,,,Kudzu Bug,Megacopta cribraria,Kudzu Bug,Insecta,209176
234735104,f3744388-896a-4c98-9579-501d9ee77e04,Fri Aug 09 2024 13:45:53 GMT -0400 (EDT),2024-08-09,2024-08-09 17:45:53 UTC,Eastern Time (US & Canada),3247185,angelsbcc,,2024-08-09 18:31:28 UTC,2024-10-04 09:22:05 UTC,research,CC-BY-NC,https://www.inaturalist.org/observations/234735104,https://inaturalist-open-data.s3.amazonaws.com/photos/418591774/medium.jpeg,,"",,1,0,false,333,Blue Ridge,34.8028182983,-84.3760375977,,,,,,,,false,,,Kudzu Bug,Megacopta cribraria,Kudzu Bug,Insecta,209176
234737948,3357ef45-b863-423a-a062-76322a971402,2024-08-09 14:24:26-04:00,2024-08-09,2024-08-09 18:24:26 UTC,Eastern Time (US & Canada),3895789,noncognosco,Randy Herman,2024-08-09 18:46:47 UTC,2024-10-04 09:22:04 UTC,research,CC-BY-NC,https://www.inaturalist.org/observations/234737948,https://inaturalist-open-data.s3.amazonaws.com/photos/417356306/medium.jpeg,,"","",2,0,false,3,"William Penn Plaza, Durham, NC, US",36.0444888333,-78.9005966667,35,,,,35,,,false,,,Kudzu Bug,Megacopta cribraria,Kudzu Bug,Insecta,209176
234750810,87c21757-e57e-4164-a0fa-d300c31ee0dd,2024-08-09 16:04:53-04:00,2024-08-09,2024-08-09 20:04:53 UTC,Eastern Time (US & Canada),7743149,gwenkaz,,2024-08-09 20:05:13 UTC,2024-10-04 09:22:06 UTC,research,CC-BY-NC,https://www.inaturalist.org/observations/234750810,https://inaturalist-open-data.s3.amazonaws.com/photos/417381833/medium.jpeg,,"","",1,0,false,3,"U.S. National Whitewater Center, Charlotte, NC, US",35.2706000616,-81.0056039405,7,,,,7,,,false,,,Kudzu Bug,Megacopta cribraria,Kudzu Bug,Insecta,209176
234760690,8264ee6f-99e7-4594-bb9a-5267fec546bf,2024-08-09 14:00:49,2024-08-09,2024-08-09 18:00:49 UTC,Eastern Time (US & Canada),6974781,averyfaeo,Avery Fae,2024-08-09 21:09:23 UTC,2025-08-21 17:30:53 UTC,research,CC-BY,https://www.inaturalist.org/observations/234760690,https://inaturalist-open-data.s3.amazonaws.com/photos/417400810/medium.jpeg,,"",,1,0,false,2,"Fort Liberty, NC 28307, USA",35.1468692122,-79.009516798,35,,,,35,,,false,gps,gps,Kudzu Bug,Megacopta cribraria,Kudzu Bug,Insecta,209176
234905684,aa0c666a-f595-42b0-8ca2-cf4edc52556f,2024-08-10 12:21:26-04:00,2024-08-10,2024-08-10 16:21:26 UTC,Eastern Time (US & Canada),8240330,cassieoutdoors,,2024-08-10 16:22:48 UTC,2024-10-04 09:22:01 UTC,research,CC-BY-NC,https://www.inaturalist.org/observations/234905684,https://inaturalist-open-data.s3.amazonaws.com/photos/417680331/medium.jpeg,,"","",3,0,false,3,"NC-66, Kernersville, NC, US",36.09465,-80.0610111667,4,,,,4,,,false,,,Kudzu Bug,Megacopta cribraria,Kudzu Bug,Insecta,209176
234968143,5618f995-adc0-46a0-b5e7-cfcaffe30589,2024-08-10 13:58:49-04:00,2024-08-10,2024-08-10 17:58:49 UTC,Eastern Time (US & Canada),3750338,cbloomfi,,2024-08-10 21:16:50 UTC,2024-10-04 09:22:00 UTC,research,CC-BY-NC,https://www.inaturalist.org/observations/234968143,https://inaturalist-open-data.s3.amazonaws.com/photos/417800756/medium.jpeg,,"","",2,0,false,3,"National Gallery of Art, Washington, DC, US",38.8913166667,-77.0172361667,35,,,,35,,,false,,,Kudzu Bug,Megacopta cribraria,Kudzu Bug,Insecta,209176
234968618,b80813c0-4afc-4020-bbfc-cb15cf878286,2024-08-10 17:16:25-04:00,2024-08-10,2024-08-10 21:16:25 UTC,Eastern Time (US & Canada),6680069,francespark,Frances Park,2024-08-10 21:19:42 UTC,2024-10-04 09:21:59 UTC,research,CC-BY-NC,https://www.inaturalist.org/observations/234968618,https://inaturalist-open-data.s3.amazonaws.com/photos/417801885/medium.jpeg,,"","",2,0,false,3,"Key Blvd, Arlington, VA, US",38.8896616667,-77.0990221667,16,,,,16,,,false,,,Kudzu Bug,Megacopta cribraria,Kudzu Bug,Insecta,209176
234971071,8c8494e2-b768-4947-ab8b-ce51698a6e55,2024-08-10 17:29:58-04:00,2024-08-10,2024-08-10 21:29:58 UTC,Eastern Time (US & Canada),3062164,elliepal,,2024-08-10 21:31:10 UTC,2024-10-05 18:46:52 UTC,research,CC-BY-NC,https://www.inaturalist.org/observations/234971071,https://inaturalist-open-data.s3.amazonaws.com/photos/417872159/medium.jpeg,,"","",3,0,false,3,"NC-801, Mocksville, NC, US",36.0155972167,-80.5634383333,22,,,,22,,,false,,,Kudzu Bug,Megacopta cribraria,Kudzu Bug,Insecta,209176
234973106,99d54b68-5be4-4f59-bce6-9f636c60a346,2024/08/03 3:28 PM,2024-08-03,2024-08-03 19:28:00 UTC,Eastern Time (US & Canada),516773,wendyjalexander,Wendy J. Alexander,2024-08-10 21:40:42 UTC,2024-08-10 23:24:53 UTC,research,CC-BY-NC-ND,https://www.inaturalist.org/observations/234973106,https://inaturalist-open-data.s3.amazonaws.com/photos/417808880/medium.jpeg,,"",,1,0,false,,"800 S Rolling Rd, Catonsville, MD 21228, USA",39.2528476,-76.7348835,923,,,,923,,,false,,,Kudzu Bug,Megacopta cribraria,Kudzu Bug,Insecta,209176
234980541,6b221e72-7efd-4d3c-9a88-87ebb9d46c7b,2024-08-10 10:42:08,2024-08-10,2024-08-10 14:42:08 UTC,Eastern Time (US & Canada),5386423,gardener4life,M Crook,2024-08-10 22:17:27 UTC,2024-08-10 22:31:31 UTC,research,CC-BY-NC,https://www.inaturalist.org/observations/234980541,https://inaturalist-open-data.s3.amazonaws.com/photos/417823961/medium.jpeg,,"",,1,0,false,2,"Gilbert, SC, USA",33.924311228,-81.3937132806,1885,,,,1885,,,false,gps,gps,Kudzu Bug,Megacopta cribraria,Kudzu Bug,Insecta,209176
234981085,1e9559e4-927a-43ee-9726-e627aa318389,2024-08-10 17:12:56,2024-08-10,2024-08-10 21:12:56 UTC,Eastern Time (US & Canada),206279,ericaflory,erica flory,2024-08-10 22:20:49 UTC,2024-08-16 12:43:05 UTC,research,,https://www.inaturalist.org/observations/234981085,https://static.inaturalist.org/photos/417825215/medium.jpeg,,"",,1,0,false,2,"Knightdale, NC, USA",35.7952635997,-78.5127334,,,,,,,,false,gps,gps,Kudzu Bug,Megacopta cribraria,Kudzu Bug,Insecta,209176
235226491,680b50f7-8ce9-4ddd-b498-e3c006efc4f0,2024-08-11 19:01:41-04:00,2024-08-11,2024-08-11 23:01:41 UTC,Eastern Time (US & Canada),846515,booboo83,,2024-08-11 23:03:53 UTC,2024-10-05 15:43:41 UTC,research,,https://www.inaturalist.org/observations/235226491,https://static.inaturalist.org/photos/418297583/medium.jpeg,,"","",2,0,false,3,"W Lake Rd, Apex, NC, US",35.6815033333,-78.7565916667,32,,,,32,,,false,,,Kudzu Bug,Megacopta cribraria,Kudzu Bug,Insecta,209176
235238314,9edb5888-0a92-4683-affb-d57ddf7c2d3a,2024-08-11 16:27:00-04:00,2024-08-11,2024-08-11 20:27:00 UTC,Eastern Time (US & Canada),8136607,lauren17972,lauren sprenkle,2024-08-12 00:14:55 UTC,2024-10-05 15:43:36 UTC,research,,https://www.inaturalist.org/observations/235238314,https://static.inaturalist.org/photos/418321411/medium.jpeg,,"","",1,0,false,3,"Campbell Rd, Cary, NC, US",35.7449833425,-78.735625,20,,,,20,,,false,,,Kudzu Bug,Megacopta cribraria,Kudzu Bug,Insecta,209176
235319388,84c62b0e-ac00-4670-bb67-7030d2aa44de,2024-08-12 07:28:14,2024-08-12,2024-08-12 11:28:14 UTC,Eastern Time (US & Canada),5799120,andrew2285,"",2024-08-12 12:34:16 UTC,2025-08-21 17:31:05 UTC,research,,https://www.inaturalist.org/observations/235319388,https://static.inaturalist.org/photos/418484989/medium.jpeg,,"",,1,0,false,2,"District of Columbia, District of Columbia County, US",38.92409618,-77.04676958,6,,,,6,,,false,,,Kudzu Bug,Megacopta cribraria,Kudzu Bug,Insecta,209176
235319423,78616860-4cdb-4f8e-9c2b-0501b93c780c,2024-08-12 07:29:11,2024-08-12,2024-08-12 11:29:11 UTC,Eastern Time (US & Canada),5799120,andrew2285,"",2024-08-12 12:34:39 UTC,2024-10-04 11:08:09 UTC,research,,https://www.inaturalist.org/observations/235319423,https://static.inaturalist.org/photos/418485150/medium.jpeg,,"",,1,0,false,2,"District of Columbia, District of Columbia County, US",38.92404703,-77.0467755,4,,,,4,,,false,,,Kudzu Bug,Megacopta cribraria,Kudzu Bug,Insecta,209176
235432560,fa42ae44-eff8-48a3-9cf6-d6c1070bf1e8,2024-08-12 18:53:44,2024-08-12,2024-08-12 22:53:44 UTC,Eastern Time (US & Canada),5799120,andrew2285,"",2024-08-12 23:13:24 UTC,2025-08-21 17:31:16 UTC,research,,https://www.inaturalist.org/observations/235432560,https://static.inaturalist.org/photos/418702458/medium.jpeg,,"",,1,0,false,2,"District of Columbia, District of Columbia County, US",38.92412071,-77.04680783,3,,,,3,,,false,,,Kudzu Bug,Megacopta cribraria,Kudzu Bug,Insecta,209176
235444977,10a2b05b-63cf-4a5c-a32f-f49576d3a179,2024-08-12 17:49:03-04:00,2024-08-12,2024-08-12 21:49:03 UTC,Eastern Time (US & Canada),1156648,aarontremper,Aaron Tremper,2024-08-13 00:37:13 UTC,2024-10-04 10:46:56 UTC,research,CC-BY,https://www.inaturalist.org/observations/235444977,https://inaturalist-open-data.s3.amazonaws.com/photos/418726784/medium.jpeg,,"","",1,0,false,3,"Cameron Station Blvd, Alexandria, VA, US",38.80627,-77.1285166667,5,,,,5,,,false,,,Kudzu Bug,Megacopta cribraria,Kudzu Bug,Insecta,209176
235449718,465e7b8b-7607-434e-bfd9-ae85504803ba,2024/08/11 4:27 PM,2024-08-11,2024-08-11 20:27:00 UTC,Eastern Time (US & Canada),7487540,merkertgrace,Grace Merkert,2024-08-13 01:11:31 UTC,2024-10-04 10:46:55 UTC,research,CC-BY-NC,https://www.inaturalist.org/observations/235449718,https://inaturalist-open-data.s3.amazonaws.com/photos/418735330/medium.jpeg,,"",,2,0,false,,Pelham Mill Park,34.8569590857,-82.2267702577,188,,,,188,,,false,,,Kudzu Bug,Megacopta cribraria,Kudzu Bug,Insecta,209176
235449727,83decb43-12dd-4e1f-8828-edd7816cd12a,2024/08/11 4:25 PM,2024-08-11,2024-08-11 20:25:00 UTC,Eastern Time (US & Canada),7487540,merkertgrace,Grace Merkert,2024-08-13 01:11:33 UTC,2024-10-04 10:46:55 UTC,research,CC-BY-NC,https://www.inaturalist.org/observations/235449727,https://inaturalist-open-data.s3.amazonaws.com/photos/418735484/medium.jpeg,,"",,1,0,false,,Pelham Mill Park,34.8569590857,-82.2267702577,188,,,,188,,,false,,,Kudzu Bug,Megacopta cribraria,Kudzu Bug,Insecta,209176
235501704,b9763164-6447-4bb5-bf6b-b3f55fb0ba67,2024/08/10 3:56 PM,2024-08-10,2024-08-10 19:56:00 UTC,Eastern Time (US & Canada),204678,pmk00001,"",2024-08-13 10:14:29 UTC,2024-10-04 10:46:53 UTC,research,CC-BY-NC,https://www.inaturalist.org/observations/235501704,https://inaturalist-open-data.s3.amazonaws.com/photos/418839896/medium.jpg,,"",,2,0,false,,"Capitol Hill, Washington, DC, USA",38.8872638889,-77.0055416667,,,,,,,,false,,,Kudzu Bug,Megacopta cribraria,Kudzu Bug,Insecta,209176
235561328,a20a71c7-67f8-4f41-918c-51d52930f65c,2024-08-13,2024-08-13,,Central Time (US & Canada),6356070,whitetigress23,WhiteTigress23,2024-08-13 16:59:53 UTC,2025-02-07 22:32:22 UTC,research,,https://www.inaturalist.org/observations/235561328,https://static.inaturalist.org/photos/428149849/medium.jpeg,,"",,1,0,false,2,Union,32.5715239117,-89.1214478016,3800,,,,3800,,,false,gps,gps,Kudzu Bug,Megacopta cribraria,Kudzu Bug,Insecta,209176
235565580,83c178da-ea95-419c-bc56-9c424ca8fbdb,2024/06/11 6:46 PM,2024-06-11,2024-06-11 23:46:00 UTC,Central Time (US & Canada),1148615,bk117,Roderick Petersen,2024-08-13 17:22:34 UTC,2024-10-04 10:46:51 UTC,research,CC-BY-NC,https://www.inaturalist.org/observations/235565580,https://inaturalist-open-data.s3.amazonaws.com/photos/418958186/medium.jpg,,"",,2,0,false,,"Enterprise, AL 36330, USA",31.3202428196,-85.8566196496,3906,,,,3906,,,false,,,Kudzu Bug,Megacopta cribraria,Kudzu Bug,Insecta,209176
235731572,4840ba65-f06b-44df-9ca5-314ececf9aec,2024-08-14 10:28:51-04:00,2024-08-14,2024-08-14 14:28:51 UTC,Eastern Time (US & Canada),566993,pycnoderiella_virginiana,,2024-08-14 15:05:15 UTC,2024-10-04 10:46:41 UTC,research,,https://www.inaturalist.org/observations/235731572,https://static.inaturalist.org/photos/419277211/medium.jpeg,,"","",1,0,false,3,"Club House Rd, Virginia Beach, VA, US",36.8232803821,-76.089253564,23,,,,23,,,false,,,Kudzu Bug,Megacopta cribraria,Kudzu Bug,Insecta,209176
235789069,a565dfa8-da36-4171-be1b-f8810946dfcf,2024/08/13 3:31 PM,2024-08-13,2024-08-13 19:31:00 UTC,Eastern Time (US & Canada),449347,dennisvonlinden,Ole Goat,2024-08-14 20:34:19 UTC,2024-10-04 10:46:38 UTC,research,CC-BY-NC,https://www.inaturalist.org/observations/235789069,https://inaturalist-open-data.s3.amazonaws.com/photos/419382780/medium.jpg,,"",,3,0,false,,"Halifax, VA, USA",36.7659709,-78.9283441,2675,,,,2675,,,false,,,Kudzu Bug,Megacopta cribraria,Kudzu Bug,Insecta,209176
235798068,a72d1aa3-9366-4571-97f1-83e66630c2ee,2024-08-14 12:42:45-04:00,2024-08-14,2024-08-14 16:42:45 UTC,Eastern Time (US & Canada),6120828,aljnrn,,2024-08-14 21:25:55 UTC,2024-10-04 10:46:38 UTC,research,CC-BY-NC,https://www.inaturalist.org/observations/235798068,https://inaturalist-open-data.s3.amazonaws.com/photos/419400270/medium.jpeg,,"","",1,0,false,3,"Janelia Research Campus, Leesburg, VA, US",39.072625,-77.468705,4,,,,4,,,false,,,Kudzu Bug,Megacopta cribraria,Kudzu Bug,Insecta,209176
235798451,3763e5c5-b696-4f66-9b22-67a88e5a80e0,2024-08-13 17:05:02,2024-08-13,2024-08-13 21:05:02 UTC,Eastern Time (US & Canada),6578782,pointy,Pointy Orb,2024-08-14 21:28:21 UTC,2024-10-04 10:46:37 UTC,research,CC-BY,https://www.inaturalist.org/observations/235798451,https://static.inaturalist.org/photos/419400661/medium.jpeg,,"",,2,0,false,2,"South Carolina, US",33.9706067458,-81.2804403633,,,,,28902,obscured,,true,gps,gps,Kudzu Bug,Megacopta cribraria,Kudzu Bug,Insecta,209176
235799174,d0f153f4-e44d-4a92-86b5-565dc30f2988,2024-08-14 17:26:36-04:00,2024-08-14,2024-08-14 21:26:36 UTC,Eastern Time (US & Canada),5748120,strawberryflowerbog,,2024-08-14 21:32:04 UTC,2024-10-04 10:46:37 UTC,research,CC-BY-NC,https://www.inaturalist.org/observations/235799174,https://inaturalist-open-data.s3.amazonaws.com/photos/419401963/medium.jpeg,,"","",2,0,false,3,"North Carolina, US",35.801438121,-79.0195727979,19531,,,,28620,obscured,,true,,,Kudzu Bug,Megacopta cribraria,Kudzu Bug,Insecta,209176
235824257,d97ef847-5877-4000-a2b0-af80c0892b3a,2024-08-14 18:54:01,2024-08-14,2024-08-14 22:54:01 UTC,Eastern Time (US & Canada),5799120,andrew2285,"",2024-08-15 00:31:26 UTC,2024-10-04 10:46:30 UTC,research,,https://www.inaturalist.org/observations/235824257,https://static.inaturalist.org/photos/419453379/medium.jpeg,,"",,2,0,false,2,"District of Columbia, District of Columbia County, US",38.92415571,-77.04678838,6,,,,6,,,false,,,Kudzu Bug,Megacopta cribraria,Kudzu Bug,Insecta,209176
235824295,3e056b27-83ba-4bf6-8236-d79e17d0ea92,2024-08-14 18:56:20,2024-08-14,2024-08-14 22:56:20 UTC,Eastern Time (US & Canada),5799120,andrew2285,"",2024-08-15 00:31:53 UTC,2024-10-04 10:46:25 UTC,research,,https://www.inaturalist.org/observations/235824295,https://static.inaturalist.org/photos/419453487/medium.jpeg,,"",,2,0,false,2,"District of Columbia, District of Columbia County, US",38.9241499,-77.04675841,3,,,,3,,,false,,,Kudzu Bug,Megacopta cribraria,Kudzu Bug,Insecta,209176
235993272,352028a3-8b7c-408c-bb2a-683d2f1b03f4,2024-08-15 17:27:34-04:00,2024-08-15,2024-08-15 21:27:34 UTC,Eastern Time (US & Canada),5893344,sirjohnm14,John Maddox,2024-08-15 22:51:10 UTC,2024-10-04 10:46:24 UTC,research,CC-BY-NC,https://www.inaturalist.org/observations/235993272,https://inaturalist-open-data.s3.amazonaws.com/photos/419781730/medium.jpeg,,"","",2,0,false,3,"Lakeside Dr, Lynchburg, VA, US",37.3962383333,-79.229155,4,,,,4,,,false,,,Kudzu Bug,Megacopta cribraria,Kudzu Bug,Insecta,209176
235996871,e6c70b68-8eba-411f-aa39-ddbdc7b4afbc,2024-08-15 18:14:11,2024-08-15,2024-08-15 22:14:11 UTC,Eastern Time (US & Canada),5799120,andrew2285,"",2024-08-15 23:20:08 UTC,2024-10-04 10:46:19 UTC,research,,https://www.inaturalist.org/observations/235996871,https://static.inaturalist.org/photos/419789035/medium.jpeg,,"",,2,0,false,2,"District of Columbia, District of Columbia County, US",38.92411751,-77.04670527,4,,,,4,,,false,,,Kudzu Bug,Megacopta cribraria,Kudzu Bug,Insecta,209176
235996891,fae0880d-c0a6-4474-8a58-0dc62226e1bb,2024-08-15 18:25:55,2024-08-15,2024-08-15 22:25:55 UTC,Eastern Time (US & Canada),5799120,andrew2285,"",2024-08-15 23:20:23 UTC,2024-10-04 10:46:18 UTC,research,,https://www.inaturalist.org/observations/235996891,https://static.inaturalist.org/photos/419789116/medium.jpeg,,"",,2,0,false,2,"District of Columbia, District of Columbia County, US",38.92411859,-77.04671902,3,,,,3,,,false,,,Kudzu Bug,Megacopta cribraria,Kudzu Bug,Insecta,209176
235996987,9a84b0a9-7389-4eb3-8efe-65c66cf46fdc,2024-08-15 18:28:17,2024-08-15,2024-08-15 22:28:17 UTC,Eastern Time (US & Canada),5799120,andrew2285,"",2024-08-15 23:21:12 UTC,2024-10-04 09:21:48 UTC,research,,https://www.inaturalist.org/observations/235996987,https://static.inaturalist.org/photos/419789338/medium.jpeg,,"",,2,0,false,2,"District of Columbia, District of Columbia County, US",38.92415497,-77.04634969,10,,,,10,,,false,,,Kudzu Bug,Megacopta cribraria,Kudzu Bug,Insecta,209176
235997087,050b0349-6c51-4147-9387-b85178e1d763,2024-08-15 18:30:29,2024-08-15,2024-08-15 22:30:29 UTC,Eastern Time (US & Canada),5799120,andrew2285,"",2024-08-15 23:21:55 UTC,2024-10-04 09:21:47 UTC,research,,https://www.inaturalist.org/observations/235997087,https://static.inaturalist.org/photos/419789497/medium.jpeg,,"",,2,0,false,2,"District of Columbia, District of Columbia County, US",38.92423113,-77.04622303,3,,,,3,,,false,,,Kudzu Bug,Megacopta cribraria,Kudzu Bug,Insecta,209176
236162768,8380b3ac-dcc6-4981-bd82-d3740877f3c6,2024-08-16 17:05:10,2024-08-16,2024-08-16 21:05:10 UTC,Eastern Time (US & Canada),5799120,andrew2285,"",2024-08-16 21:28:44 UTC,2024-10-04 09:21:46 UTC,research,,https://www.inaturalist.org/observations/236162768,https://static.inaturalist.org/photos/420111387/medium.jpeg,,"",,2,0,false,2,"District of Columbia, District of Columbia County, US",38.92407064,-77.04676853,4,,,,4,,,false,,,Kudzu Bug,Megacopta cribraria,Kudzu Bug,Insecta,209176
236162888,854dbacb-a98f-4444-99e4-98eecabf04ad,2024-08-16 17:08:36,2024-08-16,2024-08-16 21:08:36 UTC,Eastern Time (US & Canada),5799120,andrew2285,"",2024-08-16 21:29:39 UTC,2024-10-04 10:46:18 UTC,research,,https://www.inaturalist.org/observations/236162888,https://static.inaturalist.org/photos/420111692/medium.jpeg,,"",,1,0,false,2,"District of Columbia, District of Columbia County, US",38.92420445,-77.04630014,4,,,,4,,,false,,,Kudzu Bug,Megacopta cribraria,Kudzu Bug,Insecta,209176
236162991,14f752ce-5801-4576-89d9-0e472d9e27b5,2024-08-16 17:10:44,2024-08-16,2024-08-16 21:10:44 UTC,Eastern Time (US & Canada),5799120,andrew2285,"",2024-08-16 21:30:16 UTC,2024-10-04 09:21:45 UTC,research,,https://www.inaturalist.org/observations/236162991,https://static.inaturalist.org/photos/420111888/medium.jpeg,,"",,2,0,false,2,"District of Columbia, District of Columbia County, US",38.92420271,-77.04616324,3,,,,3,,,false,,,Kudzu Bug,Megacopta cribraria,Kudzu Bug,Insecta,209176
236169204,d73aa729-6abe-4a4a-83d5-4b17c272d95a,2024-08-16 17:29:30-04:00,2024-08-16,2024-08-16 21:29:30 UTC,Eastern Time (US & Canada),5018080,krasik,,2024-08-16 22:09:15 UTC,2025-08-21 17:31:55 UTC,research,CC-BY,https://www.inaturalist.org/observations/236169204,https://inaturalist-open-data.s3.amazonaws.com/photos/420124085/medium.jpeg,,"","",2,0,false,3,"South Carolina, US",34.0508028505,-81.1510349615,6,,,,28874,obscured,,true,,,Kudzu Bug,Megacopta cribraria,Kudzu Bug,Insecta,209176
236177672,a1237da8-0971-4a87-a307-180d46fa8c9c,2024-08-16 19:07:42-04:00,2024-08-16,2024-08-16 23:07:42 UTC,Eastern Time (US & Canada),4072810,liza_hagey,Liza Hagey,2024-08-16 23:08:15 UTC,2024-10-04 09:21:37 UTC,research,CC-BY-NC,https://www.inaturalist.org/observations/236177672,https://inaturalist-open-data.s3.amazonaws.com/photos/420141164/medium.jpeg,,"","",2,0,false,3,"Kiwanis Park, Hickory, NC, US",35.719025,-81.325845,6,,,,6,,,false,,,Kudzu Bug,Megacopta cribraria,Kudzu Bug,Insecta,209176
236333805,52f3f5ca-0f04-422f-8620-d180728a2488,2024-07-09 10:47:58,2024-07-09,2024-07-09 14:47:58 UTC,Eastern Time (US & Canada),2829211,sethotto5,Seth Otto V,2024-08-17 18:22:23 UTC,2024-10-04 09:21:29 UTC,research,,https://www.inaturalist.org/observations/236333805,https://static.inaturalist.org/photos/420437564/medium.jpeg,,"",,2,0,false,2,"E Ponce De Leon Ave & Grove Pl, Scottdale, GA 30030, USA",33.7769212997,-84.2791648,,,,,,,,false,gps,gps,Kudzu Bug,Megacopta cribraria,Kudzu Bug,Insecta,209176
236352485,9b6ca1a7-a107-40d1-b892-695ec56e531a,Sat Aug 17 2024 15:38:36 GMT -0400 (EDT),2024-08-17,2024-08-17 19:38:36 UTC,Eastern Time (US & Canada),3923881,jeffg6345218,,2024-08-17 19:49:32 UTC,2024-10-04 09:21:28 UTC,research,CC-BY-NC,https://www.inaturalist.org/observations/236352485,https://inaturalist-open-data.s3.amazonaws.com/photos/422996164/medium.jpeg,,"",,1,0,false,333,"Swain County, Great Smoky Mountains National Park, US-NC, Appalachian National Scenic Trail, US",35.5629882813,-83.4990768433,86,,,,86,,,false,,,Kudzu Bug,Megacopta cribraria,Kudzu Bug,Insecta,209176
236398966,6ce8b889-603a-4b88-8699-be500fdc93d4,2024-08-11 18:01:42,2024-08-11,2024-08-11 22:01:42 UTC,Eastern Time (US & Canada),7575236,beckybeans,,2024-08-17 23:54:26 UTC,2024-10-04 09:21:27 UTC,research,CC-BY-NC,https://www.inaturalist.org/observations/236398966,https://inaturalist-open-data.s3.amazonaws.com/photos/420562623/medium.jpeg,,"",,3,0,false,2,"Aiken, SC, USA",33.5179789722,-81.718744,,,,,,,,false,,,Kudzu Bug,Megacopta cribraria,Kudzu Bug,Insecta,209176
236400857,9a28b112-839d-496b-98a4-03d8c1b4d111,2024-08-17 18:31:46-04:00,2024-08-17,2024-08-17 22:31:46 UTC,Eastern Time (US & Canada),8272845,hbarnhardt,H.Barnhardt,2024-08-18 00:05:23 UTC,2024-10-04 09:21:26 UTC,research,CC-BY-NC-ND,https://www.inaturalist.org/observations/236400857,https://inaturalist-open-data.s3.amazonaws.com/photos/420566026/medium.jpeg,,"","",3,0,false,3,"Creekside Park, Archdale, NC, US",35.8975416667,-79.931175,15,,,,15,,,false,,,Kudzu Bug,Megacopta cribraria,Kudzu Bug,Insecta,209176
236786449,2f7e29ca-963b-420d-affa-ede899b96c6f,2024-08-19 16:30:42,2024-08-19,2024-08-19 20:30:42 UTC,Eastern Time (US & Canada),1641372,teabuzz,,2024-08-19 20:32:18 UTC,2024-10-04 09:21:24 UTC,research,CC-BY-NC,https://www.inaturalist.org/observations/236786449,https://inaturalist-open-data.s3.amazonaws.com/photos/421308422/medium.jpeg,,"",,2,0,false,2,"West Springfield, VA 22152, USA",38.7735226578,-77.2290191799,3828,,,,3828,,,false,gps,gps,Kudzu Bug,Megacopta cribraria,Kudzu Bug,Insecta,209176
236786962,1bf4a8f2-ea8e-44be-a7c3-2e9b41f100f3,2024-08-19 16:35:07-04:00,2024-08-19,2024-08-19 20:35:07 UTC,Eastern Time (US & Canada),3202386,map9,,2024-08-19 20:35:38 UTC,2024-10-04 09:21:24 UTC,research,CC-BY-NC,https://www.inaturalist.org/observations/236786962,https://inaturalist-open-data.s3.amazonaws.com/photos/421309566/medium.jpeg,,"","",2,0,false,3,"University of Georgia, Athens, GA, US",33.9348333333,-83.3708883333,4,,,,4,,,false,,,Kudzu Bug,Megacopta cribraria,Kudzu Bug,Insecta,209176
236789269,a15c99c6-0a7f-44ad-8445-ac33ea1b48d0,2024-08-19 16:49:35-04:00,2024-08-19,2024-08-19 20:49:35 UTC,Eastern Time (US & Canada),8211010,chip9699,Chip Cobb,2024-08-19 20:51:04 UTC,2024-10-04 09:21:23 UTC,research,,https://www.inaturalist.org/observations/236789269,https://static.inaturalist.org/photos/421314554/medium.jpeg,,"","",2,0,false,3,"Beaumont Dr NW, Kennesaw, GA, US",33.9971380681,-84.6450078395,4,,,,4,,,false,,,Kudzu Bug,Megacopta cribraria,Kudzu Bug,Insecta,209176
236799832,4f778414-84d9-4ea0-a3aa-3910f79f3870,2024-08-19 16:47:26-04:00,2024-08-19,2024-08-19 20:47:26 UTC,Eastern Time (US & Canada),1822703,ybpearson,,2024-08-19 21:42:01 UTC,2024-10-04 09:21:22 UTC,research,CC-BY-NC,https://www.inaturalist.org/observations/236799832,https://inaturalist-open-data.s3.amazonaws.com/photos/421331636/medium.jpeg,,"","",2,0,false,3,"12th St NW, Washington, DC, US",38.9763654137,-77.0279359892,51,,,,51,,,false,,,Kudzu Bug,Megacopta cribraria,Kudzu Bug,Insecta,209176
236835782,5ccd120a-ae5f-4693-bd07-b7a8f01eadd9,2024/08/16 12:58 PM,2024-08-16,2024-08-16 16:58:00 UTC,Eastern Time (US & Canada),8273736,dangilovefrogs,Eli Ford,2024-08-20 01:54:13 UTC,2024-10-04 09:21:21 UTC,research,CC-BY,https://www.inaturalist.org/observations/236835782,https://inaturalist-open-data.s3.amazonaws.com/photos/421400000/medium.jpg,,"",,1,0,false,,"West Park View, Portsmouth, VA 23704, USA",36.8428581724,-76.3193920971,31,,,,31,,,false,,,Kudzu Bug,Megacopta cribraria,Kudzu Bug,Insecta,209176
236842791,001778d7-c3be-4cfc-89c8-39a1783eb2b2,2024-08-19 16:38:18-05:00,2024-08-19,2024-08-19 21:38:18 UTC,Central Time (US & Canada),449307,fieldfalcon,J. Fields Falcone,2024-08-20 02:54:10 UTC,2024-10-04 09:21:19 UTC,research,,https://www.inaturalist.org/observations/236842791,https://static.inaturalist.org/photos/421419817/medium.jpeg,,"","",1,0,false,3,"Overton Park, Memphis, TN, US",35.14745,-89.9939366667,,,,,,,,false,,,Kudzu Bug,Megacopta cribraria,Kudzu Bug,Insecta,209176
236916126,e90eed4c-109e-49e6-a21a-60b57a51f58a,2024-08-11 15:02:31-04:00,2024-08-11,2024-08-11 19:02:31 UTC,Eastern Time (US & Canada),5984905,harleywyrm,,2024-08-20 14:34:40 UTC,2024-10-04 09:21:18 UTC,research,CC-BY-NC,https://www.inaturalist.org/observations/236916126,https://inaturalist-open-data.s3.amazonaws.com/photos/421560402/medium.jpeg,,"","",3,0,false,3,"North Carolina, US",35.8716756479,-78.940330693,40,,,,28620,obscured,,true,,,Kudzu Bug,Megacopta cribraria,Kudzu Bug,Insecta,209176
237096634,979e12e5-ef34-430d-9138-57f4ca3d906c,2024-08-21 09:34:54-04:00,2024-08-21,2024-08-21 13:34:54 UTC,Eastern Time (US & Canada),8466548,bone8,Bone Zone,2024-08-21 13:35:58 UTC,2024-10-04 09:20:48 UTC,research,,https://www.inaturalist.org/observations/237096634,https://static.inaturalist.org/photos/421908503/medium.jpeg,,"","",2,0,false,3,"Wade Hampton Cir, Belmont, NC, US",35.2202799293,-81.0422866431,9,,,,9,,,false,,,Kudzu Bug,Megacopta cribraria,Kudzu Bug,Insecta,209176
237100084,b9a9a70d-09e3-4a33-a8e5-43f18f7377b2,2024-08-14 17:50:05,2024-08-14,2024-08-14 21:50:05 UTC,Eastern Time (US & Canada),1489409,hannahwojo,Hannah Girgente,2024-08-21 14:00:10 UTC,2024-10-04 09:20:47 UTC,research,CC-BY-NC,https://www.inaturalist.org/observations/237100084,https://inaturalist-open-data.s3.amazonaws.com/photos/421915452/medium.jpeg,,"",,2,0,false,2,"Denver, NC 28037, USA",35.5162277,-80.9743232,,,,,,,,false,gps,gps,Kudzu Bug,Megacopta cribraria,Kudzu Bug,Insecta,209176
237188864,4baa6b3b-73e3-4cad-87f4-fe5fb9c6ac3c,2024-08-21 09:06:35-05:00,2024-08-21,2024-08-21 14:06:35 UTC,Eastern Time (US & Canada),4723038,bramblefruits,,2024-08-21 22:51:26 UTC,2024-10-04 09:20:30 UTC,research,CC-BY-NC,https://www.inaturalist.org/observations/237188864,https://inaturalist-open-data.s3.amazonaws.com/photos/422082587/medium.jpeg,,"","",2,0,false,3,"Glenn Dale, MD, US",39.0107350363,-76.8340977308,22,,,,22,,,false,,,Kudzu Bug,Megacopta cribraria,Kudzu Bug,Insecta,209176
237193385,f110ebf7-d01a-46ca-a987-e3a016f55a60,2024-08-21 18:47:55,2024-08-21,2024-08-21 22:47:55 UTC,Eastern Time (US & Canada),5799120,andrew2285,"",2024-08-21 23:23:46 UTC,2024-10-04 09:20:29 UTC,research,,https://www.inaturalist.org/observations/237193385,https://static.inaturalist.org/photos/422091268/medium.jpeg,,"",,2,0,false,2,"District of Columbia, District of Columbia County, US",38.92402864,-77.04682379,5,,,,5,,,false,,,Kudzu Bug,Megacopta cribraria,Kudzu Bug,Insecta,209176
237216408,45bedd91-4df9-4c0c-90b3-a0b8fc72f173,2024-08-21 19:05:18-04:00,2024-08-21,2024-08-21 23:05:18 UTC,Eastern Time (US & Canada),1038510,megaplumosa,Melanie Flood,2024-08-22 02:28:45 UTC,2024-10-04 10:46:15 UTC,research,CC-BY-NC,https://www.inaturalist.org/observations/237216408,https://inaturalist-open-data.s3.amazonaws.com/photos/422136916/medium.jpeg,,"","",1,0,false,3,"Cleveland, GA, US",34.5439616667,-83.62252,4,,,,4,,,false,,,Kudzu Bug,Megacopta cribraria,Kudzu Bug,Insecta,209176
237217269,c943b0eb-6832-48a3-9516-aafdb964febb,2024/06/25 3:34 PM,2024-06-25,2024-06-25 20:34:00 UTC,Central Time (US & Canada),643751,jeffgarner,Jeff Garner,2024-08-22 02:37:04 UTC,2024-10-04 09:20:28 UTC,research,CC-BY-NC,https://www.inaturalist.org/observations/237217269,https://inaturalist-open-data.s3.amazonaws.com/photos/422138626/medium.jpeg,,"",,2,0,false,,"Clearview Boat Ramp, Gantt Reservoir, Covington County, AL, USA",31.4509305556,-86.4444721667,,,,,,,,false,,,Kudzu Bug,Megacopta cribraria,Kudzu Bug,Insecta,209176
237238484,8a42d5a2-20c1-44a2-8a07-e6563eed3824,Sun Aug 11 2024 00:09:03 GMT+0000 (Coordinated Universal Time),2024-08-11,2024-08-11 04:09:03 UTC,Eastern Time (US & Canada),1859847,buncombe_nc,"",2024-08-22 07:04:50 UTC,2024-10-04 09:20:26 UTC,research,CC-BY-NC,https://www.inaturalist.org/observations/237238484,https://inaturalist-open-data.s3.amazonaws.com/photos/422181309/medium.jpeg,,"",ecoEXPLORE Username: unisparkle,1,0,false,349,"North Carolina, US",35.5743467778,-82.5002753918,,,,,28677,obscured,,true,,,Kudzu Bug,Megacopta cribraria,Kudzu Bug,Insecta,209176
237391759,31e39bda-5e94-4805-abb7-07a087794084,2024/08/22 9:46 PM,2024-08-22,2024-08-23 01:46:00 UTC,Eastern Time (US & Canada),8439542,kszafrajda,Karen Szafrajda,2024-08-23 01:48:49 UTC,2024-10-04 09:20:24 UTC,research,CC-BY,https://www.inaturalist.org/observations/237391759,https://inaturalist-open-data.s3.amazonaws.com/photos/422480406/medium.jpg,,"",,2,0,false,,"Chatham County, NC, USA",35.570689184,-79.2395191045,11,,,,11,,,false,,,Kudzu Bug,Megacopta cribraria,Kudzu Bug,Insecta,209176
237538697,1ce9c0c1-569f-48fe-940c-a178ce5a4220,2024-08-23 18:09:46,2024-08-23,2024-08-23 22:09:46 UTC,Eastern Time (US & Canada),7244793,boyer_bait_company,Boyer Bait Company,2024-08-23 22:12:09 UTC,2024-10-04 09:20:24 UTC,research,,https://www.inaturalist.org/observations/237538697,https://static.inaturalist.org/photos/422760020/medium.jpeg,,"",,2,0,false,2,"Black Mountain, NC 28711, USA",35.6193863,-82.3178687997,,,,,,,,false,gps,gps,Kudzu Bug,Megacopta cribraria,Kudzu Bug,Insecta,209176
237540239,44d80e98-8091-46ad-a4d0-3f7cd6f08a3d,2024-08-23 18:23:08-04:00,2024-08-23,2024-08-23 22:23:08 UTC,Eastern Time (US & Canada),4434144,smrhokie,Sarah Roberts,2024-08-23 22:25:09 UTC,2024-10-04 09:20:23 UTC,research,,https://www.inaturalist.org/observations/237540239,https://static.inaturalist.org/photos/422763456/medium.jpeg,,"","",2,0,false,3,"Stanmore Rd, Baltimore, MD, US",39.3848,-76.61553,6,,,,6,,,false,,,Kudzu Bug,Megacopta cribraria,Kudzu Bug,Insecta,209176
237549433,c0fe6d85-2826-4e7d-970b-4e9fb6aa934f,2024-08-23 19:01:24,2024-08-23,2024-08-23 23:01:24 UTC,Eastern Time (US & Canada),5799120,andrew2285,"",2024-08-23 23:32:36 UTC,2024-10-04 09:20:23 UTC,research,,https://www.inaturalist.org/observations/237549433,https://static.inaturalist.org/photos/422781871/medium.jpeg,,"",,2,0,false,2,"District of Columbia, District of Columbia County, US",38.92405635,-77.04679236,8,,,,8,,,false,,,Kudzu Bug,Megacopta cribraria,Kudzu Bug,Insecta,209176
237550678,e83aa936-d0ac-45c8-a57c-086101e9e6d2,2024-08-23 18:17:11-04:00,2024-08-23,2024-08-23 22:17:11 UTC,Eastern Time (US & Canada),2089491,phillipsalzinger,Phillip Salzinger,2024-08-23 23:41:14 UTC,2024-10-04 10:46:15 UTC,research,CC0,https://www.inaturalist.org/observations/237550678,https://inaturalist-open-data.s3.amazonaws.com/photos/422784069/medium.jpeg,,"","",2,0,false,3,"Athens, GA, US",33.93935,-83.3633583333,3,,,,3,,,false,,,Kudzu Bug,Megacopta cribraria,Kudzu Bug,Insecta,209176
237552425,51743cb3-024a-4ed9-8ab3-0a547e1c2ca6,2024-08-21 14:14:42-04:00,2024-08-21,2024-08-21 18:14:42 UTC,Eastern Time (US & Canada),7174806,gaillardia28,,2024-08-23 23:55:34 UTC,2024-10-04 10:46:14 UTC,research,CC-BY-NC,https://www.inaturalist.org/observations/237552425,https://inaturalist-open-data.s3.amazonaws.com/photos/422787694/medium.jpeg,,"","",1,0,false,3,"Park Ave N, Asheville, NC, US",35.5873716667,-82.5667033333,4,,,,4,,,false,,,Kudzu Bug,Megacopta cribraria,Kudzu Bug,Insecta,209176
237563798,95ee9f0f-722f-4224-8d50-0a746342dd3e,2024-07-12 15:58:16-04:00,2024-07-12,2024-07-12 19:58:16 UTC,Eastern Time (US & Canada),8356473,britsarahs,,2024-08-24 01:33:00 UTC,2024-10-04 10:46:08 UTC,research,CC-BY-NC,https://www.inaturalist.org/observations/237563798,https://inaturalist-open-data.s3.amazonaws.com/photos/422811321/medium.jpeg,,"","",2,0,false,3,"US-127 S, Red Bank, TN, US",35.0835278333,-85.317795,19,,,,19,,,false,,,Kudzu Bug,Megacopta cribraria,Kudzu Bug,Insecta,209176
237574812,64c2bce6-a199-4873-95bc-bb5e75b458c0,2024/08/17 2:33 PM,2024-08-17,2024-08-17 18:33:00 UTC,Eastern Time (US & Canada),7487540,merkertgrace,Grace Merkert,2024-08-24 03:18:41 UTC,2024-10-04 10:46:07 UTC,research,CC-BY-NC,https://www.inaturalist.org/observations/237574812,https://inaturalist-open-data.s3.amazonaws.com/photos/422834373/medium.jpeg,,"",,1,0,false,,"Art Loeb Trailhead (south), Pisgah Forest, NC 28768, USA",35.2820525,-82.7216063,1832,,,,1832,,,false,,,Kudzu Bug,Megacopta cribraria,Kudzu Bug,Insecta,209176
237676681,35ee53f1-007b-40ed-ba1d-8fdd68da6a87,2024-08-24 12:48:46-04:00,2024-08-24,2024-08-24 16:48:46 UTC,Eastern Time (US & Canada),7552065,john_d_king,john king,2024-08-24 17:03:49 UTC,2024-10-04 10:46:04 UTC,research,,https://www.inaturalist.org/observations/237676681,https://static.inaturalist.org/photos/423068961/medium.jpeg,,"","",1,0,false,3,"Chimney Rock , Lake Lure, NC, US",35.4323335809,-82.250371117,103,,,,103,,,false,,,Kudzu Bug,Megacopta cribraria,Kudzu Bug,Insecta,209176
237771509,ee87c503-6e9d-4c4f-a692-ac8a549782f0,2024-08-01 15:25:35-04:00,2024-08-01,2024-08-01 19:25:35 UTC,Eastern Time (US & Canada),4915006,duhnxella,Daniella Hanlon,2024-08-25 01:46:19 UTC,2024-10-04 10:46:04 UTC,research,,https://www.inaturalist.org/observations/237771509,https://static.inaturalist.org/photos/423208099/medium.jpeg,,"","",2,0,false,3,"Ronald Reagan Washington National Airport, Arlington, VA, US",38.8530833333,-77.0434583333,24,,,,24,,,false,,,Kudzu Bug,Megacopta cribraria,Kudzu Bug,Insecta,209176
237901666,8e6a8eb7-a269-4330-8d07-8a0707d603fe,2024/08/23 3:45 AM,2024-08-23,2024-08-23 08:45:00 UTC,Central Time (US & Canada),1121466,alfred_daniel_j,Alfred Daniel J,2024-08-25 17:41:39 UTC,2024-10-04 10:46:00 UTC,research,CC-BY-NC,https://www.inaturalist.org/observations/237901666,https://inaturalist-open-data.s3.amazonaws.com/photos/423168595/medium.jpeg,,"","",2,0,false,,"472 Cadillac Ln, McMinnville, TN 37110, USA",35.7076319,-85.7445145,119,,,,119,,,false,,,Kudzu Bug,Megacopta cribraria,Kudzu Bug,Insecta,209176
237901681,7f94fbe0-e792-4db1-9dc9-eea3d801daa5,2024/08/23 3:39 AM,2024-08-23,2024-08-23 08:39:00 UTC,Central Time (US & Canada),1121466,alfred_daniel_j,Alfred Daniel J,2024-08-25 17:41:42 UTC,2024-10-04 10:45:59 UTC,research,CC-BY-NC,https://www.inaturalist.org/observations/237901681,https://inaturalist-open-data.s3.amazonaws.com/photos/423168943/medium.jpeg,,"","",2,0,false,,"472 Cadillac Ln, McMinnville, TN 37110, USA",35.7076319,-85.7445145,119,,,,119,,,false,,,Kudzu Bug,Megacopta cribraria,Kudzu Bug,Insecta,209176
238145248,bfd8d055-5d19-40cc-8b81-5caceeeb2d01,2024/08/25 4:36 PM,2024-08-25,2024-08-25 20:36:00 UTC,Eastern Time (US & Canada),1416798,mfawver,Melinda Fawver,2024-08-26 21:47:00 UTC,2024-10-04 10:45:58 UTC,research,CC-BY-NC,https://www.inaturalist.org/observations/238145248,https://inaturalist-open-data.s3.amazonaws.com/photos/423930636/medium.jpg,,"",,2,0,false,,441 Stream Pulloff,35.6202737475,-83.4182779907,4,,,,4,,,false,,,Kudzu Bug,Megacopta cribraria,Kudzu Bug,Insecta,209176
238157533,de66f87e-4e63-44c3-ab32-5ac573a93706,2024-08-26 18:20:49,2024-08-26,2024-08-26 22:20:49 UTC,Eastern Time (US & Canada),5799120,andrew2285,"",2024-08-26 23:16:18 UTC,2024-10-05 15:42:55 UTC,research,,https://www.inaturalist.org/observations/238157533,https://static.inaturalist.org/photos/423956995/medium.jpeg,,"",,1,0,false,2,"District of Columbia, District of Columbia County, US",38.9240846,-77.04674416,5,,,,5,,,false,,,Kudzu Bug,Megacopta cribraria,Kudzu Bug,Insecta,209176
238157547,ad5bcdea-0cd6-4876-862a-d26dc02f1a13,2024-08-26 18:21:02,2024-08-26,2024-08-26 22:21:02 UTC,Eastern Time (US & Canada),5799120,andrew2285,"",2024-08-26 23:16:27 UTC,2024-10-04 11:08:05 UTC,research,,https://www.inaturalist.org/observations/238157547,https://static.inaturalist.org/photos/423957032/medium.jpeg,,"",,1,0,false,2,"District of Columbia, District of Columbia County, US",38.92405777,-77.04676799,3,,,,3,,,false,,,Kudzu Bug,Megacopta cribraria,Kudzu Bug,Insecta,209176
238205429,d965ae18-a71b-40ca-87aa-a922f68ac26f,Thu Apr 18 2024 20:03:32 GMT+0000 (Coordinated Universal Time),2024-04-18,2024-04-19 00:03:32 UTC,Eastern Time (US & Canada),1895545,wake_nc,"",2024-08-27 07:07:48 UTC,2024-10-04 11:08:04 UTC,research,CC-BY-NC,https://www.inaturalist.org/observations/238205429,https://inaturalist-open-data.s3.amazonaws.com/photos/424051481/medium.jpeg,,"",ecoEXPLORE Username: harrison@,2,0,false,349,"Chatham County, US-NC, US",35.732339,-79.019578,,,,,,,,false,,,Kudzu Bug,Megacopta cribraria,Kudzu Bug,Insecta,209176
238348843,0cd79b80-853e-48cf-ab8c-a8a21575d90a,2024-08-27 18:55:20-04:00,2024-08-27,2024-08-27 22:55:20 UTC,Eastern Time (US & Canada),157371,kylealdinger,Kyle Aldinger,2024-08-28 01:50:46 UTC,2024-10-04 11:08:03 UTC,research,CC-BY-NC,https://www.inaturalist.org/observations/238348843,https://inaturalist-open-data.s3.amazonaws.com/photos/424327141/medium.jpeg,,"","",3,0,false,3,"Old Battleground Rd, Greensboro, NC, US",36.1424055,-79.8559883333,17,,,,17,,,false,,,Kudzu Bug,Megacopta cribraria,Kudzu Bug,Insecta,209176
238421334,4d54972e-56be-4a41-b51e-a46dea08ef91,2024-08-28 09:31:26,2024-08-28,2024-08-28 14:31:26 UTC,Central Time (US & Canada),45587,kbakkegard,Kristin A. Bakkegard,2024-08-28 14:32:57 UTC,2024-10-04 11:08:03 UTC,research,CC-BY-NC,https://www.inaturalist.org/observations/238421334,https://inaturalist-open-data.s3.amazonaws.com/photos/424540722/medium.jpeg,,"",zesterdry,2,0,false,2,"Homewood, AL, USA",33.4622914315,-86.7993005365,5,,,,5,,,false,gps,gps,Kudzu Bug,Megacopta cribraria,Kudzu Bug,Insecta,209176
238546931,6558c576-eb5e-46cd-bd9d-89c97c44f064,2024-08-29 01:47:15-04:00,2024-08-29,2024-08-29 05:47:15 UTC,Eastern Time (US & Canada),516735,tims1260,,2024-08-29 05:53:51 UTC,2024-10-04 11:08:01 UTC,research,,https://www.inaturalist.org/observations/238546931,https://static.inaturalist.org/photos/424709459/medium.jpeg,,"","I apologize for the picture quality. I believe this is a kudzu bug but wanted to make sure. Thank you!
",3,0,false,3,"Freedom Park, Atlanta, GA, US",33.7657236252,-84.35581001,121,,,,121,,,false,,,Kudzu Bug,Megacopta cribraria,Kudzu Bug,Insecta,209176
238706843,8cb5fd07-9aca-4bc2-863b-bd61e8aed8bf,2024/08/29 4:46 PM,2024-08-29,2024-08-29 20:46:00 UTC,Eastern Time (US & Canada),1704749,the_little_elephant,A,2024-08-30 02:28:59 UTC,2024-10-04 11:08:00 UTC,research,CC-BY-NC,https://www.inaturalist.org/observations/238706843,https://inaturalist-open-data.s3.amazonaws.com/photos/425016554/medium.jpeg,,"",,2,0,false,,"Pinetree Branch, North Central, Virginia Beach, VA 23452, USA",36.8414180242,-76.0772322352,470,,,,470,,,false,,,Kudzu Bug,Megacopta cribraria,Kudzu Bug,Insecta,209176
238807471,dc23c202-a70d-40cc-9bc2-a5f0b4d7ef32,2024-08-30 11:16:28-04:00,2024-08-30,2024-08-30 15:16:28 UTC,Eastern Time (US & Canada),8225513,wiregrasser,,2024-08-30 17:23:53 UTC,2025-08-21 17:32:11 UTC,research,CC-BY,https://www.inaturalist.org/observations/238807471,https://inaturalist-open-data.s3.amazonaws.com/photos/425214051/medium.jpeg,,"","",1,0,false,3,"Greenbriar Circle, Decatur, GA, USA",33.807921,-84.262636,126,,,,126,,,false,,,Kudzu Bug,Megacopta cribraria,Kudzu Bug,Insecta,209176
238867921,ae221ace-e900-402a-90df-d3fb1310067f,2024-08-29 13:39:40-05:00,2024-08-29,2024-08-29 18:39:40 UTC,Central Time (US & Canada),1895790,wthompson23,W. Thompson,2024-08-30 23:33:53 UTC,2025-07-13 05:21:25 UTC,research,CC-BY-NC,https://www.inaturalist.org/observations/238867921,https://inaturalist-open-data.s3.amazonaws.com/photos/425330225/medium.jpeg,,"","",3,0,false,3,"Ridgepark Ave S, Birmingham, AL, US",33.5013966667,-86.7935783333,4,,,,4,,,false,,,Kudzu Bug,Megacopta cribraria,Kudzu Bug,Insecta,209176
239026872,82efcb10-cb8f-47b1-8dbc-df5f82dd940f,2024-08-31 13:58:36,2024-08-31,2024-08-31 17:58:36 UTC,Eastern Time (US & Canada),5799120,andrew2285,"",2024-08-31 19:16:25 UTC,2024-10-04 11:07:58 UTC,research,,https://www.inaturalist.org/observations/239026872,https://static.inaturalist.org/photos/425635016/medium.jpeg,,"",,3,0,false,2,"District of Columbia, District of Columbia County, US",38.92870017,-77.04448311,4,,,,4,,,false,,,Kudzu Bug,Megacopta cribraria,Kudzu Bug,Insecta,209176
239063852,f0f7f83b-7909-4a00-93ac-f2547064af5d,2024-04-14 14:20:36-04:00,2024-04-14,2024-04-14 18:20:36 UTC,Eastern Time (US & Canada),2646247,maxlovesplants,Max,2024-08-31 22:42:18 UTC,2024-10-04 11:07:54 UTC,research,CC-BY-NC,https://www.inaturalist.org/observations/239063852,https://inaturalist-open-data.s3.amazonaws.com/photos/436940452/medium.jpeg,,"","",1,0,false,3,"NC State University, Raleigh, NC, US",35.7849666667,-78.67395,21,,,,21,,,false,,,Kudzu Bug,Megacopta cribraria,Kudzu Bug,Insecta,209176
239234443,cfe5bf31-fb47-4ea2-a5df-a2dc93eb8bb1,2024-08-31 11:19:08-05:00,2024-08-31,2024-08-31 16:19:08 UTC,Central Time (US & Canada),3764921,thisheccboi,,2024-09-01 18:29:38 UTC,2024-10-04 11:07:51 UTC,research,CC-BY-NC,https://www.inaturalist.org/observations/239234443,https://inaturalist-open-data.s3.amazonaws.com/photos/426040466/medium.jpeg,,"",Silly,2,0,false,3,"Village Pkwy, Southaven, MS, US",34.9423859645,-89.9817620869,24,,,,24,,,false,,,Kudzu Bug,Megacopta cribraria,Kudzu Bug,Insecta,209176
239347077,ee2b4536-49cf-45a0-b395-3ddbd1195827,Sun Aug 25 2024 18:31:13 GMT+0000 (Coordinated Universal Time),2024-08-25,2024-08-25 22:31:13 UTC,Eastern Time (US & Canada),1895545,wake_nc,"",2024-09-02 07:04:38 UTC,2024-12-21 08:15:45 UTC,research,CC-BY-NC,https://www.inaturalist.org/observations/239347077,https://inaturalist-open-data.s3.amazonaws.com/photos/426267630/medium.jpeg,,"",ecoEXPLORE Username: shannon3b,3,1,false,349,"North Carolina, US",35.9251003067,-78.8390121993,,,,,28620,obscured,,true,,,Kudzu Bug,Megacopta cribraria,Kudzu Bug,Insecta,209176
239688727,8eaf3111-f4da-4fc1-a0cb-2633b3d305e1,2024-07-30 20:16:45,2024-07-30,2024-07-31 00:16:45 UTC,Eastern Time (US & Canada),8525285,truenatureschild,"",2024-09-03 21:38:57 UTC,2024-10-04 11:07:50 UTC,research,,https://www.inaturalist.org/observations/239688727,https://static.inaturalist.org/photos/426926449/medium.jpeg,,"","Small, flying, beetle-like",2,0,false,2,"Oxford Hunt, Charlotte, NC, USA",35.1132998157,-80.7710856687,9,,,,9,,,false,,,Kudzu Bug,Megacopta cribraria,Kudzu Bug,Insecta,209176
239745236,50f5be5e-eb53-4756-9400-3604762f489e,2024/09/03 6:59 PM,2024-09-03,2024-09-03 22:59:00 UTC,Eastern Time (US & Canada),64286,supertiger,Leila Dasher,2024-09-04 05:53:06 UTC,2024-10-04 11:07:43 UTC,research,CC-BY,https://www.inaturalist.org/observations/239745236,https://inaturalist-open-data.s3.amazonaws.com/photos/427036284/medium.jpg,,"",feeding on wisteria,2,0,false,,"Georgia, US",33.8172005929,-83.2414682868,,,,,28902,obscured,,true,,,Kudzu Bug,Megacopta cribraria,Kudzu Bug,Insecta,209176
239745238,9e50544e-795f-42e6-b526-901e965422b4,2024/09/03 7:01 PM,2024-09-03,2024-09-03 23:01:00 UTC,Eastern Time (US & Canada),64286,supertiger,Leila Dasher,2024-09-04 05:53:06 UTC,2024-10-04 11:07:42 UTC,research,CC-BY,https://www.inaturalist.org/observations/239745238,https://inaturalist-open-data.s3.amazonaws.com/photos/427036311/medium.jpg,,"",feeding on wisteria,2,0,false,,"Georgia, US",33.8664637702,-83.3267096457,,,,,28902,obscured,,true,,,Kudzu Bug,Megacopta cribraria,Kudzu Bug,Insecta,209176
239750302,42aabd52-2e50-4551-9516-70c52db4fe49,Tue Aug 27 2024 16:36:34 GMT+0000 (Coordinated Universal Time),2024-08-27,2024-08-27 20:36:34 UTC,Eastern Time (US & Canada),1895545,wake_nc,"",2024-09-04 07:11:13 UTC,2024-10-04 11:07:41 UTC,research,CC-BY-NC,https://www.inaturalist.org/observations/239750302,https://inaturalist-open-data.s3.amazonaws.com/photos/427048039/medium.jpeg,,"",ecoEXPLORE Username: ericaflory,2,0,false,349,"Wake County, US-NC, US",35.7503451376,-78.64435015,,,,,28649,obscured,,true,,,Kudzu Bug,Megacopta cribraria,Kudzu Bug,Insecta,209176
239842426,389fc399-335e-4051-9ace-1e4235b7d636,2024-09-04 14:25:48,2024-09-04,2024-09-04 18:25:48 UTC,Eastern Time (US & Canada),7527487,plantpunk,Jack Bennett,2024-09-04 19:11:56 UTC,2024-10-04 11:07:40 UTC,research,CC-BY,https://www.inaturalist.org/observations/239842426,https://inaturalist-open-data.s3.amazonaws.com/photos/427220383/medium.jpeg,,"",,1,0,false,2,"Winston-Salem, NC 27106, USA",36.1295351293,-80.2811906487,1000,,,,1000,,,false,gps,gps,Kudzu Bug,Megacopta cribraria,Kudzu Bug,Insecta,209176
239857504,076d7e22-15da-4753-89cb-c6531cf81287,2024/09/04 3:18 PM,2024-09-04,2024-09-04 19:18:00 UTC,Eastern Time (US & Canada),4087760,junomoon,Carole Bloom,2024-09-04 20:39:05 UTC,2025-05-17 20:42:38 UTC,research,,https://www.inaturalist.org/observations/239857504,https://static.inaturalist.org/photos/427248653/medium.jpeg,,"",,2,0,false,,"Guilford County, NC, USA",36.1998883007,-79.9096957568,15,,,,15,,,false,,,Kudzu Bug,Megacopta cribraria,Kudzu Bug,Insecta,209176
239858620,f5d7ced9-8140-4a0e-abb1-338348132b4c,2024/09/04 3:28 PM,2024-09-04,2024-09-04 19:28:00 UTC,Eastern Time (US & Canada),4087760,junomoon,Carole Bloom,2024-09-04 20:45:48 UTC,2025-05-17 20:42:44 UTC,research,,https://www.inaturalist.org/observations/239858620,https://static.inaturalist.org/photos/427250915/medium.jpeg,,"",Summerfield Community Park,2,0,false,,"Guilford County, NC, USA",36.1998883007,-79.9096957568,15,,,,15,,,false,,,Kudzu Bug,Megacopta cribraria,Kudzu Bug,Insecta,209176
239859396,d5b82bdd-1e2f-4a00-b6d1-c943ac53b978,2024/09/04 3:38 PM,2024-09-04,2024-09-04 19:38:00 UTC,Eastern Time (US & Canada),4087760,junomoon,Carole Bloom,2024-09-04 20:49:50 UTC,2025-05-17 20:42:55 UTC,research,,https://www.inaturalist.org/observations/239859396,https://static.inaturalist.org/photos/427252593/medium.jpeg,,"",Summerfield Community Park,3,0,false,,"Guilford County, NC, USA",36.1998883007,-79.9096957568,15,,,,15,,,false,,,Kudzu Bug,Megacopta cribraria,Kudzu Bug,Insecta,209176
239860813,d4421f52-ef51-4665-95b6-64c6ccdc4d6e,2024/09/04 3:43 PM,2024-09-04,2024-09-04 19:43:00 UTC,Eastern Time (US & Canada),4087760,junomoon,Carole Bloom,2024-09-04 20:59:29 UTC,2025-05-17 20:43:09 UTC,research,,https://www.inaturalist.org/observations/239860813,https://static.inaturalist.org/photos/427255312/medium.jpeg,,"",Summerfield Community Park,2,0,false,,"Guilford County, NC, USA",36.1998883007,-79.9096957568,15,,,,15,,,false,,,Kudzu Bug,Megacopta cribraria,Kudzu Bug,Insecta,209176
239893778,26ee8ebb-464a-4920-8602-f84df4ac66f2,Wed Sep 04 2024 20:17:16 GMT -0500 (CDT),2024-09-04,2024-09-05 01:17:16 UTC,Central Time (US & Canada),3593911,ranger_robinson,Matt Robinson,2024-09-05 01:17:35 UTC,2024-10-04 09:19:09 UTC,research,CC-BY-NC,https://www.inaturalist.org/observations/239893778,https://inaturalist-open-data.s3.amazonaws.com/photos/427320641/medium.jpeg,,"",,2,0,false,333,Opelika,32.6547851563,-85.3798751831,15,,,,15,,,false,,,Kudzu Bug,Megacopta cribraria,Kudzu Bug,Insecta,209176
239954642,dad88cd9-172e-4f3f-8f1e-975f0a6ceb8a,2024-09-05 07:45:07-05:00,2024-09-05,2024-09-05 12:45:07 UTC,Central Time (US & Canada),8532205,laurensperez,,2024-09-05 12:47:09 UTC,2024-10-04 09:20:15 UTC,research,CC-BY-NC,https://www.inaturalist.org/observations/239954642,https://inaturalist-open-data.s3.amazonaws.com/photos/427439855/medium.jpeg,,"","",2,0,false,3,"White Station High School, Memphis, TN, US",35.1180117159,-89.9052067102,8,,,,8,,,false,,,Kudzu Bug,Megacopta cribraria,Kudzu Bug,Insecta,209176
240127370,9f5161d8-fcad-4b88-9faf-76588750c66b,2024-09-06 08:52:07,2024-09-06,2024-09-06 12:52:07 UTC,Eastern Time (US & Canada),8433236,braydeng5050,,2024-09-06 12:52:43 UTC,2024-10-04 10:45:50 UTC,research,CC-BY-NC,https://www.inaturalist.org/observations/240127370,https://inaturalist-open-data.s3.amazonaws.com/photos/427768163/medium.jpeg,,"",,2,0,false,2,"Knoxville, TN 37919, USA",35.9210044,-84.0558245,9,,,,9,,,false,,,Kudzu Bug,Megacopta cribraria,Kudzu Bug,Insecta,209176
240127387,98036a05-4536-460f-9094-14a9169deb96,2024-09-06 08:52:41-04:00,2024-09-06,2024-09-06 12:52:41 UTC,Eastern Time (US & Canada),8433238,daddyhowie12345,,2024-09-06 12:52:52 UTC,2024-10-04 09:19:04 UTC,research,CC-BY-NC,https://www.inaturalist.org/observations/240127387,https://inaturalist-open-data.s3.amazonaws.com/photos/427768212/medium.jpeg,,"","",2,0,false,3,"West Knoxville, Knoxville, TN, US",35.9210725497,-84.05591726,35,,,,35,,,false,,,Kudzu Bug,Megacopta cribraria,Kudzu Bug,Insecta,209176
240127548,45b50254-5c09-472e-acdb-828b781ce721,2024-09-06 08:52:05-04:00,2024-09-06,2024-09-06 12:52:05 UTC,Eastern Time (US & Canada),8433235,annasergent,,2024-09-06 12:54:06 UTC,2024-10-14 10:51:42 UTC,research,CC-BY-NC,https://www.inaturalist.org/observations/240127548,https://inaturalist-open-data.s3.amazonaws.com/photos/427768552/medium.jpeg,,"","",2,0,false,3,"Bearden High, Knoxville, TN, US",35.9221217582,-84.0562057802,162,,,,162,,,false,,,Kudzu Bug,Megacopta cribraria,Kudzu Bug,Insecta,209176
240224454,44f55b87-ba7a-4f12-8972-b9a7966722a0,2024-09-06 18:53:53,2024-09-06,2024-09-06 22:53:53 UTC,Eastern Time (US & Canada),5799120,andrew2285,"",2024-09-06 23:10:32 UTC,2024-10-04 09:18:56 UTC,research,,https://www.inaturalist.org/observations/240224454,https://static.inaturalist.org/photos/427952698/medium.jpeg,,"",,2,0,false,2,"District of Columbia, District of Columbia County, US",38.92403029,-77.04680872,3,,,,3,,,false,,,Kudzu Bug,Megacopta cribraria,Kudzu Bug,Insecta,209176
240295062,f2e23bf3-bc9b-41d6-a745-b919a46dfac7,2024-09-06 08:52:23,2024-09-06,2024-09-06 12:52:23 UTC,Eastern Time (US & Canada),3481154,noahwalker1,Noah Walker,2024-09-07 11:12:12 UTC,2024-10-04 09:18:51 UTC,research,,https://www.inaturalist.org/observations/240295062,https://static.inaturalist.org/photos/428096601/medium.jpeg,,"",,1,0,false,2,"Knoxville, TN 37919, USA",35.9205838278,-84.057043232,769,,,,769,,,false,gps,gps,Kudzu Bug,Megacopta cribraria,Kudzu Bug,Insecta,209176
240335242,4c788377-fc0e-4ece-b923-68c5a13c65e3,2024-09-05 13:58:44,2024-09-05,2024-09-05 17:58:44 UTC,Eastern Time (US & Canada),746176,john_abrams,John Abrams,2024-09-07 15:29:20 UTC,2024-10-04 09:18:50 UTC,research,CC-BY,https://www.inaturalist.org/observations/240335242,https://inaturalist-open-data.s3.amazonaws.com/photos/428169610/medium.jpeg,,"",,2,0,false,2,"Disputanta, KY 40456, USA",37.5155777778,-84.2647583333,,,,,,,,false,gps,gps,Kudzu Bug,Megacopta cribraria,Kudzu Bug,Insecta,209176
240404587,7de7ab75-f45e-4dad-bf07-fda388899059,2024/08/01 5:46 PM,2024-08-01,2024-08-01 21:46:00 UTC,Eastern Time (US & Canada),1770264,antcricket,Charly Cricket,2024-09-07 20:51:19 UTC,2024-10-04 09:18:39 UTC,research,CC-BY-NC,https://www.inaturalist.org/observations/240404587,https://inaturalist-open-data.s3.amazonaws.com/photos/428288766/medium.jpg,,"",,3,0,false,,"Roanoke city, Virginia, United States",37.2734805556,-79.94085,35,,,,35,,,false,,,Kudzu Bug,Megacopta cribraria,Kudzu Bug,Insecta,209176
240414803,9ff7841e-707b-4770-8c72-899369e95d35,2024/09/07 4:41 PM,2024-09-07,2024-09-07 20:41:00 UTC,Eastern Time (US & Canada),4087760,junomoon,Carole Bloom,2024-09-07 21:43:21 UTC,2025-05-17 20:46:54 UTC,research,,https://www.inaturalist.org/observations/240414803,https://static.inaturalist.org/photos/428316262/medium.jpeg,,"",Laurel Bluff Trail Head,2,0,false,,"Guilford County, NC, USA",36.1721500018,-79.8187837975,31,,,,31,,,false,,,Kudzu Bug,Megacopta cribraria,Kudzu Bug,Insecta,209176
240420561,5e1731f5-4aab-4a39-ad89-a2cb0deb5a4c,2024/09/07 6:04 PM,2024-09-07,2024-09-07 22:04:00 UTC,Eastern Time (US & Canada),4087760,junomoon,Carole Bloom,2024-09-07 22:17:01 UTC,2025-05-17 20:47:42 UTC,research,,https://www.inaturalist.org/observations/240420561,https://static.inaturalist.org/photos/428330095/medium.jpeg,,"",Laurel Bluff Trail Head,2,0,false,,"Guilford County, NC, USA",36.1721500018,-79.8187837975,31,,,,31,,,false,,,Kudzu Bug,Megacopta cribraria,Kudzu Bug,Insecta,209176
240421410,7fec7235-eef4-4e06-888e-39b748508051,2024/09/07 6:11 PM,2024-09-07,2024-09-07 22:11:00 UTC,Eastern Time (US & Canada),4087760,junomoon,Carole Bloom,2024-09-07 22:21:49 UTC,2025-05-17 20:47:50 UTC,research,,https://www.inaturalist.org/observations/240421410,https://static.inaturalist.org/photos/428331196/medium.jpeg,,"",Laurel Bluff Trail Head,2,0,false,,"Guilford County, NC, USA",36.1721500018,-79.8187837975,31,,,,31,,,false,,,Kudzu Bug,Megacopta cribraria,Kudzu Bug,Insecta,209176
240661355,5eefd34d-370e-4d95-89a9-2f81efb63ecf,2024/09/08 3:03 PM,2024-09-08,2024-09-08 19:03:00 UTC,Eastern Time (US & Canada),4087760,junomoon,Carole Bloom,2024-09-08 23:43:45 UTC,2025-05-17 20:49:05 UTC,research,,https://www.inaturalist.org/observations/240661355,https://static.inaturalist.org/photos/428791331/medium.jpeg,,"",Piedmont Trail,2,0,false,,"Greensboro, NC, USA",36.1754745568,-79.8608781597,8,,,,8,,,false,,,Kudzu Bug,Megacopta cribraria,Kudzu Bug,Insecta,209176
240665853,13e06872-f602-4937-b890-b8fb8b7bc15a,2024/09/08 3:56 PM,2024-09-08,2024-09-08 19:56:00 UTC,Eastern Time (US & Canada),4087760,junomoon,Carole Bloom,2024-09-09 00:14:03 UTC,2025-05-17 20:49:36 UTC,research,,https://www.inaturalist.org/observations/240665853,https://static.inaturalist.org/photos/428798569/medium.jpeg,,"",Piedmont Trail,2,0,false,,"Greensboro, NC, USA",36.1745756512,-79.8706462606,15,,,,15,,,false,,,Kudzu Bug,Megacopta cribraria,Kudzu Bug,Insecta,209176
240665857,27b5e07b-7ca4-4ff6-921d-909dcdea619f,2024/09/08 3:58 PM,2024-09-08,2024-09-08 19:58:00 UTC,Eastern Time (US & Canada),4087760,junomoon,Carole Bloom,2024-09-09 00:14:04 UTC,2025-05-17 20:49:40 UTC,research,,https://www.inaturalist.org/observations/240665857,https://static.inaturalist.org/photos/428798778/medium.jpeg,,"",Piedmont Trail,2,0,false,,"Greensboro, NC, USA",36.1747807256,-79.8726212072,8,,,,8,,,false,,,Kudzu Bug,Megacopta cribraria,Kudzu Bug,Insecta,209176
240697495,8321d4bf-9a50-47ea-a2c1-426fe3a5f98c,2024-08-26 17:11:14,2024-08-26,2024-08-26 21:11:14 UTC,Eastern Time (US & Canada),101301,steph_thecnidarian,Stephanie Michelle Soto,2024-09-09 03:58:28 UTC,2024-12-02 20:40:46 UTC,research,CC-BY-NC,https://www.inaturalist.org/observations/240697495,https://inaturalist-open-data.s3.amazonaws.com/photos/428866490/medium.jpeg,,"",On wisteria,2,0,false,2,"Riverfront, Chattanooga, TN, USA",35.0542421904,-85.3122416139,5,,,,5,,,false,gps,gps,Kudzu Bug,Megacopta cribraria,Kudzu Bug,Insecta,209176
240748538,95ea862a-27d0-41d3-9a6b-f5b99ddbffdd,2024-09-06 08:54:29-04:00,2024-09-06,2024-09-06 12:54:29 UTC,Eastern Time (US & Canada),8437576,jess_07,,2024-09-09 13:20:41 UTC,2024-10-04 09:18:29 UTC,research,CC-BY-NC,https://www.inaturalist.org/observations/240748538,https://inaturalist-open-data.s3.amazonaws.com/photos/428967788/medium.jpeg,,"","An egg 
",3,0,false,3,"Kingston Pike, Knoxville, TN, US",35.9212283333,-84.0559916667,15,,,,15,,,false,,,Kudzu Bug,Megacopta cribraria,Kudzu Bug,Insecta,209176
240749563,6b9b41b6-1dcc-4479-b90b-f61e39e64e5b,2024-09-06 08:52:13-04:00,2024-09-06,2024-09-06 12:52:13 UTC,Eastern Time (US & Canada),8433231,kaitlyngoldston,,2024-09-09 13:29:20 UTC,2024-10-04 09:18:27 UTC,research,CC-BY-NC,https://www.inaturalist.org/observations/240749563,https://inaturalist-open-data.s3.amazonaws.com/photos/428969823/medium.jpeg,,"","",2,0,false,3,"West Knoxville, Knoxville, TN, US",35.9211283333,-84.0559528333,4,,,,4,,,false,,,Kudzu Bug,Megacopta cribraria,Kudzu Bug,Insecta,209176
240819300,e2f3d489-7fd6-4ac9-8a7e-4bf2135e8ea4,2024-09-09 16:31:12,2024-09-09,2024-09-09 20:31:12 UTC,Eastern Time (US & Canada),7300602,eleyamsic,,2024-09-09 20:34:58 UTC,2024-10-04 09:18:26 UTC,research,CC-BY-NC,https://www.inaturalist.org/observations/240819300,https://inaturalist-open-data.s3.amazonaws.com/photos/429102351/medium.jpeg,,"",,2,0,false,2,"Danville, VA, USA",36.59484063,-79.46652648,9,,,,9,,,false,,,Kudzu Bug,Megacopta cribraria,Kudzu Bug,Insecta,209176
240922163,754da8d0-d632-4cca-9c87-bc5a9fe368ab,2024-09-10 07:55:44-05:00,2024-09-10,2024-09-10 12:55:44 UTC,Central Time (US & Canada),185467,emmakaminsky,,2024-09-10 12:57:04 UTC,2024-10-04 09:18:24 UTC,research,CC-BY-NC,https://www.inaturalist.org/observations/240922163,https://inaturalist-open-data.s3.amazonaws.com/photos/429306017/medium.jpeg,,"","",2,0,false,3,"Lichterman Nature Center, Memphis, TN, US",35.0907087837,-89.861149,4,,,,4,,,false,,,Kudzu Bug,Megacopta cribraria,Kudzu Bug,Insecta,209176
240922338,67b7359c-6b23-4372-a533-529ab0d8affc,2024-09-10 07:57:36-05:00,2024-09-10,2024-09-10 12:57:36 UTC,Central Time (US & Canada),185467,emmakaminsky,,2024-09-10 12:58:11 UTC,2024-10-04 09:18:21 UTC,research,CC-BY-NC,https://www.inaturalist.org/observations/240922338,https://inaturalist-open-data.s3.amazonaws.com/photos/429306306/medium.jpeg,,"","",2,0,false,3,"Lichterman Nature Center, Memphis, TN, US",35.090704924,-89.8611242636,4,,,,4,,,false,,,Kudzu Bug,Megacopta cribraria,Kudzu Bug,Insecta,209176
240927357,aec9700e-d9d5-44cb-8fde-707cc233dfac,2024-09-10 09:37:48-04:00,2024-09-10,2024-09-10 13:37:48 UTC,Eastern Time (US & Canada),3775610,skinnysjb,,2024-09-10 13:38:27 UTC,2024-10-04 09:18:23 UTC,research,CC-BY-NC,https://www.inaturalist.org/observations/240927357,https://inaturalist-open-data.s3.amazonaws.com/photos/429315862/medium.jpeg,,"","",2,0,false,3,"Lake Spring Ave, Charlotte, NC, US",35.35317,-80.869295,11,,,,11,,,false,,,Kudzu Bug,Megacopta cribraria,Kudzu Bug,Insecta,209176
241010741,61f7d44f-7a73-4fef-9c2f-1c03afa8f31a,Tue Sep 10 2024 18:07:27 GMT -0400 (EDT),2024-09-10,2024-09-10 22:07:27 UTC,Eastern Time (US & Canada),3427040,king_of_masons,,2024-09-10 22:07:35 UTC,2024-10-04 09:18:18 UTC,research,CC-BY-NC,https://www.inaturalist.org/observations/241010741,https://inaturalist-open-data.s3.amazonaws.com/photos/429480745/medium.jpeg,,"",,2,0,false,333,Rockwood,35.8870239258,-84.6423110962,4,,,,4,,,false,,,Kudzu Bug,Megacopta cribraria,Kudzu Bug,Insecta,209176
241028202,794811f3-658c-45e0-9683-464679758a16,2024-09-10 18:35:27,2024-09-10,2024-09-10 23:35:27 UTC,Central Time (US & Canada),1722036,a_schmidy_botanist,"Samuel A. Schmid, Ph.D.",2024-09-11 00:12:29 UTC,2024-10-04 09:18:18 UTC,research,CC-BY,https://www.inaturalist.org/observations/241028202,https://inaturalist-open-data.s3.amazonaws.com/photos/429506644/medium.jpeg,,"",,3,0,false,2,"Starkville, MS 39759, USA",33.426189,-88.7228719722,,,,,,,,false,gps,gps,Kudzu Bug,Megacopta cribraria,Kudzu Bug,Insecta,209176
241049759,ed55e79d-13c6-436b-8b77-3b65f9b5e30b,2024-09-08 16:24:01-04:00,2024-09-08,2024-09-08 20:24:01 UTC,Eastern Time (US & Canada),8507851,ljcalhoun,,2024-09-11 03:08:17 UTC,2024-11-07 14:26:58 UTC,research,CC-BY-NC,https://www.inaturalist.org/observations/241049759,https://inaturalist-open-data.s3.amazonaws.com/photos/429549610/medium.jpeg,,"","",2,0,false,3,"W Center St, Kingsport, TN, US",36.5491257895,-82.5621137734,169,,,,169,,,false,,,Kudzu Bug,Megacopta cribraria,Kudzu Bug,Insecta,209176
241261685,4ff539cd-205b-4aa3-82db-5db59fc0dde5,2024-07-31 18:51:59-04:00,2024-07-31,2024-07-31 22:51:59 UTC,Eastern Time (US & Canada),5359275,td72,,2024-09-12 11:29:37 UTC,2024-10-04 09:18:17 UTC,research,CC-BY-NC,https://www.inaturalist.org/observations/241261685,https://inaturalist-open-data.s3.amazonaws.com/photos/429961254/medium.jpeg,,"","",2,0,false,3,"Dutch Fork Rd, Irmo, SC, US",34.1274411834,-81.2203556296,193,,,,193,,,false,,,Kudzu Bug,Megacopta cribraria,Kudzu Bug,Insecta,209176
241300705,466b0054-b7f0-46f4-b1df-acc612f88f46,2024-09-12 12:03:54-04:00,2024-09-12,2024-09-12 16:03:54 UTC,Eastern Time (US & Canada),8474596,zoemdlp,,2024-09-12 16:08:07 UTC,2024-10-04 10:45:45 UTC,research,CC-BY-NC,https://www.inaturalist.org/observations/241300705,https://inaturalist-open-data.s3.amazonaws.com/photos/430033158/medium.jpeg,,"","",2,0,false,3,"Clemson University, Clemson, SC, US",34.6740383333,-82.83442,24,,,,24,,,false,,,Kudzu Bug,Megacopta cribraria,Kudzu Bug,Insecta,209176
241520863,6bad14be-f4f7-45b5-bf1d-ddf20e088519,2024/07/26 5:05 PM,2024-07-26,2024-07-26 21:05:00 UTC,Eastern Time (US & Canada),6289200,the_knower,,2024-09-13 19:58:57 UTC,2024-10-04 10:45:45 UTC,research,CC-BY-NC,https://www.inaturalist.org/observations/241520863,https://inaturalist-open-data.s3.amazonaws.com/photos/430452840/medium.jpeg,,"","",4,0,false,,"Maryland, US",39.1113137281,-77.0191356908,8,,,,28151,obscured,,true,,,Kudzu Bug,Megacopta cribraria,Kudzu Bug,Insecta,209176
241520864,0aaefd71-924b-4932-ae40-6453510cc710,2024/07/26 5:06 PM,2024-07-26,2024-07-26 21:06:00 UTC,Eastern Time (US & Canada),6289200,the_knower,,2024-09-13 19:58:57 UTC,2024-10-04 10:45:44 UTC,research,CC-BY-NC,https://www.inaturalist.org/observations/241520864,https://inaturalist-open-data.s3.amazonaws.com/photos/430453498/medium.jpeg,,"","",4,0,false,,"Maryland, US",39.1538821467,-77.0781382249,2,,,,28151,obscured,,true,,,Kudzu Bug,Megacopta cribraria,Kudzu Bug,Insecta,209176
241525823,34e58a55-515a-40f4-b640-f08c04ef6f3d,Wed Sep 04 2024 13:37:15 GMT -0500 (CDT),2024-09-04,2024-09-04 18:37:15 UTC,Central Time (US & Canada),2021432,jaclynfoster,"",2024-09-13 20:31:29 UTC,2024-10-04 10:45:43 UTC,research,CC-BY-NC,https://www.inaturalist.org/observations/241525823,https://inaturalist-open-data.s3.amazonaws.com/photos/430464125/medium.jpeg,,"",,2,0,false,333,"Tuscaloosa County, US-AL, US",33.2421569824,-87.5401992798,54,,,,54,,,false,,,Kudzu Bug,Megacopta cribraria,Kudzu Bug,Insecta,209176
241953787,ee93f88a-2d3f-4760-b0e2-a28b662b066b,2024-09-15 16:12:47-04:00,2024-09-15,2024-09-15 20:12:47 UTC,Eastern Time (US & Canada),758243,doju,Daniel J. Layton,2024-09-15 20:33:56 UTC,2024-09-17 13:35:31 UTC,research,CC-BY,https://www.inaturalist.org/observations/241953787,https://inaturalist-open-data.s3.amazonaws.com/photos/431416112/medium.jpeg,,"",Lots of kudzu around!,1,0,false,3,"Capital Crescent Trail, Washington, DC, US",38.905255,-77.0835111667,16,,,,16,,,false,,,Kudzu Bug,Megacopta cribraria,Kudzu Bug,Insecta,209176
241979381,c225e6c7-53ab-4e30-b0ae-9b4dd628c570,2024/09/15 2:40 PM,2024-09-15,2024-09-15 19:40:00 UTC,Central Time (US & Canada),2208636,petermarting,Peter Marting,2024-09-15 22:51:16 UTC,2024-10-04 10:45:21 UTC,research,,https://www.inaturalist.org/observations/241979381,https://static.inaturalist.org/photos/431330970/medium.jpg,,"",on kudzu,2,0,false,,"Auburn, AL, USA",32.6079416667,-85.4627866667,,,,,,,,false,,,Kudzu Bug,Megacopta cribraria,Kudzu Bug,Insecta,209176
242213105,054dc093-eb2a-4bc6-8760-27b4970c61ec,2024-09-10 07:57:09,2024-09-10,2024-09-10 12:57:09 UTC,Central Time (US & Canada),2292927,ellenkinzer,Ellen Kinzer,2024-09-17 02:18:45 UTC,2024-10-04 10:45:20 UTC,research,,https://www.inaturalist.org/observations/242213105,https://static.inaturalist.org/photos/431793155/medium.jpeg,,"",,2,0,false,2,"Memphis, TN 38119, USA",35.0907443997,-89.8610994,,,,,,,,false,gps,gps,Kudzu Bug,Megacopta cribraria,Kudzu Bug,Insecta,209176
242726915,18f7ea13-bd6d-416b-b345-b3a9544d3f88,2024-09-19 14:47:11,2024-09-19,2024-09-19 18:47:11 UTC,Eastern Time (US & Canada),8500113,neematoad,Jennifer Duong,2024-09-19 18:47:54 UTC,2024-11-01 17:30:55 UTC,research,,https://www.inaturalist.org/observations/242726915,https://static.inaturalist.org/photos/432736304/medium.jpeg,,"","Sweeping
",1,0,false,2,"Seneca, SC 29678, USA",34.64851528,-82.96079872,5,,,,5,,,false,,,Kudzu Bug,Megacopta cribraria,Kudzu Bug,Insecta,209176
242796991,8c3e2e43-51bc-423f-a35a-f2e9a5712585,2024-09-19 22:15:00,2024-09-19,2024-09-20 02:15:00 UTC,Eastern Time (US & Canada),1855777,jmc0611,"",2024-09-20 03:07:28 UTC,2024-10-04 10:45:10 UTC,research,CC-BY-NC,https://www.inaturalist.org/observations/242796991,https://inaturalist-open-data.s3.amazonaws.com/photos/432875604/medium.jpeg,,"",,1,0,false,2,"Athens, GA 30605, USA",33.9367083333,-83.3299183333,,,,,,,,false,gps,gps,Kudzu Bug,Megacopta cribraria,Kudzu Bug,Insecta,209176
243067981,8135449f-7e02-41f4-9a4c-d3feebff58bf,2024-09-20 21:16:56,2024-09-20,2024-09-21 01:16:56 UTC,Eastern Time (US & Canada),6801572,a_virginian,Adam Archie,2024-09-21 12:30:03 UTC,2025-06-05 02:47:49 UTC,research,CC-BY,https://www.inaturalist.org/observations/243067981,https://inaturalist-open-data.s3.amazonaws.com/photos/433386396/medium.jpeg,,"",,2,0,false,2,"Bluemont, Arlington, VA, USA",38.87548293,-77.12019571,29,,,,29,,,false,,,Kudzu Bug,Megacopta cribraria,Kudzu Bug,Insecta,209176
243247615,07fe5e56-ac44-4282-82ef-6d2d91cb8f66,2024-09-20 19:57:11,2024-09-20,2024-09-21 00:57:11 UTC,Central Time (US & Canada),6528669,gdunham28,Gabrielle Dunham,2024-09-22 03:25:26 UTC,2024-10-04 10:45:06 UTC,research,CC-BY-NC,https://www.inaturalist.org/observations/243247615,https://inaturalist-open-data.s3.amazonaws.com/photos/433726114/medium.jpeg,,"",,2,0,false,2,"Auburn, AL 36849, USA",32.5890393588,-85.4961137474,209,,,,209,,,false,gps,gps,Kudzu Bug,Megacopta cribraria,Kudzu Bug,Insecta,209176
243408115,ee859e62-1e57-4b59-80e2-57462bbee4ce,2024-09-22 13:43:46,2024-09-22,2024-09-22 18:43:46 UTC,Central Time (US & Canada),2806199,szhohwaeh,Zoë Rushing,2024-09-22 18:46:10 UTC,2024-10-04 10:45:05 UTC,research,,https://www.inaturalist.org/observations/243408115,https://static.inaturalist.org/photos/434025394/medium.jpeg,,"",,2,0,false,2,"Madison, MS 39110, USA",32.5189009722,-90.1029039722,,,,,,,,false,gps,gps,Kudzu Bug,Megacopta cribraria,Kudzu Bug,Insecta,209176
243441679,e8c25ae0-2aa2-4cc9-bf66-ef54fdccfc08,2024-09-22 16:40:57-04:00,2024-09-22,2024-09-22 20:40:57 UTC,Eastern Time (US & Canada),4538601,wightcrow,,2024-09-22 21:07:36 UTC,2024-10-04 10:45:05 UTC,research,CC-BY-NC,https://www.inaturalist.org/observations/243441679,https://inaturalist-open-data.s3.amazonaws.com/photos/434088666/medium.jpeg,,"","",2,0,false,3,"Peachtree St NE, Atlanta, GA, US",33.7596633333,-84.3885333333,35,,,,35,,,false,,,Kudzu Bug,Megacopta cribraria,Kudzu Bug,Insecta,209176
243488930,9dab97f0-56f2-455e-acdc-2771934c697b,Sun Sep 22 2024 20:04:49 GMT -0500 (CDT),2024-09-22,2024-09-23 01:04:49 UTC,Central Time (US & Canada),7923073,shadben,,2024-09-23 01:05:19 UTC,2024-10-04 10:45:04 UTC,research,CC-BY-NC,https://www.inaturalist.org/observations/243488930,https://inaturalist-open-data.s3.amazonaws.com/photos/434182423/medium.jpeg,,"",,2,0,false,333,"Mississippi, US",32.1480105233,-90.2985721468,100,,,,29146,obscured,,true,,,Kudzu Bug,Megacopta cribraria,Kudzu Bug,Insecta,209176
243630972,a77b85dc-805d-4d83-a31b-3bdd9e8021e3,2024-09-23 10:06:48,2024-09-23,2024-09-23 15:06:48 UTC,Central Time (US & Canada),2560382,loewenj,,2024-09-23 17:35:00 UTC,2024-10-04 10:45:03 UTC,research,CC-BY-NC,https://www.inaturalist.org/observations/243630972,https://inaturalist-open-data.s3.amazonaws.com/photos/434455996/medium.jpeg,,"",,2,0,false,2,"Auburn, AL, USA",32.5476314,-85.4832447,,,,,,,,false,gps,gps,Kudzu Bug,Megacopta cribraria,Kudzu Bug,Insecta,209176
243645679,23679738-ac0b-4e86-8000-a61f52a07080,2024-09-23 14:50:57-04:00,2024-09-23,2024-09-23 18:50:57 UTC,Eastern Time (US & Canada),8549702,allie77733,Allie Mitchem,2024-09-23 18:51:15 UTC,2024-10-04 10:45:02 UTC,research,,https://www.inaturalist.org/observations/243645679,https://static.inaturalist.org/photos/434483023/medium.jpeg,,"","",3,0,false,3,"Bowling Dr, Salem, VA, US",37.2754967027,-80.1141443477,8,,,,8,,,false,,,Kudzu Bug,Megacopta cribraria,Kudzu Bug,Insecta,209176
243645830,e9cea606-d8e3-47db-be51-e8c33dafcc7f,2024-09-23 14:51:20-04:00,2024-09-23,2024-09-23 18:51:20 UTC,Eastern Time (US & Canada),8549702,allie77733,Allie Mitchem,2024-09-23 18:52:10 UTC,2024-10-04 10:45:00 UTC,research,,https://www.inaturalist.org/observations/243645830,https://static.inaturalist.org/photos/434494997/medium.jpeg,,"","",3,0,false,3,"Roanoke River, Salem, VA, US",37.2755124187,-80.1140544099,4,,,,4,,,false,,,Kudzu Bug,Megacopta cribraria,Kudzu Bug,Insecta,209176
243663849,978a3d3c-db11-4d08-a114-a22778d1d884,2024-09-23 16:26:22,2024-09-23,2024-09-23 20:26:22 UTC,Eastern Time (US & Canada),4926487,argo_gentlehawk,A. Pohl,2024-09-23 20:29:19 UTC,2024-10-04 10:44:59 UTC,research,,https://www.inaturalist.org/observations/243663849,https://static.inaturalist.org/photos/434519204/medium.jpeg,,"",Male Kudzu Bug,2,0,false,2,"Lookout Valley, Chattanooga, TN, USA",35.0558436485,-85.3744470701,128369,,,,128369,,,false,,,Kudzu Bug,Megacopta cribraria,Kudzu Bug,Insecta,209176
243673164,7ecbeace-d2ac-4a11-ad4d-29a98b7d282c,2024-09-23 17:18:17-04:00,2024-09-23,2024-09-23 21:18:17 UTC,Eastern Time (US & Canada),1132270,birdsandbugs21,Nick Spigler,2024-09-23 21:18:49 UTC,2025-01-08 04:15:45 UTC,research,CC-BY-NC,https://www.inaturalist.org/observations/243673164,https://inaturalist-open-data.s3.amazonaws.com/photos/434536708/medium.jpeg,,"","",3,0,false,3,"Washington College, Chestertown, MD, US",39.21893,-76.0678333333,11,,,,11,,,false,,,Kudzu Bug,Megacopta cribraria,Kudzu Bug,Insecta,209176
243866802,d721005d-1d80-4be3-a8ce-9d0b30f0724f,2024/07/31 4:59 PM,2024-07-31,2024-07-31 21:59:00 UTC,Central Time (US & Canada),175524,hydrophilus,Eric C. Maxwell,2024-09-24 21:30:47 UTC,2024-10-04 10:44:58 UTC,research,CC-BY-NC-ND,https://www.inaturalist.org/observations/243866802,https://inaturalist-open-data.s3.amazonaws.com/photos/434883136/medium.jpg,,"",,2,0,false,,"Huntsville, AL, USA",34.728595,-86.6420383333,,,,,,,,false,,,Kudzu Bug,Megacopta cribraria,Kudzu Bug,Insecta,209176
243880931,f19a010a-f8a5-4f81-8896-2127ddc04f44,2024-09-24 18:15:18-05:00,2024-09-24,2024-09-24 23:15:18 UTC,Central Time (US & Canada),8499311,savannahsmith741,Savannah Smith,2024-09-24 23:17:02 UTC,2024-10-14 10:50:52 UTC,research,,https://www.inaturalist.org/observations/243880931,https://static.inaturalist.org/photos/434943542/medium.jpeg,,"","On a leaf, moves fast and fuzzy texture",1,0,false,3,"Cornelius Dr, Homewood, AL, US",33.4652313803,-86.7893366699,9,,,,9,,,false,,,Kudzu Bug,Megacopta cribraria,Kudzu Bug,Insecta,209176
243887204,48ceb337-b3ad-422a-98b7-033c63e5487c,2024-09-24 15:44:00-04:00,2024-09-24,2024-09-24 19:44:00 UTC,Eastern Time (US & Canada),2807184,northerly,northerly,2024-09-25 00:05:43 UTC,2025-05-26 23:09:17 UTC,research,CC-BY,https://www.inaturalist.org/observations/243887204,https://inaturalist-open-data.s3.amazonaws.com/photos/434953026/medium.jpeg,,"","",2,0,false,3,"Georgia, US",34.1828783086,-84.7827837253,7,,,,28874,obscured,,true,,,Kudzu Bug,Megacopta cribraria,Kudzu Bug,Insecta,209176
244029606,6f9ee42b-b871-4832-8799-7209bef67252,2024/09/25 4:11 PM,2024-09-25,2024-09-25 20:11:00 UTC,Eastern Time (US & Canada),7715703,alexisdodd1,Alexis Dodd,2024-09-25 20:12:46 UTC,2024-10-04 10:44:55 UTC,research,CC-BY-NC,https://www.inaturalist.org/observations/244029606,https://inaturalist-open-data.s3.amazonaws.com/photos/435231022/medium.jpg,,"",,2,0,false,,"1400 Spring Garden St, Greensboro, NC 27412, USA",36.0689296,-79.8101976,698,,,,698,,,false,,,Kudzu Bug,Megacopta cribraria,Kudzu Bug,Insecta,209176
244034130,ba5e295c-f056-44fd-8251-0f930fbc8a61,2024-09-25 15:35:06-04:00,2024-09-25,2024-09-25 19:35:06 UTC,Eastern Time (US & Canada),7928460,gvpire,,2024-09-25 20:41:25 UTC,2024-10-04 09:18:04 UTC,research,CC-BY-NC,https://www.inaturalist.org/observations/244034130,https://inaturalist-open-data.s3.amazonaws.com/photos/435240522/medium.jpeg,,"","",1,0,false,3,"Mars Hill University, Mars Hill, NC, US",35.826855,-82.5521166667,35,,,,35,,,false,,,Kudzu Bug,Megacopta cribraria,Kudzu Bug,Insecta,209176
244036940,97f68043-20eb-4c55-ab65-a8b8bc917f26,2024-09-25 16:00:55-05:00,2024-09-25,2024-09-25 21:00:55 UTC,Central Time (US & Canada),8499311,savannahsmith741,Savannah Smith,2024-09-25 21:01:35 UTC,2024-11-21 14:52:22 UTC,research,,https://www.inaturalist.org/observations/244036940,https://static.inaturalist.org/photos/435246185/medium.jpeg,,"","",2,0,false,3,"Samford University, Homewood, AL, US",33.4652736627,-86.7893193518,8,,,,8,,,false,,,Kudzu Bug,Megacopta cribraria,Kudzu Bug,Insecta,209176
244143595,169fb01e-abd3-4db1-8346-6f5e30d29c68,2024-09-26 10:13:58-05:00,2024-09-26,2024-09-26 15:13:58 UTC,Central Time (US & Canada),5730584,rylandwoman,,2024-09-26 15:17:16 UTC,2024-10-04 09:17:55 UTC,research,CC-BY-NC,https://www.inaturalist.org/observations/244143595,https://inaturalist-open-data.s3.amazonaws.com/photos/435462135/medium.jpeg,,"","",1,0,false,3,"Ryland Pike, Huntsville, AL, US",34.7708466667,-86.4758133333,4,,,,4,,,false,,,Kudzu Bug,Megacopta cribraria,Kudzu Bug,Insecta,209176
244208390,d1c26ec4-1d29-45bc-9694-3d7136d83f33,2024-08-30 13:48:00-04:00,2024-08-30,2024-08-30 17:48:00 UTC,Eastern Time (US & Canada),8555819,emilyme03,,2024-09-26 22:07:31 UTC,2024-10-04 09:17:54 UTC,research,CC-BY-NC,https://www.inaturalist.org/observations/244208390,https://inaturalist-open-data.s3.amazonaws.com/photos/435586893/medium.jpeg,,"","",1,0,false,3,"Galilee Rd, Smithfield, NC, US",35.4885633333,-78.38803,4,,,,4,,,false,,,Kudzu Bug,Megacopta cribraria,Kudzu Bug,Insecta,209176
244378466,d014c895-de62-4fa3-8f80-4005ea8c98af,2024-09-27 16:55:11-04:00,2024-09-27,2024-09-27 20:55:11 UTC,Eastern Time (US & Canada),2718352,caseylowder,,2024-09-27 20:55:24 UTC,2024-10-04 09:17:53 UTC,research,CC-BY-NC,https://www.inaturalist.org/observations/244378466,https://inaturalist-open-data.s3.amazonaws.com/photos/435898831/medium.jpeg,,"","",1,0,false,3,"E Red Cross Rd, Red Cross, NC, US",35.2664281861,-80.3494919125,35,,,,35,,,false,,,Kudzu Bug,Megacopta cribraria,Kudzu Bug,Insecta,209176
244482686,c4427310-50ea-4401-bb41-902d2a5ed11a,2024-09-19 12:31:05-05:00,2024-09-19,2024-09-19 17:31:05 UTC,Eastern Time (US & Canada),260400,danabarb,,2024-09-28 13:24:45 UTC,2024-10-04 09:17:45 UTC,research,CC-BY-NC,https://www.inaturalist.org/observations/244482686,https://inaturalist-open-data.s3.amazonaws.com/photos/436105582/medium.jpeg,,"","",2,0,false,3,"Great Smoky Mountains National Park, Gatlinburg, NC, US",35.6094149187,-83.4465332093,26,,,,26,,,false,,,Kudzu Bug,Megacopta cribraria,Kudzu Bug,Insecta,209176
244492957,48145085-467c-4811-ade3-b3c4e0db920d,2024-09-28 09:22:25-05:00,2024-09-28,2024-09-28 14:22:25 UTC,Central Time (US & Canada),6144834,gabe_groark,Gabe Groark,2024-09-28 14:24:51 UTC,2024-12-06 16:36:02 UTC,research,,https://www.inaturalist.org/observations/244492957,https://static.inaturalist.org/photos/436124879/medium.jpeg,,"","",1,0,false,3,"University Park Dr, Homewood, AL, US",33.4548026971,-86.8055212782,14,,,,14,,,false,,,Kudzu Bug,Megacopta cribraria,Kudzu Bug,Insecta,209176
244512756,00c1e80f-1834-408d-8db7-a4f73f121e9a,2024-09-28 09:21:58-05:00,2024-09-28,2024-09-28 14:21:58 UTC,Central Time (US & Canada),8496007,seth_hillis,Seth Hillis,2024-09-28 16:08:10 UTC,2024-10-04 09:17:38 UTC,research,,https://www.inaturalist.org/observations/244512756,https://static.inaturalist.org/photos/436161115/medium.jpeg,,"","",2,0,false,3,"Lakeshore Dr, Homewood, AL, US",33.4543638836,-86.8071886711,182,,,,182,,,false,,,Kudzu Bug,Megacopta cribraria,Kudzu Bug,Insecta,209176
244513595,1869c819-7ab5-4f8a-a159-e71c6a23a7ff,2024-09-28 12:11:27,2024-09-28,2024-09-28 16:11:27 UTC,Eastern Time (US & Canada),1155490,cjnraleigh,,2024-09-28 16:12:01 UTC,2024-10-04 09:17:34 UTC,research,CC-BY-NC,https://www.inaturalist.org/observations/244513595,https://inaturalist-open-data.s3.amazonaws.com/photos/436162392/medium.jpeg,,"",,2,0,false,2,"Brentwood, NC 27604, USA",35.81277984,-78.48904102,9,,,,9,,,false,,,Kudzu Bug,Megacopta cribraria,Kudzu Bug,Insecta,209176
244574799,46ffc2a0-fe48-4661-9d61-04b8dade2614,2024-09-28 14:43:44-04:00,2024-09-28,2024-09-28 18:43:44 UTC,Eastern Time (US & Canada),8516090,kristaa_1,,2024-09-28 21:31:06 UTC,2024-10-04 09:17:24 UTC,research,CC-BY-NC,https://www.inaturalist.org/observations/244574799,https://inaturalist-open-data.s3.amazonaws.com/photos/436279551/medium.jpeg,,"","",2,0,false,3,"Walton Heath Dr, Raeford, NC, US",35.0092416667,-79.1578221667,3,,,,3,,,false,,,Kudzu Bug,Megacopta cribraria,Kudzu Bug,Insecta,209176
244598560,bc0d2ee4-b0e5-46a0-9a11-3efcb60e97f0,2024-09-28 17:13:56-04:00,2024-09-28,2024-09-28 21:13:56 UTC,Eastern Time (US & Canada),8272845,hbarnhardt,H.Barnhardt,2024-09-28 23:52:10 UTC,2024-10-04 09:17:22 UTC,research,CC-BY-NC-ND,https://www.inaturalist.org/observations/244598560,https://inaturalist-open-data.s3.amazonaws.com/photos/436327581/medium.jpeg,,"","",2,0,false,3,"Creekside Park, Archdale, NC, US",35.897545,-79.931245,4,,,,4,,,false,,,Kudzu Bug,Megacopta cribraria,Kudzu Bug,Insecta,209176
244623353,0fb521bf-8477-4135-b0e3-1b4f824289b8,2024-09-28 15:14:29-04:00,2024-09-28,2024-09-28 19:14:29 UTC,Eastern Time (US & Canada),5536879,r_f_burns,Faith Burns,2024-09-29 02:58:59 UTC,2024-10-04 09:17:18 UTC,research,,https://www.inaturalist.org/observations/244623353,https://static.inaturalist.org/photos/436380041/medium.jpeg,,"",Juvenile,1,0,false,3,"Bluffs Pkwy, Canton, GA, US",34.2571616667,-84.473695,4,,,,4,,,false,,,Kudzu Bug,Megacopta cribraria,Kudzu Bug,Insecta,209176
244623665,3e5be877-9500-4ff1-b2ae-447527a7f9a2,2024-09-28 15:35:33-04:00,2024-09-28,2024-09-28 19:35:33 UTC,Eastern Time (US & Canada),5536879,r_f_burns,Faith Burns,2024-09-29 03:01:30 UTC,2024-10-04 09:17:10 UTC,research,,https://www.inaturalist.org/observations/244623665,https://static.inaturalist.org/photos/436380188/medium.jpeg,,"","",1,0,false,3,"Bluffs Pkwy, Canton, GA, US",34.257145,-84.4736783333,8,,,,8,,,false,,,Kudzu Bug,Megacopta cribraria,Kudzu Bug,Insecta,209176
244659856,d02571b2-ea71-411b-89b0-16f546c3b0ac,2024-09-27 11:36:17-04:00,2024-09-27,2024-09-27 15:36:17 UTC,Eastern Time (US & Canada),8225513,wiregrasser,,2024-09-29 09:26:57 UTC,2024-10-04 09:17:07 UTC,research,CC-BY,https://www.inaturalist.org/observations/244659856,https://inaturalist-open-data.s3.amazonaws.com/photos/436454789/medium.jpeg,,"","",1,0,false,3,"Greenbriar Cir, Decatur, GA, US",33.8089496301,-84.2621505623,33,,,,33,,,false,,,Kudzu Bug,Megacopta cribraria,Kudzu Bug,Insecta,209176
244701847,7844cc4f-a463-45c1-af76-190533b96066,Sun Sep 29 2024 10:37:20 GMT -0400 (EDT),2024-09-29,2024-09-29 14:37:20 UTC,Eastern Time (US & Canada),8331083,dawnotd14,"",2024-09-29 14:37:28 UTC,2024-10-04 09:17:02 UTC,research,CC-BY-NC,https://www.inaturalist.org/observations/244701847,https://inaturalist-open-data.s3.amazonaws.com/photos/436536201/medium.jpeg,,"",,2,0,false,333,Asheboro,35.6737823486,-79.9092407227,7,,,,7,,,false,,,Kudzu Bug,Megacopta cribraria,Kudzu Bug,Insecta,209176
244794410,91cb7e7d-c83b-47ce-bbc4-0b2a48c0dbfe,2024-09-29 18:11:22-04:00,2024-09-29,2024-09-29 22:11:22 UTC,Eastern Time (US & Canada),1868593,hackberryhillfarm,Dustin LaClair,2024-09-29 22:12:14 UTC,2024-10-13 19:11:45 UTC,research,,https://www.inaturalist.org/observations/244794410,https://static.inaturalist.org/photos/441399819/medium.jpeg,,"","",2,0,false,3,"Hackberry Rd, Sutherlin, VA, US",36.599245,-79.1933966667,4,,,,4,,,false,,,Kudzu Bug,Megacopta cribraria,Kudzu Bug,Insecta,209176
244897181,3a3e9da5-9f6b-4223-9e38-07c656d2903c,2024-09-28 16:58:38,2024-09-28,2024-09-28 21:58:38 UTC,Central Time (US & Canada),6528669,gdunham28,Gabrielle Dunham,2024-09-30 13:34:55 UTC,2024-10-04 09:17:00 UTC,research,CC-BY-NC,https://www.inaturalist.org/observations/244897181,https://inaturalist-open-data.s3.amazonaws.com/photos/436918942/medium.jpeg,,"",,2,0,false,2,"Auburn, AL, USA",32.5846423997,-85.4763434997,,,,,,,,false,gps,gps,Kudzu Bug,Megacopta cribraria,Kudzu Bug,Insecta,209176
244912938,01a04b67-b58f-4ebc-a188-8cac9e292d23,2024-09-27 14:33:46,2024-09-27,2024-09-27 18:33:46 UTC,Eastern Time (US & Canada),7761874,egdolensky,,2024-09-30 15:22:44 UTC,2024-10-04 09:16:59 UTC,research,CC-BY,https://www.inaturalist.org/observations/244912938,https://inaturalist-open-data.s3.amazonaws.com/photos/436949323/medium.jpeg,,"",,2,0,false,2,"Athens, GA 30605, USA",33.9539480997,-83.3678955,,,,,,,,false,gps,gps,Kudzu Bug,Megacopta cribraria,Kudzu Bug,Insecta,209176
244970044,bfa1283f-c58c-4d68-995b-90002e6661a8,2024-09-30 15:09:30-04:00,2024-09-30,2024-09-30 19:09:30 UTC,Eastern Time (US & Canada),8560626,laura_zuniga1,Laura Zuniga,2024-09-30 21:21:59 UTC,2024-10-04 09:16:55 UTC,research,,https://www.inaturalist.org/observations/244970044,https://static.inaturalist.org/photos/437058538/medium.jpeg,,"","",2,0,false,3,"Oak Hill Dr, Athens, GA, US",33.9741133333,-83.3571466667,6,,,,6,,,false,,,Kudzu Bug,Megacopta cribraria,Kudzu Bug,Insecta,209176
245055903,54f68485-0ade-49d4-86b8-0e40f9b6d69d,2024-09-28 16:06:16-04:00,2024-09-28,2024-09-28 20:06:16 UTC,Eastern Time (US & Canada),3220427,mwmacgil16,,2024-10-01 12:00:57 UTC,2024-10-04 09:16:50 UTC,research,CC-BY-NC,https://www.inaturalist.org/observations/245055903,https://inaturalist-open-data.s3.amazonaws.com/photos/437226494/medium.jpeg,,"","",3,0,false,3,"S Stafford St, Arlington, VA, US",38.85298,-77.0984416667,21,,,,21,,,false,,,Kudzu Bug,Megacopta cribraria,Kudzu Bug,Insecta,209176
245136451,fb73e948-7c26-4d6e-a191-cda0f63f1704,Tue Oct 01 2024 17:13:56 GMT -0400 (EDT),2024-10-01,2024-10-01 21:13:56 UTC,Eastern Time (US & Canada),7138799,zrmeyers91,,2024-10-01 21:14:07 UTC,2024-10-09 14:11:57 UTC,research,CC-BY-NC,https://www.inaturalist.org/observations/245136451,https://inaturalist-open-data.s3.amazonaws.com/photos/440020466/medium.jpeg,,"",,1,0,false,333,"Barrow County, US-GA, US",33.9670715332,-83.5851211548,24,,,,24,,,false,,,Kudzu Bug,Megacopta cribraria,Kudzu Bug,Insecta,209176
245137758,78a2f0e9-38db-491b-8f5c-35e917e5e1d5,Tue Oct 01 2024 16:22:33 GMT -0500 (CDT),2024-10-01,2024-10-01 21:22:33 UTC,Central Time (US & Canada),7850902,plantmancoach,,2024-10-01 21:22:39 UTC,2024-10-02 14:41:22 UTC,research,CC-BY-NC,https://www.inaturalist.org/observations/245137758,https://inaturalist-open-data.s3.amazonaws.com/photos/437382344/medium.jpeg,,"",,1,0,false,333,Sparta,35.9885864258,-85.583152771,16,,,,16,,,false,,,Kudzu Bug,Megacopta cribraria,Kudzu Bug,Insecta,209176
245161405,7b60177b-96a5-4030-a29d-a200b39d45ac,2024-09-30 14:32:57-05:00,2024-09-30,2024-09-30 19:32:57 UTC,Central Time (US & Canada),6336194,jimmystiles,,2024-10-02 00:37:40 UTC,2024-10-04 09:16:49 UTC,research,CC-BY-NC,https://www.inaturalist.org/observations/245161405,https://inaturalist-open-data.s3.amazonaws.com/photos/437431090/medium.jpeg,,"","",2,0,false,3,"Walker Dr, Springville, AL, US",33.7662,-86.4774083333,17,,,,17,,,false,,,Kudzu Bug,Megacopta cribraria,Kudzu Bug,Insecta,209176
245188124,5dd403f7-dc0a-4fa6-ae73-d0aa1cddcaf7,2024-09-29 16:34:27-04:00,2024-09-29,2024-09-29 20:34:27 UTC,Eastern Time (US & Canada),9432,ashley_bradford,Ashley M Bradford,2024-10-02 05:07:22 UTC,2024-10-04 09:16:48 UTC,research,CC-BY-NC,https://www.inaturalist.org/observations/245188124,https://inaturalist-open-data.s3.amazonaws.com/photos/437486123/medium.jpeg,,"","",1,0,false,3,"Cherohala Skyway, Tellico Plains, TN, US",35.36663,-84.2975783333,202,,,,202,,,false,,,Kudzu Bug,Megacopta cribraria,Kudzu Bug,Insecta,209176
245190903,51025bf6-8a50-4244-bf97-7748cdc90fbd,2024-09-29 16:29:32-04:00,2024-09-29,2024-09-29 20:29:32 UTC,Eastern Time (US & Canada),9432,ashley_bradford,Ashley M Bradford,2024-10-02 05:51:35 UTC,2024-10-02 14:39:13 UTC,research,CC-BY-NC,https://www.inaturalist.org/observations/245190903,https://inaturalist-open-data.s3.amazonaws.com/photos/437490953/medium.jpeg,,"",On soybean plants,1,0,false,3,"Tellico Plains, TN, US",35.3674283333,-84.2964166667,4,,,,4,,,false,,,Kudzu Bug,Megacopta cribraria,Kudzu Bug,Insecta,209176
245193563,c892c52e-134b-4dfe-940e-328deededcda,2024-09-29 16:29:12-04:00,2024-09-29,2024-09-29 20:29:12 UTC,Eastern Time (US & Canada),9432,ashley_bradford,Ashley M Bradford,2024-10-02 06:33:22 UTC,2024-10-02 14:39:15 UTC,research,CC-BY-NC,https://www.inaturalist.org/observations/245193563,https://inaturalist-open-data.s3.amazonaws.com/photos/437496389/medium.jpeg,,"","",1,0,false,3,"Tellico Plains, TN, US",35.367425,-84.2964166667,4,,,,4,,,false,,,Kudzu Bug,Megacopta cribraria,Kudzu Bug,Insecta,209176
245279401,30f3f497-dd6f-4cde-a21b-841035eca5f5,2024-10-02 14:05:45-04:00,2024-10-02,2024-10-02 18:05:45 UTC,Eastern Time (US & Canada),8509041,snwalker,,2024-10-02 19:05:36 UTC,2024-10-04 09:16:41 UTC,research,CC-BY-NC,https://www.inaturalist.org/observations/245279401,https://inaturalist-open-data.s3.amazonaws.com/photos/437659519/medium.jpeg,,"","",2,0,false,3,"Brown Rd, Oakdale, TN, US",35.986692734,-84.5711692909,34,,,,34,,,false,,,Kudzu Bug,Megacopta cribraria,Kudzu Bug,Insecta,209176
245304227,df81cc18-6873-474c-8242-4adf03bbab4e,2024-10-02 17:47:47-04:00,2024-10-02,2024-10-02 21:47:47 UTC,Eastern Time (US & Canada),5357364,eileen222,Eileen K. Brandon,2024-10-02 21:47:59 UTC,2024-10-04 09:16:34 UTC,research,,https://www.inaturalist.org/observations/245304227,https://static.inaturalist.org/photos/437879552/medium.jpeg,,"","",1,0,false,3,"F St NE, Washington, DC, US",38.8973849933,-77.0045180332,50,,,,50,,,false,,,Kudzu Bug,Megacopta cribraria,Kudzu Bug,Insecta,209176
245304478,ad9c0e55-ceb3-4e9c-867b-091610d211d1,2024-10-02 16:46:15-05:00,2024-10-02,2024-10-02 21:46:15 UTC,Central Time (US & Canada),8227630,violet0177,,2024-10-02 21:49:22 UTC,2024-10-04 17:25:54 UTC,research,CC-BY-NC,https://www.inaturalist.org/observations/245304478,https://inaturalist-open-data.s3.amazonaws.com/photos/437707689/medium.jpeg,,"","",1,0,false,3,"The Links at Redstone, Huntsville, AL, US",34.6992935,-86.6652515,14830,,,,14830,,,false,,,Kudzu Bug,Megacopta cribraria,Kudzu Bug,Insecta,209176
245306878,b4452b4e-7858-4fbd-a316-1a57090bd06f,2024-10-02 17:43:44,2024-10-02,2024-10-02 21:43:44 UTC,Eastern Time (US & Canada),5799120,andrew2285,"",2024-10-02 22:05:04 UTC,2025-02-03 15:20:45 UTC,research,,https://www.inaturalist.org/observations/245306878,https://static.inaturalist.org/photos/437712121/medium.jpeg,,"",,1,0,false,2,"District of Columbia, District of Columbia County, US",38.92411406,-77.04676237,5,,,,5,,,false,,,Kudzu Bug,Megacopta cribraria,Kudzu Bug,Insecta,209176
245409462,481ea798-082c-4c16-92d5-51184ce327eb,2024-10-03,2024-10-03,,Eastern Time (US & Canada),7756863,emeraldsilhouette,Maya Keller,2024-10-03 15:12:00 UTC,2024-10-04 09:16:11 UTC,research,,https://www.inaturalist.org/observations/245409462,https://static.inaturalist.org/photos/437918732/medium.jpeg,,"",,1,0,false,2,"Stokesdale, NC 27357, USA",36.2773952062,-79.9433543533,193,,,,193,,,false,gps,gps,Kudzu Bug,Megacopta cribraria,Kudzu Bug,Insecta,209176
245436991,aeff4e46-8c1f-47d1-8e16-7af1a95d727f,2024-10-03 13:56:54,2024-10-03,2024-10-03 17:56:54 UTC,Eastern Time (US & Canada),7761629,michael86603,Michael Morris,2024-10-03 17:57:48 UTC,2024-12-02 19:16:42 UTC,research,,https://www.inaturalist.org/observations/245436991,https://static.inaturalist.org/photos/437968705/medium.jpeg,,"",,2,0,false,2,"Robertson Residence Hall, Cullowhee, NC 28723, USA",35.3103333333,-83.1744566667,6,,,,6,,,false,,,Kudzu Bug,Megacopta cribraria,Kudzu Bug,Insecta,209176
245486915,4e1f645f-440d-481e-a51d-7651e7e3f768,2024-10-02 14:19:03-05:00,2024-10-02,2024-10-02 19:19:03 UTC,Central Time (US & Canada),3043373,fruitnotanacorn,,2024-10-03 23:07:07 UTC,2024-10-04 09:16:09 UTC,research,CC-BY-NC,https://www.inaturalist.org/observations/245486915,https://inaturalist-open-data.s3.amazonaws.com/photos/438068754/medium.jpeg,,"","",2,0,false,3,"Town Creek Park, Auburn, AL, US",32.581825,-85.4769366667,4,,,,4,,,false,,,Kudzu Bug,Megacopta cribraria,Kudzu Bug,Insecta,209176
245486956,82fd3f84-233f-4c9a-9802-144ca93d562d,Thu Oct 03 2024 16:16:00 GMT -0500 (CDT),2024-10-03,2024-10-03 21:16:00 UTC,Central Time (US & Canada),6336492,abpost,abby poston,2024-10-03 23:07:29 UTC,2024-10-04 09:01:30 UTC,research,,https://www.inaturalist.org/observations/245486956,https://static.inaturalist.org/photos/438068813/medium.jpeg,,"",,2,0,false,333,Sparta,35.9267120361,-85.4639053345,,,,,,,,false,,,Kudzu Bug,Megacopta cribraria,Kudzu Bug,Insecta,209176
245493433,3f593f78-2c43-46dc-97ab-8b1e2ccf23c4,2024-10-03 13:07:51,2024-10-03,2024-10-03 17:07:51 UTC,Eastern Time (US & Canada),4134556,lmcconachie,LeslieMc,2024-10-04 00:05:55 UTC,2024-10-04 09:00:34 UTC,research,CC-BY-NC,https://www.inaturalist.org/observations/245493433,https://inaturalist-open-data.s3.amazonaws.com/photos/438082899/medium.jpeg,,"",,2,0,false,2,"Hayesville, NC 28904, USA",35.0401469997,-83.8147029997,,,,,,,,false,gps,gps,Kudzu Bug,Megacopta cribraria,Kudzu Bug,Insecta,209176
245620529,a727ef16-3fab-45c2-94b8-7a17c41885b4,Fri Oct 04 2024 15:37:40 GMT -0400 (EDT),2024-10-04,2024-10-04 19:37:40 UTC,Eastern Time (US & Canada),1582209,allich,Anna-Leigh Thomas,2024-10-04 19:38:50 UTC,2025-02-03 15:20:44 UTC,research,,https://www.inaturalist.org/observations/245620529,https://static.inaturalist.org/photos/438335251/medium.jpeg,,"",,1,0,false,333,"Georgia, US",34.0960369396,-83.3722439147,,,,,28874,obscured,,true,,,Kudzu Bug,Megacopta cribraria,Kudzu Bug,Insecta,209176
245680867,98b8ba37-3118-42a0-9b84-c2378e8feaa0,2024-10-04 17:21:09-04:00,2024-10-04,2024-10-04 21:21:09 UTC,Eastern Time (US & Canada),8468990,yes52213,Yes Bird,2024-10-05 03:29:22 UTC,2025-02-03 15:20:37 UTC,research,,https://www.inaturalist.org/observations/245680867,https://static.inaturalist.org/photos/438456466/medium.jpeg,,"","",2,0,false,3,"The University of Tennessee, Knoxville, TN, US",35.95373,-83.9316633333,10,,,,10,,,false,,,Kudzu Bug,Megacopta cribraria,Kudzu Bug,Insecta,209176
245698454,dc4b0f0f-b012-4b22-ba92-81e7ba31f6b4,Thu Sep 19 2024 21:29:54 GMT+0000 (Coordinated Universal Time),2024-09-19,2024-09-20 01:29:54 UTC,Eastern Time (US & Canada),1892239,dare_nc,"",2024-10-05 07:02:24 UTC,2025-02-03 15:20:43 UTC,research,CC-BY-NC,https://www.inaturalist.org/observations/245698454,https://inaturalist-open-data.s3.amazonaws.com/photos/438490567/medium.jpeg,,"",ecoEXPLORE Username: charlottepoole,1,0,false,349,"North Carolina, US",35.6543386919,-78.398731223,,,,,28649,obscured,,true,,,Kudzu Bug,Megacopta cribraria,Kudzu Bug,Insecta,209176
245747677,a9693e81-ab3b-4cdf-b231-db52a59abf58,2024-09-29 20:34:07-05:00,2024-09-29,2024-09-30 01:34:07 UTC,Central Time (US & Canada),4895964,maddiebee,,2024-10-05 14:39:03 UTC,2025-02-03 15:20:29 UTC,research,CC-BY-NC,https://www.inaturalist.org/observations/245747677,https://inaturalist-open-data.s3.amazonaws.com/photos/438585409/medium.jpeg,,"","",1,0,false,3,"Ace Ave, Starkville, MS, US",33.44453,-88.7929166667,4,,,,4,,,false,,,Kudzu Bug,Megacopta cribraria,Kudzu Bug,Insecta,209176
245791579,bbc1ffbc-c2d8-4784-a2f1-539f0e852af5,2024-10-05 14:26:40-04:00,2024-10-05,2024-10-05 18:26:40 UTC,Eastern Time (US & Canada),6129953,alexandra_watts1,Alexandra Watts,2024-10-05 18:28:16 UTC,2025-02-03 15:20:28 UTC,research,,https://www.inaturalist.org/observations/245791579,https://static.inaturalist.org/photos/438667200/medium.jpeg,,"","",2,0,false,3,"Shawnee Ct, Parkville, MD, US",39.4123597321,-76.5278757263,9,,,,9,,,false,,,Kudzu Bug,Megacopta cribraria,Kudzu Bug,Insecta,209176
245794149,f1007388-cbe1-4f3e-99e0-d48c300b3df7,2024-10-05 13:39:19-05:00,2024-10-05,2024-10-05 18:39:19 UTC,Central Time (US & Canada),8221572,eddiepatunia,,2024-10-05 18:41:49 UTC,2025-02-03 15:20:20 UTC,research,CC-BY-NC,https://www.inaturalist.org/observations/245794149,https://inaturalist-open-data.s3.amazonaws.com/photos/438671995/medium.jpeg,,"","",1,0,false,3,"Rocky Ford Rd, Hokes Bluff, AL, US",34.001069445,-85.8290333333,2,,,,2,,,false,,,Kudzu Bug,Megacopta cribraria,Kudzu Bug,Insecta,209176
245798775,0d8ffd9c-66cf-4743-bda5-5ebc700df5cd,2024-10-05 09:28:09,2024-10-05,2024-10-05 14:28:09 UTC,Central Time (US & Canada),1709917,emmerson_cray,Emmy Delekta,2024-10-05 19:05:42 UTC,2024-10-08 03:37:33 UTC,research,CC-BY-NC,https://www.inaturalist.org/observations/245798775,https://inaturalist-open-data.s3.amazonaws.com/photos/438680965/medium.jpeg,,"",These were all over the kudzu. ,1,0,false,843,"Waverly Pkwy, Opelika, AL, US",32.653555,-85.432525,4,,,,4,,,false,,,Kudzu Bug,Megacopta cribraria,Kudzu Bug,Insecta,209176
245801862,0df1ca10-ca3d-4db0-a029-40339ebb3547,2024-10-05 15:22:13-04:00,2024-10-05,2024-10-05 19:22:13 UTC,Eastern Time (US & Canada),5178278,mabuva2021,,2024-10-05 19:22:31 UTC,2025-02-03 15:20:18 UTC,research,CC-BY-NC,https://www.inaturalist.org/observations/245801862,https://inaturalist-open-data.s3.amazonaws.com/photos/438687484/medium.jpeg,,"","",1,0,false,3,"Liberty University, Lynchburg, VA, US",37.3374508358,-79.179744163,35,,,,35,,,false,,,Kudzu Bug,Megacopta cribraria,Kudzu Bug,Insecta,209176
245874895,020fffa6-a2ea-4fc1-84a5-e044892d5290,2024-10-05 14:02:00,2024-10-05,2024-10-05 18:02:00 UTC,Eastern Time (US & Canada),2844506,cmeinecke,Colton Meinecke,2024-10-06 03:05:08 UTC,2024-10-06 21:01:13 UTC,research,CC-BY-NC,https://www.inaturalist.org/observations/245874895,https://inaturalist-open-data.s3.amazonaws.com/photos/438831661/medium.jpeg,,"",,1,0,false,2,"Cleveland, GA 30528, USA",34.5973166667,-83.7627055556,,,,,,,,false,gps,gps,Kudzu Bug,Megacopta cribraria,Kudzu Bug,Insecta,209176
245888699,70a3bcee-a30b-4306-a610-f7000fee9a4b,2024-10-04 15:42:08,2024-10-04,2024-10-04 20:42:08 UTC,Central Time (US & Canada),41724,codye6089,Cody English,2024-10-06 05:11:12 UTC,2025-02-03 15:20:15 UTC,research,,https://www.inaturalist.org/observations/245888699,https://static.inaturalist.org/photos/438858462/medium.jpeg,,"",,1,0,false,2,"Pomona, IL 62975, USA",37.6861972222,-89.4065083333,,,,,,,,false,gps,gps,Kudzu Bug,Megacopta cribraria,Kudzu Bug,Insecta,209176
245958803,88c331dc-c6d6-482c-8d36-cd066d85101a,2024-10-06 10:55:28,2024-10-06,2024-10-06 14:55:28 UTC,Eastern Time (US & Canada),454536,jmgconsult,Jenny Glenn,2024-10-06 14:57:04 UTC,2025-02-03 15:20:14 UTC,research,CC-BY-NC,https://www.inaturalist.org/observations/245958803,https://inaturalist-open-data.s3.amazonaws.com/photos/438996699/medium.jpeg,,"",On Kudzu,1,0,false,2,"Prince George's County, US-MD, US",38.9237652338,-76.9370503351,4,,,,4,,,false,,,Kudzu Bug,Megacopta cribraria,Kudzu Bug,Insecta,209176
245958960,d8f0d888-4e2a-4fbb-9159-e5a1e8d43806,2024-10-06 10:55:31,2024-10-06,2024-10-06 14:55:31 UTC,Eastern Time (US & Canada),454536,jmgconsult,Jenny Glenn,2024-10-06 14:58:09 UTC,2025-02-03 15:20:08 UTC,research,CC-BY-NC,https://www.inaturalist.org/observations/245958960,https://inaturalist-open-data.s3.amazonaws.com/photos/438997010/medium.jpeg,,"",On Kudzu,1,0,false,2,"Hyattsville, MD 20781, USA",38.9236721142,-76.9368555397,10,,,,10,,,false,gps,gps,Kudzu Bug,Megacopta cribraria,Kudzu Bug,Insecta,209176
245979532,62519847-7a62-4228-bd61-7ffa797a566f,2024/04/15 12:07 PM,2024-04-15,2024-04-15 16:07:00 UTC,Eastern Time (US & Canada),8554970,parasiticwasp,Laine Young,2024-10-06 16:44:45 UTC,2025-02-03 15:19:46 UTC,research,CC-BY-NC,https://www.inaturalist.org/observations/245979532,https://inaturalist-open-data.s3.amazonaws.com/photos/439036238/medium.jpeg,,"",,2,0,false,,"522 N Old Carriage Rd, Rocky Mount, NC 27804, USA",35.9775123,-77.8997344,191,,,,191,,,false,,,Kudzu Bug,Megacopta cribraria,Kudzu Bug,Insecta,209176
245992593,b53ee20d-f2c7-4371-bfb7-8583d9935e08,2024-10-06 13:51:35-04:00,2024-10-06,2024-10-06 17:51:35 UTC,Eastern Time (US & Canada),8503354,symmonsa,,2024-10-06 17:51:58 UTC,2025-02-07 22:31:33 UTC,research,CC-BY-NC,https://www.inaturalist.org/observations/245992593,https://inaturalist-open-data.s3.amazonaws.com/photos/439061131/medium.jpeg,,"","",1,0,false,3,"Hillsborough St, Chapel Hill, NC, US",35.9196033333,-79.0543833333,3,,,,3,,,false,,,Kudzu Bug,Megacopta cribraria,Kudzu Bug,Insecta,209176
246031209,2eb8e5a4-abda-4818-9a39-44b929eaa30b,2024-10-06 16:00:05,2024-10-06,2024-10-06 20:00:05 UTC,Eastern Time (US & Canada),2248202,lawsoncope,Lawson Cope,2024-10-06 21:06:24 UTC,2025-02-03 15:19:42 UTC,research,CC-BY,https://www.inaturalist.org/observations/246031209,https://inaturalist-open-data.s3.amazonaws.com/photos/439137758/medium.jpeg,,"",,1,0,false,2,"Clayton, NC 27520, USA",35.5895769997,-78.4975673997,,,,,,,,false,gps,gps,Kudzu Bug,Megacopta cribraria,Kudzu Bug,Insecta,209176
246155705,60d516a4-b72f-4511-90ee-2dee1d06fef9,2024-10-07 09:58:53-04:00,2024-10-07,2024-10-07 13:58:53 UTC,Eastern Time (US & Canada),7494399,gabriellep,,2024-10-07 13:59:16 UTC,2025-02-03 15:19:42 UTC,research,CC-BY-NC,https://www.inaturalist.org/observations/246155705,https://inaturalist-open-data.s3.amazonaws.com/photos/439386073/medium.jpeg,,"","",1,0,false,3,"Woodburn Rd, Flintstone, GA, US",34.9741672862,-85.3372803849,28,,,,28,,,false,,,Kudzu Bug,Megacopta cribraria,Kudzu Bug,Insecta,209176
246198550,bdc3ed78-e39e-472c-9ef6-b2181d7b715b,Mon Oct 07 2024 13:31:02 GMT -0500 (CDT),2024-10-07,2024-10-07 18:31:02 UTC,Central Time (US & Canada),3579767,bcornels,,2024-10-07 18:31:36 UTC,2025-04-05 11:55:41 UTC,research,CC-BY-NC,https://www.inaturalist.org/observations/246198550,https://inaturalist-open-data.s3.amazonaws.com/photos/439843187/medium.jpeg,,"",,1,0,false,333,United States,35.1521771775,-89.991917812,5,,,,28734,obscured,,true,,,Kudzu Bug,Megacopta cribraria,Kudzu Bug,Insecta,209176
246200289,59f2c49a-bcea-4378-8fe2-3aff645fd891,2024-10-07 14:42:10-04:00,2024-10-07,2024-10-07 18:42:10 UTC,Eastern Time (US & Canada),8655860,manperson,,2024-10-07 18:42:53 UTC,2025-08-21 17:32:32 UTC,research,CC-BY-NC,https://www.inaturalist.org/observations/246200289,https://inaturalist-open-data.s3.amazonaws.com/photos/439472358/medium.jpeg,,"","",1,0,false,3,"Swan Lake, Travelers Rest, SC, US",34.9252527384,-82.4431479839,78,,,,78,,,false,,,Kudzu Bug,Megacopta cribraria,Kudzu Bug,Insecta,209176
246214920,3c01e280-1f9c-4c33-8fd6-a60d5e994b08,2024-10-07 16:10:22,2024-10-07,2024-10-07 20:10:22 UTC,Eastern Time (US & Canada),250465,jeff31,Jeff Lahr,2024-10-07 20:13:45 UTC,2024-10-08 11:22:33 UTC,research,CC-BY,https://www.inaturalist.org/observations/246214920,https://inaturalist-open-data.s3.amazonaws.com/photos/439501415/medium.jpeg,,"",,1,0,false,2,"Waynesville, NC 28785, USA",35.5966572997,-82.9764612,,,,,,,,false,gps,gps,Kudzu Bug,Megacopta cribraria,Kudzu Bug,Insecta,209176
246247083,db7b341c-bf97-45ab-98bf-a278b3327ce7,2024/10/06 10:49 AM,2024-10-06,2024-10-06 14:49:00 UTC,Eastern Time (US & Canada),454536,jmgconsult,Jenny Glenn,2024-10-08 00:24:27 UTC,2024-10-08 10:53:10 UTC,research,CC-BY-NC,https://www.inaturalist.org/observations/246247083,https://inaturalist-open-data.s3.amazonaws.com/photos/439565168/medium.jpeg,,"",,1,0,false,,"Northeast Washington, Washington, DC, USA",38.9129904979,-76.9431044035,181,,,,181,,,false,,,Kudzu Bug,Megacopta cribraria,Kudzu Bug,Insecta,209176
246253536,10da6422-833b-4031-99ee-c9802a9dfd28,2024/10/07 1:43 PM,2024-10-07,2024-10-07 17:43:00 UTC,Eastern Time (US & Canada),2629756,waynesweeds,Wayne Longbottom,2024-10-08 01:09:39 UTC,2024-10-08 10:51:53 UTC,research,CC-BY-NC,https://www.inaturalist.org/observations/246253536,https://inaturalist-open-data.s3.amazonaws.com/photos/439575010/medium.jpg,,"",,1,0,false,,"Montgomery County, MD, USA",39.0886027778,-77.4424111111,,,,,,,,false,,,Kudzu Bug,Megacopta cribraria,Kudzu Bug,Insecta,209176
246253538,d797efae-0b66-40e4-9148-13f3bb798f5f,2024/10/07 1:43 PM,2024-10-07,2024-10-07 17:43:00 UTC,Eastern Time (US & Canada),2629756,waynesweeds,Wayne Longbottom,2024-10-08 01:09:39 UTC,2025-02-03 15:19:34 UTC,research,CC-BY-NC,https://www.inaturalist.org/observations/246253538,https://inaturalist-open-data.s3.amazonaws.com/photos/439575016/medium.jpg,,"",,2,0,false,,"Montgomery County, MD, USA",39.0886583333,-77.4422388889,,,,,,,,false,,,Kudzu Bug,Megacopta cribraria,Kudzu Bug,Insecta,209176
246272569,78a15e59-9fda-40d9-ade0-d63929bcdd34,2024-10-06 11:31:34-04:00,2024-10-06,2024-10-06 15:31:34 UTC,Eastern Time (US & Canada),8646213,tanker-aviator-naturalist,"",2024-10-08 03:58:20 UTC,2024-10-08 10:50:27 UTC,research,CC-BY-NC,https://www.inaturalist.org/observations/246272569,https://inaturalist-open-data.s3.amazonaws.com/photos/439616619/medium.jpeg,,"","Cute bug, smells like stink bugs. Gives disease that kills kudzu, my favorite feature about this beetle. ",1,0,false,3,"Bailey Mill Rd, Travelers Rest, SC, US",35.0789528333,-82.39582,4,,,,4,,,false,,,Kudzu Bug,Megacopta cribraria,Kudzu Bug,Insecta,209176
246399511,64b273d7-e97f-4c31-8e02-b2ab01e00097,2024/10/07 5:08 PM,2024-10-07,2024-10-07 21:08:00 UTC,Eastern Time (US & Canada),8251862,bullhillnaturalist,,2024-10-09 00:05:04 UTC,2025-02-03 15:19:33 UTC,research,CC-BY-NC,https://www.inaturalist.org/observations/246399511,https://inaturalist-open-data.s3.amazonaws.com/photos/439871690/medium.jpeg,,"","",2,0,false,,"Stanly County, NC, USA",35.2599982924,-80.3282605066,4,,,,4,,,false,,,Kudzu Bug,Megacopta cribraria,Kudzu Bug,Insecta,209176
246455642,b9506eff-d9c5-40d4-bab6-7792ffb0216a,2024-10-06 15:08:35-04:00,2024-10-06,2024-10-06 19:08:35 UTC,Eastern Time (US & Canada),6504550,forest--dweller,forest—dweller,2024-10-09 11:33:07 UTC,2025-06-17 15:02:45 UTC,research,CC-BY-NC,https://www.inaturalist.org/observations/246455642,https://inaturalist-open-data.s3.amazonaws.com/photos/439987079/medium.jpeg,,"","",2,0,false,3,"North Carolina, US",35.4633099191,-82.4747237174,4,,,,28677,obscured,,true,,,Kudzu Bug,Megacopta cribraria,Kudzu Bug,Insecta,209176
246467331,8de0eb3f-2609-4382-8f70-5d5d06a5fa5b,2024-10-08 16:58:31-04:00,2024-10-08,2024-10-08 20:58:31 UTC,Eastern Time (US & Canada),8475253,garvey3,,2024-10-09 13:25:49 UTC,2024-10-09 20:46:00 UTC,research,CC-BY-NC,https://www.inaturalist.org/observations/246467331,https://inaturalist-open-data.s3.amazonaws.com/photos/440009412/medium.jpeg,,"","",1,0,false,3,"Cochran Rd, Clemson, SC, US",34.69207,-82.8249966667,3,,,,3,,,false,,,Kudzu Bug,Megacopta cribraria,Kudzu Bug,Insecta,209176
246494615,a5f8b8bd-e9f3-4fe8-b4de-275a71541142,2024-10-07 14:53:20-04:00,2024-10-07,2024-10-07 18:53:20 UTC,Eastern Time (US & Canada),6504550,forest--dweller,forest—dweller,2024-10-09 16:41:01 UTC,2025-06-17 15:03:09 UTC,research,CC-BY-NC,https://www.inaturalist.org/observations/246494615,https://inaturalist-open-data.s3.amazonaws.com/photos/440061525/medium.jpeg,,"","",1,0,false,3,"North Carolina, US",35.4459880705,-82.4039890833,10,,,,28677,obscured,,true,,,Kudzu Bug,Megacopta cribraria,Kudzu Bug,Insecta,209176
246521016,02a01189-50f5-483f-adbd-b0a14a9c2d18,2024-10-09 14:36:24,2024-10-09,2024-10-09 19:36:24 UTC,Central Time (US & Canada),372109,norabeck,Nora Beck,2024-10-09 19:47:03 UTC,2024-10-09 21:46:31 UTC,research,CC-BY-NC,https://www.inaturalist.org/observations/246521016,https://inaturalist-open-data.s3.amazonaws.com/photos/440143349/medium.jpg,,"","",1,0,false,2,"Princeton, KY 42445, USA",37.1082979645,-87.8848803788,190,,,,190,,,false,gps,gps,Kudzu Bug,Megacopta cribraria,Kudzu Bug,Insecta,209176
246525002,b784f2a2-bc24-4def-a02d-4dcde626f13c,2024-10-09 16:17:48-04:00,2024-10-09,2024-10-09 20:17:48 UTC,Eastern Time (US & Canada),7146336,sandipepper,,2024-10-09 20:18:32 UTC,2024-10-09 20:38:11 UTC,research,CC-BY-NC,https://www.inaturalist.org/observations/246525002,https://inaturalist-open-data.s3.amazonaws.com/photos/440119470/medium.jpeg,,"","",1,0,false,3,"Walsh Ln, Fredericksburg, VA, US",38.310382376,-77.430481677,8,,,,8,,,false,,,Kudzu Bug,Megacopta cribraria,Kudzu Bug,Insecta,209176
246525764,923654e4-bc18-488f-9355-ce8a379e9164,2024-10-09 12:56:21-04:00,2024-10-09,2024-10-09 16:56:21 UTC,Eastern Time (US & Canada),8528676,adrianan_04,,2024-10-09 20:24:06 UTC,2025-08-21 17:11:11 UTC,research,CC-BY-NC,https://www.inaturalist.org/observations/246525764,https://inaturalist-open-data.s3.amazonaws.com/photos/440120683/medium.jpeg,,"","",1,0,false,3,"Georgia Gwinnett College, Lawrenceville, GA, US",33.9785083333,-84.0058833333,6,,,,6,,,false,,,Kudzu Bug,Megacopta cribraria,Kudzu Bug,Insecta,209176
246649395,375782fa-d188-45ae-b53b-4a126e286b69,Thu Oct 10 2024 13:03:24 GMT -0400 (EDT),2024-10-10,2024-10-10 17:03:24 UTC,Eastern Time (US & Canada),6360051,akbirder243,Levi Smith,2024-10-10 17:03:31 UTC,2024-10-14 10:50:27 UTC,research,CC-BY-NC,https://www.inaturalist.org/observations/246649395,https://inaturalist-open-data.s3.amazonaws.com/photos/440363940/medium.jpeg,,"",,1,0,false,333,Franklin,35.1603393555,-83.3815765381,62,,,,62,,,false,,,Kudzu Bug,Megacopta cribraria,Kudzu Bug,Insecta,209176
246649471,b31b05e4-a2ff-4012-afe5-2755c828ac1a,Thu Oct 10 2024 13:03:47 GMT -0400 (EDT),2024-10-10,2024-10-10 17:03:47 UTC,Eastern Time (US & Canada),6360051,akbirder243,Levi Smith,2024-10-10 17:03:53 UTC,2024-10-14 10:50:23 UTC,research,CC-BY-NC,https://www.inaturalist.org/observations/246649471,https://inaturalist-open-data.s3.amazonaws.com/photos/440364048/medium.jpeg,,"",,1,0,false,333,Franklin,35.1603393555,-83.3815689087,37,,,,37,,,false,,,Kudzu Bug,Megacopta cribraria,Kudzu Bug,Insecta,209176
246698216,64fd47ca-52a4-4082-ab2e-5e39187750cb,2024-10-10 16:11:14,2024-10-10,2024-10-10 20:11:14 UTC,Eastern Time (US & Canada),168645,tim122,Tim Lewis,2024-10-10 23:29:56 UTC,2024-10-10 23:55:19 UTC,research,CC-BY-NC,https://www.inaturalist.org/observations/246698216,https://inaturalist-open-data.s3.amazonaws.com/photos/440460400/medium.jpeg,,"",,1,0,false,2,"Whittier, NC 28789, USA",35.3928019091,-83.2901394106,5,,,,5,,,false,,,Kudzu Bug,Megacopta cribraria,Kudzu Bug,Insecta,209176
246726495,beeee14d-6c97-406e-a189-9f0decf7f7c7,2024-10-10 18:15:44-04:00,2024-10-10,2024-10-10 22:15:44 UTC,Eastern Time (US & Canada),2495472,dalekz,Alekz Cushman,2024-10-11 04:32:10 UTC,2024-10-11 12:43:25 UTC,research,,https://www.inaturalist.org/observations/246726495,https://static.inaturalist.org/photos/440519950/medium.jpeg,,"","",1,0,false,3,"University of Georgia, Athens, GA, US",33.9426883333,-83.3741216667,7,,,,7,,,false,,,Kudzu Bug,Megacopta cribraria,Kudzu Bug,Insecta,209176
246804269,358d2daa-d0fd-4654-ba5e-945a778bc86e,2024-10-11 14:05:53-04:00,2024-10-11,2024-10-11 18:05:53 UTC,Eastern Time (US & Canada),8504632,maryklein,,2024-10-11 18:08:58 UTC,2024-10-14 15:50:12 UTC,research,CC-BY-NC,https://www.inaturalist.org/observations/246804269,https://inaturalist-open-data.s3.amazonaws.com/photos/440672157/medium.jpeg,,"","",1,0,false,3,"The University of North Carolina at Chapel Hill, Chapel Hill, NC, US",35.9111434725,-79.0576513823,5,,,,5,,,false,,,Kudzu Bug,Megacopta cribraria,Kudzu Bug,Insecta,209176
246844147,12b211cd-5667-47b2-8983-a862be476d97,2024-10-11 18:04:23,2024-10-11,2024-10-11 22:04:23 UTC,Eastern Time (US & Canada),5799120,andrew2285,"",2024-10-11 22:52:10 UTC,2024-10-12 00:58:54 UTC,research,,https://www.inaturalist.org/observations/246844147,https://static.inaturalist.org/photos/440749182/medium.jpeg,,"",,1,0,false,2,"District of Columbia, District of Columbia County, US",38.9241298,-77.04670342,4,,,,4,,,false,,,Kudzu Bug,Megacopta cribraria,Kudzu Bug,Insecta,209176
246957707,dc59281f-4476-4376-9fef-49e72825a056,2024-10-12 12:56:44-04:00,2024-10-12,2024-10-12 16:56:44 UTC,Eastern Time (US & Canada),8566220,andrewkempf,,2024-10-12 16:58:49 UTC,2024-10-12 17:02:20 UTC,research,CC-BY-NC,https://www.inaturalist.org/observations/246957707,https://inaturalist-open-data.s3.amazonaws.com/photos/440971657/medium.jpeg,,"","",1,0,false,3,"Stadium Rd, Charlottesville, VA, US",38.0286894681,-78.5156177211,4,,,,4,,,false,,,Kudzu Bug,Megacopta cribraria,Kudzu Bug,Insecta,209176
246984658,dc98b989-23a1-45e6-a63c-3f4d8809f75e,Sat Oct 12 2024 14:35:19 GMT -0500 (CDT),2024-10-12,2024-10-12 19:35:19 UTC,Central Time (US & Canada),8296171,rachelmike,,2024-10-12 19:35:27 UTC,2024-10-14 10:50:20 UTC,research,CC-BY-NC,https://www.inaturalist.org/observations/246984658,https://inaturalist-open-data.s3.amazonaws.com/photos/441024480/medium.jpeg,,"",,1,0,false,333,Opelika,32.6497802734,-85.388420105,41,,,,41,,,false,,,Kudzu Bug,Megacopta cribraria,Kudzu Bug,Insecta,209176
246998130,f8c5ce23-42c7-4874-bf3a-aee5be5a9cc9,2024-10-12 16:49:48,2024-10-12,2024-10-12 20:49:48 UTC,Eastern Time (US & Canada),8172222,natalie53422,Natalie Grimmer,2024-10-12 20:51:32 UTC,2025-08-21 17:11:14 UTC,research,,https://www.inaturalist.org/observations/246998130,https://static.inaturalist.org/photos/441050492/medium.jpeg,,"",,1,0,false,2,"North Carolina, US",35.6115661616,-82.409177604,6,,,,28649,obscured,,true,gps,gps,Kudzu Bug,Megacopta cribraria,Kudzu Bug,Insecta,209176
247008718,643c5d59-abfa-4e5f-9e25-803e87c9ea81,Sat Oct 12 2024 16:54:08 GMT -0500 (CDT),2024-10-12,2024-10-12 21:54:08 UTC,Central Time (US & Canada),7494485,wmchristopher,,2024-10-12 21:54:25 UTC,2025-04-05 16:23:49 UTC,research,CC-BY-NC,https://www.inaturalist.org/observations/247008718,https://inaturalist-open-data.s3.amazonaws.com/photos/441072175/medium.jpeg,,"",,1,0,false,333,Huntsville,34.735168457,-86.567779541,90,,,,90,,,false,,,Megacopta cribraria,Megacopta cribraria,Kudzu Bug,Insecta,209176
247009440,a119e9e4-3b80-41c1-aaa3-178c5f82867d,Sat Oct 12 2024 13:22:50 GMT -0400 (EDT),2024-10-12,2024-10-12 17:22:50 UTC,Eastern Time (US & Canada),3437251,kkazanji,,2024-10-12 21:59:37 UTC,2024-10-13 01:31:34 UTC,research,CC-BY-NC,https://www.inaturalist.org/observations/247009440,https://inaturalist-open-data.s3.amazonaws.com/photos/441073763/medium.jpeg,,"",,1,0,false,333,Vale,35.5363235474,-81.5093078613,,,,,,,,false,,,Kudzu Bug,Megacopta cribraria,Kudzu Bug,Insecta,209176
247016418,d085a7d0-85fd-41fe-825e-884ce977fdf2,2024-10-12 12:49:48,2024-10-12,2024-10-12 16:49:48 UTC,Eastern Time (US & Canada),5182884,jurassicbro238,Alessandro Franchini,2024-10-12 22:48:12 UTC,2024-10-14 21:48:20 UTC,research,CC-BY,https://www.inaturalist.org/observations/247016418,https://inaturalist-open-data.s3.amazonaws.com/photos/441089017/medium.jpeg,,"",,1,0,false,2,"Collegedale, TN, USA",35.0440213997,-85.0561464,,,,,,,,false,gps,gps,Kudzu Bug,Megacopta cribraria,Kudzu Bug,Insecta,209176
247018594,e003da67-f04a-4bbe-8cdb-0d4116ab9f2e,2024-10-12 18:05:22-04:00,2024-10-12,2024-10-12 22:05:22 UTC,Eastern Time (US & Canada),8496359,briannamd33,,2024-10-12 23:03:51 UTC,2025-02-03 15:19:21 UTC,research,CC-BY-NC,https://www.inaturalist.org/observations/247018594,https://inaturalist-open-data.s3.amazonaws.com/photos/441093400/medium.jpeg,,"","",1,0,false,3,"Teaster Ln, Pigeon Forge, TN, US",35.8058133333,-83.5702666667,71,,,,71,,,false,,,Kudzu Bug,Megacopta cribraria,Kudzu Bug,Insecta,209176
247025387,4cd47f3f-cbbc-43e3-ae7e-2e5dd06de111,2024-10-12 19:56:08-04:00,2024-10-12,2024-10-12 23:56:08 UTC,Eastern Time (US & Canada),4606311,bugsinmypocket,Elijah M.,2024-10-12 23:56:34 UTC,2025-02-03 15:19:21 UTC,research,,https://www.inaturalist.org/observations/247025387,https://static.inaturalist.org/photos/441107064/medium.jpeg,,"","",2,0,false,3,"Park Ave N, Asheville, NC, US",35.5886466667,-82.56578,35,,,,35,,,false,,,Kudzu Bug,Megacopta cribraria,Kudzu Bug,Insecta,209176
247053149,054163da-bba1-48c2-a120-dc75ce099b3b,2024-10-12 23:23:31-04:00,2024-10-12,2024-10-13 03:23:31 UTC,Eastern Time (US & Canada),7710742,elijahfreeman19,,2024-10-13 03:25:02 UTC,2025-02-03 15:19:15 UTC,research,CC-BY-NC,https://www.inaturalist.org/observations/247053149,https://inaturalist-open-data.s3.amazonaws.com/photos/441162758/medium.jpeg,,"","",1,0,false,3,"Nicole Ln, Poplar Branch, NC, US",36.2611833333,-75.8858333333,3,,,,3,,,false,,,Kudzu Bug,Megacopta cribraria,Kudzu Bug,Insecta,209176
247139549,0d47130e-b582-4c52-90c6-176ad31a7329,Sun Oct 13 2024 12:13:17 GMT -0400 (EDT),2024-10-13,2024-10-13 16:13:17 UTC,Eastern Time (US & Canada),6272410,userkody,PoMan,2024-10-13 16:13:26 UTC,2025-04-11 19:21:17 UTC,research,CC-BY,https://www.inaturalist.org/observations/247139549,https://inaturalist-open-data.s3.amazonaws.com/photos/441333012/medium.jpeg,,"",,1,0,false,333,Gainesville,34.2460021973,-84.0177993774,4,,,,4,,,false,,,Kudzu Bug,Megacopta cribraria,Kudzu Bug,Insecta,209176
247147355,dd7a301d-809e-4af8-9522-cd2314bb2dba,2024-10-13 12:54:32-04:00,2024-10-13,2024-10-13 16:54:32 UTC,Eastern Time (US & Canada),5281276,shelbylynsanders,Shelby Lyn Sanders,2024-10-13 16:55:07 UTC,2024-10-13 17:24:16 UTC,research,CC-BY,https://www.inaturalist.org/observations/247147355,https://inaturalist-open-data.s3.amazonaws.com/photos/441347473/medium.jpeg,,"","",1,0,false,3,"E Magnolia Ave, Knoxville, TN, US",35.9759633333,-83.914345,4,,,,4,,,false,,,Kudzu Bug,Megacopta cribraria,Kudzu Bug,Insecta,209176
247158097,af9c4a71-42d7-4169-836c-3d7afd4aee01,2024-10-13 12:47:31-05:00,2024-10-13,2024-10-13 17:47:31 UTC,Central Time (US & Canada),6801327,lahubb,,2024-10-13 17:48:59 UTC,2024-10-14 01:12:51 UTC,research,CC-BY-NC,https://www.inaturalist.org/observations/247158097,https://inaturalist-open-data.s3.amazonaws.com/photos/441367164/medium.jpeg,,"",On an okra plant. ,1,0,false,3,"Mississippi, US",34.3144477098,-88.7189493542,4,,,,28846,obscured,,true,,,Kudzu Bug,Megacopta cribraria,Kudzu Bug,Insecta,209176
247176228,3f8dd19c-371f-497e-90fa-ca087dd14641,2024-10-13 14:20:26-05:00,2024-10-13,2024-10-13 19:20:26 UTC,Central Time (US & Canada),3137603,lmsmith7677,Lindsay Smith,2024-10-13 19:20:59 UTC,2025-02-03 15:19:04 UTC,research,CC-BY-NC,https://www.inaturalist.org/observations/247176228,https://inaturalist-open-data.s3.amazonaws.com/photos/441403595/medium.jpeg,,"","",1,0,false,3,"Alabama, US",33.5710014718,-85.6287922148,4,,,,28957,obscured,,true,,,Kudzu Bug,Megacopta cribraria,Kudzu Bug,Insecta,209176
247176335,11093a1f-f330-492d-b159-7e06ba0c2c37,2024-10-13 14:21:12-05:00,2024-10-13,2024-10-13 19:21:12 UTC,Central Time (US & Canada),3137603,lmsmith7677,Lindsay Smith,2024-10-13 19:21:45 UTC,2025-02-03 15:19:05 UTC,research,CC-BY-NC,https://www.inaturalist.org/observations/247176335,https://inaturalist-open-data.s3.amazonaws.com/photos/441403930/medium.jpeg,,"","",1,0,false,3,"Alabama, US",33.5527355849,-85.794738914,4,,,,28957,obscured,,true,,,Kudzu Bug,Megacopta cribraria,Kudzu Bug,Insecta,209176
247179406,a107f24d-5fea-433d-b6d4-bd4f50054110,2024-10-13 15:34:58,2024-10-13,2024-10-13 19:34:58 UTC,Eastern Time (US & Canada),5747718,whimsyelf,Talynn Schechter,2024-10-13 19:37:36 UTC,2024-10-24 19:09:13 UTC,research,CC-BY-NC,https://www.inaturalist.org/observations/247179406,https://inaturalist-open-data.s3.amazonaws.com/photos/441409879/medium.jpeg,,"",,1,0,false,2,"Maryland, US",39.0119103299,-77.1419641761,7,,,,28151,obscured,,true,gps,gps,Kudzu Bug,Megacopta cribraria,Kudzu Bug,Insecta,209176
247183463,1c781eba-71f3-49c8-b099-61d013f05868,2024-10-13 15:46:08-04:00,2024-10-13,2024-10-13 19:46:08 UTC,Eastern Time (US & Canada),8503193,dvick2005,,2024-10-13 20:00:06 UTC,2025-08-21 17:11:20 UTC,research,CC-BY-NC,https://www.inaturalist.org/observations/247183463,https://inaturalist-open-data.s3.amazonaws.com/photos/441418428/medium.jpeg,,"","",2,0,false,3,"North St, Chapel Hill, NC, US",35.9154866667,-79.0554888333,8,,,,8,,,false,,,Kudzu Bug,Megacopta cribraria,Kudzu Bug,Insecta,209176
247189056,dc082581-e38e-4afd-8f07-208ae5674398,2024-10-13 13:39:12,2024-10-13,2024-10-13 17:39:12 UTC,Eastern Time (US & Canada),2983599,amanda1420,Amanda Wall,2024-10-13 20:29:11 UTC,2024-10-14 10:42:59 UTC,research,,https://www.inaturalist.org/observations/247189056,https://static.inaturalist.org/photos/441429281/medium.jpeg,,"",,1,0,false,2,"Calvert Beach-Long Beach, MD 20685, USA",38.4702380046,-76.4789478108,187,,,,187,,,false,gps,gps,Kudzu Bug,Megacopta cribraria,Kudzu Bug,Insecta,209176
247189471,226df89a-9271-4067-9d79-435f5a453f0f,2024-10-13 16:30:08,2024-10-13,2024-10-13 20:30:08 UTC,Eastern Time (US & Canada),5916405,kevfer,Kevin Ferretti,2024-10-13 20:31:11 UTC,2024-10-14 10:43:01 UTC,research,,https://www.inaturalist.org/observations/247189471,https://static.inaturalist.org/photos/441430139/medium.jpeg,,"",,1,0,false,2,"River Arts District, Asheville, NC, USA",35.5950972222,-82.5587333333,,,,,,,,false,gps,gps,Kudzu Bug,Megacopta cribraria,Kudzu Bug,Insecta,209176
247191514,65ee07f3-1a2b-452f-9082-9d78d12f79f1,Sun Oct 13 2024 15:41:12 GMT -0500 (CDT),2024-10-13,2024-10-13 20:41:12 UTC,Central Time (US & Canada),5558295,ceo23,,2024-10-13 20:41:26 UTC,2025-04-05 17:50:06 UTC,research,CC-BY-NC,https://www.inaturalist.org/observations/247191514,https://inaturalist-open-data.s3.amazonaws.com/photos/441433799/medium.jpeg,,"",,1,0,false,333,Tracy City,35.2561645508,-85.731918335,29,,,,29,,,false,,,Kudzu Bug,Megacopta cribraria,Kudzu Bug,Insecta,209176
247200002,86a7afdf-9b22-46e5-a6de-9f6b9d4ebfe9,2024-10-12 11:50:46-04:00,2024-10-12,2024-10-12 15:50:46 UTC,Eastern Time (US & Canada),5116214,iprabhu,,2024-10-13 21:27:18 UTC,2024-10-14 10:42:22 UTC,research,CC-BY-NC-ND,https://www.inaturalist.org/observations/247200002,https://inaturalist-open-data.s3.amazonaws.com/photos/441451406/medium.jpeg,,"","",1,0,false,3,"Boyd Ave, Asheville, NC, US",35.5843516357,-82.5845093505,9,,,,9,,,false,,,Kudzu Bug,Megacopta cribraria,Kudzu Bug,Insecta,209176
247205002,fee0c452-e93d-4e5d-945d-91f8354351ae,2024-10-13 16:27:28,2024-10-13,2024-10-13 20:27:28 UTC,Eastern Time (US & Canada),53153,willkuhn,Will Kuhn,2024-10-13 21:52:47 UTC,2024-10-14 10:41:22 UTC,research,CC-BY,https://www.inaturalist.org/observations/247205002,https://inaturalist-open-data.s3.amazonaws.com/photos/441460171/medium.jpeg,,"",A bunch of kudzu bugs roosting at the tips of white pine branches,1,0,false,2,"Karns, TN 37921, USA",36.0003103,-84.0196389997,,,,,,,,false,gps,gps,Kudzu Bug,Megacopta cribraria,Kudzu Bug,Insecta,209176
247213838,affa6f93-e6b2-4c17-b96e-2bbf0fc5d675,2024-10-13 14:06:30-04:00,2024-10-13,2024-10-13 18:06:30 UTC,Eastern Time (US & Canada),568186,naturekate,,2024-10-13 22:49:16 UTC,2025-02-03 15:18:05 UTC,research,,https://www.inaturalist.org/observations/247213838,https://static.inaturalist.org/photos/441477664/medium.jpeg,,"",Less than 1/4” long.,1,0,false,3,"W Columbia St, Falls Church, VA, US",38.8867333333,-77.1670533333,4,,,,4,,,false,,,Kudzu Bug,Megacopta cribraria,Kudzu Bug,Insecta,209176
247365772,70fe272f-b2db-4915-a1e5-36f03a3d9e68,2024-10-14 14:33:49-04:00,2024-10-14,2024-10-14 18:33:49 UTC,Eastern Time (US & Canada),1144440,tanyabp,Tanya Poole,2024-10-14 20:09:38 UTC,2025-02-03 15:18:04 UTC,research,,https://www.inaturalist.org/observations/247365772,https://static.inaturalist.org/photos/441784889/medium.jpeg,,"","",2,0,false,3,"Richland Creek Rd, Clyde, NC, US",35.5487816923,-82.9400396316,9579,,,,9579,,,false,,,Kudzu Bug,Megacopta cribraria,Kudzu Bug,Insecta,209176
247367947,73de2ce6-7288-496a-a542-4b825b7a0dc4,2024-10-14 15:15:02,2024-10-14,2024-10-14 19:15:02 UTC,Eastern Time (US & Canada),8631314,o1iviab,Olivia,2024-10-14 20:23:19 UTC,2025-02-03 15:18:03 UTC,research,CC-BY-NC,https://www.inaturalist.org/observations/247367947,https://inaturalist-open-data.s3.amazonaws.com/photos/441789304/medium.jpeg,,"",Tons of kudzu nearby.,1,0,false,2,"Oak Ridge, NC, USA",36.1656459722,-79.9841256944,,,,,,,,false,gps,gps,Kudzu Bug,Megacopta cribraria,Kudzu Bug,Insecta,209176
247368479,22f76ee7-1af2-4a4c-b41f-6db02378766c,2024-10-14 15:16:18,2024-10-14,2024-10-14 19:16:18 UTC,Eastern Time (US & Canada),8631314,o1iviab,Olivia,2024-10-14 20:26:43 UTC,2025-04-05 19:11:01 UTC,research,CC-BY-NC,https://www.inaturalist.org/observations/247368479,https://inaturalist-open-data.s3.amazonaws.com/photos/441790542/medium.jpeg,,"",Lots of kudzu nearby.,1,0,false,2,"Oak Ridge, NC, USA",36.1654896111,-79.98369525,,,,,,,,false,gps,gps,Kudzu Bug,Megacopta cribraria,Kudzu Bug,Insecta,209176
247373333,3aba6a9a-8a08-4d5f-9be6-93ae1339da2b,2024-10-14 16:56:27-04:00,2024-10-14,2024-10-14 20:56:27 UTC,Eastern Time (US & Canada),6460140,thewalkingdiagram,,2024-10-14 20:56:53 UTC,2025-02-03 15:18:02 UTC,research,CC-BY-NC,https://www.inaturalist.org/observations/247373333,https://inaturalist-open-data.s3.amazonaws.com/photos/441800326/medium.jpeg,,"","",1,0,false,3,"US-411 S, Madisonville, TN, US",35.5621114409,-84.2973945974,8,,,,8,,,false,,,Kudzu Bug,Megacopta cribraria,Kudzu Bug,Insecta,209176
247411754,4ebc9fff-5cc3-4a89-bd64-62f21d61f799,2024-10-13 15:45:55-04:00,2024-10-13,2024-10-13 19:45:55 UTC,Eastern Time (US & Canada),8532815,annakwells,,2024-10-15 02:04:27 UTC,2024-10-15 10:45:36 UTC,research,CC-BY-NC,https://www.inaturalist.org/observations/247411754,https://inaturalist-open-data.s3.amazonaws.com/photos/441879090/medium.jpeg,,"","",1,0,false,3,"North St, Chapel Hill, NC, US",35.9159792,-79.0554615,34,,,,34,,,false,,,Kudzu Bug,Megacopta cribraria,Kudzu Bug,Insecta,209176
247517707,cf85cb7a-da4b-4fb7-90d4-80f126266bee,2024-10-15 15:29:25,2024-10-15,2024-10-15 19:29:25 UTC,Eastern Time (US & Canada),7987006,asfamily,Ashley Slagle,2024-10-15 19:41:46 UTC,2025-02-03 15:17:57 UTC,research,,https://www.inaturalist.org/observations/247517707,https://static.inaturalist.org/photos/442083211/medium.jpeg,,"",,1,0,false,2,"Fayetteville, GA, USA",33.4460827632,-84.4587328658,188,,,,188,,,false,,,Kudzu Bug,Megacopta cribraria,Kudzu Bug,Insecta,209176
247564591,c31e976f-bd95-41e8-8bc0-540233b0cb4d,2024-10-15 16:38:17-04:00,2024-10-15,2024-10-15 20:38:17 UTC,Eastern Time (US & Canada),6729118,caterpie024,,2024-10-16 01:58:05 UTC,2025-02-03 15:17:52 UTC,research,CC-BY-NC,https://www.inaturalist.org/observations/247564591,https://inaturalist-open-data.s3.amazonaws.com/photos/442178577/medium.jpeg,,"","",1,0,false,3,"Malibu Rd, Mount Pleasant, NC, US",35.3818633333,-80.4396966667,4,,,,4,,,false,,,Kudzu Bug,Megacopta cribraria,Kudzu Bug,Insecta,209176
247676402,ba6512f9-0832-42c3-8787-647ff24554ea,2024-10-16 14:55:15-05:00,2024-10-16,2024-10-16 19:55:15 UTC,Central Time (US & Canada),8470971,jayceewisdom,,2024-10-16 21:05:20 UTC,2025-02-03 15:17:51 UTC,research,CC-BY-NC,https://www.inaturalist.org/observations/247676402,https://inaturalist-open-data.s3.amazonaws.com/photos/442401178/medium.jpeg,,"","",1,0,false,3,"E Longleaf Dr, Auburn, AL, US",32.5759616667,-85.4897466667,4,,,,4,,,false,,,Kudzu Bug,Megacopta cribraria,Kudzu Bug,Insecta,209176
247719277,7680fa26-8660-46b1-8133-4c8b937a6479,2024-10-09 19:13:51-04:00,2024-10-09,2024-10-09 23:13:51 UTC,Eastern Time (US & Canada),8689527,skylyn_y,,2024-10-17 04:00:42 UTC,2025-04-06 00:40:27 UTC,research,CC-BY-NC,https://www.inaturalist.org/observations/247719277,https://inaturalist-open-data.s3.amazonaws.com/photos/442491793/medium.jpeg,,"","",1,0,false,3,"Reinhardt University, Waleska, GA, US",34.3216633333,-84.5519333333,35,,,,35,,,false,,,Kudzu Bug,Megacopta cribraria,Kudzu Bug,Insecta,209176
247758978,0369e780-93dc-45ac-bfd7-04c670584390,2024-10-17 09:06:15,2024-10-17,2024-10-17 13:06:15 UTC,Eastern Time (US & Canada),6605010,lesser-of-two-weevils,,2024-10-17 13:09:28 UTC,2025-02-03 15:17:45 UTC,research,CC-BY-NC,https://www.inaturalist.org/observations/247758978,https://inaturalist-open-data.s3.amazonaws.com/photos/442570383/medium.jpeg,,"",Small green and brown beetle,1,0,false,2,"Takoma Park, MD, USA",38.9821710018,-76.988240378,8,,,,8,,,false,,,Kudzu Bug,Megacopta cribraria,Kudzu Bug,Insecta,209176
247765139,f00e91c4-5754-442c-aff7-8d53809fe70c,2024-10-16 10:00:00-04:00,2024-10-16,2024-10-16 14:00:00 UTC,Eastern Time (US & Canada),8475253,garvey3,,2024-10-17 14:01:13 UTC,2024-11-18 23:09:17 UTC,research,CC-BY-NC,https://www.inaturalist.org/observations/247765139,https://inaturalist-open-data.s3.amazonaws.com/photos/442582154/medium.jpeg,,"","",1,0,false,3,"Shannon Dr, Pendleton, SC, US",34.6412307,-82.7853037,50,,,,50,,,false,,,Kudzu Bug,Megacopta cribraria,Kudzu Bug,Insecta,209176
247785857,d53c980f-be3d-4175-8124-db9c1afd53d0,2024-10-13 13:04:08,2024-10-13,2024-10-13 17:04:08 UTC,Eastern Time (US & Canada),5474221,storebrandplanthopper,Brian Ruether,2024-10-17 16:45:52 UTC,2025-04-06 02:19:09 UTC,research,CC-BY-NC,https://www.inaturalist.org/observations/247785857,https://inaturalist-open-data.s3.amazonaws.com/photos/442618938/medium.jpeg,,"",,1,0,false,2,"Top of The Mountain Building, Stone Mountain, GA 30087, USA",33.8063305556,-84.14535,,,,,,,,false,gps,gps,Kudzu Bug,Megacopta cribraria,Kudzu Bug,Insecta,209176
247790770,a52b4b2e-9237-44ff-b1a6-6bbaf508ab28,2024-10-09 19:14:00-04:00,2024-10-09,2024-10-09 23:14:00 UTC,Eastern Time (US & Canada),8641080,ashlyn-y,,2024-10-17 17:18:35 UTC,2025-02-03 15:17:41 UTC,research,CC-BY-NC,https://www.inaturalist.org/observations/247790770,https://inaturalist-open-data.s3.amazonaws.com/photos/442627288/medium.jpeg,,"","",1,0,false,3,"Reinhardt University, Waleska, GA, US",34.3215966667,-84.5519416667,13,,,,13,,,false,,,Kudzu Bug,Megacopta cribraria,Kudzu Bug,Insecta,209176
247837801,8152f69b-b950-4a74-9252-0b2bfd84ddf7,2024-10-17 15:22:35,2024-10-17,2024-10-17 19:22:35 UTC,Eastern Time (US & Canada),3440648,lisapaloma,Melissa Houck,2024-10-17 23:47:20 UTC,2025-02-03 15:17:40 UTC,research,CC-BY-NC,https://www.inaturalist.org/observations/247837801,https://inaturalist-open-data.s3.amazonaws.com/photos/442720377/medium.jpeg,,"",,2,0,false,2,"Canton, NC 28716, USA",35.529352,-82.835901,,,,,,,,false,gps,gps,Kudzu Bug,Megacopta cribraria,Kudzu Bug,Insecta,209176
247837879,24338c6a-ed14-41fe-866f-68c20101ced3,2024-10-17 14:07:18-05:00,2024-10-17,2024-10-17 19:07:18 UTC,Central Time (US & Canada),8452379,lanedominy,,2024-10-17 23:48:19 UTC,2024-10-18 12:00:52 UTC,research,CC-BY-NC,https://www.inaturalist.org/observations/247837879,https://inaturalist-open-data.s3.amazonaws.com/photos/442720586/medium.jpeg,,"","",2,0,false,3,"Cox St, Auburn, AL, US",32.6080971887,-85.4885519657,155,,,,155,,,false,,,Kudzu Bug,Megacopta cribraria,Kudzu Bug,Insecta,209176
247843705,6b487713-0473-48ca-9f5e-f0ff0fb33d5a,2024-10-17 16:39:43-04:00,2024-10-17,2024-10-17 20:39:43 UTC,Eastern Time (US & Canada),8687694,aidan_rodriguez03,,2024-10-18 00:42:59 UTC,2025-04-06 03:50:51 UTC,research,CC-BY-NC,https://www.inaturalist.org/observations/247843705,https://inaturalist-open-data.s3.amazonaws.com/photos/442732853/medium.jpeg,,"","",1,0,false,3,"International Dr, Athens, GA, US",33.9268732165,-83.3489070131,24,,,,24,,,false,,,Kudzu Bug,Megacopta cribraria,Kudzu Bug,Insecta,209176
247863110,52126954-271b-47f3-afea-4bdbbd499af3,2024-10-17 13:06:14-05:00,2024-10-17,2024-10-17 18:06:14 UTC,Central Time (US & Canada),6734447,hutaoscoffinn,Liz Farley,2024-10-18 04:10:46 UTC,2025-04-06 04:16:47 UTC,research,CC-BY-NC,https://www.inaturalist.org/observations/247863110,https://inaturalist-open-data.s3.amazonaws.com/photos/442772340/medium.jpeg,,"","",1,0,false,3,"Samford University, Homewood, AL, US",33.4662816077,-86.7892109385,65,,,,65,,,false,,,Kudzu Bug,Megacopta cribraria,Kudzu Bug,Insecta,209176
247941347,34998f8e-da52-4d7d-b645-c58ab88333c1,2024-10-18 12:31:49,2024-10-18,2024-10-18 17:31:49 UTC,Central Time (US & Canada),8684527,bugthuggin,Josiah,2024-10-18 17:50:35 UTC,2025-04-06 06:01:27 UTC,research,CC-BY-NC,https://www.inaturalist.org/observations/247941347,https://inaturalist-open-data.s3.amazonaws.com/photos/442923737/medium.jpeg,,"",,1,0,false,2,"Highland Park, Birmingham, AL, USA",33.5042952669,-86.7892848328,65250,,,,65250,,,false,gps,gps,Kudzu Bug,Megacopta cribraria,Kudzu Bug,Insecta,209176
247942374,b0f70b70-5e9d-4f2a-a269-e299fc11bb81,2024-10-18 13:58:08-04:00,2024-10-18,2024-10-18 17:58:08 UTC,Eastern Time (US & Canada),5947028,ronby,Ronby,2024-10-18 17:58:25 UTC,2025-04-06 06:02:11 UTC,research,,https://www.inaturalist.org/observations/247942374,https://static.inaturalist.org/photos/442925725/medium.jpeg,,"","",1,0,false,3,"Bypass Rd, Williamsburg, VA, US",37.2855420115,-76.7112742843,18,,,,18,,,false,,,Kudzu Bug,Megacopta cribraria,Kudzu Bug,Insecta,209176
247964629,2270d65b-01c4-4262-b1f8-75e38a4d6f9c,Fri Oct 18 2024 16:35:44 GMT -0400 (EDT),2024-10-18,2024-10-18 20:35:44 UTC,Eastern Time (US & Canada),2049842,bloodytwin,,2024-10-18 20:35:52 UTC,2025-04-06 06:37:57 UTC,research,,https://www.inaturalist.org/observations/247964629,https://inaturalist-open-data.s3.amazonaws.com/photos/442969881/medium.jpeg,,"",,1,0,false,333,Greensboro,36.1372184753,-79.7279663086,5,,,,5,,,false,,,Kudzu Bug,Megacopta cribraria,Kudzu Bug,Insecta,209176
247971926,6b49bae1-21db-401c-a4e2-51abc70faaf3,2024-10-18 17:27:20-04:00,2024-10-18,2024-10-18 21:27:20 UTC,Eastern Time (US & Canada),1221347,peri7,Peri Anne,2024-10-18 21:27:53 UTC,2025-04-06 06:49:44 UTC,research,,https://www.inaturalist.org/observations/247971926,https://static.inaturalist.org/photos/442982919/medium.jpeg,,"","",1,0,false,3,"Brickhill Ln, Soddy Daisy, TN, US",35.2571577871,-85.1643166094,42,,,,42,,,false,,,Kudzu Bug,Megacopta cribraria,Kudzu Bug,Insecta,209176
247980234,fed794a5-70d4-4f6b-b067-8cf53fe1c46f,Fri Oct 18 2024 17:42:07 GMT -0500 (CDT),2024-10-18,2024-10-18 22:42:07 UTC,Central Time (US & Canada),1008508,natecfields,,2024-10-18 22:42:15 UTC,2025-04-06 07:02:34 UTC,research,,https://www.inaturalist.org/observations/247980234,https://static.inaturalist.org/photos/442999908/medium.jpeg,,"",,1,0,false,333,Nashville,36.1800842285,-86.8313827515,4,,,,4,,,false,,,Kudzu Bug,Megacopta cribraria,Kudzu Bug,Insecta,209176
248109897,b30f5fc6-93c1-4fed-841f-a8eec971acb5,2024-10-19 13:52:37,2024-10-19,2024-10-19 17:52:37 UTC,Eastern Time (US & Canada),6408372,odile60,Odile V,2024-10-19 17:52:58 UTC,2025-05-29 21:53:51 UTC,research,,https://www.inaturalist.org/observations/248109897,https://static.inaturalist.org/photos/443248741/medium.jpeg,,"",,1,0,false,2,"Atlanta, GA 30309, USA",33.792071,-84.3732899,78,,,,78,,,false,,,Kudzu Bug,Megacopta cribraria,Kudzu Bug,Insecta,209176
248116089,9418793e-1765-4588-bbc7-a93ad0cfd53f,Sat Oct 19 2024 13:25:54 GMT -0500 (CDT),2024-10-19,2024-10-19 18:25:54 UTC,Central Time (US & Canada),8301106,whitetiger003,,2024-10-19 18:26:02 UTC,2025-04-06 10:17:57 UTC,research,CC-BY-NC,https://www.inaturalist.org/observations/248116089,https://inaturalist-open-data.s3.amazonaws.com/photos/443312535/medium.jpeg,,"",,1,0,false,333,Waverly,32.7353820801,-85.5770492554,5,,,,5,,,false,,,Kudzu Bug,Megacopta cribraria,Kudzu Bug,Insecta,209176
248118368,e94ead70-ee23-4f60-a944-68d762789487,2024-10-19 14:39:08-04:00,2024-10-19,2024-10-19 18:39:08 UTC,Eastern Time (US & Canada),5357364,eileen222,Eileen K. Brandon,2024-10-19 18:39:12 UTC,2025-04-06 10:22:35 UTC,research,,https://www.inaturalist.org/observations/248118368,https://static.inaturalist.org/photos/443680689/medium.jpeg,,"","",1,0,false,3,"Second St NE, Washington, DC, US",38.8979403425,-77.0033966573,37,,,,37,,,false,,,Kudzu Bug,Megacopta cribraria,Kudzu Bug,Insecta,209176
248127933,700747b2-ada4-4906-b6cb-df32a4f8b198,2024-10-19 14:32:23,2024-10-19,2024-10-19 19:32:23 UTC,Central Time (US & Canada),5300970,sarab0143,Sara Barck,2024-10-19 19:32:53 UTC,2025-04-06 10:38:03 UTC,research,CC-BY-NC,https://www.inaturalist.org/observations/248127933,https://inaturalist-open-data.s3.amazonaws.com/photos/443285859/medium.jpeg,,"",,1,0,false,2,"Auburn, AL, USA",32.6075288807,-85.4945188388,23,,,,23,,,false,gps,gps,Kudzu Bug,Megacopta cribraria,Kudzu Bug,Insecta,209176
248165095,3904f401-37fa-4406-b4ad-6cd2dc337505,2024-10-19 15:05:00-04:00,2024-10-19,2024-10-19 19:05:00 UTC,Eastern Time (US & Canada),4450825,tracksond,Andrea Diuguid,2024-10-19 23:17:15 UTC,2025-04-06 11:37:15 UTC,research,,https://www.inaturalist.org/observations/248165095,https://static.inaturalist.org/photos/443360437/medium.jpeg,,"","",1,0,false,3,"Camp Bennett Ct, Brookeville, MD, US",39.19957,-77.0556555,15,,,,15,,,false,,,Kudzu Bug,Megacopta cribraria,Kudzu Bug,Insecta,209176
248166288,beae8f64-02a7-4da5-83ad-2d105e3d0227,2024/09/20 10:10 AM,2024-09-20,2024-09-20 14:10:00 UTC,Eastern Time (US & Canada),2590282,coppertopp,,2024-10-19 23:25:05 UTC,2025-02-07 22:29:52 UTC,research,CC-BY-NC,https://www.inaturalist.org/observations/248166288,https://inaturalist-open-data.s3.amazonaws.com/photos/443318275/medium.jpg,,"",,1,0,false,,"Country Club of Virginia, Richmond, VA 23226, USA",37.5697311965,-77.5358976677,21,,,,21,,,false,,,Kudzu Bug,Megacopta cribraria,Kudzu Bug,Insecta,209176
248169511,cb694bbe-ae5f-43dd-a9fb-cb6ad906c2fb,2024-10-19 17:01:03,2024-10-19,2024-10-19 21:01:03 UTC,Eastern Time (US & Canada),1110235,pipsissewa,Adam Boring,2024-10-19 23:51:56 UTC,2025-04-06 11:46:23 UTC,research,CC-BY,https://www.inaturalist.org/observations/248169511,https://inaturalist-open-data.s3.amazonaws.com/photos/443370605/medium.jpeg,,"",,1,0,false,2,"Big Stone Gap, VA 24219, USA",36.8763039997,-82.7698453997,,,,,,,,false,gps,gps,Kudzu Bug,Megacopta cribraria,Kudzu Bug,Insecta,209176
248177737,8616e9ed-b3aa-4647-945d-1eaf8a08ede7,2024-10-19 14:40:26,2024-10-19,2024-10-19 18:40:26 UTC,Eastern Time (US & Canada),7204745,bunny_love_erin,Erin,2024-10-20 00:49:24 UTC,2025-04-06 12:01:10 UTC,research,CC-BY-NC,https://www.inaturalist.org/observations/248177737,https://inaturalist-open-data.s3.amazonaws.com/photos/443386507/medium.jpeg,,"",,1,0,false,2,"Georgia, US",33.8163685893,-83.3513594948,9,,,,28902,obscured,,true,gps,gps,Kudzu Bug,Megacopta cribraria,Kudzu Bug,Insecta,209176
248189105,1e8417aa-c0df-445b-8309-ab733df430a6,2024/10/18 1:49 PM,2024-10-18,2024-10-18 17:49:00 UTC,Eastern Time (US & Canada),177924,ken11,Ken Larsen,2024-10-20 02:14:24 UTC,2024-11-04 15:42:58 UTC,research,CC0,https://www.inaturalist.org/observations/248189105,https://inaturalist-open-data.s3.amazonaws.com/photos/443408146/medium.jpg,,Hemiptera order,Hemiptera order,1,0,false,,"Occoquan Regional Park, 9751 Ox Rd, Lorton, VA 22079, USA",38.6932898,-77.2557572,204,,,,204,,,false,,,Kudzu Bug,Megacopta cribraria,Kudzu Bug,Insecta,209176
248189201,5a341ad3-73fa-430a-a367-33a2fa298f04,2024/08/29 8:53 PM,2024-08-29,2024-08-30 01:53:00 UTC,Central Time (US & Canada),175524,hydrophilus,Eric C. Maxwell,2024-10-20 02:14:50 UTC,2025-04-06 12:19:21 UTC,research,CC-BY-NC-ND,https://www.inaturalist.org/observations/248189201,https://inaturalist-open-data.s3.amazonaws.com/photos/443223856/medium.jpg,,"",,1,0,false,,"Alabama, US",31.5702775906,-85.7107534728,,,,,29226,obscured,,true,,,Kudzu Bug,Megacopta cribraria,Kudzu Bug,Insecta,209176
248195246,23fa336b-a7df-4a9a-b447-787aef75b0ca,2024-10-19 16:21:40-04:00,2024-10-19,2024-10-19 20:21:40 UTC,Eastern Time (US & Canada),8596048,katie_moore3,Katie Moore,2024-10-20 03:01:45 UTC,2025-02-07 22:31:00 UTC,research,,https://www.inaturalist.org/observations/248195246,https://static.inaturalist.org/photos/443421512/medium.jpeg,,"","",1,0,false,3,"Hay St, Mount Airy, NC, US",36.5084774267,-80.619635063,598,,,,598,,,false,,,Kudzu Bug,Megacopta cribraria,Kudzu Bug,Insecta,209176
248201885,6952134b-d5bf-4134-9666-9b7e62f740f5,2024-10-19 23:52:15-04:00,2024-10-19,2024-10-20 03:52:15 UTC,Eastern Time (US & Canada),5779973,michael_zambardino,,2024-10-20 03:52:40 UTC,2025-04-06 12:40:53 UTC,research,CC-BY-NC,https://www.inaturalist.org/observations/248201885,https://inaturalist-open-data.s3.amazonaws.com/photos/443434039/medium.jpeg,,"","",1,0,false,3,"Allenwood Ln, Greer, SC, US",34.8972861666,-82.2598066192,347,,,,347,,,false,,,Kudzu Bug,Megacopta cribraria,Kudzu Bug,Insecta,209176
248286196,3dd05179-c674-4a51-8b92-792dfd220e79,2024-10-20 11:16:46-04:00,2024-10-20,2024-10-20 15:16:46 UTC,Eastern Time (US & Canada),1570753,gardngator,,2024-10-20 15:46:55 UTC,2025-02-07 22:30:56 UTC,research,CC-BY-NC,https://www.inaturalist.org/observations/248286196,https://inaturalist-open-data.s3.amazonaws.com/photos/443601464/medium.jpeg,,"","",1,0,false,3,"George Washington & Jefferson National Forests, Craigsville, VA, US",38.1256050786,-79.3645016344,1982539,,,,1982539,,,false,,,Kudzu Bug,Megacopta cribraria,Kudzu Bug,Insecta,209176
248311329,124cb652-24b1-4247-8cd0-4ba30e8a5a19,Sun Oct 20 2024 14:03:25 GMT -0400 (EDT),2024-10-20,2024-10-20 18:03:25 UTC,Eastern Time (US & Canada),6327107,pendleton_l,,2024-10-20 18:03:38 UTC,2025-04-06 16:05:43 UTC,research,CC-BY-NC,https://www.inaturalist.org/observations/248311329,https://inaturalist-open-data.s3.amazonaws.com/photos/443649893/medium.jpeg,,"",,1,0,false,333,Greensboro,36.1349487305,-79.7633743286,11,,,,11,,,false,,,Kudzu Bug,Megacopta cribraria,Kudzu Bug,Insecta,209176
248312259,b150914c-02d6-4154-a659-ec7cb9514a97,2024/10/18 2:49 PM,2024-10-18,2024-10-18 18:49:00 UTC,Eastern Time (US & Canada),700571,rynevan,Ryne VanKrevelen,2024-10-20 18:08:37 UTC,2025-04-06 16:10:34 UTC,research,,https://www.inaturalist.org/observations/248312259,https://static.inaturalist.org/photos/443650173/medium.jpg,,"",There were soooooooooooooo many,1,0,false,,"Guilford County, NC, USA",36.133733,-79.544918,,,,,,,,false,,,Kudzu Bug,Megacopta cribraria,Kudzu Bug,Insecta,209176
248315396,ae1bc1fb-1776-4510-9e14-e4431a3a7d30,2024-10-20 14:24:15-04:00,2024-10-20,2024-10-20 18:24:15 UTC,Eastern Time (US & Canada),8635404,valessa1,Valessa Agoris,2024-10-20 18:26:00 UTC,2025-04-06 16:18:47 UTC,research,,https://www.inaturalist.org/observations/248315396,https://static.inaturalist.org/photos/443657855/medium.jpeg,,"","",1,0,false,3,"W Gate City Blvd, Greensboro, NC, US",36.0558330641,-79.8329732382,9,,,,9,,,false,,,Kudzu Bug,Megacopta cribraria,Kudzu Bug,Insecta,209176
248317094,2623c5d7-c49b-4543-9c1a-2001c97642f8,2024-10-20 14:26:14-04:00,2024-10-20,2024-10-20 18:26:14 UTC,Eastern Time (US & Canada),7449902,rockeater,,2024-10-20 18:36:31 UTC,2025-04-06 16:22:23 UTC,research,CC-BY-NC,https://www.inaturalist.org/observations/248317094,https://inaturalist-open-data.s3.amazonaws.com/photos/443661427/medium.jpeg,,"","",1,0,false,3,"Ocala Corners, Tallahassee, FL, US",30.4450383333,-84.3182616667,52,,,,52,,,false,,,Kudzu Bug,Megacopta cribraria,Kudzu Bug,Insecta,209176
248319219,20017d97-a7ad-4b1d-961b-0bdb5c304a60,2024-10-20 14:47:33-04:00,2024-10-20,2024-10-20 18:47:33 UTC,Eastern Time (US & Canada),8675771,jazminec04,,2024-10-20 18:47:49 UTC,2025-04-06 16:27:52 UTC,research,CC-BY-NC,https://www.inaturalist.org/observations/248319219,https://inaturalist-open-data.s3.amazonaws.com/photos/443665652/medium.jpeg,,"","",1,0,false,3,"Nash Ln, Fountain Inn, SC, US",34.6572182765,-82.247876141,76,,,,76,,,false,,,Kudzu Bug,Megacopta cribraria,Kudzu Bug,Insecta,209176
248325234,9ab1c27c-3111-4493-9da6-3e0b3f54c230,2024-10-20 15:16:25,2024-10-20,2024-10-20 19:16:25 UTC,Eastern Time (US & Canada),8010259,erin-m,,2024-10-20 19:17:41 UTC,2025-02-03 15:17:31 UTC,research,CC-BY-NC,https://www.inaturalist.org/observations/248325234,https://inaturalist-open-data.s3.amazonaws.com/photos/443676434/medium.jpeg,,"",,2,0,false,2,"Laurel County, US-KY, US",37.1457389743,-84.104206114,10,,,,10,,,false,gps,gps,Kudzu Bug,Megacopta cribraria,Kudzu Bug,Insecta,209176
248326614,72fbe4d0-f3ef-4f5a-bddb-09402d854e2a,2024-10-20 13:36:55,2024-10-20,2024-10-20 17:36:55 UTC,Eastern Time (US & Canada),5799120,andrew2285,"",2024-10-20 19:24:05 UTC,2025-02-03 15:17:22 UTC,research,,https://www.inaturalist.org/observations/248326614,https://static.inaturalist.org/photos/443679122/medium.jpeg,,"",,1,0,false,2,"District of Columbia, District of Columbia County, US",38.9261955,-77.0442565,7,,,,7,,,false,,,Kudzu Bug,Megacopta cribraria,Kudzu Bug,Insecta,209176
248330205,f469edc5-dfb3-4e2e-8cc0-6b17969ed45f,2024-10-20 14:15:52-05:00,2024-10-20,2024-10-20 19:15:52 UTC,Central Time (US & Canada),3137603,lmsmith7677,Lindsay Smith,2024-10-20 19:42:20 UTC,2025-02-03 15:17:21 UTC,research,CC-BY-NC,https://www.inaturalist.org/observations/248330205,https://inaturalist-open-data.s3.amazonaws.com/photos/443685447/medium.jpeg,,"","",1,0,false,3,"Alabama, US",33.5439986706,-85.7102513222,14,,,,28957,obscured,,true,,,Kudzu Bug,Megacopta cribraria,Kudzu Bug,Insecta,209176
248342116,f5826c98-7c43-4de6-884b-86bf4fcfb1dd,2024-10-20 16:50:37,2024-10-20,2024-10-20 20:50:37 UTC,Eastern Time (US & Canada),2829761,notaroh,CJ,2024-10-20 20:51:18 UTC,2025-02-03 15:17:21 UTC,research,CC-BY-NC,https://www.inaturalist.org/observations/248342116,https://inaturalist-open-data.s3.amazonaws.com/photos/443708681/medium.jpeg,,"",,1,0,false,2,"Chase St at Nantahala Ave IB, Athens, GA 30606, USA",33.9678277778,-83.3927027778,,,,,,,,false,gps,gps,Kudzu Bug,Megacopta cribraria,Kudzu Bug,Insecta,209176
248345104,57df8861-4ff1-4d5e-8716-670e9acbe772,2024-10-20 16:09:54,2024-10-20,2024-10-20 21:09:54 UTC,Central Time (US & Canada),8626297,linda13703,Linda Rummell,2024-10-20 21:10:37 UTC,2025-04-06 17:33:26 UTC,research,,https://www.inaturalist.org/observations/248345104,https://static.inaturalist.org/photos/443714734/medium.jpeg,,"",,1,0,false,2,"Forest Park, Birmingham, AL, USA",33.52122616,-86.77135639,7,,,,7,,,false,,,Kudzu Bug,Megacopta cribraria,Kudzu Bug,Insecta,209176
248346670,0e3e2dd7-c67f-40e8-9065-d917207992e5,2024-10-20 14:53:52,2024-10-20,2024-10-20 18:53:52 UTC,Eastern Time (US & Canada),6080675,vihreametsa,"",2024-10-20 21:19:16 UTC,2025-02-03 15:17:14 UTC,research,,https://www.inaturalist.org/observations/248346670,https://static.inaturalist.org/photos/443717482/medium.jpeg,,"",,2,0,false,2,Columbus,32.4607139085,-84.9877094105,34315,,,,34315,,,false,gps,gps,Kudzu Bug,Megacopta cribraria,Kudzu Bug,Insecta,209176
248347351,8f7e33b0-5b03-4d26-b2e2-cd925f038c39,2024-10-20 17:25:33-04:00,2024-10-20,2024-10-20 21:25:33 UTC,Eastern Time (US & Canada),8651632,courtneybracy,,2024-10-20 21:23:30 UTC,2025-04-06 17:40:12 UTC,research,CC-BY-NC,https://www.inaturalist.org/observations/248347351,https://inaturalist-open-data.s3.amazonaws.com/photos/443718960/medium.jpeg,,"","",1,0,false,3,"Majestic Oak Dr, Garner, NC, US",35.5753183417,-78.5167880589,7,,,,7,,,false,,,Kudzu Bug,Megacopta cribraria,Kudzu Bug,Insecta,209176
248349590,e4bfd78b-73a1-4844-84c8-ecfd8a1d9a67,2024-10-20 16:34:29-05:00,2024-10-20,2024-10-20 21:34:29 UTC,Central Time (US & Canada),7546744,lucylawrence13,,2024-10-20 21:35:51 UTC,2025-02-03 15:16:59 UTC,research,CC-BY-NC,https://www.inaturalist.org/observations/248349590,https://inaturalist-open-data.s3.amazonaws.com/photos/443722685/medium.jpeg,,"","",1,0,false,3,"Temple St, Auburn, AL, US",32.6163133333,-85.4696283333,3,,,,3,,,false,,,Kudzu Bug,Megacopta cribraria,Kudzu Bug,Insecta,209176
248359570,2a8a2736-78e3-4a04-87b4-e1c32c322bea,2024-10-20 17:39:30-05:00,2024-10-20,2024-10-20 22:39:30 UTC,Central Time (US & Canada),149814,pbarbour_1978,Philip,2024-10-20 22:39:55 UTC,2025-02-03 15:16:52 UTC,research,CC-BY-NC,https://www.inaturalist.org/observations/248359570,https://inaturalist-open-data.s3.amazonaws.com/photos/443743006/medium.jpeg,,"","",1,0,false,3,"County Road 511, Sidon, MS, US",33.3984488156,-90.2253006958,3,,,,3,,,false,,,Kudzu Bug,Megacopta cribraria,Kudzu Bug,Insecta,209176
248362276,c736f2f9-a49a-4214-8222-7efc64930a5f,Sun Oct 20 2024 18:59:19 GMT -0400 (EDT),2024-10-20,2024-10-20 22:59:19 UTC,Eastern Time (US & Canada),7962208,pkrpease,,2024-10-20 22:59:50 UTC,2025-02-03 15:16:48 UTC,research,CC-BY-NC,https://www.inaturalist.org/observations/248362276,https://inaturalist-open-data.s3.amazonaws.com/photos/443748518/medium.jpeg,,"",,1,0,false,333,Newnan,33.3758239746,-84.774887085,4,,,,4,,,false,,,Kudzu Bug,Megacopta cribraria,Kudzu Bug,Insecta,209176
248382251,2661ff9d-0cf6-497b-98a1-e264a007fda3,2024-10-20 14:03:54-05:00,2024-10-20,2024-10-20 19:03:54 UTC,Central Time (US & Canada),449307,fieldfalcon,J. Fields Falcone,2024-10-21 01:37:18 UTC,2025-02-03 15:16:48 UTC,research,,https://www.inaturalist.org/observations/248382251,https://static.inaturalist.org/photos/443790908/medium.jpeg,,"","",1,0,false,3,"Smythe Farm Rd, Memphis, TN, US",35.1285695,-89.81938,,,,,,,,false,,,Kudzu Bug,Megacopta cribraria,Kudzu Bug,Insecta,209176
248383998,170f90ad-7021-4702-a9c9-04df7c1845bf,2024-10-20 13:29:57-05:00,2024-10-20,2024-10-20 18:29:57 UTC,Central Time (US & Canada),449307,fieldfalcon,J. Fields Falcone,2024-10-21 01:50:51 UTC,2025-02-03 15:16:46 UTC,research,,https://www.inaturalist.org/observations/248383998,https://static.inaturalist.org/photos/443794861/medium.jpeg,,"","",1,0,false,3,"Smythe Farm Rd, Memphis, TN, US",35.1292416667,-89.8194883333,,,,,,,,false,,,Kudzu Bug,Megacopta cribraria,Kudzu Bug,Insecta,209176
248404583,1639a29b-edb2-4dc6-bb83-318844a6599f,2024-10-20 14:45:31-05:00,2024-10-20,2024-10-20 19:45:31 UTC,Central Time (US & Canada),6191523,vbuzek,,2024-10-21 05:24:39 UTC,2025-02-03 15:16:49 UTC,research,CC-BY-NC,https://www.inaturalist.org/observations/248404583,https://inaturalist-open-data.s3.amazonaws.com/photos/443837275/medium.jpeg,,"","",2,0,false,3,"Whitaker Ln, Auburn, AL, US",32.6225476541,-85.4662914876,12,,,,12,,,false,,,Kudzu Bug,Megacopta cribraria,Kudzu Bug,Insecta,209176
248440466,26413e18-cae3-4841-9e33-52471f2342d0,2024-10-21 08:25:48-04:00,2024-10-21,2024-10-21 12:25:48 UTC,Eastern Time (US & Canada),289602,kpinso,"",2024-10-21 12:52:13 UTC,2025-02-03 15:16:45 UTC,research,CC-BY-NC,https://www.inaturalist.org/observations/248440466,https://inaturalist-open-data.s3.amazonaws.com/photos/443912518/medium.jpeg,,"","",1,0,false,3,"Roaring Fork Rd, Gatlinburg, TN, US",35.7166333333,-83.5008916667,13,,,,13,,,false,,,Kudzu Bug,Megacopta cribraria,Kudzu Bug,Insecta,209176
248448060,19eec149-1c3d-4561-a9d2-8ca708fed3a4,2024-10-21 09:53:22,2024-10-21,2024-10-21 13:53:22 UTC,Eastern Time (US & Canada),7715703,alexisdodd1,Alexis Dodd,2024-10-21 13:54:07 UTC,2025-02-03 15:16:42 UTC,research,CC-BY-NC,https://www.inaturalist.org/observations/248448060,https://inaturalist-open-data.s3.amazonaws.com/photos/443927505/medium.jpeg,,"",,1,0,false,2,"Greensboro, NC 27412, USA",36.0724700151,-79.8081908071,5,,,,5,,,false,,,Kudzu Bug,Megacopta cribraria,Kudzu Bug,Insecta,209176
248467123,fc5edd33-5116-4d7b-b6e3-2f67d64603e9,2024-10-21 12:15:41-04:00,2024-10-21,2024-10-21 16:15:41 UTC,Eastern Time (US & Canada),5950811,paigeyashton,,2024-10-21 16:16:23 UTC,2025-04-06 22:17:39 UTC,research,CC-BY-NC,https://www.inaturalist.org/observations/248467123,https://inaturalist-open-data.s3.amazonaws.com/photos/443965130/medium.jpeg,,"","",1,0,false,3,"Joseph E Lowery Blvd NW, Atlanta, GA, US",33.763175,-84.4176466667,4,,,,4,,,false,,,Kudzu Bug,Megacopta cribraria,Kudzu Bug,Insecta,209176
248483477,0d9af93f-d979-4155-981b-797c0a7da999,2024-10-21 13:51:54,2024-10-21,2024-10-21 17:51:54 UTC,Eastern Time (US & Canada),7715703,alexisdodd1,Alexis Dodd,2024-10-21 18:05:43 UTC,2025-02-03 15:16:41 UTC,research,CC-BY-NC,https://www.inaturalist.org/observations/248483477,https://inaturalist-open-data.s3.amazonaws.com/photos/443996103/medium.jpeg,,"",,1,0,false,2,"Greensboro, NC 27412, USA",36.0709448703,-79.808288531,5,,,,5,,,false,,,Kudzu Bug,Megacopta cribraria,Kudzu Bug,Insecta,209176
248483584,f4ff75b7-ba65-47e2-acd9-40e23bf6ed16,2024-10-21 14:05:00,2024-10-21,2024-10-21 18:05:00 UTC,Eastern Time (US & Canada),8239302,justin21524,Justin “Saber-Scorpion” Stebbins,2024-10-21 18:06:50 UTC,2025-02-03 15:16:35 UTC,research,,https://www.inaturalist.org/observations/248483584,https://static.inaturalist.org/photos/443996303/medium.jpeg,,"",Found in home,1,0,false,2,"Skipwith, VA 23968, USA",36.7227377028,-78.4698030353,4996,,,,4996,,,false,gps,gps,Kudzu Bug,Megacopta cribraria,Kudzu Bug,Insecta,209176
248485704,51492b19-4ee1-44dc-87e2-4325c0a1a3ee,2024-10-21 14:20:33-04:00,2024-10-21,2024-10-21 18:20:33 UTC,Eastern Time (US & Canada),3853663,matrull,,2024-10-21 18:20:41 UTC,2025-02-03 15:16:34 UTC,research,CC-BY-NC,https://www.inaturalist.org/observations/248485704,https://inaturalist-open-data.s3.amazonaws.com/photos/444000119/medium.jpeg,,"","",1,0,false,3,"Shire Ln, Raleigh, NC, US",35.7625265463,-78.6941661089,4,,,,4,,,false,,,Kudzu Bug,Megacopta cribraria,Kudzu Bug,Insecta,209176
248489151,48073b7b-6c5c-47a3-a417-5651acd2debc,Mon Oct 21 2024 14:43:14 GMT -0400 (EDT),2024-10-21,2024-10-21 18:43:14 UTC,Eastern Time (US & Canada),4792273,evergreen75,Melanie Bradley,2024-10-21 18:43:33 UTC,2025-02-03 15:16:32 UTC,research,CC-BY-NC,https://www.inaturalist.org/observations/248489151,https://inaturalist-open-data.s3.amazonaws.com/photos/445248344/medium.jpeg,,"",,1,0,false,333,North Dinwiddie,37.1574401855,-77.4004211426,4,,,,4,,,false,,,Kudzu Bug,Megacopta cribraria,Kudzu Bug,Insecta,209176
248494316,224e39be-12f2-4243-a33a-27c85e254742,2024-10-21 14:19:01-05:00,2024-10-21,2024-10-21 19:19:01 UTC,Central Time (US & Canada),8492721,sophielovett,,2024-10-21 19:21:07 UTC,2025-04-06 23:06:57 UTC,research,CC-BY-NC,https://www.inaturalist.org/observations/248494316,https://inaturalist-open-data.s3.amazonaws.com/photos/444017336/medium.jpeg,,"","",1,0,false,3,"Samford University, Homewood, AL, US",33.466046583,-86.7897031464,40,,,,40,,,false,,,Kudzu Bug,Megacopta cribraria,Kudzu Bug,Insecta,209176
248495496,8437fbe1-b79d-4d6b-b8db-bd31383a5d8e,2024/10/19 8:48 AM,2024-10-19,2024-10-19 12:48:00 UTC,Eastern Time (US & Canada),247924,fmmonk,Francis Stiteler,2024-10-21 19:29:50 UTC,2025-02-03 15:16:31 UTC,research,CC-BY-NC,https://www.inaturalist.org/observations/248495496,https://inaturalist-open-data.s3.amazonaws.com/photos/444018815/medium.jpg,,"",photo by musellarose on old European Linden,1,0,false,,"Rockdale County, GA, USA",33.5848834279,-84.0679370924,616,,,,616,,,false,,,Kudzu Bug,Megacopta cribraria,Kudzu Bug,Insecta,209176
248496037,863f7cb0-6cc9-4880-9a74-dfec1a934d90,2024-10-21 15:33:21-04:00,2024-10-21,2024-10-21 19:33:21 UTC,Eastern Time (US & Canada),935870,danielaracines,Daniela Racines,2024-10-21 19:33:38 UTC,2025-02-03 15:16:30 UTC,research,,https://www.inaturalist.org/observations/248496037,https://static.inaturalist.org/photos/444020908/medium.jpeg,,"","",1,0,false,3,"Pinnacle Pointe Dr, Norcross, GA, US",33.9316520111,-84.1816595973,9,,,,9,,,false,,,Kudzu Bug,Megacopta cribraria,Kudzu Bug,Insecta,209176
248503566,5083f62b-c774-4402-8474-30295c841381,2024-10-21 15:21:08-05:00,2024-10-21,2024-10-21 20:21:08 UTC,Central Time (US & Canada),1414428,harleedanae,Harlee McLean,2024-10-21 20:22:56 UTC,2025-02-03 15:16:29 UTC,research,,https://www.inaturalist.org/observations/248503566,https://static.inaturalist.org/photos/444035592/medium.jpeg,,"","",1,0,false,3,"34th Ave, Northport, AL, US",33.23893,-87.5911866667,30,,,,30,,,false,,,Kudzu Bug,Megacopta cribraria,Kudzu Bug,Insecta,209176
248519473,5e85bdc2-0fa8-465e-9d09-be30179d32aa,2024-10-21 17:16:56,2024-10-21,2024-10-21 22:16:56 UTC,Central Time (US & Canada),7214821,spacerhye,Ellie Pugh,2024-10-21 22:24:34 UTC,2025-04-06 23:50:23 UTC,research,CC-BY-NC,https://www.inaturalist.org/observations/248519473,https://inaturalist-open-data.s3.amazonaws.com/photos/444066059/medium.jpeg,,"",,1,0,false,2,"Oakfield, TN 38362, USA",35.7269737,-88.7685553997,,,,,,,,false,gps,gps,Kudzu Bug,Megacopta cribraria,Kudzu Bug,Insecta,209176
248530109,e839a7c2-a300-45b9-9246-4ec7642748b0,2024-10-21 14:25:02-04:00,2024-10-21,2024-10-21 18:25:02 UTC,Eastern Time (US & Canada),8700819,meghang13,,2024-10-22 00:04:06 UTC,2025-04-07 00:08:26 UTC,research,,https://www.inaturalist.org/observations/248530109,https://static.inaturalist.org/photos/444089699/medium.jpeg,,"","",1,0,false,3,"Longwood University, Farmville, VA, US",37.2973833333,-78.3945783333,48,,,,48,,,false,,,Kudzu Bug,Megacopta cribraria,Kudzu Bug,Insecta,209176
248535174,44a9f8b1-7404-4363-ac84-d5e2fcbf9b1b,2024-10-19 14:15:48-05:00,2024-10-19,2024-10-19 19:15:48 UTC,Central Time (US & Canada),2871991,ymsak_,Sofie,2024-10-22 00:51:17 UTC,2025-02-03 15:16:19 UTC,research,CC-BY-NC,https://www.inaturalist.org/observations/248535174,https://inaturalist-open-data.s3.amazonaws.com/photos/444100371/medium.jpeg,,"","",1,0,false,3,"Shawnee National Forest, Murphysboro, IL, US",37.6997416667,-89.36647,11,,,,11,,,false,,,Kudzu Bug,Megacopta cribraria,Kudzu Bug,Insecta,209176
248540433,512e816f-0815-43b9-8c77-965177cd077c,2024-10-21 13:52:48,2024-10-21,2024-10-21 17:52:48 UTC,Eastern Time (US & Canada),7527487,plantpunk,Jack Bennett,2024-10-22 01:40:54 UTC,2025-04-07 00:28:14 UTC,research,CC-BY,https://www.inaturalist.org/observations/248540433,https://inaturalist-open-data.s3.amazonaws.com/photos/444111168/medium.jpeg,,"",,1,0,false,2,"Winston-Salem, NC 27101, USA",36.107553557,-80.2437111363,89,,,,89,,,false,gps,gps,Megacopta cribraria,Megacopta cribraria,Kudzu Bug,Insecta,209176
248618870,dc7d1db1-378d-47ed-bd42-e4d30689d807,2024-10-22 11:32:26,2024-10-22,2024-10-22 16:32:26 UTC,Central Time (US & Canada),7927123,avalola34,Ava Berger,2024-10-22 16:34:55 UTC,2025-04-07 02:26:14 UTC,research,CC-BY-NC,https://www.inaturalist.org/observations/248618870,https://inaturalist-open-data.s3.amazonaws.com/photos/444266655/medium.jpeg,,"",,1,0,false,2,"Auburn, AL, USA",32.6077008807,-85.498374179,7,,,,7,,,false,gps,gps,Kudzu Bug,Megacopta cribraria,Kudzu Bug,Insecta,209176
248643018,e940f182-1970-4277-ba87-be24dfdf7bed,2024-10-22 15:45:43-04:00,2024-10-22,2024-10-22 19:45:43 UTC,Eastern Time (US & Canada),7475128,katdoestuff,Katdoestuff At,2024-10-22 19:45:54 UTC,2025-04-07 03:02:17 UTC,research,,https://www.inaturalist.org/observations/248643018,https://static.inaturalist.org/photos/444313903/medium.jpeg,,"","",1,0,false,3,"Rowland Dr, Lynchburg, VA, US",37.4352302542,-79.1767798551,4,,,,4,,,false,,,Kudzu Bug,Megacopta cribraria,Kudzu Bug,Insecta,209176
248643709,0a3250aa-9da4-4e9f-a906-9362877f15f3,2024-10-22 14:52:14-05:00,2024-10-22,2024-10-22 19:52:14 UTC,Central Time (US & Canada),7826944,skyleralvarez,,2024-10-22 19:52:43 UTC,2025-04-07 03:02:45 UTC,research,CC-BY-NC,https://www.inaturalist.org/observations/248643709,https://inaturalist-open-data.s3.amazonaws.com/photos/444315762/medium.jpeg,,"","",1,0,false,3,"Red Oak Ct, Auburn, AL, US",32.5745096198,-85.4882611615,5,,,,5,,,false,,,Kudzu Bug,Megacopta cribraria,Kudzu Bug,Insecta,209176
248644126,bf4b45b4-d3b5-40af-95a6-7f81bb71c151,Tue Oct 22 2024 15:55:38 GMT -0400 (EDT),2024-10-22,2024-10-22 19:55:38 UTC,Eastern Time (US & Canada),4369903,jhucko,,2024-10-22 19:56:05 UTC,2025-04-07 03:03:04 UTC,research,CC-BY-NC,https://www.inaturalist.org/observations/248644126,https://inaturalist-open-data.s3.amazonaws.com/photos/444342995/medium.jpeg,,"",,1,0,false,333,Hollywood,38.3944129944,-76.5838699341,14,,,,14,,,false,,,Kudzu Bug,Megacopta cribraria,Kudzu Bug,Insecta,209176
248649877,3ecec913-7bfe-48e8-93ae-986dbf1c27b5,2024-10-20 14:46:36-04:00,2024-10-20,2024-10-20 18:46:36 UTC,Eastern Time (US & Canada),8464529,arianacazares,,2024-10-22 20:41:32 UTC,2025-04-07 03:13:45 UTC,research,CC-BY-NC,https://www.inaturalist.org/observations/248649877,https://inaturalist-open-data.s3.amazonaws.com/photos/444327849/medium.jpeg,,"","",1,0,false,3,"Parkway, Gatlinburg, TN, US",35.7108883333,-83.518845,18,,,,18,,,false,,,Kudzu Bug,Megacopta cribraria,Kudzu Bug,Insecta,209176
248729156,bb5c4c60-70d2-4b4a-8a19-39f7cce528ea,2024-10-22 14:09:08-05:00,2024-10-22,2024-10-22 19:09:08 UTC,Central Time (US & Canada),7788232,leafymoose,Ava T.,2024-10-23 12:04:11 UTC,2025-04-07 05:11:38 UTC,research,CC-BY-NC,https://www.inaturalist.org/observations/248729156,https://inaturalist-open-data.s3.amazonaws.com/photos/444494666/medium.jpeg,,"","",1,0,false,3,"Escambia County, US-FL, US",30.5788606969,-87.3322115581,38,,,,29356,obscured,,true,,,Kudzu Bug,Megacopta cribraria,Kudzu Bug,Insecta,209176
248735019,2d9a2f98-fcdf-4def-852a-d7504e17bf4d,Wed Oct 23 2024 09:01:36 GMT -0400 (EDT),2024-10-23,2024-10-23 13:01:36 UTC,Eastern Time (US & Canada),8704584,veldritch,,2024-10-23 13:01:49 UTC,2025-04-07 05:20:22 UTC,research,CC-BY-NC,https://www.inaturalist.org/observations/248735019,https://inaturalist-open-data.s3.amazonaws.com/photos/444515662/medium.jpeg,,"",,1,0,false,333,Bald Head Island,33.8436279297,-77.9620513916,24,,,,24,,,false,,,Kudzu Bug,Megacopta cribraria,Kudzu Bug,Insecta,209176
248773031,5d2dcadc-4ea2-4320-97df-5c45e308b29e,2024-10-23 13:59:20,2024-10-23,2024-10-23 17:59:20 UTC,Eastern Time (US & Canada),8451154,peterlc,"",2024-10-23 18:01:04 UTC,2025-04-07 06:08:41 UTC,research,CC-BY-NC,https://www.inaturalist.org/observations/248773031,https://inaturalist-open-data.s3.amazonaws.com/photos/444579197/medium.jpeg,,"",,1,0,false,2,"Donaldson Run, Arlington, VA 22207, USA",38.9021611111,-77.1176055556,,,,,,,,false,gps,gps,Kudzu Bug,Megacopta cribraria,Kudzu Bug,Insecta,209176
248777859,051be21b-bd05-4a0a-badd-38551ea0c814,2024-10-23 14:33:38-04:00,2024-10-23,2024-10-23 18:33:38 UTC,Eastern Time (US & Canada),8528664,alopez20,,2024-10-23 18:34:36 UTC,2025-04-07 06:14:34 UTC,research,CC-BY-NC,https://www.inaturalist.org/observations/248777859,https://inaturalist-open-data.s3.amazonaws.com/photos/444588628/medium.jpeg,,"","",1,0,false,3,"Georgia Gwinnett College, Lawrenceville, GA, US",33.9797533333,-84.0051416667,36,,,,36,,,false,,,Kudzu Bug,Megacopta cribraria,Kudzu Bug,Insecta,209176
248782685,ec1eb21d-8ad5-43c7-983a-8f1e7c998f9b,2024-10-23 15:12:56-04:00,2024-10-23,2024-10-23 19:12:56 UTC,Eastern Time (US & Canada),1546018,nickdavros,Nick Davros,2024-10-23 19:13:29 UTC,2025-04-07 06:22:47 UTC,research,,https://www.inaturalist.org/observations/248782685,https://static.inaturalist.org/photos/444598737/medium.jpeg,,"","",1,0,false,3,"Sam Ryburn Walk, Charlotte, NC, US",35.2176823564,-80.8290636056,20,,,,20,,,false,,,Kudzu Bug,Megacopta cribraria,Kudzu Bug,Insecta,209176
248791326,543eb6f8-360e-41e8-b3ad-bf2ec7de12c6,2024-10-23 14:10:05,2024-10-23,2024-10-23 18:10:05 UTC,Eastern Time (US & Canada),2907167,introspectivebeat,Lexie,2024-10-23 20:09:35 UTC,2025-04-07 06:33:13 UTC,research,,https://www.inaturalist.org/observations/248791326,https://static.inaturalist.org/photos/444615172/medium.jpeg,,"",,1,0,false,2,"Cumberland Ave EB and University Commons Way, Knoxville, TN 37996, USA",35.9532972222,-83.9414083333,,,,,,,,false,gps,gps,Kudzu Bug,Megacopta cribraria,Kudzu Bug,Insecta,209176
248799356,85be2b7e-94ef-4f2d-8fed-512d3974bd5a,2024-10-23 17:02:08-04:00,2024-10-23,2024-10-23 21:02:08 UTC,Eastern Time (US & Canada),410074,masoderstrom,Mark Soderstrom,2024-10-23 21:03:12 UTC,2025-02-07 22:30:42 UTC,research,CC-BY,https://www.inaturalist.org/observations/248799356,https://static.inaturalist.org/photos/444630157/medium.jpeg,,"","",1,0,false,3,"Umstead Dr, Chapel Hill, NC, US",35.9240286844,-79.0651917458,5,,,,5,,,false,,,Kudzu Bug,Megacopta cribraria,Kudzu Bug,Insecta,209176
248801658,221b30e9-85ad-4693-9fbe-10665a800aac,2024-10-23 13:32:14-05:00,2024-10-23,2024-10-23 18:32:14 UTC,Central Time (US & Canada),7867219,ashleybryant,,2024-10-23 21:18:17 UTC,2025-04-07 06:44:41 UTC,research,CC-BY-NC,https://www.inaturalist.org/observations/248801658,https://inaturalist-open-data.s3.amazonaws.com/photos/444634067/medium.jpeg,,"","",1,0,false,3,"Shades Creek, Homewood, AL, US",33.4632130338,-86.7887535428,25,,,,25,,,false,,,Kudzu Bug,Megacopta cribraria,Kudzu Bug,Insecta,209176
248804298,ed59616d-4dc1-4434-964c-95c773d52687,2024-10-23 15:21:29,2024-10-23,2024-10-23 20:21:29 UTC,Central Time (US & Canada),8490035,rwalker8,Queen,2024-10-23 21:37:05 UTC,2025-04-07 06:48:40 UTC,research,CC-BY-NC,https://www.inaturalist.org/observations/248804298,https://inaturalist-open-data.s3.amazonaws.com/photos/444639291/medium.jpeg,,"",,1,0,false,2,"Homewood, AL, USA",33.4594583333,-86.7990944444,,,,,,,,false,gps,gps,Kudzu Bug,Megacopta cribraria,Kudzu Bug,Insecta,209176
248807597,507cebb1-66ff-4398-8d36-95c6e3f5da00,2024-10-23 15:38:19,2024-10-23,2024-10-23 19:38:19 UTC,Eastern Time (US & Canada),4857851,nochoramet,,2024-10-23 22:08:54 UTC,2025-04-07 06:53:29 UTC,research,CC-BY-NC,https://www.inaturalist.org/observations/248807597,https://inaturalist-open-data.s3.amazonaws.com/photos/444646130/medium.jpeg,,"",,1,0,false,2,"Habersham County, US-GA, US",34.5426613097,-83.5423165932,9,,,,9,,,false,gps,gps,Kudzu Bug,Megacopta cribraria,Kudzu Bug,Insecta,209176
248827624,8f3e6d70-48e5-436e-892b-886ba493a910,2024/10/22 2:23 PM,2024-10-22,2024-10-22 18:23:00 UTC,Eastern Time (US & Canada),764155,whatch11,Wes Hatch,2024-10-24 01:35:44 UTC,2025-04-07 07:22:09 UTC,research,,https://www.inaturalist.org/observations/248827624,https://static.inaturalist.org/photos/444685442/medium.jpeg,,"","",1,0,false,,"Cobb County, GA, USA",33.921469,-84.438767,13,,,,13,,,false,,,Kudzu Bug,Megacopta cribraria,Kudzu Bug,Insecta,209176
248896913,eafa7203-f5c1-4adb-b889-cc25051430a0,2024-10-23 14:38:21-05:00,2024-10-23,2024-10-23 19:38:21 UTC,Central Time (US & Canada),8490399,elhamilton,,2024-10-24 16:00:53 UTC,2025-04-07 08:49:04 UTC,research,CC-BY-NC,https://www.inaturalist.org/observations/248896913,https://inaturalist-open-data.s3.amazonaws.com/photos/444821011/medium.jpeg,,"","",1,0,false,3,"Shades Creek, Homewood, AL, US",33.463075,-86.7889466667,5,,,,5,,,false,,,Kudzu Bug,Megacopta cribraria,Kudzu Bug,Insecta,209176
248914059,61762794-04cf-41d6-a1b7-bdb2a55da59a,2024-10-24 14:21:05-04:00,2024-10-24,2024-10-24 18:21:05 UTC,Eastern Time (US & Canada),5178278,mabuva2021,,2024-10-24 18:21:12 UTC,2025-02-03 15:51:04 UTC,research,CC-BY-NC,https://www.inaturalist.org/observations/248914059,https://inaturalist-open-data.s3.amazonaws.com/photos/444853529/medium.jpeg,,"","",1,0,false,3,"Liberty University, Lynchburg, VA, US",37.3375284417,-79.17943622,35,,,,35,,,false,,,Kudzu Bug,Megacopta cribraria,Kudzu Bug,Insecta,209176
248927085,b8b11a6c-b81b-4eca-a0ee-50176a279e37,Thu Oct 24 2024 15:56:16 GMT -0400 (EDT),2024-10-24,2024-10-24 19:56:16 UTC,Eastern Time (US & Canada),6834645,kendallfish,,2024-10-24 19:56:29 UTC,2025-04-07 09:29:09 UTC,research,CC-BY-NC,https://www.inaturalist.org/observations/248927085,https://inaturalist-open-data.s3.amazonaws.com/photos/444879671/medium.jpeg,,"",,1,0,false,333,Greensboro,36.0594177246,-79.9088897705,35,,,,35,,,false,,,Kudzu Bug,Megacopta cribraria,Kudzu Bug,Insecta,209176
248928219,d19132a0-90ed-4b3f-b9e9-a498549a070f,2024-10-24 16:04:58-04:00,2024-10-24,2024-10-24 20:04:58 UTC,Eastern Time (US & Canada),273924,woodstar,,2024-10-24 20:05:53 UTC,2025-02-03 15:51:02 UTC,research,CC-BY-NC,https://www.inaturalist.org/observations/248928219,https://inaturalist-open-data.s3.amazonaws.com/photos/444882127/medium.jpeg,,"","",1,0,false,3,"Burcham Rd, Roaring River, NC, US",36.2767607533,-81.000525998,8,,,,8,,,false,,,Kudzu Bug,Megacopta cribraria,Kudzu Bug,Insecta,209176
248937551,4d3a9a2d-5836-412b-90d4-f77f2fcf1902,2024-10-24 16:20:14-05:00,2024-10-24,2024-10-24 21:20:14 UTC,Central Time (US & Canada),6191523,vbuzek,,2024-10-24 21:25:34 UTC,2025-02-03 15:51:01 UTC,research,CC-BY-NC,https://www.inaturalist.org/observations/248937551,https://inaturalist-open-data.s3.amazonaws.com/photos/444901767/medium.jpeg,,"","",1,0,false,3,"N Donahue Dr, Auburn, AL, US",32.6285300871,-85.4957445503,35,,,,35,,,false,,,Kudzu Bug,Megacopta cribraria,Kudzu Bug,Insecta,209176
249029645,060a1e6d-915d-4e98-a8d1-5398ab25b740,2024-10-25 10:15:11,2024-10-25,2024-10-25 15:15:11 UTC,Central Time (US & Canada),7983148,brandon33285,brandon neldon,2024-10-25 15:16:14 UTC,2025-02-03 15:51:00 UTC,research,,https://www.inaturalist.org/observations/249029645,https://static.inaturalist.org/photos/445083099/medium.jpeg,,"",,1,0,false,2,"Jonesboro, AR, USA",35.8478609,-90.7388949997,,,,,,,,false,gps,gps,Kudzu Bug,Megacopta cribraria,Kudzu Bug,Insecta,209176
249034475,0291d4eb-53a4-4ebb-bfea-a41e288c02cb,2024-10-25 11:46:56,2024-10-25,2024-10-25 15:46:56 UTC,Eastern Time (US & Canada),7156978,wvcymru,James Vaughn,2024-10-25 15:51:14 UTC,2025-02-03 15:50:58 UTC,research,,https://www.inaturalist.org/observations/249034475,https://static.inaturalist.org/photos/445091856/medium.jpeg,,"",,2,0,false,2,"Gary, WV, USA",37.3628762338,-81.5352272987,4,,,,4,,,false,gps,gps,Kudzu Bug,Megacopta cribraria,Kudzu Bug,Insecta,209176
249051868,550ec4b0-f1a4-4a76-9cf7-53c8e60af451,Fri Oct 25 2024 14:11:35 GMT -0400 (EDT),2024-10-25,2024-10-25 18:11:35 UTC,Eastern Time (US & Canada),7109267,thatjakelong,,2024-10-25 18:11:46 UTC,2025-02-03 15:50:59 UTC,research,CC-BY-NC,https://www.inaturalist.org/observations/249051868,https://inaturalist-open-data.s3.amazonaws.com/photos/445125816/medium.jpeg,,"",,1,0,false,333,Atlanta,33.7361106873,-84.3295059204,13,,,,13,,,false,,,Kudzu Bug,Megacopta cribraria,Kudzu Bug,Insecta,209176
249052901,c9961be2-2fa0-49bb-ba53-0b5b7ea17cb2,2024-10-24 16:00:55-04:00,2024-10-24,2024-10-24 20:00:55 UTC,Eastern Time (US & Canada),7925079,aumarau,Audrey Lenvday,2024-10-25 18:19:51 UTC,2025-02-03 15:50:55 UTC,research,,https://www.inaturalist.org/observations/249052901,https://static.inaturalist.org/photos/445127838/medium.jpeg,,"","",1,0,false,3,"Florida State University, Tallahassee, FL, US",30.4439280063,-84.2902416675,70,,,,70,,,false,,,Kudzu Bug,Megacopta cribraria,Kudzu Bug,Insecta,209176
249075262,29136501-9185-4009-a91a-4aee5922782d,2024-10-23 23:01:42-04:00,2024-10-23,2024-10-24 03:01:42 UTC,Eastern Time (US & Canada),8627075,riley42386,Riley Bullard,2024-10-25 21:23:11 UTC,2024-11-08 09:37:55 UTC,research,,https://www.inaturalist.org/observations/249075262,https://static.inaturalist.org/photos/445173469/medium.jpeg,,"","",1,0,false,3,"Martin Luther King Jr Blvd, Chapel Hill, NC, US",35.9187232607,-79.0537053176,73,,,,73,,,false,,,Kudzu Bug,Megacopta cribraria,Kudzu Bug,Insecta,209176
249084580,5ca8a17e-b6bf-4bfb-8fe7-2af6fd0635df,2024-10-20 16:19:37,2024-10-20,2024-10-20 20:19:37 UTC,Eastern Time (US & Canada),7738978,jongilmer,Jonathan Gilmer,2024-10-25 22:51:46 UTC,2025-02-03 15:16:10 UTC,research,CC-BY-NC,https://www.inaturalist.org/observations/249084580,https://inaturalist-open-data.s3.amazonaws.com/photos/445192729/medium.jpeg,,"",,1,0,false,2,"Columbus, GA 31909, USA",32.5283694997,-84.9045224997,,,,,,,,false,gps,gps,Kudzu Bug,Megacopta cribraria,Kudzu Bug,Insecta,209176
249098186,003db04a-38c4-4b30-98d6-2290aab7fcb9,2024/10/25 11:17 AM,2024-10-25,2024-10-25 15:17:00 UTC,Eastern Time (US & Canada),5955908,restodrood,David Yeager,2024-10-26 01:16:03 UTC,2025-02-03 15:16:09 UTC,research,CC-BY-NC,https://www.inaturalist.org/observations/249098186,https://inaturalist-open-data.s3.amazonaws.com/photos/445213181/medium.jpg,,"",,1,0,false,,"Gloucester County, VA, USA",37.3121663765,-76.5402288167,25,,,,25,,,false,,,Kudzu Bug,Megacopta cribraria,Kudzu Bug,Insecta,209176
249098190,bfed254f-1959-4a57-8368-1fba008f234f,2024/10/25 11:10 AM,2024-10-25,2024-10-25 15:10:00 UTC,Eastern Time (US & Canada),5955908,restodrood,David Yeager,2024-10-26 01:16:04 UTC,2025-02-03 15:16:07 UTC,research,CC-BY-NC,https://www.inaturalist.org/observations/249098190,https://inaturalist-open-data.s3.amazonaws.com/photos/445214486/medium.jpg,,"",,1,0,false,,"Gloucester County, VA, USA",37.3121791762,-76.5402502744,25,,,,25,,,false,,,Kudzu Bug,Megacopta cribraria,Kudzu Bug,Insecta,209176
249189275,4003521d-dca9-4930-893e-58ff8e5ddcb6,2024-10-24 20:31:51-05:00,2024-10-24,2024-10-25 01:31:51 UTC,Central Time (US & Canada),8490399,elhamilton,,2024-10-26 17:07:52 UTC,2025-02-03 15:50:56 UTC,research,CC-BY-NC,https://www.inaturalist.org/observations/249189275,https://inaturalist-open-data.s3.amazonaws.com/photos/445440117/medium.jpeg,,"","",1,0,false,3,"Samford University, Homewood, AL, US",33.46357,-86.7996883333,3,,,,3,,,false,,,Kudzu Bug,Megacopta cribraria,Kudzu Bug,Insecta,209176
249204535,dbed05aa-0e01-4118-9178-da624b45dea7,2024-10-26 14:45:29,2024-10-26,2024-10-26 18:45:29 UTC,Eastern Time (US & Canada),4867285,cash_rion,Cash Rion,2024-10-26 18:48:06 UTC,2025-02-03 15:16:05 UTC,research,,https://www.inaturalist.org/observations/249204535,https://static.inaturalist.org/photos/445440376/medium.jpeg,,"",,1,0,false,2,"Hickory, NC, USA",35.7017396,-81.2987032997,,,,,,,,false,gps,gps,Kudzu Bug,Megacopta cribraria,Kudzu Bug,Insecta,209176
249217774,58fed0ab-d711-45f4-b240-ead5536630c5,2024-10-25 16:06:59-04:00,2024-10-25,2024-10-25 20:06:59 UTC,Eastern Time (US & Canada),8524693,kenzalexander,,2024-10-26 20:20:52 UTC,2025-05-30 13:51:59 UTC,research,CC-BY-NC,https://www.inaturalist.org/observations/249217774,https://inaturalist-open-data.s3.amazonaws.com/photos/445452263/medium.jpeg,,"","",1,0,false,3,"E Longview St, Chapel Hill, NC, US",35.9209416667,-79.05645,4,,,,4,,,false,,,Kudzu Bug,Megacopta cribraria,Kudzu Bug,Insecta,209176
249378130,062ebe0b-276e-44db-89bc-d0aaf65aba0c,2024-10-18 13:43:16,2024-10-18,2024-10-18 17:43:16 UTC,Eastern Time (US & Canada),8484581,olyy88,,2024-10-27 19:25:20 UTC,2025-02-03 15:15:57 UTC,research,CC-BY-NC,https://www.inaturalist.org/observations/249378130,https://inaturalist-open-data.s3.amazonaws.com/photos/445773010/medium.jpeg,,"",,1,0,false,2,"Winston-Salem, NC 27107, USA",36.0634096104,-80.2009081095,184,,,,184,,,false,gps,gps,Kudzu Bug,Megacopta cribraria,Kudzu Bug,Insecta,209176
249401001,25541dc9-e58c-4844-83f8-38eea9f3d4f4,2024/10/27 11:51 AM,2024-10-27,2024-10-27 15:51:00 UTC,Eastern Time (US & Canada),5955908,restodrood,David Yeager,2024-10-27 21:44:13 UTC,2025-02-03 15:15:55 UTC,research,CC-BY-NC,https://www.inaturalist.org/observations/249401001,https://inaturalist-open-data.s3.amazonaws.com/photos/445817015/medium.jpg,,"",,1,0,false,,"Gloucester County, VA, USA",37.3120646045,-76.54030142,25,,,,25,,,false,,,Kudzu Bug,Megacopta cribraria,Kudzu Bug,Insecta,209176
249401003,e33cf82a-10f3-42be-9ac5-717314fe730d,2024/10/27 11:29 AM,2024-10-27,2024-10-27 15:29:00 UTC,Eastern Time (US & Canada),5955908,restodrood,David Yeager,2024-10-27 21:44:14 UTC,2025-02-03 15:15:53 UTC,research,CC-BY-NC,https://www.inaturalist.org/observations/249401003,https://inaturalist-open-data.s3.amazonaws.com/photos/445817632/medium.jpg,,"",,1,0,false,,"Gloucester County, VA, USA",37.3120863544,-76.540301399,25,,,,25,,,false,,,Kudzu Bug,Megacopta cribraria,Kudzu Bug,Insecta,209176
249434539,c3934a4e-ad3a-4ea2-b624-4c77d4a7ef62,2024-10-24 15:26:46-04:00,2024-10-24,2024-10-24 19:26:46 UTC,Eastern Time (US & Canada),8696885,clairet42,,2024-10-28 01:56:22 UTC,2025-02-03 15:15:52 UTC,research,CC-BY-NC,https://www.inaturalist.org/observations/249434539,https://inaturalist-open-data.s3.amazonaws.com/photos/445886071/medium.jpeg,,"","",1,0,false,3,"Farmville, VA, US",37.3084234491,-78.401684507,3,,,,3,,,false,,,Kudzu Bug,Megacopta cribraria,Kudzu Bug,Insecta,209176
249547035,53ba2f7d-acaf-439e-9695-6aaef6c39673,2024-10-27 13:54:54-04:00,2024-10-27,2024-10-27 17:54:54 UTC,Eastern Time (US & Canada),8659544,jaysonallison,,2024-10-28 20:55:45 UTC,2025-02-03 15:15:51 UTC,research,CC-BY-NC,https://www.inaturalist.org/observations/249547035,https://inaturalist-open-data.s3.amazonaws.com/photos/446108117/medium.jpeg,,"","",2,0,false,3,"Windsor St SW, Atlanta, GA, US",33.7352333333,-84.398575,5,,,,5,,,false,,,Kudzu Bug,Megacopta cribraria,Kudzu Bug,Insecta,209176
249548698,efef4b05-48c3-403d-8ca4-166d57839f0b,2024-10-28 16:08:59-05:00,2024-10-28,2024-10-28 21:08:59 UTC,Central Time (US & Canada),1109759,mrsmiller,,2024-10-28 21:10:18 UTC,2025-02-03 15:15:50 UTC,research,,https://www.inaturalist.org/observations/249548698,https://static.inaturalist.org/photos/446111193/medium.jpeg,,"","",1,0,false,3,"Memphis University School, Memphis, TN, US",35.0978201257,-89.8556192176,35,,,,35,,,false,,,Kudzu Bug,Megacopta cribraria,Kudzu Bug,Insecta,209176
249559297,fcd44ee2-2930-49de-9b62-b286b3eea727,2024-10-28 17:32:39,2024-10-28,2024-10-28 22:32:39 UTC,Central Time (US & Canada),45587,kbakkegard,Kristin A. Bakkegard,2024-10-28 22:49:08 UTC,2025-02-03 15:15:47 UTC,research,CC-BY-NC,https://www.inaturalist.org/observations/249559297,https://inaturalist-open-data.s3.amazonaws.com/photos/446132589/medium.jpeg,,"",,1,0,false,2,"Homewood, AL, USA",33.4641788518,-86.7859857157,9,,,,9,,,false,gps,gps,Kudzu Bug,Megacopta cribraria,Kudzu Bug,Insecta,209176
249624765,0151d28e-f06a-4120-ae9e-62784b73bf37,2024-10-29 09:10:15-04:00,2024-10-29,2024-10-29 13:10:15 UTC,Eastern Time (US & Canada),1216811,ragbird,,2024-10-29 13:11:22 UTC,2025-02-03 15:15:46 UTC,research,CC0,https://www.inaturalist.org/observations/249624765,https://inaturalist-open-data.s3.amazonaws.com/photos/446266896/medium.jpeg,,"","",1,0,false,3,"Magnolia Ave, Charlotte, NC, US",35.2024033333,-80.851425,31,,,,31,,,false,,,Kudzu Bug,Megacopta cribraria,Kudzu Bug,Insecta,209176
249626503,5c00e950-f0b8-43af-a125-901baf0665c2,2024-10-29 09:29:05-04:00,2024-10-29,2024-10-29 13:29:05 UTC,Eastern Time (US & Canada),7279509,roger_green1,Roger Green,2024-10-29 13:31:42 UTC,2025-02-03 15:15:46 UTC,research,,https://www.inaturalist.org/observations/249626503,https://static.inaturalist.org/photos/446270386/medium.jpeg,,"","",1,0,false,3,"Cedar Bush Rd, Hayes, VA, US",37.33783,-76.5438083333,4,,,,4,,,false,,,Kudzu Bug,Megacopta cribraria,Kudzu Bug,Insecta,209176
249632317,d3538a63-effc-4a45-9bdb-5eae4a55de59,2024-10-23 04:43:24-04:00,2024-10-23,2024-10-23 08:43:24 UTC,Eastern Time (US & Canada),3594923,mikesites,"",2024-10-29 14:19:03 UTC,2025-02-03 15:15:40 UTC,research,,https://www.inaturalist.org/observations/249632317,https://static.inaturalist.org/photos/446279871/medium.jpeg,,"","",2,0,false,3,"Old Knox County Courthouse - Headquarters, Knoxville, TN, US",35.9603174097,-83.9173741218,1580,,,,1580,,,false,,,Kudzu Bug,Megacopta cribraria,Kudzu Bug,Insecta,209176
249647122,8afdecdd-23c6-408a-a6e1-de4f4501d1c4,2024-10-29 12:15:24,2024-10-29,2024-10-29 16:15:24 UTC,Eastern Time (US & Canada),8658224,daph18,Daph,2024-10-29 16:25:58 UTC,2025-02-03 15:15:39 UTC,research,,https://www.inaturalist.org/observations/249647122,https://static.inaturalist.org/photos/446306761/medium.jpeg,,"",There is a large kudzu vine located in this area on the  road side the kudzu bugs gather on the joints of the plant stems this was a hitchhiker that I found after the fact but got some good photos of,1,0,false,2,"Pikesville, MD 21208, USA",39.3997504803,-76.6864438355,75,,,,75,,,false,,,Kudzu Bug,Megacopta cribraria,Kudzu Bug,Insecta,209176
249670260,760415b1-3933-4268-96e3-b227d36a4c9c,2024-10-29 15:11:58-04:00,2024-10-29,2024-10-29 19:11:58 UTC,Eastern Time (US & Canada),4109796,josh778,Josh Hughes,2024-10-29 19:49:11 UTC,2025-02-03 15:15:36 UTC,research,,https://www.inaturalist.org/observations/249670260,https://static.inaturalist.org/photos/446353475/medium.jpeg,,"","",1,0,false,3,"Super Service Dr, Somerset, KY, US",37.0297888333,-84.61438,4,,,,4,,,false,,,Kudzu Bug,Megacopta cribraria,Kudzu Bug,Insecta,209176
249694588,bad4758d-c2c5-49bd-b6ba-50dbc9c8f307,2024/10/27 2:38 PM,2024-10-27,2024-10-27 19:38:00 UTC,Central Time (US & Canada),989116,aklellis,Anita K. Ellis,2024-10-29 23:35:55 UTC,2025-02-03 15:15:29 UTC,research,,https://www.inaturalist.org/observations/249694588,https://static.inaturalist.org/photos/446377332/medium.jpeg,,"","",1,0,false,,"209 Ellis Rd, Opp, AL 36467, USA",31.3087523,-86.244303,172,,,,172,,,false,,,Kudzu Bug,Megacopta cribraria,Kudzu Bug,Insecta,209176
249768910,b9840583-12e8-4c92-97db-14d54ce87705,Wed Oct 30 2024 11:44:38 GMT -0400 (EDT),2024-10-30,2024-10-30 15:44:38 UTC,Eastern Time (US & Canada),4700085,shoegazer,,2024-10-30 15:48:11 UTC,2025-02-03 15:15:28 UTC,research,CC-BY-NC,https://www.inaturalist.org/observations/249768910,https://inaturalist-open-data.s3.amazonaws.com/photos/446553281/medium.jpeg,,"",,1,0,false,333,Roanoke,37.2285461426,-79.9289627075,35,,,,35,,,false,,,Kudzu Bug,Megacopta cribraria,Kudzu Bug,Insecta,209176
249773118,7c2d4598-54b7-48a5-b28c-8fc9c1f2ee7b,2024-10-30 12:22:08-04:00,2024-10-30,2024-10-30 16:22:08 UTC,Eastern Time (US & Canada),8733571,j_greene,,2024-10-30 16:22:31 UTC,2025-02-03 15:15:28 UTC,research,CC-BY-NC,https://www.inaturalist.org/observations/249773118,https://inaturalist-open-data.s3.amazonaws.com/photos/446675095/medium.jpeg,,"","",1,0,false,3,"Clock Tower Dr, Morganton, NC, US",35.7292952331,-81.6868491118,35,,,,35,,,false,,,Kudzu Bug,Megacopta cribraria,Kudzu Bug,Insecta,209176
249782608,80051eb9-57ee-495b-9e36-347597b2bcc1,2024-10-30 13:45:52,2024-10-30,2024-10-30 17:45:52 UTC,Eastern Time (US & Canada),8623221,ch3xm1x,,2024-10-30 17:47:12 UTC,2025-02-03 15:15:27 UTC,research,CC-BY-NC,https://www.inaturalist.org/observations/249782608,https://inaturalist-open-data.s3.amazonaws.com/photos/446580546/medium.jpeg,,"",,3,0,false,2,"Annapolis, MD 21409, USA",39.0196565,-76.4781305,125,,,,125,,,false,,,Kudzu Bug,Megacopta cribraria,Kudzu Bug,Insecta,209176
249788782,9819797b-3265-4fd5-966c-54e3adbaadb2,2024-10-30 14:41:29-04:00,2024-10-30,2024-10-30 18:41:29 UTC,Eastern Time (US & Canada),29625,laurabaird,Laura Baird,2024-10-30 18:44:32 UTC,2025-02-03 15:15:25 UTC,research,,https://www.inaturalist.org/observations/249788782,https://static.inaturalist.org/photos/446592998/medium.jpeg,,"","",1,0,false,3,"E New Circle Rd, Lexington, KY, US",38.0233278333,-84.4553216667,6,,,,6,,,false,,,Kudzu Bug,Megacopta cribraria,Kudzu Bug,Insecta,209176
249789595,435424f8-f3ae-49e5-a0fc-8f1547a3e4a7,2024-10-30 14:49:39-04:00,2024-10-30,2024-10-30 18:49:39 UTC,Eastern Time (US & Canada),5734955,zezee_661,Leah McMillion,2024-10-30 18:51:35 UTC,2025-02-03 15:15:24 UTC,research,CC-BY-NC,https://www.inaturalist.org/observations/249789595,https://inaturalist-open-data.s3.amazonaws.com/photos/446594904/medium.jpeg,,"","",1,0,false,3,"Girls Club Pl, Kingsport, TN, US",36.54985,-82.5459833333,17,,,,17,,,false,,,Kudzu Bug,Megacopta cribraria,Kudzu Bug,Insecta,209176
249793906,74d39f6b-f443-4f7f-bc0e-27ab97949234,2024-10-30 14:37:35,2024-10-30,2024-10-30 18:37:35 UTC,Eastern Time (US & Canada),4875117,twafky,Tyler Adams,2024-10-30 19:29:41 UTC,2025-02-03 15:15:23 UTC,research,CC-BY-NC-ND,https://www.inaturalist.org/observations/249793906,https://static.inaturalist.org/photos/446603589/medium.jpeg,,"",,1,0,false,2,"Pulaski County, US-KY, US",37.0933249964,-84.4795660027,,,,,28447,obscured,,true,gps,gps,Kudzu Bug,Megacopta cribraria,Kudzu Bug,Insecta,209176
249806437,186e80bb-7ac6-4d66-afd9-7472602a2764,2024-10-30 14:45:56,2024-10-30,2024-10-30 19:45:56 UTC,Central Time (US & Canada),994028,haczech,Helen A. Czech,2024-10-30 21:17:02 UTC,2025-02-03 15:15:22 UTC,research,CC-BY-NC,https://www.inaturalist.org/observations/249806437,https://inaturalist-open-data.s3.amazonaws.com/photos/446629250/medium.jpeg,,"","Hundreds on Robinia pseudoacacia, black locust",1,0,false,2,"Huntsville, AL 35801, USA",34.7289833333,-86.5505805556,,,,,,,,false,gps,gps,Kudzu Bug,Megacopta cribraria,Kudzu Bug,Insecta,209176
249827727,bb576543-c5e5-483a-ab9e-dc1ebd0b0638,2024-10-09 12:56:20-04:00,2024-10-09,2024-10-09 16:56:20 UTC,Eastern Time (US & Canada),8528667,meerab65,,2024-10-31 00:42:05 UTC,2024-11-11 11:19:39 UTC,research,CC-BY-NC,https://www.inaturalist.org/observations/249827727,https://inaturalist-open-data.s3.amazonaws.com/photos/446671724/medium.jpeg,,"","",1,0,false,3,"Georgia Gwinnett College, Lawrenceville, GA, US",33.9785,-84.0058583333,4,,,,4,,,false,,,Kudzu Bug,Megacopta cribraria,Kudzu Bug,Insecta,209176
249885393,b1a7102a-9049-4309-a8e4-3f576dec309a,2024-10-31 10:11:28-04:00,2024-10-31,2024-10-31 14:11:28 UTC,Eastern Time (US & Canada),1514063,reader06,,2024-10-31 14:14:49 UTC,2025-02-03 15:50:50 UTC,research,CC-BY-NC,https://www.inaturalist.org/observations/249885393,https://inaturalist-open-data.s3.amazonaws.com/photos/446785879/medium.jpeg,,"","",2,0,false,3,"Nantahala National Forest, Murphy, NC, US",35.0890083333,-84.0337528333,4,,,,4,,,false,,,Kudzu Bug,Megacopta cribraria,Kudzu Bug,Insecta,209176
249893069,f18e0a9b-f771-4c9b-8acd-1c2714faf561,2024-10-31 11:25:24,2024-10-31,2024-10-31 15:25:24 UTC,Eastern Time (US & Canada),4349743,stricky228,"",2024-10-31 15:26:19 UTC,2025-02-03 15:50:49 UTC,research,CC-BY-NC,https://www.inaturalist.org/observations/249893069,https://inaturalist-open-data.s3.amazonaws.com/photos/446800652/medium.jpeg,,"",,1,0,false,2,"Yorktown, VA 23690, USA",37.23573797,-76.50693798,8,,,,8,,,false,,,Kudzu Bug,Megacopta cribraria,Kudzu Bug,Insecta,209176
249918337,28821fcb-c2fa-4da5-b714-c2cfc3d53b56,2024-10-31 15:02:19-04:00,2024-10-31,2024-10-31 19:02:19 UTC,Eastern Time (US & Canada),8479786,samantha52310,Samantha Honea,2024-10-31 19:06:06 UTC,2025-02-03 15:50:48 UTC,research,,https://www.inaturalist.org/observations/249918337,https://static.inaturalist.org/photos/446849118/medium.jpeg,,"","",1,0,false,3,"Main St, Danville, VA, US",36.5816367651,-79.4026056771,3,,,,3,,,false,,,Kudzu Bug,Megacopta cribraria,Kudzu Bug,Insecta,209176
249933093,297a3e2a-18da-40c7-900b-c8a532f04367,2024-10-31 17:24:43,2024-10-31,2024-10-31 21:24:43 UTC,Eastern Time (US & Canada),2592263,johnkessler,,2024-10-31 21:27:11 UTC,2025-02-03 15:50:39 UTC,research,CC-BY-NC,https://www.inaturalist.org/observations/249933093,https://inaturalist-open-data.s3.amazonaws.com/photos/446877371/medium.jpeg,,"",,2,0,false,2,"Yadkinville, NC 27055, USA",36.08477288,-80.59205531,6,,,,6,,,false,,,Kudzu Bug,Megacopta cribraria,Kudzu Bug,Insecta,209176
249933191,b2418ffa-a4f3-4678-a16c-6a9e03f7a163,2024-10-31 17:27:17,2024-10-31,2024-10-31 21:27:17 UTC,Eastern Time (US & Canada),2592263,johnkessler,,2024-10-31 21:27:50 UTC,2025-02-03 15:50:34 UTC,research,CC-BY-NC,https://www.inaturalist.org/observations/249933191,https://inaturalist-open-data.s3.amazonaws.com/photos/446877494/medium.jpeg,,"",Stinkbug,2,0,false,2,"Yadkinville, NC 27055, USA",36.08472023,-80.5920049,7,,,,7,,,false,,,Kudzu Bug,Megacopta cribraria,Kudzu Bug,Insecta,209176
249944882,fb999e28-d753-48dc-9745-64d8aab21dea,2024-10-31 12:17:35-04:00,2024-10-31,2024-10-31 16:17:35 UTC,Eastern Time (US & Canada),2976765,gpappas,Greg Pappas,2024-10-31 23:38:01 UTC,2025-02-03 15:50:33 UTC,research,CC-BY-NC,https://www.inaturalist.org/observations/249944882,https://inaturalist-open-data.s3.amazonaws.com/photos/446902015/medium.jpeg,,"","",1,0,false,3,"Marietta, GA, US",33.9352833333,-84.4476466667,7,,,,7,,,false,,,Kudzu Bug,Megacopta cribraria,Kudzu Bug,Insecta,209176
249993645,b748201e-6c9e-4b49-a31b-af223b45277f,2024-10-31 22:11:04,2024-10-31,2024-11-01 02:11:04 UTC,Eastern Time (US & Canada),5825742,marsheatshamsters_28,Marsh Wraithmell,2024-11-01 11:56:11 UTC,2025-02-03 15:50:29 UTC,research,,https://www.inaturalist.org/observations/249993645,https://static.inaturalist.org/photos/447002061/medium.jpeg,,"",Humanely killed soon after. ,1,0,false,2,"Ferndale Place, Tallahassee, FL 32301, USA",30.4444833333,-84.2547555556,,,,,,,,false,gps,gps,Kudzu Bug,Megacopta cribraria,Kudzu Bug,Insecta,209176
250027574,a56c04a3-0eac-478e-a09a-85c92b6ef5fe,2024-11-01 13:34:09-04:00,2024-11-01,2024-11-01 17:34:09 UTC,Eastern Time (US & Canada),4798604,scott_cave,Scott Cave,2024-11-01 17:34:19 UTC,2025-08-22 04:43:32 UTC,research,CC-BY,https://www.inaturalist.org/observations/250027574,https://inaturalist-open-data.s3.amazonaws.com/photos/447067051/medium.jpeg,,"","",1,0,false,3,"Zoar State Forest, Aylett, VA, US",37.7875866667,-77.1094278333,3,,,,3,,,false,,,Kudzu Bug,Megacopta cribraria,Kudzu Bug,Insecta,209176
250029005,a2f42c32-9a74-4371-b1a0-0095808e3375,2024-10-28 16:32:57,2024-10-28,2024-10-28 20:32:57 UTC,Eastern Time (US & Canada),7786567,clariflupet,Ethan,2024-11-01 17:47:14 UTC,2025-02-03 15:50:25 UTC,research,,https://www.inaturalist.org/observations/250029005,https://static.inaturalist.org/photos/447070362/medium.jpeg,,"",,1,0,false,2,Greensboro,36.072462436,-79.7915342823,19858,,,,19858,,,false,,,Kudzu Bug,Megacopta cribraria,Kudzu Bug,Insecta,209176
250048704,5f8540f2-c00a-4cdc-8c21-b57c24310f98,2024/10/30 5:56 PM,2024-10-30,2024-10-30 21:56:00 UTC,Eastern Time (US & Canada),3133703,mmmmbugs,Adrienne van den Beemt,2024-11-01 20:27:07 UTC,2025-03-24 22:43:16 UTC,research,CC-BY,https://www.inaturalist.org/observations/250048704,https://inaturalist-open-data.s3.amazonaws.com/photos/447104523/medium.jpeg,,"",Potomac Overlook Park- locations approximate,1,0,false,,"Arlington, VA, USA",38.912544857,-77.1080330672,103,,,,103,,,false,,,Kudzu Bug,Megacopta cribraria,Kudzu Bug,Insecta,209176
250151409,f0452c09-fd99-4999-8e1e-19e9d22f2f3a,2024/10/28 3:49 PM,2024-10-28,2024-10-28 19:49:00 UTC,Eastern Time (US & Canada),800658,mangoverde,William Hull,2024-11-02 15:45:45 UTC,2025-02-03 15:50:22 UTC,research,CC-BY-NC,https://www.inaturalist.org/observations/250151409,https://inaturalist-open-data.s3.amazonaws.com/photos/447317851/medium.jpeg,,"",,2,0,false,,"Scotland County, NC, USA",34.9907638889,-79.4443361111,,,,,,,,false,,,Kudzu Bug,Megacopta cribraria,Kudzu Bug,Insecta,209176
250175661,d40ebadf-6299-4c7e-b483-8950e532e2f3,2024/04/23 5:37 PM,2024-04-23,2024-04-23 21:37:00 UTC,Eastern Time (US & Canada),5293315,beelzebufo,Josh,2024-11-02 18:45:42 UTC,2025-02-03 15:50:22 UTC,research,CC-BY-NC,https://www.inaturalist.org/observations/250175661,https://inaturalist-open-data.s3.amazonaws.com/photos/447366934/medium.jpg,,"",,1,0,false,,"Manchester, Richmond, VA, USA",37.529752,-77.4457256997,,,,,,,,false,,,Kudzu Bug,Megacopta cribraria,Kudzu Bug,Insecta,209176
250176227,f05cc319-49df-4d54-b385-6582035fc977,2024/05/07 7:28 PM,2024-05-07,2024-05-07 23:28:00 UTC,Eastern Time (US & Canada),5293315,beelzebufo,Josh,2024-11-02 18:48:44 UTC,2025-08-21 17:32:44 UTC,research,CC-BY-NC,https://www.inaturalist.org/observations/250176227,https://inaturalist-open-data.s3.amazonaws.com/photos/447367912/medium.jpg,,"",,1,0,false,,"Manchester, Richmond, VA, USA",37.5292633997,-77.446072,,,,,,,,false,,,Kudzu Bug,Megacopta cribraria,Kudzu Bug,Insecta,209176
250189444,e1ee4baf-92fb-4672-ad13-43440d3a0346,2024-11-02 15:25:38-05:00,2024-11-02,2024-11-02 20:25:38 UTC,Central Time (US & Canada),5499489,lindseydp1986,Lindsey,2024-11-02 20:25:55 UTC,2025-04-09 01:34:21 UTC,research,,https://www.inaturalist.org/observations/250189444,https://static.inaturalist.org/photos/464741303/medium.jpg,,"","",1,0,false,3,"Industrial Drive Ext, Oxford, AL, US",33.6106795952,-85.79520498,40,,,,40,,,false,,,Kudzu Bug,Megacopta cribraria,Kudzu Bug,Insecta,209176
250205801,36c99dbf-d0e9-4d63-b531-d60d51fe3df1,2024-11-02 16:34:40,2024-11-02,2024-11-02 20:34:40 UTC,Eastern Time (US & Canada),1153520,charmz,,2024-11-02 22:19:20 UTC,2025-04-09 02:03:32 UTC,research,CC-BY-NC,https://www.inaturalist.org/observations/250205801,https://inaturalist-open-data.s3.amazonaws.com/photos/447426905/medium.jpeg,,"",,1,0,false,2,"Harmony, NC 28634, USA",36.0195996495,-80.8111586049,193,,,,193,,,false,gps,gps,Kudzu Bug,Megacopta cribraria,Kudzu Bug,Insecta,209176
250228524,48623c62-0558-4277-a532-58dd7c8333ba,2024-11-01 16:24:52-05:00,2024-11-01,2024-11-01 21:24:52 UTC,Central Time (US & Canada),2328821,jesseholifield,Jesse Holifield,2024-11-03 01:43:08 UTC,2025-04-09 02:46:53 UTC,research,CC-BY-NC,https://www.inaturalist.org/observations/250228524,https://inaturalist-open-data.s3.amazonaws.com/photos/447473813/medium.jpeg,,"","",1,0,false,3,"Prier Dr, Marion, AL, US",32.6122633333,-87.3339133333,3,,,,3,,,false,,,Kudzu Bug,Megacopta cribraria,Kudzu Bug,Insecta,209176
250314991,e7cc5907-ee7c-4b01-871a-50c38501f937,2024-11-03 12:23:32-05:00,2024-11-03,2024-11-03 17:23:32 UTC,Eastern Time (US & Canada),1137644,butzeli,"",2024-11-03 17:25:09 UTC,2025-04-09 05:11:53 UTC,research,,https://www.inaturalist.org/observations/250314991,https://static.inaturalist.org/photos/447649553/medium.jpeg,,"","",1,0,false,3,"M&T Bank Stadium, Baltimore, MD, US",39.278196205,-76.6222190283,41,,,,41,,,false,,,Kudzu Bug,Megacopta cribraria,Kudzu Bug,Insecta,209176
250386602,92519ee8-80ad-4952-9184-c1e0576ef68f,2024/10/20 8:02 AM,2024-10-20,2024-10-20 12:02:00 UTC,Eastern Time (US & Canada),1293535,benjamin189,Benjamin Burgunder,2024-11-04 02:36:13 UTC,2025-02-03 15:15:16 UTC,research,CC-BY,https://www.inaturalist.org/observations/250386602,https://inaturalist-open-data.s3.amazonaws.com/photos/447792793/medium.jpeg,,"",,1,0,false,,"2005 Largo Rd, Upper Marlboro, MD 20774, USA",38.859051,-76.778636,195,,,,195,,,false,,,Kudzu Bug,Megacopta cribraria,Kudzu Bug,Insecta,209176
250490386,1817d7e6-73a1-413e-936d-6e9cc86c4510,2024-11-04 12:43:51,2024-11-04,2024-11-04 17:43:51 UTC,Eastern Time (US & Canada),3464097,ltomko,Liam,2024-11-04 21:43:16 UTC,2025-02-03 15:15:15 UTC,research,CC-BY-NC,https://www.inaturalist.org/observations/250490386,https://inaturalist-open-data.s3.amazonaws.com/photos/448004581/medium.jpeg,,"",,1,0,false,2,"Seymour, TN 37865, USA",35.8447444444,-83.8291472222,,,,,,,,false,gps,gps,Kudzu Bug,Megacopta cribraria,Kudzu Bug,Insecta,209176
250510344,3dcacf72-4053-4601-aa0b-b1559c27a063,2024-11-04 13:55:07-04:00,2024-11-04,2024-11-04 17:55:07 UTC,Eastern Time (US & Canada),1037709,apistopanchax,Josh Emm,2024-11-05 01:22:13 UTC,2025-02-03 15:15:14 UTC,research,CC-BY-NC,https://www.inaturalist.org/observations/250510344,https://inaturalist-open-data.s3.amazonaws.com/photos/448045381/medium.jpeg,,"","",1,0,false,3,"North Carolina, US",34.540189818,-78.0849128549,25,,,,28818,obscured,,true,,,Kudzu Bug,Megacopta cribraria,Kudzu Bug,Insecta,209176
250524935,104a475a-1a32-48d7-889b-4c6630a6937e,2024-10-29 14:35:53-05:00,2024-10-29,2024-10-29 19:35:53 UTC,Central Time (US & Canada),8730859,camewalk20,,2024-11-05 04:29:29 UTC,2025-04-09 10:54:54 UTC,research,CC-BY-NC,https://www.inaturalist.org/observations/250524935,https://inaturalist-open-data.s3.amazonaws.com/photos/448074904/medium.jpeg,,"",Very small. Brown and Tan outer coloration. Exoskeleton looks like a big shield. ,1,0,false,3,"Minden, LA, US",32.6465843812,-93.413612141,23,,,,23,,,false,,,Kudzu Bug,Megacopta cribraria,Kudzu Bug,Insecta,209176
250576779,27a56442-a0c9-4f18-8ce3-ca604e33f1b4,2024-11-05 11:45:57-05:00,2024-11-05,2024-11-05 16:45:57 UTC,Eastern Time (US & Canada),4563947,ohmerryoutdoors,Merry Lanker,2024-11-05 16:47:55 UTC,2025-04-09 12:20:16 UTC,research,,https://www.inaturalist.org/observations/250576779,https://static.inaturalist.org/photos/448177297/medium.jpeg,,"","",1,0,false,3,"Cherokee National Forest, Cosby, TN, US",35.80135,-83.2325833333,8,,,,8,,,false,,,Kudzu Bug,Megacopta cribraria,Kudzu Bug,Insecta,209176
250581130,9528c446-87de-48e6-baad-24d105e577bc,2024-11-05 12:26:44-05:00,2024-11-05,2024-11-05 17:26:44 UTC,Eastern Time (US & Canada),4220879,mpburkardt,Madison Burkardt,2024-11-05 17:27:30 UTC,2025-02-03 15:14:53 UTC,research,,https://www.inaturalist.org/observations/250581130,https://static.inaturalist.org/photos/448185984/medium.jpeg,,"","",2,0,false,3,"Pleasant Ridge Rd, Greensboro, NC, US",36.1451861667,-79.9416416667,4,,,,4,,,false,,,Kudzu Bug,Megacopta cribraria,Kudzu Bug,Insecta,209176
250608257,56816a6e-354f-4b1e-b0e7-e2c4598c3741,2024-11-05 16:18:01-05:00,2024-11-05,2024-11-05 21:18:01 UTC,Eastern Time (US & Canada),7338023,lisa77189,Lisa McCloud,2024-11-05 21:18:17 UTC,2025-04-09 13:15:59 UTC,research,,https://www.inaturalist.org/observations/250608257,https://static.inaturalist.org/photos/448239018/medium.jpeg,,"","",1,0,false,3,"CR-609, Etowah, TN, US",35.3118822268,-84.557586007,8,,,,8,,,false,,,Kudzu Bug,Megacopta cribraria,Kudzu Bug,Insecta,209176
250642526,f7d3bc0e-8e7d-44ba-907a-742eb6580195,2024-10-27 14:40:34,2024-10-27,2024-10-27 19:40:34 UTC,Central Time (US & Canada),2834486,foxsparrow07,"",2024-11-06 03:45:59 UTC,2025-02-03 15:14:51 UTC,research,CC-BY-NC,https://www.inaturalist.org/observations/250642526,https://inaturalist-open-data.s3.amazonaws.com/photos/448309972/medium.jpeg,,"",,1,0,false,2,"Steele, AL 35987, USA",33.9338335997,-86.2662947997,,,,,,,,false,gps,gps,Kudzu Bug,Megacopta cribraria,Kudzu Bug,Insecta,209176
250701437,73c03774-12df-4855-b45c-af603e351d97,2024-11-06 13:04:32,2024-11-06,2024-11-06 18:04:32 UTC,Eastern Time (US & Canada),3981576,moistmedic,Moist Medic,2024-11-06 18:06:50 UTC,2025-02-03 15:14:50 UTC,research,CC-BY-NC,https://www.inaturalist.org/observations/250701437,https://inaturalist-open-data.s3.amazonaws.com/photos/448429497/medium.jpeg,,"",,1,0,false,2,"Ten Mile, TN 37880, USA",35.64515,-84.6333027778,,,,,,,,false,gps,gps,Kudzu Bug,Megacopta cribraria,Kudzu Bug,Insecta,209176
250709374,09d95c47-6d29-4e7f-ba3f-866e97c4cf04,Wed Nov 06 2024 13:24:05 GMT -0600 (CST),2024-11-06,2024-11-06 19:24:05 UTC,Central Time (US & Canada),5447768,sb4bike,,2024-11-06 19:24:30 UTC,2025-04-10 18:44:38 UTC,research,CC-BY-NC,https://www.inaturalist.org/observations/250709374,https://inaturalist-open-data.s3.amazonaws.com/photos/448446267/medium.jpeg,,"",,1,0,false,333,Russellville,34.55859375,-87.5583343506,19,,,,19,,,false,,,Kudzu Bug,Megacopta cribraria,Kudzu Bug,Insecta,209176
250812561,289e4c25-1a42-4cfb-a59e-d7b8f81eb5b3,2024-11-06 11:39:05,2024-11-06,2024-11-06 16:39:05 UTC,Eastern Time (US & Canada),6462361,mace-bug,,2024-11-07 17:58:42 UTC,2025-02-03 15:14:48 UTC,research,CC-BY-NC,https://www.inaturalist.org/observations/250812561,https://inaturalist-open-data.s3.amazonaws.com/photos/448652343/medium.jpeg,,"",,1,0,false,2,"College Park, MD 20742, USA",38.9854833333,-76.9473972222,,,,,,,,false,gps,gps,Kudzu Bug,Megacopta cribraria,Kudzu Bug,Insecta,209176
250819657,f6415b37-305c-4a28-8996-131ee1a6dc6a,2024-11-07 14:08:42-05:00,2024-11-07,2024-11-07 19:08:42 UTC,Eastern Time (US & Canada),5517323,teaghang,Teaghan Gillispie Photography,2024-11-07 19:09:49 UTC,2025-02-03 15:14:45 UTC,research,CC-BY-NC,https://www.inaturalist.org/observations/250819657,https://inaturalist-open-data.s3.amazonaws.com/photos/448666492/medium.jpeg,,"","",1,0,false,3,"Stratford Pl, Dobson, NC, US",36.3771333333,-80.7157883333,11,,,,11,,,false,,,Kudzu Bug,Megacopta cribraria,Kudzu Bug,Insecta,209176
250842814,8f104f41-1ce8-461c-aa48-5ece5cd16790,2024-11-07 14:26:11,2024-11-07,2024-11-07 19:26:11 UTC,Eastern Time (US & Canada),3707648,kevin_shi,Kevin Shi,2024-11-07 22:45:58 UTC,2025-02-03 15:14:46 UTC,research,,https://www.inaturalist.org/observations/250842814,https://static.inaturalist.org/photos/448710248/medium.jpeg,,"",,1,0,false,2,"University, VA 22903, USA",38.0477689528,-78.5091835633,1773,,,,1773,,,false,gps,gps,Kudzu Bug,Megacopta cribraria,Kudzu Bug,Insecta,209176
250930960,149a36fa-6e1c-42f1-9948-86ba67c01f04,2024-11-08 11:53:20-05:00,2024-11-08,2024-11-08 16:53:20 UTC,Eastern Time (US & Canada),8640167,amntes,,2024-11-08 18:10:03 UTC,2025-02-03 15:14:47 UTC,research,CC-BY-NC,https://www.inaturalist.org/observations/250930960,https://inaturalist-open-data.s3.amazonaws.com/photos/448885221/medium.jpeg,,"","",1,0,false,3,"Fulton Industrial Blvd SW, Atlanta, GA, US",33.7686583333,-84.5241383333,2,,,,2,,,false,,,Kudzu Bug,Megacopta cribraria,Kudzu Bug,Insecta,209176
250986748,d7816cb2-98e3-4140-ad2f-b506d2e90cca,2024-11-08 22:55:44-05:00,2024-11-08,2024-11-09 03:55:44 UTC,Eastern Time (US & Canada),7458731,swoolsey,,2024-11-09 03:56:21 UTC,2024-11-10 16:06:14 UTC,research,CC-BY-NC,https://www.inaturalist.org/observations/250986748,https://inaturalist-open-data.s3.amazonaws.com/photos/448997240/medium.jpeg,,"","",1,0,false,3,"The Home Depot Backyard, Atlanta, GA, US",33.7584110257,-84.4006949602,80,,,,80,,,false,,,Kudzu Bug,Megacopta cribraria,Kudzu Bug,Insecta,209176
251053894,c5452f05-238c-4e05-8646-c77ae7bfcb28,2024-11-09 10:19:20-06:00,2024-11-09,2024-11-09 16:19:20 UTC,Central Time (US & Canada),4166544,tarahtom,Tarah Thomas,2024-11-09 17:50:00 UTC,2025-04-11 03:47:28 UTC,research,CC-BY-NC,https://www.inaturalist.org/observations/251053894,https://inaturalist-open-data.s3.amazonaws.com/photos/449130607/medium.jpeg,,"","",1,0,false,3,"E Union St, Minden, LA, US",32.6119616667,-93.2788,4,,,,4,,,false,,,Kudzu Bug,Megacopta cribraria,Kudzu Bug,Insecta,209176
251074797,f505912b-5f52-44c3-85e8-91404dd97360,2024/11/08 3:19 PM,2024-11-08,2024-11-08 20:19:00 UTC,Eastern Time (US & Canada),64286,supertiger,Leila Dasher,2024-11-09 20:35:52 UTC,2025-02-03 15:14:41 UTC,research,CC-BY,https://www.inaturalist.org/observations/251074797,https://inaturalist-open-data.s3.amazonaws.com/photos/449171306/medium.jpg,,"",,1,0,false,,"Athens, GA, USA",33.9221822339,-83.3796355511,30,,,,30,,,false,,,Kudzu Bug,Megacopta cribraria,Kudzu Bug,Insecta,209176
251242299,3fd6e9aa-8000-4cf6-98cc-4744eef0b1ac,2024-11-07 11:17:25-05:00,2024-11-07,2024-11-07 16:17:25 UTC,Eastern Time (US & Canada),5745422,bubb624,,2024-11-10 23:26:09 UTC,2025-04-11 07:58:29 UTC,research,CC-BY-NC,https://www.inaturalist.org/observations/251242299,https://inaturalist-open-data.s3.amazonaws.com/photos/449508311/medium.jpeg,,"","",1,0,false,3,"Lee Hill Dr, Fredericksburg, VA, US",38.270095,-77.4557033333,18,,,,18,,,false,,,Kudzu Bug,Megacopta cribraria,Kudzu Bug,Insecta,209176
251315922,d4d7243e-fe54-4936-a677-a5facf93a24c,2024-11-10 12:10:55-06:00,2024-11-10,2024-11-10 18:10:55 UTC,Central Time (US & Canada),5416940,podz,Derrick Wales,2024-11-11 14:26:10 UTC,2025-04-11 09:31:55 UTC,research,CC-BY,https://www.inaturalist.org/observations/251315922,https://inaturalist-open-data.s3.amazonaws.com/photos/449655812/medium.jpeg,,"","",1,0,false,3,United States,34.8111913006,-86.6369360249,4,,,,28762,obscured,,true,,,Kudzu Bug,Megacopta cribraria,Kudzu Bug,Insecta,209176
251362453,1c4571b5-7947-496a-a046-434ac0815d3a,2024-11-11 13:29:17-06:00,2024-11-11,2024-11-11 19:29:17 UTC,Central Time (US & Canada),1539434,gracieboykin,,2024-11-11 21:25:37 UTC,2025-02-03 15:14:43 UTC,research,CC-BY-NC,https://www.inaturalist.org/observations/251362453,https://inaturalist-open-data.s3.amazonaws.com/photos/449816366/medium.jpeg,,"","",1,0,false,3,"Skyland Blvd, Tuscaloosa, AL, US",33.1660695,-87.5381166667,6,,,,6,,,false,,,Kudzu Bug,Megacopta cribraria,Kudzu Bug,Insecta,209176
251571563,5ed32d92-052f-4688-8ae6-107e139bee22,2024-11-13 11:26:55,2024-11-13,2024-11-13 16:26:55 UTC,Eastern Time (US & Canada),1084441,matthewrine,Matt Rine,2024-11-13 17:11:09 UTC,2025-02-03 15:14:38 UTC,research,CC0,https://www.inaturalist.org/observations/251571563,https://static.inaturalist.org/photos/450162211/medium.jpeg,,"",,1,0,false,2,"Wheaton, Wheaton-Glenmont, MD, USA",39.0591644,-77.0382883,,,,,,,,false,gps,gps,Kudzu Bug,Megacopta cribraria,Kudzu Bug,Insecta,209176
251700409,d2e4a5f6-9ce7-40b8-b245-6bbb94b2894f,2024-10-25 18:50:00-04:00,2024-10-25,2024-10-25 22:50:00 UTC,Eastern Time (US & Canada),7799740,msshann,,2024-11-14 20:51:53 UTC,2025-04-11 19:48:44 UTC,research,CC-BY-NC,https://www.inaturalist.org/observations/251700409,https://inaturalist-open-data.s3.amazonaws.com/photos/450417771/medium.jpeg,,"","",1,0,false,3,"Perimeter Rd, Clemson, SC, US",34.6759706058,-82.8215623538,137,,,,137,,,false,,,Kudzu Bug,Megacopta cribraria,Kudzu Bug,Insecta,209176
251701104,444d3b82-94c9-4729-aec1-83735413e7b4,2024-10-16 14:45:30-04:00,2024-10-16,2024-10-16 18:45:30 UTC,Eastern Time (US & Canada),5295881,deadlykitten0101,,2024-11-14 20:59:30 UTC,2025-02-03 15:14:36 UTC,research,CC-BY-NC,https://www.inaturalist.org/observations/251701104,https://inaturalist-open-data.s3.amazonaws.com/photos/450419216/medium.jpeg,,"","",1,0,false,3,"South Carolina, US",34.7462217589,-82.9079462349,7,,,,28790,obscured,,true,,,Kudzu Bug,Megacopta cribraria,Kudzu Bug,Insecta,209176
251816982,0a41b7b8-fe49-4206-a1c7-af3d370efccb,2024-06-14 17:22:00-05:00,2024-06-14,2024-06-14 22:22:00 UTC,Eastern Time (US & Canada),7570892,kayley_h,Shade,2024-11-15 22:23:57 UTC,2025-02-03 15:14:36 UTC,research,,https://www.inaturalist.org/observations/251816982,https://static.inaturalist.org/photos/450650591/medium.jpeg,,"","",1,0,false,3,"Redcliffe Rd, Greenville, SC, US",34.8597616667,-82.3141966667,1,,,,1,,,false,,,Kudzu Bug,Megacopta cribraria,Kudzu Bug,Insecta,209176
251830495,327ca669-8f8e-4e37-8c7e-32010fcaf6be,2024-11-12 21:50:06-05:00,2024-11-12,2024-11-13 02:50:06 UTC,Eastern Time (US & Canada),3903689,ekid,,2024-11-16 01:10:17 UTC,2025-04-11 23:08:22 UTC,research,CC-BY-NC,https://www.inaturalist.org/observations/251830495,https://inaturalist-open-data.s3.amazonaws.com/photos/450678711/medium.jpeg,,"","",1,0,false,3,"Harris Hollow Rd, Washington, VA, US",38.74527,-78.2299583333,6,,,,6,,,false,,,Kudzu Bug,Megacopta cribraria,Kudzu Bug,Insecta,209176
251974828,f26a5b64-618f-4cfe-84df-3461d0d22aa7,2024-11-16 15:49:36-05:00,2024-11-16,2024-11-16 20:49:36 UTC,Eastern Time (US & Canada),2344375,axicus,,2024-11-17 04:17:35 UTC,2025-02-03 15:14:33 UTC,research,CC-BY-NC,https://www.inaturalist.org/observations/251974828,https://inaturalist-open-data.s3.amazonaws.com/photos/450969049/medium.jpeg,,"","",1,0,false,3,"Upper Shirley Vineyards, Charles City, VA, US",37.3451616667,-77.256875,4,,,,4,,,false,,,Kudzu Bug,Megacopta cribraria,Kudzu Bug,Insecta,209176
252026381,956e5e1a-5669-4fbc-ba8c-f3b1f698197d,2024-11-17 10:24:16-05:00,2024-11-17,2024-11-17 15:24:16 UTC,Eastern Time (US & Canada),7503982,jordan_johnson33,,2024-11-17 15:33:26 UTC,2025-02-03 15:14:32 UTC,research,CC-BY-NC,https://www.inaturalist.org/observations/252026381,https://inaturalist-open-data.s3.amazonaws.com/photos/451072898/medium.jpeg,,"","",1,0,false,3,"High Cliff Rd, Jasper, GA, US",34.5154383333,-84.3452216667,35,,,,35,,,false,,,Kudzu Bug,Megacopta cribraria,Kudzu Bug,Insecta,209176
252035105,71771ebd-f08f-4db1-8cf5-794e34087b8b,2024-11-17 11:44:07-05:00,2024-11-17,2024-11-17 16:44:07 UTC,Eastern Time (US & Canada),531542,amanda184,Amanda Weller,2024-11-17 16:44:58 UTC,2025-04-02 14:45:56 UTC,research,CC-BY-NC,https://www.inaturalist.org/observations/252035105,https://inaturalist-open-data.s3.amazonaws.com/photos/451090892/medium.jpeg,,"","",1,0,false,3,"Pilot Mountain State Park, Pinnacle, NC, US",36.3400833333,-80.4793916667,3,,,,3,,,false,,,Kudzu Bug,Megacopta cribraria,Kudzu Bug,Insecta,209176
252043923,81312266-c7bb-4836-9eb2-62045a9d54b6,2024-11-02 14:05:26,2024-11-02,2024-11-02 19:05:26 UTC,Central Time (US & Canada),6958026,dobrowolski,Dobrowolski Family,2024-11-17 17:49:14 UTC,2025-09-06 01:40:42 UTC,research,,https://www.inaturalist.org/observations/252043923,https://static.inaturalist.org/photos/451107708/medium.jpeg,,"",,3,0,false,2,"Gurley, AL 35748, USA",34.8049111111,-86.3846777778,,,,,,,,false,,,Kudzu Bug,Megacopta cribraria,Kudzu Bug,Insecta,209176
252054871,54e04c94-d4ef-49f1-b1aa-f1bd7abcb1b2,2024-11-17 13:09:02,2024-11-17,2024-11-17 19:09:02 UTC,Central Time (US & Canada),3547235,sandercommander,Kevin Jones,2024-11-17 19:10:20 UTC,2025-10-13 14:47:58 UTC,research,CC-BY,https://www.inaturalist.org/observations/252054871,https://inaturalist-open-data.s3.amazonaws.com/photos/451129217/medium.jpeg,,"",,1,0,false,2,"Starkville, MS 39759, USA",33.4594293,-88.7832667,83,,,,83,,,false,,,Kudzu Bug,Megacopta cribraria,Kudzu Bug,Insecta,209176
252070974,24a2f6ee-6df6-462a-86be-b1da85036bb9,2024-10-19 16:11:07-04:00,2024-10-19,2024-10-19 20:11:07 UTC,Eastern Time (US & Canada),847616,jeremysadkins,,2024-11-17 21:11:57 UTC,2025-02-03 15:49:01 UTC,research,,https://www.inaturalist.org/observations/252070974,https://static.inaturalist.org/photos/451159706/medium.jpeg,,"","",1,0,false,3,"Barber St, Athens, GA, US",33.9688116667,-83.387405,4,,,,4,,,false,,,Kudzu Bug,Megacopta cribraria,Kudzu Bug,Insecta,209176
252096324,ed80736f-ee61-4690-8653-1a479603a88b,2024-11-15 09:46:01-05:00,2024-11-15,2024-11-15 14:46:01 UTC,Eastern Time (US & Canada),5775730,bkramar,Brenda Kramar Rice,2024-11-18 00:59:08 UTC,2025-02-03 15:48:56 UTC,research,CC-BY-NC,https://www.inaturalist.org/observations/252096324,https://inaturalist-open-data.s3.amazonaws.com/photos/451211297/medium.jpeg,,"","Kudzu bug? Found inside a sunroom, no kudzu or cultivated legume crop within at least a mile…..",2,0,false,3,"North Carolina, US",35.0901867115,-79.4584840066,14,,,,28734,obscured,,true,,,Kudzu Bug,Megacopta cribraria,Kudzu Bug,Insecta,209176
252162289,71a02e14-86e6-41e5-b995-202bf80897f4,2024/10/05 6:19 PM,2024-10-05,2024-10-05 22:19:00 UTC,Eastern Time (US & Canada),7487540,merkertgrace,Grace Merkert,2024-11-18 15:23:48 UTC,2025-06-22 15:20:10 UTC,research,CC-BY-NC,https://www.inaturalist.org/observations/252162289,https://inaturalist-open-data.s3.amazonaws.com/photos/451345732/medium.jpeg,,"",,3,0,false,,Upper Chinquapin Greenway,34.9808128187,-81.954416346,273,,,,273,,,false,,,Kudzu Bug,Megacopta cribraria,Kudzu Bug,Insecta,209176
252172662,876b424a-4b2e-4382-bd03-09050cca28e3,2024-10-26 14:26:00-04:00,2024-10-26,2024-10-26 18:26:00 UTC,Eastern Time (US & Canada),8502269,praclemson,Patrick Allen,2024-11-18 17:17:11 UTC,2025-02-03 15:48:54 UTC,research,CC-BY-NC,https://www.inaturalist.org/observations/252172662,https://inaturalist-open-data.s3.amazonaws.com/photos/451366482/medium.jpeg,,"","",1,0,false,3,"Clemson University, Clemson, SC, US",34.6785931011,-82.8282642756,21,,,,21,,,false,,,Kudzu Bug,Megacopta cribraria,Kudzu Bug,Insecta,209176
252173905,afba2d8d-abc5-4591-b5bb-afad992f5ce3,Mon Nov 18 2024 12:30:07 GMT -0500 (EST),2024-11-18,2024-11-18 17:30:07 UTC,Eastern Time (US & Canada),6257390,csssdy,Cassidy Hammond,2024-11-18 17:30:25 UTC,2025-04-12 06:57:38 UTC,research,,https://www.inaturalist.org/observations/252173905,https://static.inaturalist.org/photos/451368913/medium.jpeg,,"",,1,0,false,333,Emporia,36.7315368652,-77.5207138062,35,,,,35,,,false,,,Kudzu Bug,Megacopta cribraria,Kudzu Bug,Insecta,209176
252173973,41f82c43-c8fd-4806-9cef-995485adea7a,Mon Nov 18 2024 12:30:43 GMT -0500 (EST),2024-11-18,2024-11-18 17:30:43 UTC,Eastern Time (US & Canada),6257390,csssdy,Cassidy Hammond,2024-11-18 17:30:49 UTC,2025-04-12 06:57:41 UTC,research,,https://www.inaturalist.org/observations/252173973,https://static.inaturalist.org/photos/451368988/medium.jpeg,,"",,1,0,false,333,Emporia,36.7314453125,-77.5207443237,35,,,,35,,,false,,,Kudzu Bug,Megacopta cribraria,Kudzu Bug,Insecta,209176
252174002,aa8f7fb2-3181-46ae-acc8-1c519eae8919,2024-11-18 12:30:02-05:00,2024-11-18,2024-11-18 17:30:02 UTC,Eastern Time (US & Canada),8520405,anyaree,,2024-11-18 17:31:08 UTC,2025-04-12 06:57:42 UTC,research,CC-BY-NC,https://www.inaturalist.org/observations/252174002,https://inaturalist-open-data.s3.amazonaws.com/photos/451369038/medium.jpeg,,"","",1,0,false,3,"Blue Ridge St, Lynchburg, VA, US",37.400974,-79.178256,5631,,,,5631,,,false,,,Kudzu Bug,Megacopta cribraria,Kudzu Bug,Insecta,209176
252188610,6141b150-2674-4234-8b40-f622b29b33eb,Mon Nov 18 2024 13:42:40 GMT -0600 (CST),2024-11-18,2024-11-18 19:42:40 UTC,Central Time (US & Canada),5447768,sb4bike,,2024-11-18 19:42:47 UTC,2024-11-19 13:28:45 UTC,research,CC-BY-NC,https://www.inaturalist.org/observations/252188610,https://inaturalist-open-data.s3.amazonaws.com/photos/451397675/medium.jpeg,,"",,1,0,false,333,Russellville,34.5586242676,-87.5583496094,24,,,,24,,,false,,,Kudzu Bug,Megacopta cribraria,Kudzu Bug,Insecta,209176
252203549,87b7c9ea-4fc1-4e9b-ad1b-08e7fc61c4df,2024-10-26 12:56:00-04:00,2024-10-26,2024-10-26 16:56:00 UTC,Eastern Time (US & Canada),8474603,eharman,,2024-11-18 22:07:17 UTC,2025-02-03 15:48:44 UTC,research,CC-BY-NC,https://www.inaturalist.org/observations/252203549,https://inaturalist-open-data.s3.amazonaws.com/photos/451428925/medium.jpeg,,"","",1,0,false,3,"Clemson, SC, US",34.6680663109,-82.8279186303,31,,,,31,,,false,,,Kudzu Bug,Megacopta cribraria,Kudzu Bug,Insecta,209176
252225052,1413f323-efb4-4abf-acc1-06bf543cc09c,2024-11-18 16:11:18-05:00,2024-11-18,2024-11-18 21:11:18 UTC,Eastern Time (US & Canada),239680,larry14,Larry Beane,2024-11-19 02:03:03 UTC,2025-02-03 15:48:42 UTC,research,,https://www.inaturalist.org/observations/252225052,https://static.inaturalist.org/photos/451474385/medium.jpeg,,"","",1,0,false,3,"Hamby St, Granite Falls, NC, US",35.8191661002,-81.5309655685,24,,,,24,,,false,,,Kudzu Bug,Megacopta cribraria,Kudzu Bug,Insecta,209176
252267609,ac285133-80d4-41a8-8d5e-c87aaca4ee2e,2024-11-16 10:21:41,2024-11-16,2024-11-16 15:21:41 UTC,Eastern Time (US & Canada),5892,botanygirl,"",2024-11-19 12:56:26 UTC,2025-04-03 16:30:27 UTC,research,CC-BY,https://www.inaturalist.org/observations/252267609,https://inaturalist-open-data.s3.amazonaws.com/photos/451558948/medium.jpeg,,"",,3,0,false,2,"Brunswick, MD 21716, USA",39.3135101221,-77.6034820452,26,,,,26,,,false,gps,gps,Kudzu Bug,Megacopta cribraria,Kudzu Bug,Insecta,209176
252403127,8024aab2-3d51-4fb2-adca-fe833c17b67e,2024-11-20 10:29:42-05:00,2024-11-20,2024-11-20 15:29:42 UTC,Eastern Time (US & Canada),6086433,shorb,emilia d,2024-11-20 16:50:21 UTC,2025-04-12 11:26:03 UTC,research,,https://www.inaturalist.org/observations/252403127,https://static.inaturalist.org/photos/451829829/medium.jpeg,,"","",1,0,false,3,"Oakland Ave SE, Atlanta, GA, US",33.7443083333,-84.3752133333,,,,,,,,false,,,Kudzu Bug,Megacopta cribraria,Kudzu Bug,Insecta,209176
252418750,956a3b22-1470-4189-a04b-c5d7d913498d,2024/11/20 2:34 PM,2024-11-20,2024-11-20 19:34:00 UTC,Eastern Time (US & Canada),7405549,summercmcclary,Summer C. McClary,2024-11-20 19:34:58 UTC,2025-02-03 15:48:39 UTC,research,CC-BY-NC,https://www.inaturalist.org/observations/252418750,https://inaturalist-open-data.s3.amazonaws.com/photos/451859414/medium.png,,"",,1,0,false,,"555 N Indian Creek Dr, Clarkston, GA 30021, USA",33.792329,-84.2341775,241,,,,241,,,false,,,Kudzu Bug,Megacopta cribraria,Kudzu Bug,Insecta,209176
252420487,8409a0a6-6386-4ae4-8304-c4109b721f66,2024/11/20 2:51 PM,2024-11-20,2024-11-20 19:51:00 UTC,Eastern Time (US & Canada),8627259,juliennemawazo,,2024-11-20 19:51:57 UTC,2025-02-03 15:48:38 UTC,research,CC-BY-NC,https://www.inaturalist.org/observations/252420487,https://inaturalist-open-data.s3.amazonaws.com/photos/451862769/medium.jpg,,"",,1,0,false,,"555 N Indian Creek Dr, Clarkston, GA 30021, USA",33.792329,-84.2341775,241,,,,241,,,false,,,Kudzu Bug,Megacopta cribraria,Kudzu Bug,Insecta,209176
252424118,9e124ec9-ce62-4300-9db9-a994634ecfe5,Wed Nov 20 2024 15:27:35 GMT -0500 (EST),2024-11-20,2024-11-20 20:27:35 UTC,Eastern Time (US & Canada),8628481,immerensisdeus,,2024-11-20 20:27:46 UTC,2025-02-03 15:48:36 UTC,research,CC-BY-NC,https://www.inaturalist.org/observations/252424118,https://inaturalist-open-data.s3.amazonaws.com/photos/451869576/medium.jpeg,,"",,2,0,false,333,Kennesaw,34.0402793884,-84.585105896,68,,,,68,,,false,,,Kudzu Bug,Megacopta cribraria,Kudzu Bug,Insecta,209176
252612931,2f0756a6-f05c-4f3b-9d70-d332bae72513,2024-11-22 11:53:24,2024-11-22,2024-11-22 16:53:24 UTC,Eastern Time (US & Canada),7961943,ansel_g,Ansel Gomes,2024-11-22 16:55:18 UTC,2025-02-03 15:48:33 UTC,research,,https://www.inaturalist.org/observations/252612931,https://static.inaturalist.org/photos/452239422/medium.jpeg,,"",,1,0,false,2,"Biltmore Forest, NC 28803, USA",35.5705555556,-82.5501305556,,,,,,,,false,gps,gps,Kudzu Bug,Megacopta cribraria,Kudzu Bug,Insecta,209176
252732408,7ba73529-908a-4ed0-b7d7-fc555dc0ccc6,2024-11-23 11:30:01,2024-11-23,2024-11-23 16:30:01 UTC,Eastern Time (US & Canada),8498016,damison1,,2024-11-23 16:30:43 UTC,2024-11-23 22:41:49 UTC,research,CC-BY-NC,https://www.inaturalist.org/observations/252732408,https://inaturalist-open-data.s3.amazonaws.com/photos/452463393/medium.jpeg,,"",Invertebrate ,1,0,false,2,"Lithonia, GA 30058, USA",33.7123301969,-84.105193913,1138,,,,1138,,,false,,,Kudzu Bug,Megacopta cribraria,Kudzu Bug,Insecta,209176
252813767,c32c53ba-afc8-4c08-899d-8438d65073a8,2024-05-16 16:44:28-04:00,2024-05-16,2024-05-16 20:44:28 UTC,Eastern Time (US & Canada),7550106,spring-winds-and-stars,,2024-11-24 02:19:50 UTC,2025-02-03 15:48:30 UTC,research,CC-BY-NC,https://www.inaturalist.org/observations/252813767,https://inaturalist-open-data.s3.amazonaws.com/photos/452606538/medium.jpeg,,"","",1,0,false,3,"Tennessee, US",35.893109509,-83.7894072137,6,,,,28620,obscured,,true,,,Kudzu Bug,Megacopta cribraria,Kudzu Bug,Insecta,209176
252993225,40bc3cb8-5276-4de4-bd5c-1267fb86a2a8,2024-11-15 16:06:53-05:00,2024-11-15,2024-11-15 21:06:53 UTC,Eastern Time (US & Canada),7902536,kaileyellen,,2024-11-25 03:02:26 UTC,2025-02-03 15:48:29 UTC,research,CC-BY-NC,https://www.inaturalist.org/observations/252993225,https://inaturalist-open-data.s3.amazonaws.com/photos/452925538/medium.jpeg,,"","",1,0,false,3,"US-441 N, Alachua, FL, US",29.8077633333,-82.5238716667,38,,,,38,,,false,,,Kudzu Bug,Megacopta cribraria,Kudzu Bug,Insecta,209176
253034606,d24144df-b8b2-4c4e-8056-12c518d46713,2024-11-02,2024-11-02,,Central Time (US & Canada),7832694,wamoore0024,,2024-11-25 11:42:01 UTC,2024-11-28 03:44:29 UTC,research,CC-BY-NC,https://www.inaturalist.org/observations/253034606,https://inaturalist-open-data.s3.amazonaws.com/photos/453004042/medium.png,,"","",3,1,false,,Monte Sano Nature Preserve,34.743571,-86.544397,27,,,,27,,,false,,,Kudzu Bug,Megacopta cribraria,Kudzu Bug,Insecta,209176
253125321,839f6c03-90f9-4752-bdc8-0cdd1d6f82a8,2024-11-24 15:55:13-05:00,2024-11-24,2024-11-24 20:55:13 UTC,Eastern Time (US & Canada),6086433,shorb,emilia d,2024-11-26 03:13:03 UTC,2025-02-03 15:14:21 UTC,research,,https://www.inaturalist.org/observations/253125321,https://static.inaturalist.org/photos/453179138/medium.jpeg,,"","",1,0,false,3,"Atlanta Botanical Garden, Atlanta, GA, US",33.7885383333,-84.3720466667,,,,,,,,false,,,Kudzu Bug,Megacopta cribraria,Kudzu Bug,Insecta,209176
253136457,83133c21-68cc-4090-bddd-3ad80faf1d82,2024/11/25 9:01 PM,2024-11-25,2024-11-26 02:01:00 UTC,Eastern Time (US & Canada),64286,supertiger,Leila Dasher,2024-11-26 05:53:24 UTC,2025-02-03 15:14:20 UTC,research,CC-BY,https://www.inaturalist.org/observations/253136457,https://inaturalist-open-data.s3.amazonaws.com/photos/453196645/medium.jpg,,"",,1,0,false,,"Georgia, US",33.9109612325,-83.2885733833,30,,,,28902,obscured,,true,,,Kudzu Bug,Megacopta cribraria,Kudzu Bug,Insecta,209176
253227646,07e65ae7-d28b-4027-b13a-c733819c854f,2024-11-25 21:58:16-06:00,2024-11-25,2024-11-26 03:58:16 UTC,Central Time (US & Canada),1404255,bbj_,Brittany Barker-Jones,2024-11-26 23:50:59 UTC,2025-02-03 15:14:20 UTC,research,,https://www.inaturalist.org/observations/253227646,https://static.inaturalist.org/photos/453372601/medium.jpeg,,"","",1,0,false,3,"Tanglewood Ave, Auburn, AL, US",32.5753666667,-85.4707716667,4,,,,4,,,false,,,Kudzu Bug,Megacopta cribraria,Kudzu Bug,Insecta,209176
253393977,75061bd8-70fb-4419-8c4e-e94e7fe366f7,2024/10/22 9:22 AM,2024-10-22,2024-10-22 13:22:00 UTC,Eastern Time (US & Canada),204678,pmk00001,"",2024-11-28 12:25:41 UTC,2025-02-03 13:49:17 UTC,research,CC-BY-NC,https://www.inaturalist.org/observations/253393977,https://inaturalist-open-data.s3.amazonaws.com/photos/453702579/medium.jpg,,"",,1,0,false,,"Huntington, VA, USA",38.7932055556,-77.0630833333,,,,,,,,false,,,Kudzu Bug,Megacopta cribraria,Kudzu Bug,Insecta,209176
253393995,1dbff9f0-b0b5-450a-92d3-403089c6565c,2024/10/30 10:57 AM,2024-10-30,2024-10-30 14:57:00 UTC,Eastern Time (US & Canada),204678,pmk00001,"",2024-11-28 12:25:46 UTC,2025-02-03 13:49:11 UTC,research,CC-BY-NC,https://www.inaturalist.org/observations/253393995,https://inaturalist-open-data.s3.amazonaws.com/photos/453702743/medium.jpg,,"",,1,0,false,,"Huntington, VA, USA",38.7931888889,-77.0652277778,,,,,,,,false,,,Kudzu Bug,Megacopta cribraria,Kudzu Bug,Insecta,209176
253429561,42538063-83c6-4640-88ae-d991920b8973,2024-11-12 22:21:25,2024-11-12,2024-11-13 03:21:25 UTC,Eastern Time (US & Canada),1878812,mike_gartin,turtled_milk,2024-11-28 19:34:41 UTC,2025-04-13 09:04:56 UTC,research,CC-BY-NC,https://www.inaturalist.org/observations/253429561,https://inaturalist-open-data.s3.amazonaws.com/photos/453772954/medium.jpeg,,"",,1,0,false,2,"Bristol, TN, USA",36.5921463,-82.2024950997,,,,,,,,false,,,Kudzu Bug,Megacopta cribraria,Kudzu Bug,Insecta,209176
253706638,5c165493-fca9-48b7-888b-b83b6635a665,2024-11-08 11:53:20-05:00,2024-11-08,2024-11-08 16:53:20 UTC,Eastern Time (US & Canada),8707621,lyya22,,2024-12-01 03:29:23 UTC,2025-02-03 13:49:22 UTC,research,CC-BY-NC,https://www.inaturalist.org/observations/253706638,https://inaturalist-open-data.s3.amazonaws.com/photos/454326149/medium.jpeg,,"","",3,0,false,3,"Fulton Industrial Blvd SW, Atlanta, GA, US",33.7686583333,-84.5241383333,2,,,,2,,,false,,,Kudzu Bug,Megacopta cribraria,Kudzu Bug,Insecta,209176
253784338,40c3fcef-14cf-4031-b7ff-37f6fe238e24,2024-12-01 13:27:56,2024-12-01,2024-12-01 18:27:56 UTC,Eastern Time (US & Canada),1704749,the_little_elephant,A,2024-12-01 19:12:03 UTC,2025-02-03 13:49:27 UTC,research,CC-BY-NC,https://www.inaturalist.org/observations/253784338,https://inaturalist-open-data.s3.amazonaws.com/photos/454478973/medium.jpeg,,"",,2,0,false,2,"Williamsburg, VA 23188, USA",37.3487277778,-76.7306027778,,,,,,,,false,gps,gps,Kudzu Bug,Megacopta cribraria,Kudzu Bug,Insecta,209176
254112617,f3a35b18-fd3a-47ef-8490-9f53bb1e66d3,2024-12-04 10:48:52-05:00,2024-12-04,2024-12-04 15:48:52 UTC,Eastern Time (US & Canada),8503494,acwoofter,,2024-12-04 15:49:02 UTC,2024-12-11 20:37:56 UTC,research,CC-BY-NC,https://www.inaturalist.org/observations/254112617,https://inaturalist-open-data.s3.amazonaws.com/photos/455096164/medium.jpeg,,"","",1,0,false,3,"Cochran Rd, Clemson, SC, US",34.6934117113,-82.8271700985,4,,,,4,,,false,,,Kudzu Bug,Megacopta cribraria,Kudzu Bug,Insecta,209176
254173685,ec055e7f-6e5f-4ad6-a66b-5d0408294704,2024-09-23 14:10:00-04:00,2024-09-23,2024-09-23 18:10:00 UTC,Eastern Time (US & Canada),7721304,greengiraffe21,,2024-12-05 03:55:38 UTC,2025-08-21 17:12:40 UTC,research,CC-BY-NC,https://www.inaturalist.org/observations/254173685,https://inaturalist-open-data.s3.amazonaws.com/photos/455213844/medium.jpeg,,"","",1,0,false,3,"Liberty University, Lynchburg, VA, US",37.352294137,-79.1820339026,38,,,,38,,,false,,,Kudzu Bug,Megacopta cribraria,Kudzu Bug,Insecta,209176
254273530,23bfa9c5-3edd-4075-afe4-03474877b978,2024-09-26 16:17:57-05:00,2024-09-26,2024-09-26 21:17:57 UTC,Central Time (US & Canada),8490032,johannavanpelt,,2024-12-06 04:37:04 UTC,2025-02-03 13:49:01 UTC,research,CC-BY-NC,https://www.inaturalist.org/observations/254273530,https://inaturalist-open-data.s3.amazonaws.com/photos/455415731/medium.jpg,,"","",1,0,false,3,"Samford University, Homewood, AL, US",33.46515,-86.7892833333,9,,,,9,,,false,,,Kudzu Bug,Megacopta cribraria,Kudzu Bug,Insecta,209176
254727652,7c23af8c-8abd-4353-ab9d-a180f2b2ecdb,2024-12-10 10:00:00-06:00,2024-12-10,2024-12-10 16:00:00 UTC,Central Time (US & Canada),5475917,alyvia_dunson,Alyvia Dunson,2024-12-10 16:05:32 UTC,2025-02-03 13:48:54 UTC,research,,https://www.inaturalist.org/observations/254727652,https://static.inaturalist.org/photos/456331598/medium.jpg,,"","",1,0,false,3,"Haciendia Cir, Haughton, LA, US",32.5520342055,-93.6115498605,14,,,,14,,,false,,,Kudzu Bug,Megacopta cribraria,Kudzu Bug,Insecta,209176
255116132,439b3930-078c-4d88-842c-5a76c568bb28,2024-12-14 13:33:32-05:00,2024-12-14,2024-12-14 18:33:32 UTC,Eastern Time (US & Canada),2162721,porroglossum,Simon W.,2024-12-14 22:26:09 UTC,2025-02-03 13:48:54 UTC,research,CC-BY,https://www.inaturalist.org/observations/255116132,https://inaturalist-open-data.s3.amazonaws.com/photos/457115157/medium.jpg,,"","CV suggestion sure looks right! Under bark of standing dead hardwood, probably oak ",1,0,false,3,"W Braddock Rd, Alexandria, VA, US",38.8388416667,-77.11065,6,,,,6,,,false,,,Kudzu Bug,Megacopta cribraria,Kudzu Bug,Insecta,209176
255422139,3ca076a4-62d8-48bd-9fea-c38577c71ac6,2024-12-17 15:44:38,2024-12-17,2024-12-17 20:44:38 UTC,Eastern Time (US & Canada),1727509,drewscottnc,Drew Scott,2024-12-17 20:45:16 UTC,2025-02-03 13:48:31 UTC,research,,https://www.inaturalist.org/observations/255422139,https://static.inaturalist.org/photos/457742329/medium.jpeg,,"",,2,0,false,2,"Pilot Mountain, NC 27041, USA",36.4501457,-80.3822518,,,,,,,,false,gps,gps,Kudzu Bug,Megacopta cribraria,Kudzu Bug,Insecta,209176
255714466,60a6f19f-261f-48c7-a151-dbac880f7479,2024/06/03 3:33 PM,2024-06-03,2024-06-03 20:33:00 UTC,Central Time (US & Canada),6126869,jupiterswasphouse,jupiterswasphouse,2024-12-20 22:20:53 UTC,2025-02-03 13:48:30 UTC,research,CC-BY-SA,https://www.inaturalist.org/observations/255714466,https://inaturalist-open-data.s3.amazonaws.com/photos/458318103/medium.jpg,,"","",1,0,false,,"Mississippi, USA",34.797147,-88.555064,21622,,,,21622,,,false,,manual,Kudzu Bug,Megacopta cribraria,Kudzu Bug,Insecta,209176
256043783,6349beaf-b412-4980-bf2a-1629c0a48861,2024-10-29 20:39:12-04:00,2024-10-29,2024-10-30 00:39:12 UTC,Eastern Time (US & Canada),5613609,mraeon,,2024-12-24 02:08:12 UTC,2025-02-03 13:48:21 UTC,research,CC-BY-NC,https://www.inaturalist.org/observations/256043783,https://inaturalist-open-data.s3.amazonaws.com/photos/458972772/medium.jpg,,"","",2,0,false,3,"Shelton St, Carrboro, NC, US",35.9141015316,-79.0745146636,35,,,,35,,,false,,,Kudzu Bug,Megacopta cribraria,Kudzu Bug,Insecta,209176
256146647,19358003-39c9-49c4-be58-fac772446f4e,2024-12-24 20:37:13-06:00,2024-12-24,2024-12-25 02:37:13 UTC,Central Time (US & Canada),8462076,starrax,,2024-12-25 06:07:36 UTC,2025-05-07 20:43:58 UTC,research,CC-BY-NC,https://www.inaturalist.org/observations/256146647,https://inaturalist-open-data.s3.amazonaws.com/photos/501557451/medium.jpg,,"","",1,0,false,3,"S Elder Ave, Broken Arrow, OK, US",35.983795,-95.8216383333,10,,,,10,,,false,,,Kudzu Bug,Megacopta cribraria,Kudzu Bug,Insecta,209176
257467662,81be840a-3edd-4230-adce-cf0cfb154e7d,2024/12/31 11:37 PM,2024-12-31,2025-01-01 04:37:00 UTC,Eastern Time (US & Canada),1409076,lenrely,Robert Russo,2025-01-05 13:25:47 UTC,2025-04-11 06:15:17 UTC,research,CC-BY-NC,https://www.inaturalist.org/observations/257467662,https://inaturalist-open-data.s3.amazonaws.com/photos/461874122/medium.jpg,,"",,1,0,false,,"Granite Falls, NC 28630, USA",35.8022286849,-81.4222581607,15,,,,15,,,false,,,Kudzu Bug,Megacopta cribraria,Kudzu Bug,Insecta,209176
258577625,6eb3e3c2-5178-471e-a3d0-6eed7f0f603b,2024-03-12 17:23:36,2024-03-12,2024-03-12 21:23:36 UTC,Eastern Time (US & Canada),5284791,fisherpeaks,Fisher,2025-01-15 18:00:06 UTC,2025-02-03 13:47:36 UTC,research,CC-BY-NC,https://www.inaturalist.org/observations/258577625,https://inaturalist-open-data.s3.amazonaws.com/photos/463966758/medium.jpeg,,"",,1,0,false,2,"Virginia, US",36.7684381521,-76.4637138994,186,,,,28505,obscured,,true,gps,gps,Kudzu Bug,Megacopta cribraria,Kudzu Bug,Insecta,209176
258578031,19688e94-3b6a-4bc3-bfe5-d66e4f76af46,2024-03-30 12:32:16,2024-03-30,2024-03-30 16:32:16 UTC,Eastern Time (US & Canada),5284791,fisherpeaks,Fisher,2025-01-15 18:06:51 UTC,2025-02-03 13:47:35 UTC,research,CC-BY-NC,https://www.inaturalist.org/observations/258578031,https://inaturalist-open-data.s3.amazonaws.com/photos/463967502/medium.jpeg,,"",,2,0,false,2,"Virginia, US",36.7572805853,-76.4840845497,186,,,,28505,obscured,,true,gps,gps,Kudzu Bug,Megacopta cribraria,Kudzu Bug,Insecta,209176
259304015,b734712b-0725-4db8-ad33-459f4b2bd6e6,2024-11-07 15:52:47-05:00,2024-11-07,2024-11-07 20:52:47 UTC,Eastern Time (US & Canada),65522,nataliemhowe,Natalie Howe,2025-01-23 03:45:08 UTC,2025-02-03 13:47:27 UTC,research,CC-BY-NC,https://www.inaturalist.org/observations/259304015,https://inaturalist-open-data.s3.amazonaws.com/photos/465447676/medium.jpg,,"","",1,0,false,3,"Soil Conservation Rd, Greenbelt, MD, US",39.01648055,-76.8522033333,5,,,,5,,,false,,,Kudzu Bug,Megacopta cribraria,Kudzu Bug,Insecta,209176
262204859,66b08f75-4940-4e41-8101-8c75c2dddcac,2024-07-23 15:34:32,2024-07-23,2024-07-23 19:34:32 UTC,Eastern Time (US & Canada),8958453,the_insect_cabinet,Kenneth,2025-02-19 01:16:45 UTC,2025-02-19 09:51:23 UTC,research,CC-BY-NC,https://www.inaturalist.org/observations/262204859,https://inaturalist-open-data.s3.amazonaws.com/photos/471087933/medium.jpeg,,"",,1,0,false,2,"Virginia, US",37.6780171236,-77.4102680041,6993,,,,28359,obscured,,true,gps,gps,Kudzu Bug,Megacopta cribraria,Kudzu Bug,Insecta,209176
263322306,a36687f7-93b3-44e2-96f2-4044b0f30ce6,2024-10-24 14:23:16,2024-10-24,2024-10-24 18:23:16 UTC,Eastern Time (US & Canada),5659470,ilookatbugs,,2025-02-27 23:25:04 UTC,2025-04-17 13:21:00 UTC,research,CC-BY-NC,https://www.inaturalist.org/observations/263322306,https://inaturalist-open-data.s3.amazonaws.com/photos/473034072/medium.jpeg,,"",,1,0,false,2,"University of Tennessee, Knoxville, TN, USA",35.9573522507,-83.9289647341,370,,,,370,,,false,gps,gps,Kudzu Bug,Megacopta cribraria,Kudzu Bug,Insecta,209176
267665549,ae4f9b53-a6f5-4f96-ba21-363cbfc7edb0,2024-10-20 12:47:40-04:00,2024-10-20,2024-10-20 16:47:40 UTC,Eastern Time (US & Canada),5074487,lotsofwebs,Caitlin Weber,2025-03-30 08:24:15 UTC,2025-04-15 03:00:12 UTC,research,CC-BY-NC,https://www.inaturalist.org/observations/267665549,https://inaturalist-open-data.s3.amazonaws.com/photos/481050179/medium.jpg,,"","",1,0,false,3,"New River Gorge National Park and Preserve, Edmond, WV, US",38.0532528333,-81.0594333333,5,,,,5,,,false,,,Kudzu Bug,Megacopta cribraria,Kudzu Bug,Insecta,209176
268654533,9d1d8c5d-d11d-48a4-96ae-df1ef0a05361,2024-10-11 17:20:59,2024-10-11,2024-10-11 21:20:59 UTC,Eastern Time (US & Canada),8607030,addysonskelton,Addyson Skelton,2025-04-05 02:02:41 UTC,2025-04-05 02:27:20 UTC,research,,https://www.inaturalist.org/observations/268654533,https://static.inaturalist.org/photos/482934811/medium.jpeg,,"",Bizarrely angular and round at the same time,1,0,false,2,"Oak Ridge, TN 37830, USA",36.0087933325,-84.2539666593,143,,,,143,,,false,,,Kudzu Bug,Megacopta cribraria,Kudzu Bug,Insecta,209176
271767152,2839cd66-eec1-47bb-afd4-dbe5760b242e,2024-10-12 16:37:18-04:00,2024-10-12,2024-10-12 20:37:18 UTC,Eastern Time (US & Canada),2548862,lehmanfarm,,2025-04-20 18:32:47 UTC,2025-05-09 04:24:54 UTC,research,CC-BY-NC,https://www.inaturalist.org/observations/271767152,https://inaturalist-open-data.s3.amazonaws.com/photos/488875083/medium.jpg,,"","",1,0,false,3,"Arrow Wood Way, Pigeon Forge, TN, US",35.8077563485,-83.5456698575,7,,,,7,,,false,,,Kudzu Bug,Megacopta cribraria,Kudzu Bug,Insecta,209176
277159821,838cdd9c-c036-4a48-81f0-fd31cbe5b9e9,2024-11-04 15:06:03-05:00,2024-11-04,2024-11-04 20:06:03 UTC,Eastern Time (US & Canada),6841707,believe1,Believe University,2025-04-30 21:45:01 UTC,2025-05-01 07:12:51 UTC,research,,https://www.inaturalist.org/observations/277159821,https://static.inaturalist.org/photos/497680620/medium.jpg,,"","",2,0,false,3,"Hamilton Mill Rd, Buford, GA, US",34.0929666667,-83.9331666667,21,,,,21,,,false,,,Kudzu Bug,Megacopta cribraria,Kudzu Bug,Insecta,209176
277835585,7a2707b6-b5f3-4529-92e0-aa5b76d1bd72,2024-09-29 13:09:29-04:00,2024-09-29,2024-09-29 17:09:29 UTC,Eastern Time (US & Canada),9108487,winterfrost836,,2025-05-02 20:52:39 UTC,2025-05-02 21:09:36 UTC,research,CC-BY-NC,https://www.inaturalist.org/observations/277835585,https://inaturalist-open-data.s3.amazonaws.com/photos/498874414/medium.jpg,,"","",1,0,false,3,"North Carolina, US",35.2389721974,-82.5415325758,4377,,,,28706,obscured,,true,,,Kudzu Bug,Megacopta cribraria,Kudzu Bug,Insecta,209176
279291665,60a50e2d-4cb2-43e6-a411-065757647886,2024-07-11 10:11:06-04:00,2024-07-11,2024-07-11 14:11:06 UTC,Eastern Time (US & Canada),7338922,sarah33093,Sarah Gormley,2025-05-07 19:04:51 UTC,2025-05-07 19:35:04 UTC,research,,https://www.inaturalist.org/observations/279291665,https://static.inaturalist.org/photos/501516398/medium.jpg,,"","",1,0,false,3,"Boulevard SE, Atlanta, GA, US",33.7323294813,-84.367677318,3,,,,3,,,false,,,Kudzu Bug,Megacopta cribraria,Kudzu Bug,Insecta,209176
280249460,d6e7ff7f-306a-419b-8d5d-9bcb64daf33b,2024-07-25 15:46:42,2024-07-25,2024-07-25 19:46:42 UTC,Eastern Time (US & Canada),9262981,rainyclouds,Rain,2025-05-11 15:25:04 UTC,2025-05-11 15:25:30 UTC,research,CC-BY-NC,https://www.inaturalist.org/observations/280249460,https://inaturalist-open-data.s3.amazonaws.com/photos/503318949/medium.jpg,,"",,1,0,false,843,"Hog Mountain Rd, Watkinsville, GA, US",33.8623494491,-83.455029859,93,,,,93,,,false,,,Kudzu Bug,Megacopta cribraria,Kudzu Bug,Insecta,209176
281324961,5da4a559-fdeb-469e-87d6-878cd8de7cc1,2024-10-25 17:23:14,2024-10-25,2024-10-25 21:23:14 UTC,Eastern Time (US & Canada),8221150,blueflamelord,Alex Cliver,2025-05-15 19:34:38 UTC,2025-05-15 19:49:02 UTC,research,,https://www.inaturalist.org/observations/281324961,https://inaturalist-open-data.s3.amazonaws.com/photos/505345599/medium.jpg,,"",,1,0,false,2,"Georgia, US",33.7318043397,-84.351708187,,,,,28930,obscured,,true,gps,gps,Kudzu Bug,Megacopta cribraria,Kudzu Bug,Insecta,209176
282515931,fdfc8167-1586-4d8c-9782-594b01029b60,Tue Oct 22 2024 17:40:00 GMT -0400 (EDT),2024-10-22,2024-10-22 21:40:00 UTC,Eastern Time (US & Canada),9323018,douggyd83,"",2025-05-20 00:17:06 UTC,2025-05-20 22:39:03 UTC,research,CC-BY-NC,https://www.inaturalist.org/observations/282515931,https://inaturalist-open-data.s3.amazonaws.com/photos/507576434/medium.jpg,,"",,2,0,false,333,Athens,35.476688385,-84.5945968628,,,,,,,,false,,,Kudzu Bug,Megacopta cribraria,Kudzu Bug,Insecta,209176
294132018,c0424921-f0ee-4f8b-aee6-f99f5e5adc37,2024-08-31 11:02:08,2024-08-31,2024-08-31 15:02:08 UTC,Eastern Time (US & Canada),703773,lincolndurey,Lincoln Durey,2025-06-30 19:27:51 UTC,2025-09-30 01:24:31 UTC,research,CC-BY,https://www.inaturalist.org/observations/294132018,https://static.inaturalist.org/photos/529395412/medium.jpg,,"",,1,0,false,2,"Tennessee, US",36.1363155977,-82.5989261046,7,,,,28592,obscured,,true,gps,gps,Kudzu Bug,Megacopta cribraria,Kudzu Bug,Insecta,209176
294456439,ed85c71d-6260-4bf6-9d53-ce1d99d0edef,2024/06/12 3:23 PM,2024-06-12,2024-06-12 20:23:00 UTC,Central Time (US & Canada),9491306,ajfroggington,,2025-07-02 00:01:44 UTC,2025-07-02 15:22:18 UTC,research,CC-BY-NC,https://www.inaturalist.org/observations/294456439,https://inaturalist-open-data.s3.amazonaws.com/photos/530006750/medium.jpg,,"",,1,0,false,,"Maury County, TN, USA",35.7011694862,-87.1282268564,80652,,,,80652,,,false,,,Kudzu Bug,Megacopta cribraria,Kudzu Bug,Insecta,209176
316063257,ec82c884-97dc-4408-8be1-fa311bc61d07,2024-09-29 16:23:13,2024-09-29,2024-09-29 20:23:13 UTC,Eastern Time (US & Canada),9432,ashley_bradford,Ashley M Bradford,2025-09-23 15:04:46 UTC,2025-09-23 20:55:01 UTC,research,CC-BY-NC,https://www.inaturalist.org/observations/316063257,https://inaturalist-open-data.s3.amazonaws.com/photos/571015564/medium.jpg,,"",,1,0,false,843,"Cherohala Skyway, Tellico Plains, TN, US",35.3671716667,-84.296875,4,,,,4,,,false,,,Kudzu Bug,Megacopta cribraria,Kudzu Bug,Insecta,209176
